clip,window,n_frames,activity_index,distribution_uniformity,piling_score,feed_visit_rate,distress_index
100030,0,4,0.2318,0.6128,0.2083,0.1667,0.4258
1000_jpg.rf.11d830f32e842cef43e8d5d1c72f2b38.jpg,1,1,0.0000,0.6691,0.2727,0.0909,0.5545
1001_jpg.rf.ef0ad44ed889ad589f629949960304af.jpg,2,1,0.0000,0.6612,0.4167,0.0000,0.5833
1002_jpg.rf.213ffb2d37223feae0dcfa30fe09ef2b.jpg,3,1,0.0000,0.6612,0.5833,0.0833,0.6167
1003_jpg.rf.bb481aaf6fac14d4f706f28a6ece9ffc.jpg,4,1,0.0000,0.6934,0.5000,0.3333,0.6000
1004_jpg.rf.e6231ad1d25f0d0526e10cdacacf376f.jpg,5,1,0.0000,0.6934,0.3333,0.4167,0.5667
1005_jpg.rf.a2918ccd6ccad8aa0f8e5c72eba54b7d.jpg,6,1,0.0000,0.6612,0.6667,0.1667,0.6333
1006_jpg.rf.2fd2e2d49bdb0ae161c1d5a1103ec1ab.jpg,7,1,0.0000,0.6612,0.4167,0.1667,0.5833
1007_jpg.rf.c0e3e3ecaa454d9b26ef9994e934f09f.jpg,8,1,0.0000,0.6934,0.5833,0.0833,0.6167
1008_jpg.rf.c23c6237a4d8709dcb3dacec8c072228.jpg,9,1,0.0000,0.6612,0.6667,0.0000,0.6333
100927,10,4,0.2015,0.6445,0.0192,0.2019,0.4031
1009_jpg.rf.6fc7087e2d44fb045902af37c023565e.jpg,11,1,0.0000,0.6290,0.7500,0.1667,0.6500
1011_jpg.rf.f10354ca0c61314b6de33d9dbd83f308.jpg,12,1,0.0000,0.6934,0.0833,0.0833,0.5167
1012_jpg.rf.31e78f111e6df9b6ffdc16503f3eb285.jpg,13,1,0.0000,0.6612,0.1667,0.4167,0.5333
101337,14,8,0.2360,0.6600,0.0625,0.2260,0.3945
1013_jpg.rf.9c4c4de983ddd29cb4081c2a5296fa33.jpg,15,1,0.0000,0.6934,0.2500,0.1667,0.5500
1014_jpg.rf.e27a84e117b75dda7476463659dfd029.jpg,16,1,0.0000,0.6691,0.0909,0.1818,0.5182
1015_jpg.rf.a6cad18d169510e0ff29357d4b8f389e.jpg,17,1,0.0000,0.6612,0.0833,0.4167,0.5167
1016_jpg.rf.ca83a944140e9fac0e1e1fa746354339.jpg,18,1,0.0000,0.6934,0.3333,0.2500,0.5667
1017_jpg.rf.07b2f57ac000a9c262cdeefd32373b2d.jpg,19,1,0.0000,0.6934,0.2500,0.1667,0.5500
1018_jpg.rf.4e5debf1a2fcb5d77b54fbc6d8256c25.jpg,20,1,0.0000,0.6612,0.6667,0.0000,0.6333
1019_jpg.rf.42e15c2346627df02cc5619f720ea048.jpg,21,1,0.0000,0.6612,0.5833,0.4167,0.6167
101_jpg.rf.27fa37e1748a41ea4cb35aa5ec2d10dd.jpg,22,1,0.0000,0.6612,0.0000,0.2500,0.5000
1020_jpg.rf.039c5cdc71bde9feb992784da46d7e47.jpg,23,1,0.0000,0.6934,0.3333,0.3333,0.5667
102125-1-,24,1,0.0000,0.6934,0.4167,0.0000,0.5833
102125-10-,25,1,0.0000,0.6612,0.3333,0.3333,0.5667
102125-11-,26,1,0.0000,0.6934,0.6667,0.3333,0.6333
102125-12-,27,1,0.0000,0.6934,0.3333,0.2500,0.5667
102125-13-,28,1,0.0000,0.6934,0.1667,0.0833,0.5333
102125-14-,29,1,0.0000,0.6934,0.6667,0.1667,0.6333
102125-15-,30,1,0.0000,0.6934,0.3333,0.4167,0.5667
102125-16-,31,1,0.0000,0.6934,0.5833,0.4167,0.6167
102125-2-,32,1,0.0000,0.6934,0.3333,0.1667,0.5667
102125-3-,33,1,0.0000,0.6934,0.3333,0.1667,0.5667
102125-5-,34,1,0.0000,0.6934,0.1667,0.0000,0.5333
102125-6-,35,1,0.0000,0.6934,0.5000,0.4167,0.6000
102125-7-,36,1,0.0000,0.6934,0.4167,0.0833,0.5833
102125-8-,37,1,0.0000,0.6612,0.5000,0.3333,0.6000
102125-9-,38,1,0.0000,0.6612,0.5000,0.1667,0.6000
1021_jpg.rf.3ac6afd4bc0ba16b6ae2042211cb2522.jpg,39,1,0.0000,0.6934,0.5000,0.5000,0.6000
1021_jpg.rf.6d8fb234537fe4228dd59c66f9c61f16.jpg,40,1,0.0000,0.5967,0.3333,0.0000,0.5667
1022_jpg.rf.20f5b83f0733178b38d6ca4ba37d1ff5.jpg,41,1,0.0000,0.5079,0.2500,0.0000,0.5500
1023_jpg.rf.eea3232ad32535d9aa305e3f3855a14f.jpg,42,1,0.0000,0.6934,0.3333,0.2500,0.5667
1023_jpg.rf.f3019d3a63a09c222a46d51c32075d95.jpg,43,1,0.0000,0.1934,0.0000,1.0000,0.5000
1024_jpg.rf.7415c622a19839f4f35300d76f053a96.jpg,44,1,0.0000,0.6934,0.4167,0.4167,0.5833
1024_jpg.rf.eec6b461391d5db84a78443e380cda38.jpg,45,1,0.0000,0.6612,0.0000,0.0000,0.5000
102501,46,12,0.2070,0.6519,0.0411,0.1944,0.4047
1025_jpg.rf.1dca6212dfa6ca3e38a06b5d486bad61.jpg,47,1,0.0000,0.6934,0.4167,0.2500,0.5833
1025_jpg.rf.fb7ab962b1f784a0f846bd0844d86d05.jpg,48,1,0.0000,0.0000,0.0000,1.0000,0.5000
1026_jpg.rf.d4cc6f55f9e10bdf3756fad906f2bf9e.jpg,49,1,0.0000,0.6691,0.3636,0.0909,0.5727
1027_jpg.rf.d1f54bc99f63b727609de5c0ceaef4a2.jpg,50,1,0.0000,0.6934,0.2500,0.2500,0.5500
1027_jpg.rf.e7f823636456bbd94c05cd8e00a2ad05.jpg,51,1,0.0000,0.3718,0.4000,1.0000,0.5800
1028_jpg.rf.326d56400b7b3830226b6e70b347739a.jpg,52,1,0.0000,0.6691,0.0909,0.0909,0.5182
1028_jpg.rf.6c8e8b8ecd3ea94403d5fa66c804b52d.jpg,53,1,0.0000,0.6612,0.0000,0.0000,0.5000
1029_jpg.rf.507e28f4b1ac763da692e0e2e7bf4e54.jpg,54,1,0.0000,0.1934,0.0000,1.0000,0.5000
102_jpg.rf.2db3dae11cb6c09ae028f81cdb8881bb.jpg,55,1,0.0000,0.6612,0.0000,0.1667,0.5000
1030_jpg.rf.05d140bca0669c73d7a138a403f18dcb.jpg,56,1,0.0000,0.5285,0.5455,0.0000,0.6091
1030_jpg.rf.24416e4f332b008d70e8a3f3c30475e3.jpg,57,1,0.0000,0.6934,0.1667,0.2500,0.5333
1031_jpg.rf.32c1210d70403ccb741fe2fe1d1eff1a.jpg,58,1,0.0000,0.6934,0.3333,0.5000,0.5667
1031_jpg.rf.35227789bdbdad62804ba97d80cc83ec.jpg,59,1,0.0000,0.1934,0.0000,1.0000,0.5000
1032_jpg.rf.874ec18c9762534deb9a89b156449f33.jpg,60,1,0.0000,0.6934,0.0833,0.0000,0.5167
1032_jpg.rf.f8d0aecce3110c9abd061bb7cb73ef0b.jpg,61,1,0.0000,0.6934,0.3333,0.3333,0.5667
1033_jpg.rf.de9cf3ee8f03fdb986d42e5c4fb3189a.jpg,62,1,0.0000,0.1776,0.0000,1.0000,0.5000
1034_jpg.rf.0b811dde1f3b840cc23b0c0defa9ddfd.jpg,63,1,0.0000,0.0000,0.0000,1.0000,0.5000
1034_jpg.rf.2d71b11fd510054aca3bd0ae4997d316.jpg,64,1,0.0000,0.6934,0.1667,0.3333,0.5333
1035_jpg.rf.6f04b29b57f87766c5975e9aa043472d.jpg,65,1,0.0000,0.1934,0.0000,1.0000,0.5000
1035_jpg.rf.7544c78971d9788c0a65c2fc9ad16646.jpg,66,1,0.0000,0.6934,0.2500,0.3333,0.5500
1036_jpg.rf.4b65945bc81aed61cc726e5fc7b698ca.jpg,67,1,0.0000,0.0000,0.0000,1.0000,0.5000
1037_jpg.rf.aed8af1b5aebe82c52847a6f5f14ad7f.jpg,68,1,0.0000,0.6934,0.2500,0.1667,0.5500
1038_jpg.rf.bc3c5e857d948bdaa09c05fe1274ea2a.jpg,69,1,0.0000,0.6290,0.0833,0.0000,0.5167
1039_jpg.rf.c2d6bc4f4937a2149a9e602028219cf0.jpg,70,1,0.0000,0.6934,0.2500,0.2500,0.5500
1039_jpg.rf.e31766ffb0e05d8cc303ff5d30bb499c.jpg,71,1,0.0000,0.2901,0.0000,1.0000,0.5000
103_jpg.rf.d31ad5553e8bd07d51a34f6957b121d4.jpg,72,1,0.0000,0.5845,0.0833,0.0000,0.5167
1040_jpg.rf.3e9aee35a279507eb185e1bdeeda38be.jpg,73,1,0.0000,0.4491,0.0000,1.0000,0.5000
1040_jpg.rf.a563dfdfffee1d642b85797a05e9d13f.jpg,74,1,0.0000,0.6934,0.4167,0.1667,0.5833
1041_jpg.rf.18d5939b8710d902b966afd702d1bcec.jpg,75,1,0.0000,0.0000,0.0000,1.0000,0.5000
1041_jpg.rf.585ffc7716ba58c3969e2d4fe7fe3aa6.jpg,76,1,0.0000,0.6934,0.4167,0.2500,0.5833
1043_jpg.rf.7c2b1c31013d250e3ac07b15c1770b27.jpg,77,1,0.0000,0.6934,0.3333,0.1667,0.5667
1043_jpg.rf.c1e7c1f86783b88a31e92e7c2df3b379.jpg,78,1,0.0000,0.1934,0.0000,1.0000,0.5000
1044_jpg.rf.7abac05f64c521fc8e1101ed68cee616.jpg,79,1,0.0000,0.6290,0.2500,0.3333,0.5500
1045_jpg.rf.1a3d8c78dccb5969d7f6cb5daf443c3e.jpg,80,1,0.0000,0.6934,0.4167,0.1667,0.5833
1045_jpg.rf.a1b4efde2d7042288a97088fbd4db21c.jpg,81,1,0.0000,0.1934,0.0000,1.0000,0.5000
1046_jpg.rf.8c08fd9c38e0def579dd67984435321e.jpg,82,1,0.0000,0.1776,0.0000,1.0000,0.5000
1046_jpg.rf.c4551e6134e125c9b024833bb27fbbbb.jpg,83,1,0.0000,0.6934,0.5833,0.1667,0.6167
1047_jpg.rf.4ec43fa8c1569ce1bad970f335fe1e4d.jpg,84,1,0.0000,0.5319,0.3750,1.0000,0.5750
1047_jpg.rf.743de1d1e91abaf9647212e8c74fb756.jpg,85,1,0.0000,0.6934,0.5833,0.2500,0.6167
1048_jpg.rf.688631ab18db37de36f638487a591788.jpg,86,1,0.0000,0.0000,0.0000,1.0000,0.5000
1048_jpg.rf.c3a4ade5a411131f6c1bb6b916d1e333.jpg,87,1,0.0000,0.6934,0.6667,0.1667,0.6333
1049_jpg.rf.b82e7e72df35c3de5226ecabe87d4a0c.jpg,88,1,0.0000,0.3869,0.0000,1.0000,0.5000
1049_jpg.rf.e803a5d374aad58fa161993f5142ba79.jpg,89,1,0.0000,0.6934,0.0833,0.1667,0.5167
104_jpg.rf.b15887c5f978a8e30edee1c9301f4388.jpg,90,1,0.0000,0.6612,0.0833,0.1667,0.5167
1050_jpg.rf.8582b31a756ec1522f551a5738d927b3.jpg,91,1,0.0000,0.6612,0.2500,0.0000,0.5500
1050_jpg.rf.f0ae86d830bc536cda1bc95a2c1dc2a2.jpg,92,1,0.0000,0.6934,0.3333,0.2500,0.5667
1051_jpg.rf.009691f9ccb9dd53577ea64bcc6d6106.jpg,93,1,0.0000,0.1934,0.0000,1.0000,0.5000
1051_jpg.rf.71f85813df831120601d2cd6a0672dd0.jpg,94,1,0.0000,0.6612,0.3333,0.0833,0.5667
1052_jpg.rf.5d0ef8699eff65d5a68f51f59fdc83a1.jpg,95,1,0.0000,0.6934,0.3333,0.1667,0.5667
1052_jpg.rf.8dd5569ad1129294d9b89a7f0b33afa9.jpg,96,1,0.0000,0.0000,0.0000,1.0000,0.5000
1053_jpg.rf.b1588b48d832049a0b45d1fda91205a9.jpg,97,1,0.0000,0.6934,0.4167,0.2500,0.5833
1053_jpg.rf.d823e7797770ec20d605bd87c607b6ed.jpg,98,1,0.0000,0.0000,0.0000,1.0000,0.5000
1054_jpg.rf.222dfe411da9e2d6d4f61c8e5d65280d.jpg,99,1,0.0000,0.0000,0.0000,1.0000,0.5000
1054_jpg.rf.b53d32dd950a2005364b4526990a3b05.jpg,100,1,0.0000,0.6934,0.3333,0.0833,0.5667
1055_jpg.rf.5a564442e3f4c6a935814c27ea2c873e.jpg,101,1,0.0000,0.0000,0.0000,1.0000,0.5000
1056_jpg.rf.130a49db56ab9db041a25621bd0c1a7f.jpg,102,1,0.0000,0.6290,0.2500,0.0000,0.5500
1057_jpg.rf.0db588c7736f8dba92ba869af4b6ada5.jpg,103,1,0.0000,0.6612,0.5000,0.1667,0.6000
1058_jpg.rf.db8bcd083e6cdde71173c3d1d7642cc3.jpg,104,1,0.0000,0.0000,0.0000,1.0000,0.5000
1058_jpg.rf.f2f6c38bedf5f308b606ea67ef49d21f.jpg,105,1,0.0000,0.6934,0.5833,0.4167,0.6167
1059_jpg.rf.28232d54253ea56514590533e09f515e.jpg,106,1,0.0000,0.6934,0.4167,0.2500,0.5833
1060_jpg.rf.6fa928797156dfea10e5ec59c19db592.jpg,107,1,0.0000,0.6934,0.0833,0.3333,0.5167
1060_jpg.rf.a8f08f0f06eeb6d3c88446438de3336f.jpg,108,1,0.0000,0.0000,0.0000,1.0000,0.5000
1062_jpg.rf.47938c3983a594755494a82e501b5fce.jpg,109,1,0.0000,0.1776,0.0000,1.0000,0.5000
1062_jpg.rf.9804e20c33cb0e1c67ee9b725f0e8a0f.jpg,110,1,0.0000,0.6612,0.5833,0.2500,0.6167
1063_jpg.rf.4a3028bcfee6daf558a1a2cc1f5b4211.jpg,111,1,0.0000,0.6934,0.3333,0.3333,0.5667
1063_jpg.rf.5d5b62e0583e5997e15cc3170e85f5e1.jpg,112,1,0.0000,0.3066,0.0000,1.0000,0.5000
1065_jpg.rf.1fd26102c5ab0b3cbae08517bd8c660f.jpg,113,1,0.0000,0.1934,0.0000,1.0000,0.5000
1065_jpg.rf.d7ced6997420b752286159f5673812e3.jpg,114,1,0.0000,0.6934,0.7500,0.3333,0.6500
1066_jpg.rf.334174e93b3c2a53ddfce7ce84144331.jpg,115,1,0.0000,0.6612,0.2500,0.3333,0.5500
1067_jpg.rf.58baf99a9882a8ddf51079c37c96cccd.jpg,116,1,0.0000,0.0000,0.0000,1.0000,0.5000
1067_jpg.rf.7e52f8e1ff4d0b789b1e250e67bf8b76.jpg,117,1,0.0000,0.6934,0.4167,0.2500,0.5833
1069_jpg.rf.7c43f87f485944b821fb54db2b5df2a9.jpg,118,1,0.0000,0.6934,0.3333,0.4167,0.5667
1069_jpg.rf.e7ee2f1f260a817465ab0be790395db9.jpg,119,1,0.0000,0.6612,0.0000,0.0000,0.5000
106_jpg.rf.3ba48a7dd11fce95b08521de39f8ef32.jpg,120,1,0.0000,0.6612,0.0000,0.0000,0.5000
1070_jpg.rf.55cc5b191ef7c33b49d283352e4fb1d1.jpg,121,1,0.0000,0.1934,0.0000,1.0000,0.5000
1070_jpg.rf.7e0016787fa15c6dee6ed9569096a04a.jpg,122,1,0.0000,0.6934,0.5833,0.5000,0.6167
1071_jpg.rf.8df7c82b13acde8d77d5d7a99e256f0d.jpg,123,1,0.0000,0.6612,0.5000,0.4167,0.6000
1072_jpg.rf.860faf3b5da0b6e2ced86a833b9d5435.jpg,124,1,0.0000,0.3869,0.0000,1.0000,0.5000
1073_jpg.rf.824128335d55342ea72b5069ee48e845.jpg,125,1,0.0000,0.3066,0.0000,1.0000,0.5000
1074_jpg.rf.8c35b342cc6e9f0b2af9b7865a15efee.jpg,126,1,0.0000,0.1934,0.0000,1.0000,0.5000
1075_jpg.rf.660d7f4c6ff4210930499ff2c1b98f21.jpg,127,1,0.0000,0.5430,0.1429,1.0000,0.5286
1077_jpg.rf.df143b82d64519c921a1e604b5af94bd.jpg,128,1,0.0000,0.3066,0.0000,1.0000,0.5000
107_jpg.rf.c53e3dace4f3320cfde70cc693375173.jpg,129,1,0.0000,0.6290,0.0000,0.1667,0.5000
1080_jpg.rf.3077505f161abb9d26526efada635761.jpg,130,1,0.0000,0.0000,0.0000,1.0000,0.5000
1081_jpg.rf.f3bb28b9dfe90643287ad7750ba16d51.jpg,131,1,0.0000,0.3066,0.0000,1.0000,0.5000
1083_jpg.rf.381dae702766e6e6fe1726f77ecc5c18.jpg,132,1,0.0000,0.0000,0.0000,1.0000,0.5000
1084_jpg.rf.f76ad964f9abc672d655da41b3fecefd.jpg,133,1,0.0000,0.3066,0.0000,1.0000,0.5000
1085_jpg.rf.3b2bccd786b79484856f188ab8ba5b5f.jpg,134,1,0.0000,0.6290,0.0833,0.0000,0.5167
1086_jpg.rf.d2ef983c2dde29d8de903aa6f6573f6b.jpg,135,1,0.0000,0.2901,0.0000,1.0000,0.5000
1087_jpg.rf.6d96ead05a94b2b307df3b9487036cbd.jpg,136,1,0.0000,0.1934,0.0000,1.0000,0.5000
1088_jpg.rf.761cf50db2cd13eba652201eda733dcb.jpg,137,1,0.0000,0.3869,0.0000,1.0000,0.5000
1089_jpg.rf.c4c4a69e47077e27863e52686089f71e.jpg,138,1,0.0000,0.3066,0.0000,1.0000,0.5000
108_jpg.rf.0efecf23a71f5c53eebcc849928910c9.jpg,139,1,0.0000,0.6612,0.0000,0.0833,0.5000
1090_jpg.rf.1a68252eabcbbea8cee971bae9c569a3.jpg,140,1,0.0000,0.3869,0.0000,1.0000,0.5000
1092_jpg.rf.fc2fc402aed6758df235f4d59747db3b.jpg,141,1,0.0000,0.2901,0.0000,1.0000,0.5000
1093_jpg.rf.3b55ecbc21e55369cce20e5161fa47f4.jpg,142,1,0.0000,0.0000,0.0000,1.0000,0.5000
1094_jpg.rf.ee075b2f16fea4f38e13da72c40d1eee.jpg,143,1,0.0000,0.1934,0.0000,1.0000,0.5000
1095_jpg.rf.de6517d1cd386055ff1b94d7fd091842.jpg,144,1,0.0000,0.1934,0.0000,1.0000,0.5000
1096_jpg.rf.2b32e07b5e98a7e718022d2ce99c0379.jpg,145,1,0.0000,0.3066,0.0000,1.0000,0.5000
1098_jpg.rf.a7234939aa971468f086a9c00e3f59e8.jpg,146,1,0.0000,0.1934,0.0000,1.0000,0.5000
1099_jpg.rf.11eefbc5c32c3bdcfdb0512e4c213f1f.jpg,147,1,0.0000,0.0000,0.0000,1.0000,0.5000
109_jpg.rf.e6cb3e2d3d859d1214b86015ac1a18b9.jpg,148,1,0.0000,0.5988,0.0000,0.3636,0.5000
10_jpg.rf.7c5f5a9ff4ff437b6613dd4fd63554c9.jpg,149,1,0.0000,0.6290,0.5833,0.0000,0.6167
1100_jpg.rf.ceb8cc5e6c6df3af121461fb5832e974.jpg,150,1,0.0000,0.3066,0.0000,1.0000,0.5000
1101_jpg.rf.5f3a8262c00fe2bef8e8a7e9ebb56eb2.jpg,151,1,0.0000,0.1934,0.0000,1.0000,0.5000
1102_jpg.rf.2ef449fd5813317cf7fa821e9528bc06.jpg,152,1,0.0000,0.3066,0.0000,1.0000,0.5000
1104_jpg.rf.62ada1cc1796512bcdbb460e9b43d50f.jpg,153,1,0.0000,0.6612,0.0000,0.0000,0.5000
1106_jpg.rf.c5511355bc4635a1f202714439914282.jpg,154,1,0.0000,0.3869,0.0000,1.0000,0.5000
1107_jpg.rf.26b62d4cf825d87cbdb01007c4d44d8a.jpg,155,1,0.0000,0.3066,0.0000,1.0000,0.5000
1108_jpg.rf.366882aaf754b019042d06d116c07129.jpg,156,1,0.0000,0.1934,0.0000,1.0000,0.5000
110_jpg.rf.41de101ca3cfb6a63e4a51a34276089c.jpg,157,1,0.0000,0.6612,0.0000,0.0833,0.5000
1110_jpg.rf.4c36a5dd57f00ad96342bdbe84ce8f61.jpg,158,1,0.0000,0.3869,0.0000,1.0000,0.5000
1111_jpg.rf.e659d89bb4b4a8b120d38175aca8f9b4.jpg,159,1,0.0000,0.1934,0.0000,1.0000,0.5000
1112_jpg.rf.343adb40bb3de9cf40c471d8724217cf.jpg,160,1,0.0000,0.1934,0.0000,1.0000,0.5000
1113_jpg.rf.812a6dca2784b7a2c65da6539678022a.jpg,161,1,0.0000,0.0000,0.0000,1.0000,0.5000
111416-1-,162,1,0.0000,0.6612,0.0000,0.3333,0.5000
111416,163,14,0.2876,0.6523,0.1250,0.2100,0.3812
111416-2-,164,1,0.0000,0.6612,0.5000,0.1667,0.6000
111416-4-,165,1,0.0000,0.6934,0.0000,0.1667,0.5000
1114_jpg.rf.75ea1b4c926a876c7a1282ebcc1aba33.jpg,166,1,0.0000,0.3869,0.0000,1.0000,0.5000
1115_jpg.rf.27a07ff7ce025ff13adaf514fd4cecfc.jpg,167,1,0.0000,0.0000,0.0000,1.0000,0.5000
1116_jpg.rf.00f080c7265453b789fb74b15000b066.jpg,168,1,0.0000,0.3066,0.0000,1.0000,0.5000
1117_jpg.rf.1c3ecd9896c53229b93d500a4a96a0b1.jpg,169,1,0.0000,0.2901,0.0000,1.0000,0.5000
1118_jpg.rf.02db9c77dc3554913d0112456fd86c05.jpg,170,1,0.0000,0.3066,0.0000,1.0000,0.5000
1119_jpg.rf.c0a1014dcc9baf615972310c2a0b66d8.jpg,171,1,0.0000,0.3869,0.0000,1.0000,0.5000
1121_jpg.rf.649bf8c6f5b0e4ab0a17999ecb1ea777.jpg,172,1,0.0000,0.4491,0.0000,1.0000,0.5000
1123_jpg.rf.da260995a4cedc949cc5c67e091f9ddd.jpg,173,1,0.0000,0.3869,0.0000,1.0000,0.5000
1124_jpg.rf.b7124924798382cc6bd46704621e7ab2.jpg,174,1,0.0000,0.1934,0.0000,1.0000,0.5000
1126_jpg.rf.9be9c1cc43badec56b73d3122ea05fe2.jpg,175,1,0.0000,0.2901,0.0000,1.0000,0.5000
1127_jpg.rf.33f3494966133cb3a92385d5c752b2ec.jpg,176,1,0.0000,0.1934,0.0000,1.0000,0.5000
1129_jpg.rf.92a9c1a9b0b5a10ea45fe0d07f05deb2.jpg,177,1,0.0000,0.1934,0.0000,1.0000,0.5000
112_jpg.rf.0bd767a612c58e9c2753fb18127c80e5.jpg,178,1,0.0000,0.6612,0.0000,0.1667,0.5000
1130_jpg.rf.d9174fd6c036e14a8ea85185f4b65b65.jpg,179,1,0.0000,0.3066,0.0000,1.0000,0.5000
1131_jpg.rf.e4122647b93c53f70b48104226ab2063.jpg,180,1,0.0000,0.5000,0.0000,1.0000,0.5000
1132_jpg.rf.d50e04316bd211f7ea5601a5af3f526d.jpg,181,1,0.0000,0.3066,0.0000,1.0000,0.5000
1133_jpg.rf.3b1124cc1d0c1915560960c9bb324975.jpg,182,1,0.0000,0.3869,0.0000,1.0000,0.5000
1134_jpg.rf.c4eb81119f05fc465a621bfbc819877f.jpg,183,1,0.0000,0.3066,0.0000,1.0000,0.5000
1136_jpg.rf.4055084f3b413f7e149f589888cf05dd.jpg,184,1,0.0000,0.4491,0.0000,1.0000,0.5000
1137_jpg.rf.a4b88d08c13d92a94ee27893aca688a3.jpg,185,1,0.0000,0.1934,0.0000,1.0000,0.5000
1138_jpg.rf.9b114ab22b27396beb7d4a8615cbd831.jpg,186,1,0.0000,0.4491,0.0000,1.0000,0.5000
1139_jpg.rf.692abf60566b0128d59b784b0967a59a.jpg,187,1,0.0000,0.3066,0.0000,1.0000,0.5000
113_jpg.rf.f91dd9206fce3f5fedb05ff195499e51.jpg,188,1,0.0000,0.6290,0.1667,0.0000,0.5333
1140_jpg.rf.447408bf3d01ad45c00bfbe66829fb86.jpg,189,1,0.0000,0.1934,0.0000,1.0000,0.5000
1141_jpg.rf.2d8a0d2b26b878e41c8fa46ab5be0d2e.jpg,190,1,0.0000,0.1934,0.0000,1.0000,0.5000
1142_jpg.rf.8adefa6f093a95597f77e43aca7328c5.jpg,191,1,0.0000,0.3869,0.0000,1.0000,0.5000
1143_jpg.rf.386d950143b7a7f7fb0256de923f72a3.jpg,192,1,0.0000,0.3869,0.0000,1.0000,0.5000
1144_jpg.rf.0b59f70877c050737e0ae292331d5292.jpg,193,1,0.0000,0.1934,0.0000,1.0000,0.5000
1145_jpg.rf.e9fed8fe286a3c813578b552e65b32ab.jpg,194,1,0.0000,0.0000,0.0000,1.0000,0.5000
1146_jpg.rf.831ff0341cd383a81ce61d2d69e0a4d2.jpg,195,1,0.0000,0.0000,0.0000,1.0000,0.5000
1147_jpg.rf.cea8707143daf5c0dd173ad7d4c0db0a.jpg,196,1,0.0000,0.0000,0.0000,1.0000,0.5000
1148_jpg.rf.b5c385e94757c3117f49816a38727d61.jpg,197,1,0.0000,0.0000,0.0000,1.0000,0.5000
1149_jpg.rf.d6f095739653f2c5f60178c175824e73.jpg,198,1,0.0000,0.1934,0.0000,1.0000,0.5000
1150_jpg.rf.034d8e8b0ddaad3f7dbefee3e91f058f.jpg,199,1,0.0000,0.3066,0.0000,1.0000,0.5000
1151_jpg.rf.224d8702e3e8b030cd0238a15c41d58a.jpg,200,1,0.0000,0.1934,0.0000,1.0000,0.5000
1153_jpg.rf.ae9b11dce60ae68e6fa501ee46d09a39.jpg,201,1,0.0000,0.2901,0.0000,1.0000,0.5000
1154_jpg.rf.badebf891a9402524392cdea4b869580.jpg,202,1,0.0000,0.1776,0.0000,1.0000,0.5000
1156_jpg.rf.d2855f543d32c0a4669d167d3e1c7019.jpg,203,1,0.0000,0.0000,0.0000,1.0000,0.5000
1158_jpg.rf.aabd44901a1a081039c68915c01ed7d5.jpg,204,1,0.0000,0.1934,0.0000,1.0000,0.5000
115_jpg.rf.d3e8d814a2716a4f6285d326f7e66882.jpg,205,1,0.0000,0.6612,0.0000,0.0000,0.5000
1161_jpg.rf.d89bc2971f029242cb93bffccc0dd9f3.jpg,206,1,0.0000,0.4491,0.0000,1.0000,0.5000
1162_jpg.rf.d02a242a852c749c32ad15b2d263d510.jpg,207,1,0.0000,0.1934,0.0000,1.0000,0.5000
1163_jpg.rf.dea29b2a059c92120b8734c56eaaed4e.jpg,208,1,0.0000,0.6612,0.6667,0.0000,0.6333
1164_jpg.rf.6254b23c9f025c9e6b403570afe85f3a.jpg,209,1,0.0000,0.3869,0.0000,1.0000,0.5000
1167_jpg.rf.f58cd758ca2dd5776f40e471344c34c5.jpg,210,1,0.0000,0.3869,0.0000,1.0000,0.5000
1168_jpg.rf.cc6615255ddb96599c4e44d78b65218a.jpg,211,1,0.0000,0.3066,0.0000,1.0000,0.5000
1169_jpg.rf.8c016210e7e519d3c56c06a5ea01ed59.jpg,212,1,0.0000,0.4491,0.0000,1.0000,0.5000
116_jpg.rf.7c92b89c9d7721eb928ae1df6d3d14ac.jpg,213,1,0.0000,0.6290,0.0833,0.0000,0.5167
1170_jpg.rf.23ec306238b9edcdf191b083e6fbb443.jpg,214,1,0.0000,0.3869,0.0000,1.0000,0.5000
1171_jpg.rf.8c118afdc3cd30e5f95ac5dc7a8e43b5.jpg,215,1,0.0000,0.1934,0.0000,1.0000,0.5000
1172_jpg.rf.24ea206058b33ce64cdd4e1f212357c0.jpg,216,1,0.0000,0.3066,0.0000,1.0000,0.5000
1174_jpg.rf.078d6525b0246c372e588cae72dc460f.jpg,217,1,0.0000,0.3066,0.0000,1.0000,0.5000
1175_jpg.rf.c9d7de8d275c99321f4d7b9bd0ebfb09.jpg,218,1,0.0000,0.3869,0.0000,1.0000,0.5000
1176_jpg.rf.9bb81922371e3d33ce39fd230b187b88.jpg,219,1,0.0000,0.0000,0.0000,1.0000,0.5000
1177_jpg.rf.8d494db44a5bb7bdc67122af7aa3a172.jpg,220,1,0.0000,0.4491,0.2000,1.0000,0.5400
1178_jpg.rf.cf88ccd01373db84586ec5fc902d6121.jpg,221,1,0.0000,0.0000,0.0000,1.0000,0.5000
1179_jpg.rf.271bfa56e787aa739d64feb0b4d21113.jpg,222,1,0.0000,0.3869,0.0000,1.0000,0.5000
117_jpg.rf.f56f9f963d53dbd9a921a528f3433486.jpg,223,1,0.0000,0.6934,0.0000,0.3333,0.5000
1180_jpg.rf.575000e47f2b10194f2ab7773b823ea2.jpg,224,1,0.0000,0.6934,0.5833,0.0833,0.6167
1182_jpg.rf.9875770a19f947926f56be60831f1235.jpg,225,1,0.0000,0.3066,0.0000,1.0000,0.5000
1183_jpg.rf.9c1af84e4c7f59635bc4f4964493e983.jpg,226,1,0.0000,0.3066,0.0000,1.0000,0.5000
1184_jpg.rf.4746ef2e67b344dc9135b75185293f59.jpg,227,1,0.0000,0.3869,0.0000,1.0000,0.5000
1185_jpg.rf.983b11866f79808d78a4fc158933bee7.jpg,228,1,0.0000,0.3869,0.0000,1.0000,0.5000
1186_jpg.rf.b905f42603b0eade6c97cd6260aeeffc.jpg,229,1,0.0000,0.3066,0.0000,1.0000,0.5000
1187_jpg.rf.ba483e2f8fa3e68389ce77366bd57449.jpg,230,1,0.0000,0.3869,0.0000,1.0000,0.5000
1188_jpg.rf.83372fa18a5965f6e6f96a1197255648.jpg,231,1,0.0000,0.3066,0.0000,1.0000,0.5000
1189_jpg.rf.bf2fa285869482bbf92e56282d1bd8c5.jpg,232,1,0.0000,0.5000,0.0000,1.0000,0.5000
118_jpg.rf.3d7c1610043ec8cceb1b45a52dfbe5ee.jpg,233,1,0.0000,0.6612,0.0000,0.1667,0.5000
1190_jpg.rf.417c5e1f96fd7fecfd65035da04b9671.jpg,234,1,0.0000,0.3869,0.0000,1.0000,0.5000
1191_jpg.rf.d8a43ee29b99158a4506a819ef7f6b44.jpg,235,1,0.0000,0.3066,0.0000,1.0000,0.5000
1192_jpg.rf.99d22b5d940fe9d4f26be1f548f33890.jpg,236,1,0.0000,0.1934,0.0000,1.0000,0.5000
1194_jpg.rf.767c6fe36e6896f2e82b0d942ae6a961.jpg,237,1,0.0000,0.3066,0.0000,1.0000,0.5000
1196_jpg.rf.e3a128555ebf99970756fcec9bd78423.jpg,238,1,0.0000,0.3066,0.0000,1.0000,0.5000
1198_jpg.rf.3b246ae5906e779adf8cb1b43c27cff0.jpg,239,1,0.0000,0.1934,0.0000,1.0000,0.5000
1199_jpg.rf.aca16e0f069e3ea70b900ae22ffe0559.jpg,240,1,0.0000,0.3869,0.0000,1.0000,0.5000
11_jpg.rf.ada6e29a7ef129ad985b7d26abfe0f55.jpg,241,1,0.0000,0.5967,0.0000,0.2500,0.5000
1200_jpg.rf.45f17afbbefbf79b395900b3a744321f.jpg,242,1,0.0000,0.0000,0.0000,1.0000,0.5000
1202_jpg.rf.0fbaad01554859ea89c4ee2527ead396.jpg,243,1,0.0000,0.3066,0.0000,1.0000,0.5000
1203_jpg.rf.c09b03acfec785b23974463665617cac.jpg,244,1,0.0000,0.1934,0.0000,1.0000,0.5000
1204_jpg.rf.33c84773bf0cc0fbd4440872f1ed1efe.jpg,245,1,0.0000,0.1934,0.0000,1.0000,0.5000
1205_jpg.rf.4b74f6aa820f9541fb8b79767f14dde1.jpg,246,1,0.0000,0.0000,0.0000,1.0000,0.5000
1206_jpg.rf.1b0257fe05832790299219b1a46fa1f1.jpg,247,1,0.0000,0.1934,0.0000,1.0000,0.5000
120828,248,13,0.2280,0.6513,0.0000,0.0962,0.3860
1208_jpg.rf.483d124a7a72ead8b7b6be3e8910b35d.jpg,249,1,0.0000,0.3066,0.0000,1.0000,0.5000
120910-10-,250,1,0.0000,0.7158,0.3077,0.3077,0.5615
120910-11-,251,1,0.0000,0.6612,0.1667,0.0000,0.5333
120910-13-,252,1,0.0000,0.6934,0.1667,0.1667,0.5333
120910-15-,253,1,0.0000,0.6934,0.4167,0.1667,0.5833
120910-2-,254,1,0.0000,0.6290,0.1667,0.3333,0.5333
120910-3-,255,1,0.0000,0.6934,0.1667,0.2500,0.5333
120910-4-,256,1,0.0000,0.6612,0.2500,0.1667,0.5500
120910-5-,257,1,0.0000,0.6934,0.0000,0.2500,0.5000
120910-6-,258,1,0.0000,0.6934,0.4167,0.0000,0.5833
120910-7-,259,1,0.0000,0.6934,0.1667,0.2500,0.5333
120910-8-,260,1,0.0000,0.6934,0.2500,0.1667,0.5500
1209_jpg.rf.d2d22a475c2c72406750c4e60fcdc2fe.jpg,261,1,0.0000,0.1934,0.0000,1.0000,0.5000
1211_jpg.rf.cdf0f8332e6e9b76cf28413303964999.jpg,262,1,0.0000,0.1934,0.0000,1.0000,0.5000
1213_jpg.rf.b9e1dbc002ead4022382c69defa48984.jpg,263,1,0.0000,0.1934,0.0000,1.0000,0.5000
1214_jpg.rf.1ec2e61a8fa433dfb5ebe6b237d90f39.jpg,264,1,0.0000,0.0000,0.0000,1.0000,0.5000
1215_jpg.rf.1612b6072cd90db8be25b97f3643b34c.jpg,265,1,0.0000,0.6934,0.3333,0.0000,0.5667
121617,266,9,0.2317,0.6483,0.1652,0.2222,0.4172
1216_jpg.rf.342273bdc3fc67c3e9a398dea6764ac5.jpg,267,1,0.0000,0.0000,0.0000,1.0000,0.5000
121817,268,16,0.2347,0.6672,0.0573,0.2552,0.3941
121833-1-,269,1,0.0000,0.6290,0.4167,0.5833,0.5833
121833-12-,270,1,0.0000,0.6934,0.3333,0.1667,0.5667
121833-2-,271,1,0.0000,0.6612,0.0000,0.3333,0.5000
121833-5-,272,1,0.0000,0.6612,0.1667,0.2500,0.5333
121833-8-,273,1,0.0000,0.6934,0.4167,0.1667,0.5833
121833-9-,274,1,0.0000,0.6934,0.1667,0.1667,0.5333
1219_jpg.rf.56fbe86ad364bbbfe79129d12cff7ab3.jpg,275,1,0.0000,0.1934,0.0000,1.0000,0.5000
1220_jpg.rf.8661f29355cfc3ab26d006870cc147cc.jpg,276,1,0.0000,0.3869,0.0000,1.0000,0.5000
122226-10-,277,1,0.0000,0.6860,0.3846,0.0769,0.5769
122226-11-,278,1,0.0000,0.6934,0.4167,0.1667,0.5833
122226-12-,279,1,0.0000,0.6934,0.3333,0.0833,0.5667
122226-13-,280,1,0.0000,0.6934,0.3333,0.0833,0.5667
122226-14-,281,1,0.0000,0.6612,0.4167,0.0833,0.5833
122226-16-,282,1,0.0000,0.6934,0.4167,0.1667,0.5833
122226-17-,283,1,0.0000,0.6612,0.4167,0.0833,0.5833
122226-2-,284,1,0.0000,0.6612,0.1667,0.1667,0.5333
122226-3-,285,1,0.0000,0.6934,0.3333,0.0833,0.5667
122226-4-,286,1,0.0000,0.6612,0.6667,0.0000,0.6333
122226-5-,287,1,0.0000,0.6934,0.5833,0.1667,0.6167
122226-6-,288,1,0.0000,0.6934,0.2500,0.4167,0.5500
122226-7-,289,1,0.0000,0.6934,0.4167,0.4167,0.5833
122226-9-,290,1,0.0000,0.6934,0.3333,0.4167,0.5667
1222262-10-,291,1,0.0000,0.6612,0.3333,0.4167,0.5667
1222262-11-,292,1,0.0000,0.6934,0.0000,0.4167,0.5000
1222262-12-,293,1,0.0000,0.6612,0.4167,0.3333,0.5833
1222262-13-,294,1,0.0000,0.6612,0.4167,0.2500,0.5833
1222262-14-,295,1,0.0000,0.6934,0.1667,0.1667,0.5333
1222262-15-,296,1,0.0000,0.6934,0.0000,0.1667,0.5000
1222262-16-,297,1,0.0000,0.6934,0.2500,0.3333,0.5500
1222262-17-,298,1,0.0000,0.6612,0.5000,0.2500,0.6000
1222262-2-,299,1,0.0000,0.6934,0.3333,0.2500,0.5667
1222262-4-,300,1,0.0000,0.6934,0.2500,0.2500,0.5500
1222262-5-,301,1,0.0000,0.6860,0.3077,0.0000,0.5615
1222262-6-,302,1,0.0000,0.6934,0.4167,0.1667,0.5833
1222262-7-,303,1,0.0000,0.6934,0.0833,0.3333,0.5167
1222262-8-,304,1,0.0000,0.7158,0.3077,0.1538,0.5615
1222262-9-,305,1,0.0000,0.6934,0.4167,0.3333,0.5833
122557,306,15,0.3208,0.6805,0.2056,0.2222,0.3807
122_jpg.rf.db0dff1c3a93d53d5c597698ebe635ae.jpg,307,1,0.0000,0.6934,0.0000,0.1667,0.5000
123558,308,13,0.2587,0.6454,0.1218,0.1474,0.3950
123_jpg.rf.9d13a8b6956e262c0f29c9df6b11711b.jpg,309,1,0.0000,0.6934,0.0000,0.0833,0.5000
124_jpg.rf.9e4e60d0d9bcba7cb8757c0ad2827d36.jpg,310,1,0.0000,0.6612,0.0833,0.0833,0.5167
125_jpg.rf.52764392ba963228a89da151dbdadfd2.jpg,311,1,0.0000,0.6934,0.0000,0.1667,0.5000
126_jpg.rf.96e664835379501b1d0ea65436758a1f.jpg,312,1,0.0000,0.6934,0.0000,0.0833,0.5000
127_jpg.rf.4899d0d1f73cf2adc553cb9473bcd57a.jpg,313,1,0.0000,0.6612,0.0000,0.0833,0.5000
128_jpg.rf.264ac2836430c1000e241694e2291784.jpg,314,1,0.0000,0.6934,0.0833,0.0833,0.5167
129_jpg.rf.7e4d2248e96a340ccf5bdf4117e00990.jpg,315,1,0.0000,0.6290,0.0000,0.1667,0.5000
130453-1-,316,1,0.0000,0.6934,0.1667,0.4167,0.5333
130453-11-,317,1,0.0000,0.6612,0.1667,0.0833,0.5333
130453-12-,318,1,0.0000,0.6612,0.3333,0.4167,0.5667
130453-14-,319,1,0.0000,0.6934,0.3333,0.0000,0.5667
130453-15-,320,1,0.0000,0.6934,0.1667,0.0000,0.5333
130453-2-,321,1,0.0000,0.6934,0.0833,0.5000,0.5167
130453-3-,322,1,0.0000,0.6612,0.4167,0.5833,0.5833
130453-5-,323,1,0.0000,0.6934,0.0833,0.3333,0.5167
130453-6-,324,1,0.0000,0.6612,0.5000,0.1667,0.6000
130453-7-,325,1,0.0000,0.6934,0.0833,0.3333,0.5167
130453-8-,326,1,0.0000,0.6934,0.4167,0.1667,0.5833
130_jpg.rf.18ea3545857e849909f6450b82d1900c.jpg,327,1,0.0000,0.6290,0.4167,0.1667,0.5833
131053,328,14,0.2479,0.6812,0.0417,0.1841,0.3844
131621,329,10,0.2805,0.6696,0.1083,0.2000,0.3814
131_jpg.rf.db862020140c5eb41337634770641b5b.jpg,330,1,0.0000,0.6612,0.0000,0.2500,0.5000
132755,331,13,0.3015,0.6835,0.1353,0.2157,0.3763
1327552,332,15,0.2788,0.6723,0.2449,0.1949,0.4096
133713-1-,333,1,0.0000,0.6612,0.4167,0.0833,0.5833
133713-10-,334,1,0.0000,0.6934,0.2500,0.4167,0.5500
133713-11-,335,1,0.0000,0.6934,0.1667,0.2500,0.5333
133713-2-,336,1,0.0000,0.6612,0.5000,0.5000,0.6000
133713-3-,337,1,0.0000,0.6934,0.5000,0.2500,0.6000
133713-4-,338,1,0.0000,0.6612,0.4167,0.2500,0.5833
133713-5-,339,1,0.0000,0.6934,0.1667,0.1667,0.5333
133713-7-,340,1,0.0000,0.6934,0.4167,0.2500,0.5833
133713-8-,341,1,0.0000,0.6612,0.5833,0.2500,0.6167
133713-9-,342,1,0.0000,0.6612,0.0000,0.4167,0.5000
133_jpg.rf.4983cfca9f37b2051ddd98d8aa684a01.jpg,343,1,0.0000,0.6290,0.0000,0.0000,0.5000
135_jpg.rf.1287c34afc1fe01de2aa8388469f39ac.jpg,344,1,0.0000,0.6612,0.0000,0.4167,0.5000
136_jpg.rf.3935cbdc8d479ca9eee2805cc7858916.jpg,345,1,0.0000,0.6290,0.0000,0.1667,0.5000
137_jpg.rf.45ec77c2323d65ba56d5fadca525dc08.jpg,346,1,0.0000,0.6934,0.0000,0.2500,0.5000
13_jpg.rf.1b40c1c07ab39c2f5b6b4793e421f336.jpg,347,1,0.0000,0.6934,0.0000,0.0000,0.5000
140_jpg.rf.5c289385630ac49fd12ea043a7cd2301.jpg,348,1,0.0000,0.6290,0.0000,0.0833,0.5000
141_jpg.rf.7097e26581b3b917907fe86b929309e3.jpg,349,1,0.0000,0.5967,0.1667,0.6667,0.5333
142_jpg.rf.d3bf6fc8a53f328d7914d32745edaf8c.jpg,350,1,0.0000,0.6934,0.0833,0.1667,0.5167
143_jpg.rf.11d39a87845c1cfdf85693b9efa54ce9.jpg,351,1,0.0000,0.6612,0.0000,0.0833,0.5000
144125-1-,352,1,0.0000,0.6934,0.3333,0.6667,0.5667
144125-10-,353,1,0.0000,0.6612,0.1667,0.4167,0.5333
144125-11-,354,1,0.0000,0.6934,0.4167,0.2500,0.5833
144125-12-,355,1,0.0000,0.6934,0.2500,0.2500,0.5500
144125-14-,356,1,0.0000,0.6934,0.3333,0.4167,0.5667
144125-2-,357,1,0.0000,0.6934,0.3333,0.3333,0.5667
144125-4-,358,1,0.0000,0.6612,0.2500,0.0833,0.5500
144125-5-,359,1,0.0000,0.6612,0.2500,0.1667,0.5500
144125-6-,360,1,0.0000,0.6612,0.0833,0.1667,0.5167
144125-8-,361,1,0.0000,0.6934,0.1667,0.2500,0.5333
144125-9-,362,1,0.0000,0.6934,0.0000,0.3333,0.5000
144929,363,1,0.0000,0.5523,0.5000,0.0833,0.6000
144_jpg.rf.9ddd4e713a0751616f0cffc541d12f36.jpg,364,1,0.0000,0.5988,0.0000,0.0000,0.5000
145632-1-,365,1,0.0000,0.6934,0.0833,0.0000,0.5167
145632,366,12,0.2704,0.6639,0.1111,0.1528,0.3870
145632-2-,367,1,0.0000,0.6612,0.4167,0.2500,0.5833
145632-3-,368,1,0.0000,0.6290,0.0000,0.4167,0.5000
145632-4-,369,1,0.0000,0.6612,0.1667,0.0000,0.5333
145632-5-,370,1,0.0000,0.6934,0.0000,0.3333,0.5000
145929,371,3,0.0905,0.5523,0.4167,0.1667,0.5381
146_jpg.rf.22d56df0a7fe6bac070205efa82263fd.jpg,372,1,0.0000,0.6340,0.0000,0.1818,0.5000
147_jpg.rf.95feb906f55e13aecf27a9ef9d699c3e.jpg,373,1,0.0000,0.5988,0.0000,0.8182,0.5000
148_jpg.rf.f8a5c131bcfc789ca2f8f6ef6ed3999a.jpg,374,1,0.0000,0.6612,0.0000,0.2500,0.5000
149_jpg.rf.7e3e3392f8ad6fe45fc8d5677c8917dd.jpg,375,1,0.0000,0.6612,0.2500,0.0000,0.5500
14_jpg.rf.faea954b0b7b1d9290086df8808149f1.jpg,376,1,0.0000,0.6612,0.0000,0.3333,0.5000
150230,377,8,0.1977,0.6027,0.0625,0.1562,0.4136
150_jpg.rf.48af2e7ce57ca079c871d6016ace24c9.jpg,378,1,0.0000,0.5988,0.0000,0.1818,0.5000
151_jpg.rf.110c913078272cb59a1e9b9c30d9f6eb.jpg,379,1,0.0000,0.6612,0.0000,0.4167,0.5000
152_jpg.rf.2a8b5275e9697695d1f1812d255df95e.jpg,380,1,0.0000,0.6425,0.0000,0.2000,0.5000
153_jpg.rf.e2309228b4839d31788d1c351edeea63.jpg,381,1,0.0000,0.6340,0.0000,0.0909,0.5000
154_jpg.rf.fae0cab3dc89fbb77bc7e27918356945.jpg,382,1,0.0000,0.6612,0.0000,0.0000,0.5000
155_jpg.rf.0610a76467dc38660e36942e6c527dbf.jpg,383,1,0.0000,0.6934,0.0000,0.2500,0.5000
156_jpg.rf.4687dc07d27ba48f565a12f5ebc85a48.jpg,384,1,0.0000,0.6612,0.0000,0.3333,0.5000
157_jpg.rf.398acfee6e27a6eecc22d359ab80de4a.jpg,385,1,0.0000,0.6612,0.1667,0.1667,0.5333
158_jpg.rf.1c6716e6bfcf66008c398bf5f33666e5.jpg,386,1,0.0000,0.6934,0.0000,0.2500,0.5000
159_jpg.rf.6e90cb2e828d44220ba586acf0a2e764.jpg,387,1,0.0000,0.6934,0.0000,0.0833,0.5000
15_jpg.rf.89542eec3ebc90200e8b857fec82400d.jpg,388,1,0.0000,0.5988,0.0000,0.1818,0.5000
160536-12-,389,1,0.0000,0.6934,0.4167,0.0833,0.5833
160536-13-,390,1,0.0000,0.6612,0.5000,0.4167,0.6000
160536-16-,391,1,0.0000,0.6612,0.4167,0.1667,0.5833
160536-2-,392,1,0.0000,0.6934,0.2500,0.6667,0.5500
160536-3-,393,1,0.0000,0.6934,0.5000,0.1667,0.6000
160536-4-,394,1,0.0000,0.6612,0.1667,0.4167,0.5333
160536-5-,395,1,0.0000,0.6934,0.3333,0.2500,0.5667
160536-6-,396,1,0.0000,0.6612,0.0833,0.2500,0.5167
160536-7-,397,1,0.0000,0.6934,0.3333,0.3333,0.5667
160536-8-,398,1,0.0000,0.6934,0.3333,0.3333,0.5667
160536-9-,399,1,0.0000,0.6934,0.4167,0.2500,0.5833
160_jpg.rf.c6fd9ae49a30c59cac1eb0436d465074.jpg,400,1,0.0000,0.6934,0.0000,0.3333,0.5000
161_jpg.rf.3c248aaaef110765129a7dd9a711a2c6.jpg,401,1,0.0000,0.6612,0.0000,0.2500,0.5000
162_jpg.rf.124df192e9dfb6d94ae8e18bded2c00e.jpg,402,1,0.0000,0.6612,0.0000,0.0000,0.5000
163517,403,13,0.2312,0.6485,0.0583,0.2517,0.3961
163_jpg.rf.8e529320035c5d0938c8c3d786e629f5.jpg,404,1,0.0000,0.6612,0.0000,0.0000,0.5000
164045,405,12,0.2144,0.6455,0.2014,0.2090,0.4331
164139,406,14,0.2507,0.6750,0.1012,0.2440,0.3949
164139-2-,407,1,0.0000,0.6934,0.0000,0.0833,0.5000
164901,408,16,0.2845,0.6672,0.1094,0.2240,0.3796
164_jpg.rf.627e3a3e8817aae00d23d2a8653d4adb.jpg,409,1,0.0000,0.6612,0.1667,0.5000,0.5333
165349,410,5,0.2516,0.6612,0.0833,0.1167,0.3909
165_jpg.rf.7ce596f13b1b340c9e560fdf6455b6ff.jpg,411,1,0.0000,0.6612,0.0000,0.1667,0.5000
16_jpg.rf.594356e2a90743350e8d4b32ea214cef.jpg,412,1,0.0000,0.5079,0.2500,0.0000,0.5500
170156,413,17,0.2912,0.6820,0.1569,0.1912,0.3858
170442-1-,414,1,0.0000,0.6934,0.0000,0.1667,0.5000
170442-10-,415,1,0.0000,0.6934,0.1667,0.0833,0.5333
170442-12-,416,1,0.0000,0.6934,0.1667,0.1667,0.5333
170442-13-,417,1,0.0000,0.6934,0.1667,0.4167,0.5333
170442-14-,418,1,0.0000,0.6934,0.0833,0.2500,0.5167
170442-3-,419,1,0.0000,0.6934,0.3333,0.5000,0.5667
170442-6-,420,1,0.0000,0.6934,0.4167,0.0000,0.5833
170442-8-,421,1,0.0000,0.6934,0.5000,0.0833,0.6000
171057,422,14,0.3042,0.6727,0.2202,0.2738,0.3919
172301,423,12,0.1857,0.5554,0.1761,0.1458,0.4424
173529,424,13,0.2342,0.6404,0.1090,0.1667,0.4047
173_jpg.rf.f00617e9138931b5af569212a7075c2d.jpg,425,1,0.0000,0.6934,0.0000,0.1667,0.5000
174713,426,13,0.2890,0.6803,0.0828,0.1780,0.3721
174_jpg.rf.ba2e24664de4b052cd812c186e939f77.jpg,427,1,0.0000,0.6934,0.0000,0.0000,0.5000
175131,428,5,0.2323,0.6354,0.0167,0.2000,0.3872
175_jpg.rf.f55c375965f293a0890182e34a34e83b.jpg,429,1,0.0000,0.6934,0.0000,0.3333,0.5000
176_jpg.rf.2267e9c4aa14299d51e4796da59b640a.jpg,430,1,0.0000,0.6290,0.5000,0.0000,0.6000
177_jpg.rf.3040ecec5743777b24b856e00ad28b6a.jpg,431,1,0.0000,0.6612,0.2500,0.1667,0.5500
178_jpg.rf.4b20150961a287bf154d0f132d3f46ea.jpg,432,1,0.0000,0.5652,0.2000,0.4000,0.5400
179_jpg.rf.78a430351fdcd3a5e1784eb5e3d5a847.jpg,433,1,0.0000,0.6290,0.1667,0.5000,0.5333
17_jpg.rf.a14c0155c6a66767d6c65f354266ef33.jpg,434,1,0.0000,0.6612,0.0000,0.1667,0.5000
181_jpg.rf.95e31bd92cbf32a61237cffdc2cb55ab.jpg,435,1,0.0000,0.6290,0.0833,0.0833,0.5167
182_jpg.rf.542640bc1b651734d0da4304885f58b4.jpg,436,1,0.0000,0.6612,0.0000,0.0833,0.5000
183_jpg.rf.f239c8bb0e857007f107279d56016fbc.jpg,437,1,0.0000,0.6934,0.0000,0.3333,0.5000
184032-1-,438,1,0.0000,0.6934,0.0000,0.0000,0.5000
184032-11-,439,1,0.0000,0.6934,0.2500,0.0833,0.5500
184032-12-,440,1,0.0000,0.6934,0.0000,0.4167,0.5000
184032-13-,441,1,0.0000,0.6290,0.1667,0.1667,0.5333
184032-2-,442,1,0.0000,0.6934,0.4167,0.0000,0.5833
184032-3-,443,1,0.0000,0.6934,0.1667,0.1667,0.5333
184032-5-,444,1,0.0000,0.6612,0.2500,0.2500,0.5500
184032-7-,445,1,0.0000,0.6612,0.2500,0.1667,0.5500
184032-8-,446,1,0.0000,0.6934,0.0833,0.4167,0.5167
184032-9-,447,1,0.0000,0.6934,0.0000,0.1667,0.5000
184_jpg.rf.01bc826a7d59a44072591dda6e96e43a.jpg,448,1,0.0000,0.6340,0.0000,0.1818,0.5000
185_jpg.rf.0dc889a8d09e7854637c55ac56d04cc0.jpg,449,1,0.0000,0.6340,0.0000,0.1818,0.5000
186_jpg.rf.1c929a30cbb3a7e50e4e93115fce4e1c.jpg,450,1,0.0000,0.6612,0.0000,0.1667,0.5000
187_jpg.rf.3c4024e9ab03c2e4770c9ce8a86db83f.jpg,451,1,0.0000,0.6340,0.0000,0.0000,0.5000
188_jpg.rf.3e44dbe7810d840ff1e71b46a9549947.jpg,452,1,0.0000,0.6612,0.0000,0.0833,0.5000
189_jpg.rf.d675332749cb649121cca4cb8d4553e1.jpg,453,1,0.0000,0.6290,0.0833,0.2500,0.5167
18_jpg.rf.8b5c250cbc76c7731d62ba7e18596d12.jpg,454,1,0.0000,0.6290,0.0000,0.1667,0.5000
190_jpg.rf.401960dc90a7f56d813ba2235daa2f34.jpg,455,1,0.0000,0.6340,0.0909,0.0000,0.5182
191_jpg.rf.423b11bb891c728c9302c546ea2cee0b.jpg,456,1,0.0000,0.5988,0.0909,0.4545,0.5182
192_jpg.rf.24e31cc2651fc0401b4d4e0c3b6eb69d.jpg,457,1,0.0000,0.5645,0.0000,0.0000,0.5000
193_jpg.rf.8c44a5d92f7691b3461ceb8294ced9a1.jpg,458,1,0.0000,0.6691,0.0909,0.0909,0.5182
194_jpg.rf.fb6e3af29b21da27c51d9fde1426d490.jpg,459,1,0.0000,0.6612,0.1667,0.0833,0.5333
195_jpg.rf.b85df79e7b7fb6ea090a1212ae18d76c.jpg,460,1,0.0000,0.5645,0.0833,0.2500,0.5167
197_jpg.rf.9f632db7bf8be6ef1365a7bb67c59170.jpg,461,1,0.0000,0.6290,0.0000,0.0833,0.5000
198_jpg.rf.62c218342a66fcaf8c4eb3669811bc47.jpg,462,1,0.0000,0.6612,0.0000,0.0833,0.5000
199_jpg.rf.0f4d5d5d8af5fc42afd5fc28ed1e9504.jpg,463,1,0.0000,0.6290,0.0833,0.5833,0.5167
19_jpg.rf.dbd85a7c96e7ffdf911bab00fe0284fd.jpg,464,1,0.0000,0.5967,0.1667,0.0000,0.5333
1_jpg.rf.c3ad8a2f5ccc4cf0c41f8d0a9e191b54.jpg,465,1,0.0000,0.5201,0.4167,0.1667,0.5833
201_jpg.rf.744765c99d1293c2ae66f00c39a829f3.jpg,466,1,0.0000,0.6290,0.0000,0.0833,0.5000
202_jpg.rf.6760b828bb4c3d2c3ddf40aee454f619.jpg,467,1,0.0000,0.6612,0.0000,0.2500,0.5000
203_jpg.rf.0ccb12e7d27e80a1b5bfd0c8b968481a.jpg,468,1,0.0000,0.6290,0.0833,0.0000,0.5167
204_jpg.rf.96f013cc1c709f8bf369fe75544bfa16.jpg,469,1,0.0000,0.6612,0.0000,0.0000,0.5000
205_jpg.rf.9ec58426bbd32e740289bc450e215615.jpg,470,1,0.0000,0.6612,0.3333,0.3333,0.5667
206_jpg.rf.e3b9d085b080fc6d24640ee3534ebc83.jpg,471,1,0.0000,0.6290,0.1667,0.4167,0.5333
207_jpg.rf.8c2df2cccbd3c36b71368cf5dc58b7ce.jpg,472,1,0.0000,0.6290,0.0000,0.2500,0.5000
208_jpg.rf.794da2f5b59080e6bd7cb2dd5c6f5ab0.jpg,473,1,0.0000,0.6612,0.0833,0.0000,0.5167
209_jpg.rf.8e4b750ea7ef2da14ea3eb46db86ce4d.jpg,474,1,0.0000,0.6934,0.0000,0.4167,0.5000
20_jpg.rf.e52dcca667de40beaa8d27d18a090c8c.jpg,475,1,0.0000,0.5201,0.1667,0.0000,0.5333
210_jpg.rf.704e234058e03859d5ae8c7e5ccff796.jpg,476,1,0.0000,0.5967,0.5000,0.3333,0.6000
211_jpg.rf.054eea0016c37dc863eaeb95aede5704.jpg,477,1,0.0000,0.5967,0.6667,0.0000,0.6333
212_jpg.rf.8a6674cd2d4fca84b579f195ab5b7ef9.jpg,478,1,0.0000,0.6934,0.0000,0.3333,0.5000
214_jpg.rf.6a7995886387093deceb7910c8552058.jpg,479,1,0.0000,0.6612,0.0833,0.0000,0.5167
215_jpg.rf.a48a075024ea3979fe13f9c72b5d74f4.jpg,480,1,0.0000,0.6290,0.0833,0.3333,0.5167
216_jpg.rf.f497a2989b25f6aba29d57d7255a0f83.jpg,481,1,0.0000,0.5988,0.0909,0.2727,0.5182
217_jpg.rf.89b7ba83861ed7e46baeb1010e94b97b.jpg,482,1,0.0000,0.6290,0.3333,0.5000,0.5667
218_jpg.rf.47690e7eeae557212c620d85a58222e7.jpg,483,1,0.0000,0.6340,0.1818,0.1818,0.5364
21_jpg.rf.1c76ab92e9ccda5c94591c87f4d21c43.jpg,484,1,0.0000,0.6290,0.0000,0.3333,0.5000
220_jpg.rf.e455322eabed84eb1ada610505009fee.jpg,485,1,0.0000,0.6612,0.0833,0.6667,0.5167
221_jpg.rf.42edf0d1a826b6ae722d12d73ac2187f.jpg,486,1,0.0000,0.5967,0.0000,0.1667,0.5000
222_jpg.rf.2a999aca893fd261af9f64534d07449d.jpg,487,1,0.0000,0.6934,0.0833,0.4167,0.5167
223_jpg.rf.fcb0d75a2bb10cf12d655162f4413ec6.jpg,488,1,0.0000,0.5967,0.1667,0.0833,0.5333
224_jpg.rf.1015f9e0c516ef2f6211ea92118a4bb9.jpg,489,1,0.0000,0.5636,0.3636,0.0909,0.5727
226_jpg.rf.a58db3c6399a2e8a994d6c39e60f0a62.jpg,490,1,0.0000,0.5636,0.0000,0.0000,0.5000
227_jpg.rf.641563b895ffe8f44b5d4bcf7fe0245e.jpg,491,1,0.0000,0.5988,0.0000,0.0909,0.5000
228_jpg.rf.c3001840db79f4520f18af7fbdf86643.jpg,492,1,0.0000,0.6612,0.0000,0.1667,0.5000
229_jpg.rf.de6e0dca6de1ad75acbdf91978852df1.jpg,493,1,0.0000,0.6934,0.0000,0.4167,0.5000
22_jpg.rf.1e838a7ea4135eb01f73ada21d0ad095.jpg,494,1,0.0000,0.5845,0.4167,0.0833,0.5833
230_jpg.rf.2c1a8fb3230239cc74b9d7ccd54486ed.jpg,495,1,0.0000,0.5988,0.2727,0.2727,0.5545
231_jpg.rf.251770491b5ee6405448a17293a250a2.jpg,496,1,0.0000,0.6340,0.0909,0.1818,0.5182
233_jpg.rf.46e655c7ca8cab78a5f90eec7291b647.jpg,497,1,0.0000,0.5855,0.1818,0.1818,0.5364
237_jpg.rf.2632daaa46c9ecc0199dfc560635c97f.jpg,498,1,0.0000,0.6612,0.0000,0.0833,0.5000
238_jpg.rf.b603582e4c2b95d6292423dff05a8f15.jpg,499,1,0.0000,0.6340,0.0000,0.1818,0.5000
239_jpg.rf.52bf692ca51acc1f61610a19eb2b15ee.jpg,500,1,0.0000,0.6612,0.0000,0.0000,0.5000
23_jpg.rf.370533c98aed54813c23d6679f9745a9.jpg,501,1,0.0000,0.5967,0.0833,0.0000,0.5167
240_jpg.rf.f58b4774c88a3a7fcd24102f7c1a936e.jpg,502,1,0.0000,0.6290,0.0000,0.1667,0.5000
242_jpg.rf.0616f2e1494022c66a89c43a6257278c.jpg,503,1,0.0000,0.6290,0.0833,0.0000,0.5167
243_jpg.rf.7fa3efb43a21dd346a6c26956cec1efc.jpg,504,1,0.0000,0.6612,0.0833,0.0000,0.5167
245_jpg.rf.5259c555193895b838d99783cfc69273.jpg,505,1,0.0000,0.6612,0.1667,0.0833,0.5333
246_jpg.rf.ba921c1c19d0efbfdf650c90114ecdc7.jpg,506,1,0.0000,0.6168,0.2500,0.0000,0.5500
247_jpg.rf.5565f885f9caa836c20927f88cecf8d9.jpg,507,1,0.0000,0.6290,0.1667,0.1667,0.5333
248_jpg.rf.bb5945a5e11555cf9c9af06ada6a80ea.jpg,508,1,0.0000,0.6612,0.0833,0.0833,0.5167
249_jpg.rf.9fd0b704fea7d1a1e57d4cbc640a5e46.jpg,509,1,0.0000,0.5988,0.0000,0.4545,0.5000
24_jpg.rf.96d92e42b17899b8649d35f1302a7d76.jpg,510,1,0.0000,0.6290,0.0833,0.0833,0.5167
250_jpg.rf.c2efd915471cfb926e570c16a121df8b.jpg,511,1,0.0000,0.6290,0.1667,0.1667,0.5333
251_jpg.rf.4cff3a451f6e766984c2669104940944.jpg,512,1,0.0000,0.6612,0.0000,0.1667,0.5000
253_jpg.rf.9bce8a39f85acba14d4d4146f6f0e7b9.jpg,513,1,0.0000,0.6290,0.0000,0.1667,0.5000
254_jpg.rf.a18afe3d69743fe4f94945c9fb8247ce.jpg,514,1,0.0000,0.6612,0.2500,0.0833,0.5500
255_jpg.rf.d157b57e4a5e238a78cc683e88435080.jpg,515,1,0.0000,0.6612,0.0833,0.1667,0.5167
256_jpg.rf.baaaef8d9b144f6fc8e30be7c880d991.jpg,516,1,0.0000,0.6934,0.0833,0.0833,0.5167
257_jpg.rf.49a3ab15ca1178f50ee09c63be2bffc1.jpg,517,1,0.0000,0.6612,0.1667,0.1667,0.5333
258_jpg.rf.c09aa7089a1ccba5b7f8bb270d7af239.jpg,518,1,0.0000,0.6290,0.0000,0.0000,0.5000
25_jpg.rf.afba009855bdbcf1db9b30723f430113.jpg,519,1,0.0000,0.6612,0.2500,0.2500,0.5500
261_jpg.rf.a8ff407f14e308866914c62dc7dcdf6d.jpg,520,1,0.0000,0.6612,0.0833,0.4167,0.5167
262_jpg.rf.6b86f69eba1fcac9fd927a71180c165e.jpg,521,1,0.0000,0.6290,0.3333,0.0000,0.5667
263_jpg.rf.e3cf65405c2c10383281452423b6d9cc.jpg,522,1,0.0000,0.6612,0.1667,0.1667,0.5333
264_jpg.rf.3aee60846e2da588566688eef661fd11.jpg,523,1,0.0000,0.5636,0.0000,0.0000,0.5000
266_jpg.rf.1cb958dc5ca6c7be5261359cfe6aa5c1.jpg,524,1,0.0000,0.6612,0.0000,0.1667,0.5000
268_jpg.rf.88a272a23224bd17be395dfee1655a07.jpg,525,1,0.0000,0.6290,0.3333,0.0000,0.5667
269_jpg.rf.ecab9c0b63f8a09fa5f96d1e19ebd764.jpg,526,1,0.0000,0.6290,0.0000,0.2500,0.5000
26_jpg.rf.aa9737e5dfec295d9898379e29f433ec.jpg,527,1,0.0000,0.6168,0.0833,0.3333,0.5167
271_jpg.rf.d74ca8a70b6441d6d7c4df1eeefba60a.jpg,528,1,0.0000,0.6290,0.0000,0.1667,0.5000
273_jpg.rf.7c7948a3fc3779013f0b232acf0cdd6a.jpg,529,1,0.0000,0.6612,0.3333,0.0833,0.5667
274_jpg.rf.6517cf831f85b80e98238d76272c7c61.jpg,530,1,0.0000,0.5967,0.1667,0.0000,0.5333
275_jpg.rf.8e41c241bdc7e8354c03f3ff033e5d0c.jpg,531,1,0.0000,0.6290,0.1667,0.4167,0.5333
276_jpg.rf.4aeed0bb65973add51717397171004b2.jpg,532,1,0.0000,0.6612,0.1667,0.1667,0.5333
277_jpg.rf.00c58cbf4ca67277a56acbf0c247c426.jpg,533,1,0.0000,0.6934,0.0833,0.1667,0.5167
279_jpg.rf.8666d6a935e715aa545e6acc2f590472.jpg,534,1,0.0000,0.5967,0.0000,0.1667,0.5000
27_jpg.rf.4df8afde7209674da76eb7dbc8c297b1.jpg,535,1,0.0000,0.5845,0.3333,0.0000,0.5667
28-,536,1,0.0000,0.5401,0.4167,0.0833,0.5833
281_jpg.rf.838b21c2a8bebe546b29bd94824407d2.jpg,537,1,0.0000,0.6290,0.0000,0.1667,0.5000
282_jpg.rf.7ff3b979b09b5a433bff1cb47051e0ec.jpg,538,1,0.0000,0.5645,0.0833,0.3333,0.5167
284_jpg.rf.c18ece8531cabfd9ff0a3859edae03af.jpg,539,1,0.0000,0.5645,0.3333,0.0000,0.5667
285_jpg.rf.159ebcedb2cf432df9cb2b65e7fa5216.jpg,540,1,0.0000,0.6290,0.1667,0.4167,0.5333
286_jpg.rf.ca4bfce4625337ee347d4df6038c9b67.jpg,541,1,0.0000,0.6340,0.1818,0.0909,0.5364
287_jpg.rf.2a6eed411cf5f1a109938a88381502f3.jpg,542,1,0.0000,0.6290,0.2500,0.1667,0.5500
289_jpg.rf.dc668bc6c51bc2044fdea52f64885452.jpg,543,1,0.0000,0.6290,0.0000,0.1667,0.5000
29-,544,1,0.0000,0.6290,0.2500,0.1667,0.5500
290_jpg.rf.da41d5087ec5d15f0922c8a8fa14a7fd.jpg,545,1,0.0000,0.6612,0.0000,0.1667,0.5000
291_jpg.rf.56332c46a74b165552c5a13b4cd8aa0d.jpg,546,1,0.0000,0.6612,0.1667,0.5000,0.5333
292_jpg.rf.19a79790f0cc6d262109c3a7c26cabaa.jpg,547,1,0.0000,0.6612,0.0000,0.5000,0.5000
293_jpg.rf.7a0139cb363b10d9377f5051b5eecb14.jpg,548,1,0.0000,0.6612,0.3333,0.2500,0.5667
294_jpg.rf.9d1b087c8570d470abeddd74a750c56a.jpg,549,1,0.0000,0.6612,0.1667,0.0000,0.5333
296_jpg.rf.bf9536cf220c8e0ef9e0c7486102595e.jpg,550,1,0.0000,0.6612,0.1667,0.1667,0.5333
297_jpg.rf.a1a49d18254e7eea27190b821aa034a6.jpg,551,1,0.0000,0.6612,0.0000,0.1667,0.5000
298_jpg.rf.037ec837af0f66725e7dace3e5957db7.jpg,552,1,0.0000,0.6612,0.3333,0.2500,0.5667
299_jpg.rf.ed9de59a13a92b8910b16a93510ac766.jpg,553,1,0.0000,0.6290,0.5000,0.2500,0.6000
2_jpg.rf.357fe1d804b9ab464ef5e7119c0d8c9a.jpg,554,1,0.0000,0.5967,0.0000,0.0000,0.5000
300_jpg.rf.fa41771a67aad1f7a435a07cc75d861a.jpg,555,1,0.0000,0.6290,0.1667,0.1667,0.5333
302_jpg.rf.2133240bc2771c0ed1b10647e5779ba8.jpg,556,1,0.0000,0.5988,0.0000,0.0909,0.5000
303_jpg.rf.fe21940ba4a4d2da2c4f67dd0f6339ab.jpg,557,1,0.0000,0.5988,0.0000,0.1818,0.5000
304_jpg.rf.05234da6e7050a23e3a4add3e32b4417.jpg,558,1,0.0000,0.6934,0.1667,0.4167,0.5333
305_jpg.rf.041aa6087f6007c6f1cf982198606f23.jpg,559,1,0.0000,0.6290,0.1667,0.0000,0.5333
306_jpg.rf.d2814f2b38ef202e65713b826be36a2d.jpg,560,1,0.0000,0.6612,0.1667,0.4167,0.5333
307_jpg.rf.57ece7b4d8a26a43e13ad864d68a3ade.jpg,561,1,0.0000,0.6612,0.0833,0.1667,0.5167
308_jpg.rf.d27f7f66fdd243d8c2edd21c1e81d1a9.jpg,562,1,0.0000,0.5967,0.3333,0.1667,0.5667
309_jpg.rf.bec72c928b5b470d6a3ebeaf3c8583ed.jpg,563,1,0.0000,0.6612,0.0000,0.0833,0.5000
30_jpg.rf.dafe6a0204e6a2ae5efca81dd41c02e4.jpg,564,1,0.0000,0.5988,0.0909,0.0000,0.5182
310_jpg.rf.f9bf8fe7ee14a4344294f0e53886d9ec.jpg,565,1,0.0000,0.6612,0.0000,0.0833,0.5000
312_jpg.rf.650cd5da412a1ff2ae807d30ba7d81d2.jpg,566,1,0.0000,0.5967,0.3333,0.1667,0.5667
314_jpg.rf.19912b808caa247f611da422ac41bbe5.jpg,567,1,0.0000,0.6612,0.0000,0.2500,0.5000
315_jpg.rf.af70a269f6fb2239ade894219f1eb437.jpg,568,1,0.0000,0.6290,0.0000,0.2500,0.5000
316_jpg.rf.99e3bd389cf627c6693c29b6aa02c81e.jpg,569,1,0.0000,0.6612,0.0000,0.1667,0.5000
317_jpg.rf.1255a8aef8eb97cd19c7378aa3705fd5.jpg,570,1,0.0000,0.6934,0.0000,0.3333,0.5000
318_jpg.rf.a8a7de1e02cae0eed2f7fbc99a6998a5.jpg,571,1,0.0000,0.6612,0.1667,0.0833,0.5333
319_jpg.rf.1cde99efb8b2ed6d59cf215cd4ad236c.jpg,572,1,0.0000,0.6290,0.1667,0.0833,0.5333
31_jpg.rf.dc281a30ee09728c8b634ca2756dc522.jpg,573,1,0.0000,0.6290,0.0833,0.5833,0.5167
321_jpg.rf.61369b6240aebd332fcb8a8dcb652758.jpg,574,1,0.0000,0.6290,0.1667,0.3333,0.5333
323_jpg.rf.44e930069f176e86ad86dd93c2d7d3d0.jpg,575,1,0.0000,0.6290,0.0000,0.0000,0.5000
324_jpg.rf.1059a77ad88eaf533fb700bbcd93dee6.jpg,576,1,0.0000,0.6290,0.1667,0.0833,0.5333
325_jpg.rf.9711bec586f755f3a59acbf31c119fa7.jpg,577,1,0.0000,0.5967,0.0833,0.2500,0.5167
326_jpg.rf.b0ecaad66f5764e34f2000675ec2096e.jpg,578,1,0.0000,0.5845,0.2500,0.0833,0.5500
327_jpg.rf.c68d5249460cad44312ffa6920117e62.jpg,579,1,0.0000,0.6290,0.0833,0.2500,0.5167
328_jpg.rf.93cac24302db46c0b85c82dbcf992870.jpg,580,1,0.0000,0.6612,0.0000,0.1667,0.5000
329_jpg.rf.9be2f49738861d3be74554501dba5be9.jpg,581,1,0.0000,0.5636,0.0909,0.0909,0.5182
32_jpg.rf.ae1b9bdbf1d1700e88cb173ae2be487d.jpg,582,1,0.0000,0.5523,0.0833,0.1667,0.5167
330_jpg.rf.7ac7e37c247988a25c319b63392a8f07.jpg,583,1,0.0000,0.6612,0.0833,0.6667,0.5167
33_jpg.rf.78beb220aeff1d784d14e1bd1876dc3f.jpg,584,1,0.0000,0.6290,0.2500,0.2500,0.5500
34_jpg.rf.6524295073db43553ce5eee73f315850.jpg,585,1,0.0000,0.6290,0.0000,0.1667,0.5000
350_jpg.rf.5d47207f4ebd13bf94325270120285cb.jpg,586,1,0.0000,0.6340,0.0000,0.3636,0.5000
351_jpg.rf.0669db0711de504099d21db442df72bd.jpg,587,1,0.0000,0.6691,0.0000,0.3636,0.5000
352_jpg.rf.e285c5adb3583fabe54840aca1acec90.jpg,588,1,0.0000,0.5855,0.0000,0.1818,0.5000
353_jpg.rf.4be08a41c35f377f494f47dc90f5b778.jpg,589,1,0.0000,0.6934,0.0000,0.0000,0.5000
354_jpg.rf.b1e89b170ce0fe79eb37fa0175230090.jpg,590,1,0.0000,0.6290,0.0000,0.1667,0.5000
356_jpg.rf.3be6272716fe4065aa840cba3b4b5669.jpg,591,1,0.0000,0.6290,0.1667,0.3333,0.5333
35_jpg.rf.6b47fa55c7bf1080c42a8a337a1b164a.jpg,592,1,0.0000,0.5523,0.1667,0.0833,0.5333
36_jpg.rf.87f183aeb4d4bdf9e73f87abb8363379.jpg,593,1,0.0000,0.5845,0.0833,0.0000,0.5167
37_jpg.rf.8551ea373b6750a16b0cbf77474ba97e.jpg,594,1,0.0000,0.5967,0.0000,0.5000,0.5000
384_jpg.rf.6380b88353d37e0cfb5111847f63ec42.jpg,595,1,0.0000,0.6290,0.0000,0.0000,0.5000
385_jpg.rf.caf32e69e599a48a2008e8839d524fea.jpg,596,1,0.0000,0.6612,0.0000,0.2500,0.5000
387_jpg.rf.0c74204a69a44f16f858def4767acb91.jpg,597,1,0.0000,0.6934,0.0000,0.5833,0.5000
389_jpg.rf.4a772b0e8aa98a02d7b0169e0cd24fff.jpg,598,1,0.0000,0.6934,0.0833,0.3333,0.5167
38_jpg.rf.4e4a28e6c0575b9935e008d09ffb5375.jpg,599,1,0.0000,0.5967,0.2500,0.1667,0.5500
390_jpg.rf.d5fae501706d5a2af029a9101d01746e.jpg,600,1,0.0000,0.6934,0.0833,0.2500,0.5167
391_jpg.rf.3d529e5cd04f22b7feb6940e1a0c8ef9.jpg,601,1,0.0000,0.6934,0.0000,0.5000,0.5000
392_jpg.rf.6699aebdea5f24dd6f919c4cbe1bcc1a.jpg,602,1,0.0000,0.6691,0.0000,0.0909,0.5000
393_jpg.rf.6df7aa6af6217dd31cf59835489ece5e.jpg,603,1,0.0000,0.6612,0.2500,0.0833,0.5500
394_jpg.rf.8bc1c887ede28035462ae93c8195ccb4.jpg,604,1,0.0000,0.6934,0.0000,0.1667,0.5000
396_jpg.rf.48b6cc81aa84877b3d9c70f296bdbb59.jpg,605,1,0.0000,0.6612,0.0000,0.1667,0.5000
397_jpg.rf.3c3db37ea5ed693c1d2017121cb95920.jpg,606,1,0.0000,0.6612,0.1667,0.3333,0.5333
398_jpg.rf.56e81e242ab39cb5c238baf9f1e4f054.jpg,607,1,0.0000,0.6612,0.0000,0.1667,0.5000
399_jpg.rf.fe2fe81b8f2d3a023fd8fcdd5a65218d.jpg,608,1,0.0000,0.6934,0.0000,0.2500,0.5000
3_jpg.rf.d6a0485a220edf015b120f71b78b94be.jpg,609,1,0.0000,0.6290,0.3333,0.1667,0.5667
400_jpg.rf.7b7f7ff5343c117710e865396bad50f0.jpg,610,1,0.0000,0.6612,0.0000,0.2500,0.5000
401_jpg.rf.a132d7a1165d4e95baf6f839f52aad18.jpg,611,1,0.0000,0.6612,0.1667,0.3333,0.5333
402_jpg.rf.d2425eeb06e3c9b714d8cd49a374e579.jpg,612,1,0.0000,0.6934,0.0833,0.0000,0.5167
404_jpg.rf.73504087981337f7e6689ec7f2a095a4.jpg,613,1,0.0000,0.6612,0.0000,0.5833,0.5000
405_jpg.rf.2c19e7a2c69338aa7d0b4d4fe93985d7.jpg,614,1,0.0000,0.6612,0.0833,0.2500,0.5167
406_jpg.rf.4575a8b933f62442224e345eb951dbc8.jpg,615,1,0.0000,0.6612,0.1667,0.2500,0.5333
407_jpg.rf.b0aeba0cfc8c4ca2b5d6e2a5cb9cecbd.jpg,616,1,0.0000,0.6934,0.0000,0.0833,0.5000
408_jpg.rf.191b30abde2dcb6b9c9150a77c223220.jpg,617,1,0.0000,0.6612,0.2500,0.2500,0.5500
409_jpg.rf.50af8e9f0506360e262b3652a0b08ea4.jpg,618,1,0.0000,0.6934,0.0833,0.1667,0.5167
410_jpg.rf.8f91bb9cc5b296b77afb4516f287efdc.jpg,619,1,0.0000,0.6612,0.0833,0.0833,0.5167
411_jpg.rf.2f5e3f0eff390a8804c57bada21dff60.jpg,620,1,0.0000,0.6934,0.0000,0.3333,0.5000
412_jpg.rf.59214392f66c96edb67ae5dee3918b14.jpg,621,1,0.0000,0.6612,0.0000,0.1667,0.5000
413_jpg.rf.f58ad4c8322d60e50f266579712fe024.jpg,622,1,0.0000,0.6612,0.0833,0.0000,0.5167
414_jpg.rf.2b456cc9547d2df300fd5b8c3c4e7dfe.jpg,623,1,0.0000,0.6934,0.2500,0.0833,0.5500
415_jpg.rf.a4810b6996e17776156e1452d1913ef2.jpg,624,1,0.0000,0.6612,0.0000,0.2500,0.5000
416_jpg.rf.1ead4da25811af8b500c174383ab3646.jpg,625,1,0.0000,0.6612,0.1667,0.1667,0.5333
417_jpg.rf.2e551f16fab35a4f0814b92b0b1125a2.jpg,626,1,0.0000,0.6612,0.0833,0.4167,0.5167
418_jpg.rf.1f943d2a24daaf80892c0eb89afb4b30.jpg,627,1,0.0000,0.6612,0.0833,0.4167,0.5167
419_jpg.rf.cb8996ae3c1ab51ec27456fef440f000.jpg,628,1,0.0000,0.6934,0.4167,0.4167,0.5833
41_jpg.rf.93a7169a12bc0766b1d9c0f26e6b1bef.jpg,629,1,0.0000,0.5645,0.3333,0.1667,0.5667
420_jpg.rf.e4297183f88a1f7d4408aad1b8c06020.jpg,630,1,0.0000,0.6290,0.4167,0.1667,0.5833
421_jpg.rf.bacba9dc272600cce8ce7d28dc3241dd.jpg,631,1,0.0000,0.6168,0.2500,0.2500,0.5500
423_jpg.rf.5b39d639e8ffefaf11a69e7d944da6ed.jpg,632,1,0.0000,0.5988,0.0000,0.2727,0.5000
424_jpg.rf.19fddc06ffc2d102aa0458522171b3a3.jpg,633,1,0.0000,0.6934,0.0000,0.3333,0.5000
425_jpg.rf.4630adde2198ea9712430d751c88d215.jpg,634,1,0.0000,0.6612,0.0000,0.0833,0.5000
426_jpg.rf.fde732a50da9c14adbc1762848bfbe1c.jpg,635,1,0.0000,0.6934,0.0833,0.2500,0.5167
427_jpg.rf.1e2bf514070be154c5745b9a16155805.jpg,636,1,0.0000,0.6612,0.0833,0.1667,0.5167
428_jpg.rf.029fd87cc37fe41a46fd64272f5ce4dd.jpg,637,1,0.0000,0.6612,0.0000,0.0000,0.5000
429_jpg.rf.eaad90cf0ef8caa40388957f21a2ace5.jpg,638,1,0.0000,0.6934,0.0000,0.1667,0.5000
42_jpg.rf.0c49e570aab68858cd0bd320309ff80c.jpg,639,1,0.0000,0.5636,0.0000,0.4545,0.5000
431_jpg.rf.f2d8e4fc605a850380e6bf5210506f85.jpg,640,1,0.0000,0.6168,0.2500,0.2500,0.5500
432_jpg.rf.02522966e707089b2924310ddf0f9f4e.jpg,641,1,0.0000,0.6934,0.0000,0.0833,0.5000
434_jpg.rf.5fb687f25785fdd0b76b2c6af573c1c5.jpg,642,1,0.0000,0.6934,0.1667,0.2500,0.5333
435_jpg.rf.2df2b87c0255465f1bbbeb95fca26345.jpg,643,1,0.0000,0.6934,0.0833,0.0833,0.5167
436_jpg.rf.06a8c8348ba7e81fbb91d02061857877.jpg,644,1,0.0000,0.6290,0.0000,0.0833,0.5000
438_jpg.rf.58e8af48a908f56691341028f432503a.jpg,645,1,0.0000,0.6612,0.1667,0.1667,0.5333
439_jpg.rf.59b18fc44cfe1836840a9d4bc49729d5.jpg,646,1,0.0000,0.6612,0.0833,0.2500,0.5167
43_jpg.rf.2453a14ae1769df2b09e35d57dd56fd8.jpg,647,1,0.0000,0.5645,0.3333,0.0833,0.5667
440_jpg.rf.2a73f23c34f842f925c9ce49d1755904.jpg,648,1,0.0000,0.6612,0.0000,0.0000,0.5000
441_jpg.rf.940bf8995580bbe39ac5cf9122a74c78.jpg,649,1,0.0000,0.6612,0.1667,0.5833,0.5333
442_jpg.rf.6dadb598627ce701dbe2b641c2dfd279.jpg,650,1,0.0000,0.5967,0.4167,0.1667,0.5833
443_jpg.rf.28c078f14ce97e68c7029a25f6b1a0b9.jpg,651,1,0.0000,0.6612,0.0833,0.0833,0.5167
444_jpg.rf.730e75ea66798d7516190c5dd71d9211.jpg,652,1,0.0000,0.5988,0.2727,0.0000,0.5545
445_jpg.rf.3c84fe43a1415f6a07813c1a180609f0.jpg,653,1,0.0000,0.6934,0.2500,0.0000,0.5500
447_jpg.rf.04fd0c8da8222d7846a0a0deea633bb7.jpg,654,1,0.0000,0.6934,0.0000,0.2500,0.5000
448_jpg.rf.137a8eb3acb0e60ff4409aec0668c741.jpg,655,1,0.0000,0.6934,0.0833,0.2500,0.5167
449_jpg.rf.f2ef5203d91d54b08e879a00a2422951.jpg,656,1,0.0000,0.6612,0.1667,0.0833,0.5333
452_jpg.rf.7cc53e2f3217845208461c02cb0fd925.jpg,657,1,0.0000,0.6934,0.0000,0.3333,0.5000
453_jpg.rf.eea4090241385f4b4607e5121f9f48c2.jpg,658,1,0.0000,0.6934,0.0833,0.2500,0.5167
454_jpg.rf.aa404b216b00883746f4437e4184509d.jpg,659,1,0.0000,0.6612,0.0000,0.0000,0.5000
456_jpg.rf.9483061e53f205c8bbc067ffbd1a2ef1.jpg,660,1,0.0000,0.6934,0.1667,0.2500,0.5333
457_jpg.rf.4a70e1eef55ece3f43654531c34a607f.jpg,661,1,0.0000,0.6934,0.2500,0.3333,0.5500
458_jpg.rf.7b4fa53cf87ebd4243629bdf88c36220.jpg,662,1,0.0000,0.6934,0.0000,0.0833,0.5000
459_jpg.rf.7efc64d080ce760b51a6eb5b3b24a939.jpg,663,1,0.0000,0.6934,0.0833,0.2500,0.5167
45_jpg.rf.a480d57a86625c1df26527d5ae611b9e.jpg,664,1,0.0000,0.5988,0.3636,0.1818,0.5727
460_jpg.rf.67d66317f984eee30e549e1bf751422b.jpg,665,1,0.0000,0.6934,0.0833,0.2500,0.5167
461_jpg.rf.7cbdd660c8343d7726c34c56ea4a4cb0.jpg,666,1,0.0000,0.6612,0.2500,0.2500,0.5500
462_jpg.rf.2170e61f1afe16351a6e2e3329b0506f.jpg,667,1,0.0000,0.6612,0.0833,0.4167,0.5167
463_jpg.rf.8b7aa22312ba98e59d6ca0438c6cbfe9.jpg,668,1,0.0000,0.6340,0.0000,0.0000,0.5000
464_jpg.rf.da1b15d09e5920fa1fd886ca390f48f6.jpg,669,1,0.0000,0.6934,0.0000,0.3333,0.5000
465_jpg.rf.d18f80aabb458d4c87bd0d8609993b23.jpg,670,1,0.0000,0.6934,0.0000,0.0833,0.5000
466_jpg.rf.bfaab8b2db1a6a9f5a38919e8c2cb193.jpg,671,1,0.0000,0.6290,0.0000,0.6667,0.5000
467_jpg.rf.10c4a03f40c571aefe035a80892e8c52.jpg,672,1,0.0000,0.6612,0.0833,0.1667,0.5167
469_jpg.rf.7d485dae227ce5cdd099fcdeea7c9035.jpg,673,1,0.0000,0.6290,0.4167,0.0000,0.5833
46_jpg.rf.ca15d7da26293dd2bc2e44c89b082183.jpg,674,1,0.0000,0.5988,0.0909,0.0909,0.5182
470_jpg.rf.b153c61caa592f133a75dcfbffa4dd72.jpg,675,1,0.0000,0.6934,0.1667,0.0833,0.5333
471_jpg.rf.2b35ae5821d46bd4885a89b33584a527.jpg,676,1,0.0000,0.6934,0.0833,0.3333,0.5167
472_jpg.rf.18272747b46d867db3034327187578c9.jpg,677,1,0.0000,0.6934,0.1667,0.3333,0.5333
473_jpg.rf.a7fe76a7a46aa0963d6c436e1cd16073.jpg,678,1,0.0000,0.6612,0.1667,0.1667,0.5333
475_jpg.rf.ac19aa505f945eeadaa5c4e1a63be0f8.jpg,679,1,0.0000,0.6612,0.3333,0.0833,0.5667
476_jpg.rf.3eedcebc437f9ccdb92614b942db6c0a.jpg,680,1,0.0000,0.6934,0.0833,0.2500,0.5167
478_jpg.rf.3db6d7d655ea94eb8dfb2a0a443cf4ea.jpg,681,1,0.0000,0.6934,0.1667,0.3333,0.5333
479_jpg.rf.d3b11ad7eb508f6932cea6ed134ac56a.jpg,682,1,0.0000,0.6934,0.0833,0.2500,0.5167
47_jpg.rf.071c9078ffc9861530e1b39755fa1cfd.jpg,683,1,0.0000,0.6340,0.0000,0.2727,0.5000
480_jpg.rf.4271ccf5c8d183ecd9ab67552882f2af.jpg,684,1,0.0000,0.6934,0.0000,0.0833,0.5000
482_jpg.rf.c894c5c46796f392da5dc572cca7bef2.jpg,685,1,0.0000,0.6612,0.0000,0.2500,0.5000
483_jpg.rf.10da9cdf4435c5e4528cd04f3201ef48.jpg,686,1,0.0000,0.6290,0.2500,0.4167,0.5500
484_jpg.rf.7e82cbe179e2677803279648f613a564.jpg,687,1,0.0000,0.6934,0.0833,0.0000,0.5167
485_jpg.rf.2327fae6c19e548fdbdee8534e879785.jpg,688,1,0.0000,0.6612,0.0833,0.0000,0.5167
486_jpg.rf.831de948f5d5bfe9b11f8215008b7443.jpg,689,1,0.0000,0.6340,0.0000,0.0000,0.5000
487_jpg.rf.490a3ac0f17512de496530730c9622a6.jpg,690,1,0.0000,0.5988,0.0000,0.5455,0.5000
488_jpg.rf.b5716e092fa658df24a0a92bcdc2ad9c.jpg,691,1,0.0000,0.6691,0.0909,0.0000,0.5182
489_jpg.rf.0d40dec1c3d9c724692a8dd3a5242422.jpg,692,1,0.0000,0.6612,0.0000,0.3333,0.5000
490_jpg.rf.bc4fde8929ec5eb669df3448d3b8bb8a.jpg,693,1,0.0000,0.6612,0.0833,0.2500,0.5167
491_jpg.rf.dd089f7b0276f06f06bd091fcb29ef27.jpg,694,1,0.0000,0.6612,0.3333,0.1667,0.5667
492_jpg.rf.73e4e1d347479a0183f005bc27b81af2.jpg,695,1,0.0000,0.6934,0.1667,0.2500,0.5333
493_jpg.rf.4e953d933ac9029d96608284296c4b89.jpg,696,1,0.0000,0.6612,0.0833,0.0000,0.5167
494_jpg.rf.61312b0e0d01c58f77b1638b480f5b72.jpg,697,1,0.0000,0.6612,0.0833,0.3333,0.5167
495_jpg.rf.7cc45b9f87da54b8f665f191c65643ec.jpg,698,1,0.0000,0.6934,0.0000,0.0833,0.5000
497_jpg.rf.6c4faeda0c047e6105b2eca5c10e63b1.jpg,699,1,0.0000,0.6612,0.2500,0.0833,0.5500
498_jpg.rf.5d80482d4df38c77fe5aeb6fdce322f9.jpg,700,1,0.0000,0.6934,0.1667,0.1667,0.5333
499_jpg.rf.c8cec7b295ad146f35c3179439ecc9df.jpg,701,1,0.0000,0.6612,0.4167,0.5000,0.5833
49_jpg.rf.b421b895618fdce073970cf47d472d34.jpg,702,1,0.0000,0.5845,0.0000,0.0000,0.5000
4_jpg.rf.cc60484492778b05f057f2d3a771bc59.jpg,703,1,0.0000,0.6612,0.1667,0.1667,0.5333
500_jpg.rf.25e24cafb40dcdcc8145bbaf62e76ed7.jpg,704,1,0.0000,0.6612,0.0833,0.3333,0.5167
501_jpg.rf.352a7030834b3e71dc9cdf554c89747b.jpg,705,1,0.0000,0.6934,0.0833,0.2500,0.5167
502_jpg.rf.e4b6c7fed0a26b5fa3e0ae8f4ebee5d3.jpg,706,1,0.0000,0.6290,0.0833,0.3333,0.5167
503_jpg.rf.51bc04a1f21bc924217ee322ec8d962a.jpg,707,1,0.0000,0.5967,0.0000,0.3333,0.5000
505_jpg.rf.2361d76164f977fdb5f8df10af508076.jpg,708,1,0.0000,0.6612,0.1667,0.3333,0.5333
506_jpg.rf.21377edea0ea07ea5a41b1217ea8fa54.jpg,709,1,0.0000,0.6612,0.0833,0.1667,0.5167
508_jpg.rf.589a03682b44d8beaf89425bdd6a8838.jpg,710,1,0.0000,0.6612,0.0000,0.0833,0.5000
509_jpg.rf.cc046b702e7940bc1578c343e6a5676b.jpg,711,1,0.0000,0.6290,0.0000,0.3333,0.5000
510_jpg.rf.32c273e1f39d2c258dcff5b62b55d0f0.jpg,712,1,0.0000,0.6290,0.1667,0.1667,0.5333
511_jpg.rf.cda2f78e8583708d852ec8a6e66a8381.jpg,713,1,0.0000,0.6612,0.0000,0.1667,0.5000
512_jpg.rf.2d478e6039663a80e510da636f44bf9d.jpg,714,1,0.0000,0.6612,0.4167,0.0833,0.5833
513_jpg.rf.c8ab698a54ec4852c3ae1e767748abf3.jpg,715,1,0.0000,0.6612,0.2500,0.0833,0.5500
514_jpg.rf.7cd11edca1aed06a8ecf48e5946721c4.jpg,716,1,0.0000,0.6612,0.3333,0.1667,0.5667
517_jpg.rf.09121df7a5b832525dbacb3bb95b7a85.jpg,717,1,0.0000,0.6290,0.0000,0.1667,0.5000
518_jpg.rf.42454dbcb2033da96c18766f940ff9c5.jpg,718,1,0.0000,0.6934,0.2500,0.0000,0.5500
519_jpg.rf.60a5fa521f03f0d1368af2fb0a0391bd.jpg,719,1,0.0000,0.6290,0.4167,0.1667,0.5833
520_jpg.rf.b223b6383c664cce46b097091cbf9592.jpg,720,1,0.0000,0.6612,0.3333,0.1667,0.5667
521_jpg.rf.ef01e6a404dd3316240c55d09e2386ff.jpg,721,1,0.0000,0.6612,0.2500,0.0833,0.5500
522_jpg.rf.60354758c429e448abc19a677566a8eb.jpg,722,1,0.0000,0.6934,0.0000,0.3333,0.5000
523_jpg.rf.a464120bee253261667010ca43be3dc0.jpg,723,1,0.0000,0.6290,0.1667,0.0833,0.5333
524_jpg.rf.17df20fb6e27ca97387b54fb2faa9f02.jpg,724,1,0.0000,0.6934,0.2500,0.3333,0.5500
525_jpg.rf.90bf23dbd435472826c9bbead54e63b0.jpg,725,1,0.0000,0.6612,0.0833,0.3333,0.5167
527_jpg.rf.ff6ae0daa338d111df66806983abb64b.jpg,726,1,0.0000,0.6612,0.0000,0.2500,0.5000
529_jpg.rf.2764bd8d79e29d681ba8c8b85049ab2e.jpg,727,1,0.0000,0.6612,0.0833,0.4167,0.5167
52_jpg.rf.0ea1b5bd710ca510d4bdb868a2098fcd.jpg,728,1,0.0000,0.6340,0.0000,0.0909,0.5000
531_jpg.rf.cce629e65aa23ba36759feb478b572d4.jpg,729,1,0.0000,0.6612,0.0000,0.1667,0.5000
532_jpg.rf.1e41f14e72efb56f3f0a93e8ca2ea1bc.jpg,730,1,0.0000,0.6934,0.1667,0.2500,0.5333
533_jpg.rf.41f6c70999487409ce04971421589a65.jpg,731,1,0.0000,0.6612,0.0833,0.0833,0.5167
535_jpg.rf.a72a519f71af0e9c9e090669cb5b94ee.jpg,732,1,0.0000,0.6934,0.0833,0.3333,0.5167
536_jpg.rf.3869b22627847bdc6fa89e9f22277ab9.jpg,733,1,0.0000,0.6934,0.0000,0.2500,0.5000
537_jpg.rf.90faa49d0824663f9bab63e678906c56.jpg,734,1,0.0000,0.6934,0.0000,0.2500,0.5000
538_jpg.rf.fc3669d22af3c9fc24b1537e137b1480.jpg,735,1,0.0000,0.6612,0.0833,0.3333,0.5167
539_jpg.rf.b5c73d5f2ee682aff8254e0b8ef1f4bf.jpg,736,1,0.0000,0.6290,0.0000,0.2500,0.5000
53_jpg.rf.e1c1bff2331b290a8988408dcb67dac3.jpg,737,1,0.0000,0.5988,0.0909,0.0000,0.5182
540_jpg.rf.8a6d1912177d2994cc3655a7ce0938ee.jpg,738,1,0.0000,0.6612,0.0000,0.2500,0.5000
541_jpg.rf.97f08ba372fa4ef1757318f45862cb0c.jpg,739,1,0.0000,0.6612,0.0000,0.1667,0.5000
542_jpg.rf.9a3e217b86c72baca55a27db98112c6e.jpg,740,1,0.0000,0.6340,0.0000,0.3636,0.5000
544_jpg.rf.0c30bfb8744346c530ef6dd3825240c9.jpg,741,1,0.0000,0.6612,0.2500,0.0833,0.5500
545_jpg.rf.93698befb77d839d56ed7736e127cccc.jpg,742,1,0.0000,0.6934,0.0833,0.2500,0.5167
546_jpg.rf.0570b61017d07e10123f15e4bebb6821.jpg,743,1,0.0000,0.6934,0.1667,0.0833,0.5333
547_jpg.rf.ae38153624d5f011d9d6bf385be3c8d4.jpg,744,1,0.0000,0.6612,0.4167,0.1667,0.5833
549_jpg.rf.2a8127a151f2af78c1c5a4e866f94265.jpg,745,1,0.0000,0.6612,0.0833,0.3333,0.5167
54_jpg.rf.1fcad742004f0df78575b62d40ff950b.jpg,746,1,0.0000,0.6612,0.0833,0.1667,0.5167
550_jpg.rf.6ef257c406ad70c1ff881ab10e73fb9f.jpg,747,1,0.0000,0.5967,0.0833,0.3333,0.5167
552_jpg.rf.26a086ce4893234c8d17f14959ba2daa.jpg,748,1,0.0000,0.6934,0.1667,0.0833,0.5333
554_jpg.rf.841be3f83287ebbdc71b2eb979b87251.jpg,749,1,0.0000,0.6612,0.4167,0.0000,0.5833
558_jpg.rf.6c7444418bd87db81bd7b872b696fee8.jpg,750,1,0.0000,0.6612,0.1667,0.1667,0.5333
559_jpg.rf.02107ead89b3426e2b353f565a6cc2e1.jpg,751,1,0.0000,0.6934,0.0000,0.0833,0.5000
55_jpg.rf.e5b8ef2db8a1e4adb055fba6551d44af.jpg,752,1,0.0000,0.6340,0.0000,0.0000,0.5000
560_jpg.rf.e9e8a1a924f03dbaccebf5a7cbd1a343.jpg,753,1,0.0000,0.6860,0.0000,0.2308,0.5000
561_jpg.rf.7662e5b773d38335dad98c7243c209a8.jpg,754,1,0.0000,0.6934,0.0000,0.5000,0.5000
563_jpg.rf.e197146f74742cf2868c3dacd641835d.jpg,755,1,0.0000,0.6290,0.0833,0.2500,0.5167
564_jpg.rf.1260df1031cafdb5815aa610514fc5d0.jpg,756,1,0.0000,0.6612,0.1667,0.1667,0.5333
565_jpg.rf.785076f9ca814ffd8372aff9f9a50481.jpg,757,1,0.0000,0.6612,0.1667,0.0000,0.5333
567_jpg.rf.9be0d24dbd166d9b5d9031ec874b6311.jpg,758,1,0.0000,0.6934,0.1667,0.3333,0.5333
569_jpg.rf.95ed0c779c016f7ed250c652599f85de.jpg,759,1,0.0000,0.6290,0.3333,0.3333,0.5667
570_jpg.rf.b89c38bb64d97227459b69d96d28f100.jpg,760,1,0.0000,0.6612,0.1667,0.2500,0.5333
571_jpg.rf.444cb81101965c6536bc1efc71fdbce5.jpg,761,1,0.0000,0.6612,0.0833,0.2500,0.5167
573_jpg.rf.08b196dbb7af9de9097959cc74351730.jpg,762,1,0.0000,0.6290,0.0833,0.1667,0.5167
575_jpg.rf.2891dcc4d6d45cd3d16037e230065788.jpg,763,1,0.0000,0.6612,0.3333,0.4167,0.5667
577_jpg.rf.6d086166ad37152a6664c87a0086ec06.jpg,764,1,0.0000,0.6612,0.1667,0.1667,0.5333
578_jpg.rf.1b5ed4ad01830a83fa1965439dacf312.jpg,765,1,0.0000,0.6290,0.1667,0.0833,0.5333
579_jpg.rf.6dc256a0a0b97497632facfcab27a9c6.jpg,766,1,0.0000,0.6934,0.0833,0.1667,0.5167
580_jpg.rf.ee17c4763a0a198e366871fe30715834.jpg,767,1,0.0000,0.6691,0.0000,0.2727,0.5000
582_jpg.rf.461b3f899c6665bcc95daa2560197d42.jpg,768,1,0.0000,0.6612,0.1667,0.2500,0.5333
584_jpg.rf.8bbfd398952324886176063b3b5f2c1c.jpg,769,1,0.0000,0.6612,0.3333,0.5000,0.5667
585_jpg.rf.cf0a162b9e0fef0e18d36bb40e571b07.jpg,770,1,0.0000,0.6290,0.0833,0.1667,0.5167
586_jpg.rf.4be6c18a202223bdc97c13129a226d8f.jpg,771,1,0.0000,0.6934,0.4167,0.1667,0.5833
587_jpg.rf.213eff714285dc9795a378427be0f2cb.jpg,772,1,0.0000,0.6934,0.1667,0.3333,0.5333
588_jpg.rf.0015596367d16df4798350d2432f7d2c.jpg,773,1,0.0000,0.6612,0.2500,0.1667,0.5500
589_jpg.rf.4a68cbef45a964dca7c64577dc6bae92.jpg,774,1,0.0000,0.6934,0.1667,0.2500,0.5333
58_jpg.rf.2c57953a0b33671dfa75b8c282f2a191.jpg,775,1,0.0000,0.5967,0.2500,0.0000,0.5500
590_jpg.rf.b41171f7b2d33fa210acf93051a54eae.jpg,776,1,0.0000,0.6612,0.1667,0.3333,0.5333
591_jpg.rf.9eee3bb8bce75bbe1a619984955be27b.jpg,777,1,0.0000,0.6290,0.2500,0.0833,0.5500
592_jpg.rf.8e88a545d6d2f41518e8e145461502c7.jpg,778,1,0.0000,0.6612,0.1667,0.1667,0.5333
593_jpg.rf.8aa460043fe4ab253b8071dac348d5bc.jpg,779,1,0.0000,0.6934,0.1667,0.1667,0.5333
594_jpg.rf.848dd65f0055fdb7552e1809477ca671.jpg,780,1,0.0000,0.6691,0.0909,0.4545,0.5182
595_jpg.rf.d9c13e78439dee609bf133c3e07ed5b4.jpg,781,1,0.0000,0.6934,0.0833,0.2500,0.5167
596_jpg.rf.f6f19001685d6f4375194d5b6c67c14b.jpg,782,1,0.0000,0.6612,0.0833,0.1667,0.5167
598_jpg.rf.9dd6cab88b23d4d44d9666f3a89f3cfb.jpg,783,1,0.0000,0.6612,0.0833,0.3333,0.5167
59_jpg.rf.e60240aa433082a6a18e0900faaad89b.jpg,784,1,0.0000,0.6168,0.4167,0.0000,0.5833
5_jpg.rf.0814b12d453f2f86e25271ad8bb41abb.jpg,785,1,0.0000,0.6934,0.0000,0.3333,0.5000
600_jpg.rf.7f100a48bcb89f1b861488fbdf0fe06b.jpg,786,1,0.0000,0.6934,0.0000,0.3333,0.5000
601_jpg.rf.1b052bf844e7f6761985b107fa329a4e.jpg,787,1,0.0000,0.6612,0.1667,0.2500,0.5333
603_jpg.rf.09ec936e4af254f85350b40b5506444d.jpg,788,1,0.0000,0.6612,0.0833,0.1667,0.5167
604_jpg.rf.1bd39319621f832c9ea47a2db53111e6.jpg,789,1,0.0000,0.6612,0.2500,0.0833,0.5500
605_jpg.rf.79220555daffef3ac83b376fd5d45fd9.jpg,790,1,0.0000,0.6612,0.0000,0.2500,0.5000
606_jpg.rf.025b30965c40fb1fefa506e45cee8d7b.jpg,791,1,0.0000,0.6934,0.0833,0.3333,0.5167
607_jpg.rf.a55051863316dee9d5dd2caff1d731b5.jpg,792,1,0.0000,0.6934,0.0000,0.4167,0.5000
608_jpg.rf.3ba1d5ab2c34ecf6482833a3afe584da.jpg,793,1,0.0000,0.6612,0.3333,0.2500,0.5667
609_jpg.rf.a0df45bae2feeb4d93048ba8cbba8f0b.jpg,794,1,0.0000,0.6691,0.0000,0.1818,0.5000
60_jpg.rf.4e736614afea9a6375c942d2007b60a8.jpg,795,1,0.0000,0.5322,0.3333,0.0000,0.5667
610_jpg.rf.82176a881823cfef4cb4fddea58719c4.jpg,796,1,0.0000,0.6934,0.0833,0.1667,0.5167
611_jpg.rf.c474f600e13c5d0dcd1caaffc114781a.jpg,797,1,0.0000,0.6934,0.1667,0.2500,0.5333
612_jpg.rf.7227b7c2cc5f6b761ed93fa9656647fc.jpg,798,1,0.0000,0.6612,0.1667,0.2500,0.5333
613_jpg.rf.e9bbbaadcf4e956e3f2141efc585907b.jpg,799,1,0.0000,0.6290,0.1667,0.1667,0.5333
614_jpg.rf.6106adbce46c861e62e5f7d897146627.jpg,800,1,0.0000,0.6934,0.3333,0.3333,0.5667
615_jpg.rf.f6cb710e36c7d63ff142aa3bd2e22f46.jpg,801,1,0.0000,0.6934,0.1667,0.5000,0.5333
616_jpg.rf.a17285fbc4356a83e32304da57c2cc11.jpg,802,1,0.0000,0.6934,0.0833,0.2500,0.5167
618_jpg.rf.afa48231e0daf922a025dc4c21bdf23e.jpg,803,1,0.0000,0.6934,0.0833,0.1667,0.5167
619_jpg.rf.13e0f70d861796ecd08b8970e7ff7ef1.jpg,804,1,0.0000,0.6934,0.2500,0.3333,0.5500
61_jpg.rf.2a4d7e757d7fe3419aa998dff4d9a1ab.jpg,805,1,0.0000,0.6612,0.0833,0.2500,0.5167
621_jpg.rf.97b7a9ad736e0a43e25bda55669c70fa.jpg,806,1,0.0000,0.6691,0.0000,0.1818,0.5000
622_jpg.rf.0c10327dc28a8bd98711e707bb909302.jpg,807,1,0.0000,0.6860,0.0000,0.3077,0.5000
624_jpg.rf.8963e66eca48d8e0169b614ae42a6db9.jpg,808,1,0.0000,0.6612,0.1667,0.5833,0.5333
625_jpg.rf.98b98524563d535c51731d9462bfd16d.jpg,809,1,0.0000,0.6934,0.0833,0.4167,0.5167
626_jpg.rf.96aab70f8d2e223dbf5f505f734cbf7b.jpg,810,1,0.0000,0.6934,0.1667,0.2500,0.5333
627_jpg.rf.b5f3475b75b7b27efbcb05732505d1f1.jpg,811,1,0.0000,0.6612,0.0000,0.1667,0.5000
628_jpg.rf.6e22f38e5a19aca48e6b5307fa07666f.jpg,812,1,0.0000,0.6612,0.1667,0.2500,0.5333
629_jpg.rf.4f8fc26f3a8b2784c4f84350e674af44.jpg,813,1,0.0000,0.6612,0.4167,0.5000,0.5833
62_jpg.rf.d80815959af704a140ce19684547c464.jpg,814,1,0.0000,0.5523,0.1667,0.1667,0.5333
630_jpg.rf.3dd0c1b3c5f391a6ab30cbfdc42d7ea5.jpg,815,1,0.0000,0.6612,0.1667,0.4167,0.5333
631_jpg.rf.4a1c6c9820d902d70376c9476fca9b19.jpg,816,1,0.0000,0.6934,0.0833,0.4167,0.5167
632_jpg.rf.7b696de23828ac8c24b2b1edd9017b10.jpg,817,1,0.0000,0.6934,0.0000,0.4167,0.5000
633_jpg.rf.9f82f5b48978e9461da6e0fab54490c3.jpg,818,1,0.0000,0.6612,0.3333,0.1667,0.5667
636_jpg.rf.f0807d480481e587d8bc184c4ca49b4d.jpg,819,1,0.0000,0.7158,0.1538,0.1538,0.5308
637_jpg.rf.b0875b1c4ae5bf95f0a256c5b78145fa.jpg,820,1,0.0000,0.6612,0.7500,0.0833,0.6500
638_jpg.rf.88b1637205ffe4a46610f037ae6dc5cf.jpg,821,1,0.0000,0.6934,0.2500,0.1667,0.5500
639_jpg.rf.04d0876cf173f824d376f62713c0cb17.jpg,822,1,0.0000,0.6934,0.0000,0.4167,0.5000
641_jpg.rf.cf9946f52c52a7b9fa77c9b715ca9999.jpg,823,1,0.0000,0.6290,0.1667,0.0000,0.5333
642_jpg.rf.dc9026d662e53a10673e54a7e7bc6dea.jpg,824,1,0.0000,0.6934,0.3333,0.4167,0.5667
643_jpg.rf.0578a0cb58da8bfb68dbc8b987f21bf4.jpg,825,1,0.0000,0.6934,0.0833,0.2500,0.5167
646_jpg.rf.377761004650de08f51fb520448d3ba2.jpg,826,1,0.0000,0.6612,0.2500,0.2500,0.5500
647_jpg.rf.3221c9ac407157d82eea32710e1f2d92.jpg,827,1,0.0000,0.6934,0.1667,0.2500,0.5333
649_jpg.rf.7e817276350d3768b934314036139b5e.jpg,828,1,0.0000,0.6290,0.2500,0.1667,0.5500
64_jpg.rf.a681207c84610fff4b303b86419ce630.jpg,829,1,0.0000,0.5401,0.4167,0.1667,0.5833
650_jpg.rf.9e73a6b39d0debc683c174e872c30c0c.jpg,830,1,0.0000,0.6290,0.2500,0.0000,0.5500
651_jpg.rf.6cd64e97b166b64ef534302c2a793d56.jpg,831,1,0.0000,0.6612,0.2500,0.1667,0.5500
652_jpg.rf.9a3ee2a4229757c0a6682e965418c238.jpg,832,1,0.0000,0.6934,0.2500,0.0000,0.5500
653_jpg.rf.cdf45bc3cb1774a4070b87825fb3849a.jpg,833,1,0.0000,0.6934,0.0000,0.5000,0.5000
654_jpg.rf.1209bcdc41f07ae8a98fc0158f417bb1.jpg,834,1,0.0000,0.6612,0.0833,0.2500,0.5167
655_jpg.rf.731745e2fc8e03ad7bd042e845798734.jpg,835,1,0.0000,0.6934,0.2500,0.0000,0.5500
656_jpg.rf.e3ea6c2ae7fdd5efe875ae670cd2ee52.jpg,836,1,0.0000,0.6934,0.1667,0.0000,0.5333
657_jpg.rf.ef0bd82257ec072e39a26f8efb24183f.jpg,837,1,0.0000,0.6934,0.4167,0.3333,0.5833
658_jpg.rf.4519923a1feb33391a89497fab514be4.jpg,838,1,0.0000,0.6934,0.0000,0.3333,0.5000
659_jpg.rf.68f04ae8c362a8c29f2ec12edd84bfc6.jpg,839,1,0.0000,0.6612,0.3333,0.0833,0.5667
65_jpg.rf.f4b06d99507d63b462cbe0784d26e9ae.jpg,840,1,0.0000,0.5967,0.2500,0.0000,0.5500
661_jpg.rf.6336b1e73d420f8645035bb4416bb065.jpg,841,1,0.0000,0.6612,0.0833,0.1667,0.5167
662_jpg.rf.2a6b22f0c2851dcd9d37948cdb0ce26f.jpg,842,1,0.0000,0.6290,0.1667,0.2500,0.5333
663_jpg.rf.e37ed4a5c1fa78b11fe94a55fd23cbb2.jpg,843,1,0.0000,0.6612,0.3333,0.1667,0.5667
664_jpg.rf.01807f0ac7d3270fc74abbf582eb63a1.jpg,844,1,0.0000,0.6934,0.0833,0.3333,0.5167
665_jpg.rf.81e1e6b6b74cf61b2922fbae4ec68e8a.jpg,845,1,0.0000,0.6934,0.0833,0.0833,0.5167
666_jpg.rf.6967743452d8613aa3dc32d2a017f371.jpg,846,1,0.0000,0.6612,0.2500,0.0000,0.5500
667_jpg.rf.6aec61d80db2a7f737fa18376b483c8b.jpg,847,1,0.0000,0.6934,0.1667,0.1667,0.5333
668_jpg.rf.51183d124083588c01cd12941d47a572.jpg,848,1,0.0000,0.6612,0.0833,0.0000,0.5167
669_jpg.rf.9de1103926055b3fc7d9b94a9b66fb5e.jpg,849,1,0.0000,0.6691,0.1818,0.0000,0.5364
66_jpg.rf.0b4b5eb0849c18339593998c83f727db.jpg,850,1,0.0000,0.5645,0.0833,0.4167,0.5167
671_jpg.rf.b1fa1fec1b77b4fdf1c796426df80ea0.jpg,851,1,0.0000,0.6612,0.0000,0.2500,0.5000
672_jpg.rf.8ecd812a8461e81c52f7e94dfb607670.jpg,852,1,0.0000,0.6934,0.0833,0.4167,0.5167
673_jpg.rf.e2abadefc5acbbb062831abeddbf76ff.jpg,853,1,0.0000,0.6934,0.0833,0.0833,0.5167
674_jpg.rf.a3927d8a06980b2c730e5d514aeffc84.jpg,854,1,0.0000,0.6612,0.0833,0.5000,0.5167
677_jpg.rf.242a1096d09ce1e823dde62ae0f18652.jpg,855,1,0.0000,0.6934,0.3333,0.3333,0.5667
678_jpg.rf.ba7b9a7e4e2528284c2a2dccac6ca436.jpg,856,1,0.0000,0.6934,0.0000,0.2500,0.5000
679_jpg.rf.6adb56b79428c17ceec69ae4db6542ad.jpg,857,1,0.0000,0.6612,0.0833,0.3333,0.5167
67_jpg.rf.1c237d19fb708519e33deefcde95b005.jpg,858,1,0.0000,0.5845,0.3333,0.0000,0.5667
681_jpg.rf.5d6d98c252be6a738e5792c843e776db.jpg,859,1,0.0000,0.6934,0.1667,0.0000,0.5333
683_jpg.rf.6db2308881f5702b0ad031702c25b1c6.jpg,860,1,0.0000,0.6290,0.1667,0.3333,0.5333
684_jpg.rf.68d5a5ba9248749d2d7f28317e7ee583.jpg,861,1,0.0000,0.6612,0.4167,0.1667,0.5833
685_jpg.rf.9f57909ab80282a3cdb52a8b01aef1be.jpg,862,1,0.0000,0.6290,0.5833,0.3333,0.6167
686_jpg.rf.d80afae03f70e2c57a09522b9bc1a9ab.jpg,863,1,0.0000,0.6934,0.2500,0.2500,0.5500
687_jpg.rf.1d04bc85cc913df04b15b7adaf9c10b5.jpg,864,1,0.0000,0.6934,0.1667,0.1667,0.5333
688_jpg.rf.876ed636fff6df4ad481d57eb3fc642c.jpg,865,1,0.0000,0.6290,0.1667,0.3333,0.5333
689_jpg.rf.7ec5a2065c83ebf2ce1d3d27a2f920cb.jpg,866,1,0.0000,0.6612,0.0833,0.1667,0.5167
68_jpg.rf.7b30bdfead93bc8a0cec71d482b3fea7.jpg,867,1,0.0000,0.6290,0.0833,0.0000,0.5167
690_jpg.rf.aafaf1a322d37fcf1a68f652d095d747.jpg,868,1,0.0000,0.6934,0.3333,0.3333,0.5667
692_jpg.rf.7436c43afe6d51833e0330bc3e74ccd4.jpg,869,1,0.0000,0.6612,0.0833,0.4167,0.5167
694_jpg.rf.b3e7a15100fd264604692a5f1852984d.jpg,870,1,0.0000,0.6612,0.3333,0.1667,0.5667
695_jpg.rf.dbc783d464387c2328c04ca12ee75277.jpg,871,1,0.0000,0.6934,0.0000,0.3333,0.5000
697_jpg.rf.34e5548e75b184d5051b2b918a3ccf99.jpg,872,1,0.0000,0.6934,0.1667,0.4167,0.5333
698_jpg.rf.2e2e2bda5082811d1bb46ece9a2b0cf1.jpg,873,1,0.0000,0.6691,0.0000,0.7273,0.5000
699_jpg.rf.6bd045ee162229bdcb1c2f98cafe4884.jpg,874,1,0.0000,0.6934,0.0833,0.2500,0.5167
6_jpg.rf.a343d0107b45f689fb259cc0e4fe74a4.jpg,875,1,0.0000,0.5645,0.4167,0.0833,0.5833
700_jpg.rf.9e9d1077d3994a04326f904d2c3a70e2.jpg,876,1,0.0000,0.6612,0.5000,0.3333,0.6000
703_jpg.rf.9e4e5656dcc07ee5f332911acfa586d4.jpg,877,1,0.0000,0.6934,0.0000,0.1667,0.5000
704_jpg.rf.cf864943e94f43ade3aa97517dc739f3.jpg,878,1,0.0000,0.6934,0.1667,0.0833,0.5333
706_jpg.rf.53de1b5bcba7ebb398a38c96b3065ae6.jpg,879,1,0.0000,0.6934,0.1667,0.1667,0.5333
707_jpg.rf.12471ec51519e6b4acd7b88ad6b87234.jpg,880,1,0.0000,0.6612,0.0833,0.1667,0.5167
708_jpg.rf.9b462366d47ebb640e6755aec54e21ac.jpg,881,1,0.0000,0.6934,0.1667,0.2500,0.5333
710_jpg.rf.4c1a69c25428a4abc46f02deb12de4a5.jpg,882,1,0.0000,0.6612,0.1667,0.3333,0.5333
711_jpg.rf.31d0c5f9910000c16026ffd2ae9362e5.jpg,883,1,0.0000,0.6934,0.3333,0.0000,0.5667
712_jpg.rf.795298bfc1a36c218ac0d5cdfc6a59e1.jpg,884,1,0.0000,0.6934,0.3333,0.1667,0.5667
714_jpg.rf.a31af5989a5a7e1d500a0058d7dee10c.jpg,885,1,0.0000,0.6934,0.1667,0.3333,0.5333
715_jpg.rf.1727cae3421f11d27e252331e33ddc14.jpg,886,1,0.0000,0.6934,0.0000,0.0000,0.5000
716_jpg.rf.f632244f1411a4bd725c94a0e4461e2d.jpg,887,1,0.0000,0.6934,0.0000,0.2500,0.5000
718_jpg.rf.91b9956811978f2f212d310743026e36.jpg,888,1,0.0000,0.6934,0.4167,0.2500,0.5833
719_jpg.rf.e6a74440923b447229e4c1db92e6ce3f.jpg,889,1,0.0000,0.6612,0.0833,0.1667,0.5167
71_jpg.rf.1bcf85918526c3a326571df544a364b9.jpg,890,1,0.0000,0.5967,0.0000,0.0000,0.5000
720_jpg.rf.1f6939693288769d844311e282bbcb38.jpg,891,1,0.0000,0.6934,0.1667,0.0833,0.5333
721_jpg.rf.b22692f24f5efed9115d150547556999.jpg,892,1,0.0000,0.6934,0.2500,0.1667,0.5500
722_jpg.rf.8a29aeaa9820675f263e5b488e67f6a0.jpg,893,1,0.0000,0.6612,0.2500,0.2500,0.5500
723_jpg.rf.2b191a8a7a3098a19ca457cafbbfc947.jpg,894,1,0.0000,0.6612,0.3333,0.1667,0.5667
724_jpg.rf.4c5b6178169b8c24b5bf265c3f740358.jpg,895,1,0.0000,0.6934,0.0833,0.4167,0.5167
725_jpg.rf.f687213597997dedafc840b99a7cb6e4.jpg,896,1,0.0000,0.6934,0.1667,0.1667,0.5333
726_jpg.rf.9d76956db56f669a467eee86320cd7bd.jpg,897,1,0.0000,0.6934,0.0833,0.2500,0.5167
727_jpg.rf.faf0d4563209c85f0f91cc46c4684032.jpg,898,1,0.0000,0.6934,0.5000,0.0833,0.6000
728_jpg.rf.0c7c28dca25f52f00a4dd322443087b6.jpg,899,1,0.0000,0.6934,0.1667,0.1667,0.5333
72_jpg.rf.3bdb952c1c0072398711bf140eb38e58.jpg,900,1,0.0000,0.5523,0.1667,0.1667,0.5333
730_jpg.rf.fe982a08b7be4fe92abd7e3c11b5863e.jpg,901,1,0.0000,0.6934,0.0000,0.3333,0.5000
731_jpg.rf.ab2ad8ea54124ea3d1c35b0d339ecfcc.jpg,902,1,0.0000,0.6290,0.5000,0.2500,0.6000
732_jpg.rf.7dcc14f4dd37001f90dc67a1099082c0.jpg,903,1,0.0000,0.6934,0.1667,0.1667,0.5333
733_jpg.rf.2cded875956cdb422ae1593e44709b58.jpg,904,1,0.0000,0.6612,0.4167,0.3333,0.5833
734_jpg.rf.6362b6c4e581f72be4dc7c3d07ceaf6c.jpg,905,1,0.0000,0.6290,0.0833,0.2500,0.5167
735_jpg.rf.714d58179fc9230b1b652ae049bf8f02.jpg,906,1,0.0000,0.6934,0.0833,0.3333,0.5167
736_jpg.rf.68f436c490a043f8f066e182fcb8822b.jpg,907,1,0.0000,0.6934,0.3333,0.2500,0.5667
737_jpg.rf.ab3e7a37de1c8ffb624920946ff37d37.jpg,908,1,0.0000,0.6934,0.0000,0.2500,0.5000
738_jpg.rf.cea3e853b59c033ce487589304bf3691.jpg,909,1,0.0000,0.6934,0.2500,0.3333,0.5500
739_jpg.rf.14d0f537f63da05ed0ffa4a38c9ef1ef.jpg,910,1,0.0000,0.6612,0.3333,0.4167,0.5667
740_jpg.rf.264da5c73e250f196b30540c18aaf9b0.jpg,911,1,0.0000,0.6340,0.1818,0.2727,0.5364
741_jpg.rf.cbb23800355f1f32e3b0affcf7a7cc0c.jpg,912,1,0.0000,0.6425,0.0000,0.1000,0.5000
742_jpg.rf.47500450e0f06e1b7cc688bca7fe1b8c.jpg,913,1,0.0000,0.6934,0.4167,0.0833,0.5833
744_jpg.rf.d93714d2c15f0b19eb39ffda972782ac.jpg,914,1,0.0000,0.6934,0.2500,0.2500,0.5500
746_jpg.rf.957e67a5639abd32f67f9e7c4fb23a03.jpg,915,1,0.0000,0.6934,0.0000,0.4167,0.5000
747_jpg.rf.3a6345a25e1f322870892d3f254a1ffc.jpg,916,1,0.0000,0.6612,0.4167,0.2500,0.5833
748_jpg.rf.c45b085d4ff0fa1171ea3d9e34f6df31.jpg,917,1,0.0000,0.6934,0.4167,0.0000,0.5833
749_jpg.rf.5430bbaaa930c44623852b71e3542111.jpg,918,1,0.0000,0.6612,0.2500,0.4167,0.5500
74_jpg.rf.dc4137795ba5c82a6469a0e01df628a6.jpg,919,1,0.0000,0.6290,0.0000,0.0833,0.5000
751_jpg.rf.750ded3a9b73ad8bc981d8ed2526a79a.jpg,920,1,0.0000,0.6934,0.1667,0.1667,0.5333
752_jpg.rf.95825a49e315f1f8b4a1bba6858a2332.jpg,921,1,0.0000,0.6934,0.0000,0.0833,0.5000
753_jpg.rf.8994fd72bf510ac1d525af8386aaffef.jpg,922,1,0.0000,0.6934,0.0833,0.2500,0.5167
754_jpg.rf.b184d70574a2f8e2c0eb06c8b6569a59.jpg,923,1,0.0000,0.6691,0.1818,0.2727,0.5364
755_jpg.rf.d1b69ce75663e25663e47b756af81fad.jpg,924,1,0.0000,0.6691,0.1818,0.2727,0.5364
756_jpg.rf.b06eb23f13e7ae4d19fb791c326f4c1b.jpg,925,1,0.0000,0.6934,0.2500,0.5000,0.5500
757_jpg.rf.f858a6f808e24aabdb43060b0f89a262.jpg,926,1,0.0000,0.6612,0.4167,0.4167,0.5833
758_jpg.rf.1c54f603edf7c498e3ddc2acdb815796.jpg,927,1,0.0000,0.6612,0.0000,0.5000,0.5000
759_jpg.rf.0ab4c155c65d407ebb2f6892bf4e6f7f.jpg,928,1,0.0000,0.6612,0.1667,0.5000,0.5333
75_jpg.rf.ae603223cfc9034824ef85a4e70338b2.jpg,929,1,0.0000,0.6290,0.0000,0.1667,0.5000
760_jpg.rf.e0738fdd445ed6cb9f1874626b61dcf7.jpg,930,1,0.0000,0.6612,0.1667,0.2500,0.5333
762_jpg.rf.57989c15ba4b0d69e89e9f6208348dd3.jpg,931,1,0.0000,0.6612,0.2500,0.2500,0.5500
763_jpg.rf.dd98931ae09b59ae2ecdd2ad1a0b2b48.jpg,932,1,0.0000,0.6612,0.1667,0.2500,0.5333
765_jpg.rf.e3d370c46a01698cd1578ea21eb8f2c5.jpg,933,1,0.0000,0.6934,0.0833,0.3333,0.5167
766_jpg.rf.5d6188434097a1ece41cace67559592b.jpg,934,1,0.0000,0.6612,0.3333,0.3333,0.5667
767_jpg.rf.a87951cb8c8cdeef581e4ac00f781ade.jpg,935,1,0.0000,0.6612,0.2500,0.2500,0.5500
768_jpg.rf.1ae561b786a8ca5594a88633f75d6d9b.jpg,936,1,0.0000,0.6691,0.0000,0.2727,0.5000
76_jpg.rf.6302e5a9154aa4adc01cfd0e0fa3406d.jpg,937,1,0.0000,0.6168,0.0833,0.0833,0.5167
771_jpg.rf.3fecbd20f05a8ea09ec21953e5c8ad5f.jpg,938,1,0.0000,0.6934,0.1667,0.4167,0.5333
772_jpg.rf.dccb4bb2a565975dfb3c56049bde1e4c.jpg,939,1,0.0000,0.6934,0.0000,0.1667,0.5000
774_jpg.rf.80aa596bfe776e30985326ef7c76316a.jpg,940,1,0.0000,0.6290,0.3333,0.1667,0.5667
775_jpg.rf.62beb586dfc559d1ea54bdb4cb39c255.jpg,941,1,0.0000,0.6934,0.5833,0.0000,0.6167
777_jpg.rf.1a0506ae3f18d79bdba65ea619489d88.jpg,942,1,0.0000,0.6612,0.3333,0.0833,0.5667
77_jpg.rf.0eac1b9b7b4ef43ed9d10a0a1e749dc6.jpg,943,1,0.0000,0.5967,0.0000,0.0833,0.5000
780_jpg.rf.2619b085173fba6d1650bfd1dfc5e3aa.jpg,944,1,0.0000,0.6612,0.1667,0.2500,0.5333
781_jpg.rf.db66d290d61401c3d05a005313ca424f.jpg,945,1,0.0000,0.6290,0.4167,0.0833,0.5833
782_jpg.rf.bb24c662898e39032f6224e23b342040.jpg,946,1,0.0000,0.5988,0.0909,0.2727,0.5182
783_jpg.rf.029e16daab9ff3f11767a65a6a109304.jpg,947,1,0.0000,0.6340,0.1818,0.0000,0.5364
784_jpg.rf.b84862cb9ffdda809f3e43d5bab1a9a2.jpg,948,1,0.0000,0.6290,0.2500,0.0833,0.5500
786_jpg.rf.7296f8140a0b5cf9514134182ab5effd.jpg,949,1,0.0000,0.6612,0.1667,0.2500,0.5333
789_jpg.rf.55db7f51a5271cbc8fa74a92f13685ed.jpg,950,1,0.0000,0.6612,0.1667,0.0000,0.5333
78_jpg.rf.c53814f80eeb51d9485c6105e9aead9f.jpg,951,1,0.0000,0.6290,0.0000,0.0000,0.5000
790_jpg.rf.be8110e6d678dd3455c6c550bfff68d9.jpg,952,1,0.0000,0.6612,0.4167,0.2500,0.5833
791_jpg.rf.1151540c30881df41a3c38684da16280.jpg,953,1,0.0000,0.6612,0.4167,0.0833,0.5833
792_jpg.rf.1bd41eba67e1d6bc43d8ab99482b07c8.jpg,954,1,0.0000,0.6934,0.4167,0.0000,0.5833
793_jpg.rf.cacb5f6083b09eccfa09df68241e0309.jpg,955,1,0.0000,0.6612,0.0000,0.0000,0.5000
794_jpg.rf.3a6d4a1c5466302f4f2e4883f14a7d0e.jpg,956,1,0.0000,0.6934,0.2500,0.3333,0.5500
795_jpg.rf.02f0618f0633e65389ffcfdba22016c2.jpg,957,1,0.0000,0.6612,0.0833,0.0833,0.5167
798_jpg.rf.9661e519f7280a0c6e61b2e4cd414554.jpg,958,1,0.0000,0.6934,0.4167,0.0000,0.5833
799_jpg.rf.3e3d1c64919f88e18a1885f29de4e5d1.jpg,959,1,0.0000,0.6612,0.3333,0.2500,0.5667
7_jpg.rf.33e1584ba58198b3e211e2269fc4473e.jpg,960,1,0.0000,0.5645,0.4167,0.0833,0.5833
800_jpg.rf.7f90a267094f8336e993578c058f3de9.jpg,961,1,0.0000,0.6934,0.2500,0.2500,0.5500
801_jpg.rf.645adbda5553e9d072cc292be0e32d03.jpg,962,1,0.0000,0.6934,0.1667,0.0833,0.5333
803_jpg.rf.33133b68c7dae9259afa3ff6aff4abbe.jpg,963,1,0.0000,0.6934,0.0833,0.3333,0.5167
805_jpg.rf.314f52a77f7c2c6fce954165cf97ca3a.jpg,964,1,0.0000,0.6934,0.4167,0.3333,0.5833
806_jpg.rf.ef9c1579870f32886c0e7e9529f2141c.jpg,965,1,0.0000,0.6691,0.0909,0.1818,0.5182
807_jpg.rf.8bda429da524a513b11ceb162e490532.jpg,966,1,0.0000,0.6934,0.0000,0.2500,0.5000
808_jpg.rf.ff8c9dfddbefc7402354f800fd0f6593.jpg,967,1,0.0000,0.6612,0.2500,0.5000,0.5500
809_jpg.rf.cf667c51560c6aaf8d7574ff9fb788fa.jpg,968,1,0.0000,0.6934,0.2500,0.2500,0.5500
80_jpg.rf.ee1a857fb2df81d014d8dd05dadc9d69.jpg,969,1,0.0000,0.6290,0.0833,0.4167,0.5167
811_jpg.rf.ca151112aa37c21643486a9652114452.jpg,970,1,0.0000,0.6934,0.0833,0.3333,0.5167
812_jpg.rf.6ae97100338eea0c1d7cb5e3c390c06a.jpg,971,1,0.0000,0.6340,0.0000,0.4545,0.5000
813_jpg.rf.174d54cd4dbe79c9031e3e7f9f6ff909.jpg,972,1,0.0000,0.6934,0.1667,0.1667,0.5333
814_jpg.rf.4ed3c1630b0e2cdeb7cd7608a9503108.jpg,973,1,0.0000,0.6934,0.5833,0.2500,0.6167
815_jpg.rf.69b9d96d7c57c73e5fafb5275ddf7448.jpg,974,1,0.0000,0.6934,0.0000,0.3333,0.5000
817_jpg.rf.d51c4bdc914d5837d44a4dbc646170f3.jpg,975,1,0.0000,0.6934,0.0000,0.2500,0.5000
818_jpg.rf.3dc63e875f779c83356fcc2b6b596d43.jpg,976,1,0.0000,0.6612,0.2500,0.2500,0.5500
819_jpg.rf.e05e2ededd235755d8fe329ba784348a.jpg,977,1,0.0000,0.6934,0.2500,0.2500,0.5500
81_jpg.rf.6ca92ce6b81f02abee168f9d81338105.jpg,978,1,0.0000,0.6290,0.0000,0.4167,0.5000
821_jpg.rf.f977cc8d952f39d5d2e409e2082587f7.jpg,979,1,0.0000,0.6612,0.0833,0.0000,0.5167
823_jpg.rf.ee98fd9327c97af0052f875e594ef14f.jpg,980,1,0.0000,0.6934,0.0833,0.5000,0.5167
828_jpg.rf.416322c81ab6083dacd7b699201d5dc5.jpg,981,1,0.0000,0.6290,0.4167,0.4167,0.5833
830_jpg.rf.1194953dad4eba397195455fe638cc77.jpg,982,1,0.0000,0.6934,0.0000,0.4167,0.5000
831_jpg.rf.5bc3986c2312bddab9f0cf5e6eda33a9.jpg,983,1,0.0000,0.6934,0.1667,0.3333,0.5333
832_jpg.rf.759492dd5b732046a6740afd3f1d136a.jpg,984,1,0.0000,0.6612,0.2500,0.0833,0.5500
836_jpg.rf.4c1918f6e8820630f1154f066a0f6d5b.jpg,985,1,0.0000,0.6290,0.5833,0.2500,0.6167
837_jpg.rf.0ba2f97908cf6f3ede8800ae3450068f.jpg,986,1,0.0000,0.6612,0.3333,0.3333,0.5667
838_jpg.rf.4076cc1ab47f2d8089802f7f4c99b946.jpg,987,1,0.0000,0.6934,0.2500,0.1667,0.5500
839_jpg.rf.96bffecdcd0bb7f54999b4f2d3ed56ce.jpg,988,1,0.0000,0.6934,0.0833,0.3333,0.5167
83_jpg.rf.fd1a3a18c1bb8333f94c432d8e1c37c0.jpg,989,1,0.0000,0.5322,0.0000,0.3333,0.5000
840_jpg.rf.5a47e0669f653e010d52581400279995.jpg,990,1,0.0000,0.6934,0.0833,0.1667,0.5167
843_jpg.rf.1bc900d25c5f609a8a605ec72fc0d1a2.jpg,991,1,0.0000,0.6934,0.1667,0.0000,0.5333
844_jpg.rf.52f8c88a3b8244e5ab958bfb1fc05cd7.jpg,992,1,0.0000,0.6612,0.3333,0.2500,0.5667
848_jpg.rf.5a63f6ac50e66741cd30ab3457daea9d.jpg,993,1,0.0000,0.6612,0.5000,0.1667,0.6000
849_jpg.rf.dff3be21a7f4d74a617afd86d6903b86.jpg,994,1,0.0000,0.6934,0.0833,0.3333,0.5167
850_jpg.rf.f1146635c2c7185ea975bd6b8e018745.jpg,995,1,0.0000,0.6934,0.1667,0.2500,0.5333
851_jpg.rf.e8ece6e5f832ccf19fea6a83b008dbd6.jpg,996,1,0.0000,0.6934,0.2500,0.3333,0.5500
852_jpg.rf.dd085b2184e452e6a708df5550447036.jpg,997,1,0.0000,0.6934,0.5000,0.4167,0.6000
853_jpg.rf.8f1564715f0f7909a967584d78015ddc.jpg,998,1,0.0000,0.6934,0.5833,0.3333,0.6167
857_jpg.rf.6cdf47f86ec9df60c830e0903f71b519.jpg,999,1,0.0000,0.6934,0.1667,0.2500,0.5333
858_jpg.rf.247e119aa822a76ef1347d2919e9590a.jpg,1000,1,0.0000,0.6934,0.0833,0.2500,0.5167
859_jpg.rf.8c51d8ecfb3478c0fd80b53ebb8b24ab.jpg,1001,1,0.0000,0.6290,0.0833,0.0000,0.5167
85_jpg.rf.c4cc6422d3c5ac8380ed01e008093762.jpg,1002,1,0.0000,0.6340,0.0000,0.0909,0.5000
860_jpg.rf.81d6862922a905d7f71580d4940326ed.jpg,1003,1,0.0000,0.6934,0.4167,0.1667,0.5833
861_jpg.rf.a69e14699d05175434369e57ce543452.jpg,1004,1,0.0000,0.6612,0.3333,0.2500,0.5667
862_jpg.rf.d80ab851308ed0b0801aa3065718c2a0.jpg,1005,1,0.0000,0.6934,0.3333,0.0833,0.5667
863_jpg.rf.bc8a90cdd9c0a9fb53e77507fe430cf4.jpg,1006,1,0.0000,0.6934,0.0833,0.3333,0.5167
864_jpg.rf.860f5eada7df90f5e581fe17b160765a.jpg,1007,1,0.0000,0.6934,0.3333,0.8333,0.5667
865_jpg.rf.a19f42520d2d309676b84bb261033440.jpg,1008,1,0.0000,0.6290,0.4167,0.5833,0.5833
866_jpg.rf.a10fc38e52260e4b86f75ea7d44d89d2.jpg,1009,1,0.0000,0.6612,0.3333,0.5833,0.5667
867_jpg.rf.c7988d6edebf8ee05e93e5fc83f243f0.jpg,1010,1,0.0000,0.6612,0.3333,0.4167,0.5667
869_jpg.rf.b9e2aa96597e4322b143076291c565ea.jpg,1011,1,0.0000,0.6934,0.4167,0.4167,0.5833
86_jpg.rf.b601fd182baaa41de66f07500e7ac178.jpg,1012,1,0.0000,0.6934,0.0000,0.0833,0.5000
870_jpg.rf.471381b6cb7758473a30639ba2be3361.jpg,1013,1,0.0000,0.6612,0.2500,0.2500,0.5500
871_jpg.rf.7fcef16e696b29816619cbb67c4c8d96.jpg,1014,1,0.0000,0.6612,0.5000,0.3333,0.6000
872_jpg.rf.dde3ce85a717c3a25c61d9382e2cd2cf.jpg,1015,1,0.0000,0.6691,0.0000,0.3636,0.5000
873_jpg.rf.65ef24cac995f7b89d65901b7e4b93e5.jpg,1016,1,0.0000,0.6934,0.3333,0.4167,0.5667
874_jpg.rf.9dca14d5882694f344446266455f4b65.jpg,1017,1,0.0000,0.6290,0.5000,0.1667,0.6000
875_jpg.rf.7be1f2a32f8742d9f5fa4742a5e4dea1.jpg,1018,1,0.0000,0.6934,0.1667,0.5000,0.5333
876_jpg.rf.87e5451aa56524caaf9231c2e75e48de.jpg,1019,1,0.0000,0.6612,0.0000,0.5833,0.5000
877_jpg.rf.01ae2a8c0c27b6c03e3d4ca64d8052d8.jpg,1020,1,0.0000,0.6612,0.0000,0.1667,0.5000
878_jpg.rf.42b133686992bee9bd1f402721483511.jpg,1021,1,0.0000,0.6612,0.0833,0.1667,0.5167
879_jpg.rf.29995f17c06af4278a11396ab3e50ee5.jpg,1022,1,0.0000,0.6612,0.2500,0.2500,0.5500
87_jpg.rf.a434b90667a27ab6a1ad53175d2e7dab.jpg,1023,1,0.0000,0.6290,0.0000,0.1667,0.5000
880_jpg.rf.88ee89c9a38b40f07a2b26715d9b1e6f.jpg,1024,1,0.0000,0.6612,0.3333,0.0000,0.5667
881_jpg.rf.11e7b4f3be2ad15b5ad0d9a4071a204c.jpg,1025,1,0.0000,0.6290,0.4167,0.2500,0.5833
882_jpg.rf.a437d9843eb9e831d6c562de4d6c0d9f.jpg,1026,1,0.0000,0.6612,0.5000,0.0833,0.6000
883_jpg.rf.0aa6e97bd260c8366a231528a83b66ed.jpg,1027,1,0.0000,0.6934,0.4167,0.2500,0.5833
884_jpg.rf.5e2781ed9bdbc9b5b667574d5166aaa1.jpg,1028,1,0.0000,0.6934,0.1667,0.2500,0.5333
886_jpg.rf.8ccb6813cc27a99c5d9ff7305e8d36ed.jpg,1029,1,0.0000,0.6934,0.1667,0.5833,0.5333
887_jpg.rf.a7d0cbaaa2459624271c5237c8bcc258.jpg,1030,1,0.0000,0.6934,0.1667,0.2500,0.5333
888_jpg.rf.fe01062bda99ee3817fdb1cb59a58869.jpg,1031,1,0.0000,0.6934,0.0833,0.1667,0.5167
889_jpg.rf.ccc24c74cb567c5fc4178961b77281d7.jpg,1032,1,0.0000,0.6612,0.1667,0.1667,0.5333
890_jpg.rf.f29ba1d185694b1d1d583475b6ac9a06.jpg,1033,1,0.0000,0.6934,0.0833,0.3333,0.5167
891_jpg.rf.89d256a9e7112b40961833cd846e59fd.jpg,1034,1,0.0000,0.6934,0.2500,0.3333,0.5500
892_jpg.rf.fb71147d69f88067c5921d42e4fa2650.jpg,1035,1,0.0000,0.6934,0.3333,0.2500,0.5667
894_jpg.rf.8a8c3b9148a66ca8dbd4aafbd503427f.jpg,1036,1,0.0000,0.6612,0.2500,0.0833,0.5500
895_jpg.rf.0f4047c0bb1423cb0286e800a03b62e7.jpg,1037,1,0.0000,0.6934,0.2500,0.3333,0.5500
896_jpg.rf.127afc974aff9560773672302410e855.jpg,1038,1,0.0000,0.6934,0.5000,0.2500,0.6000
897_jpg.rf.7ddc03ec14a8a842ae21af0d29a2e439.jpg,1039,1,0.0000,0.6934,0.1667,0.1667,0.5333
898_jpg.rf.ca9b22e0642e264bb0a794dc251ed703.jpg,1040,1,0.0000,0.6934,0.1667,0.2500,0.5333
899_jpg.rf.c0bfbff2876f812f1f4b5dd82d0aa766.jpg,1041,1,0.0000,0.6934,0.2500,0.1667,0.5500
89_jpg.rf.44f16e735992ba8c096239034f229645.jpg,1042,1,0.0000,0.6934,0.0000,0.0000,0.5000
8_jpg.rf.839a518376805e48f785f3f256a74a5b.jpg,1043,1,0.0000,0.5523,0.1667,0.1667,0.5333
9,1044,1,0.0000,0.6934,0.1667,0.5000,0.5333
900_jpg.rf.5ea72fac7fb197e008245f48d3554b8f.jpg,1045,1,0.0000,0.6612,0.4167,0.1667,0.5833
901_jpg.rf.9b979abae8ec03a3a4bb40332822936b.jpg,1046,1,0.0000,0.6934,0.3333,0.5000,0.5667
902_jpg.rf.244d4417c1aad35229a0091d5e82f2db.jpg,1047,1,0.0000,0.6612,0.4167,0.0833,0.5833
903_jpg.rf.6608d663e7160870bd59f768423b2d04.jpg,1048,1,0.0000,0.6934,0.1667,0.4167,0.5333
904_jpg.rf.c94712c3d2762db0edc71637727a99bb.jpg,1049,1,0.0000,0.6612,0.2500,0.4167,0.5500
906_jpg.rf.18a7a11a06bd26de108159d30556be38.jpg,1050,1,0.0000,0.6934,0.4167,0.3333,0.5833
908_jpg.rf.db3dab2df68657bab6c27f712092c888.jpg,1051,1,0.0000,0.6934,0.0833,0.3333,0.5167
909_jpg.rf.fd9fe3c0a854839692ebc494a6f1b24b.jpg,1052,1,0.0000,0.6934,0.0833,0.2500,0.5167
90_jpg.rf.01f20f46a871b478ef68f5e260c3fd98.jpg,1053,1,0.0000,0.6340,0.1818,0.0909,0.5364
910_jpg.rf.f12a5c75dbd2306b68f3d64e8f86b626.jpg,1054,1,0.0000,0.6934,0.0833,0.4167,0.5167
911_jpg.rf.94b26961facf1dab71490c3b9f33bdd4.jpg,1055,1,0.0000,0.6612,0.5000,0.2500,0.6000
912_jpg.rf.2a87a3619f36751c091cdd3438abf28c.jpg,1056,1,0.0000,0.6934,0.4167,0.2500,0.5833
913_jpg.rf.ce2c9f61776d3b1b947f3e806862d779.jpg,1057,1,0.0000,0.6934,0.2500,0.0833,0.5500
914_jpg.rf.8b378e766ea6caf46080aade65cd9f59.jpg,1058,1,0.0000,0.6612,0.2500,0.2500,0.5500
916_jpg.rf.b57c1980a1ef8f8a19c30b9ba2b7396c.jpg,1059,1,0.0000,0.6934,0.3333,0.3333,0.5667
919_jpg.rf.bf350b753b960a99b50a1c0164be3de3.jpg,1060,1,0.0000,0.6612,0.0000,0.4167,0.5000
920_jpg.rf.0add339bc66eaabc3368408d28209d3e.jpg,1061,1,0.0000,0.6934,0.4167,0.3333,0.5833
921_jpg.rf.a15f91e0a52cf3feb30eea602a3631c7.jpg,1062,1,0.0000,0.6934,0.2500,0.3333,0.5500
922_jpg.rf.0a540c848a27028401ffc2339ae308c7.jpg,1063,1,0.0000,0.6934,0.2500,0.3333,0.5500
923_jpg.rf.4dca5a64560e20b2465905e2adc7ead7.jpg,1064,1,0.0000,0.6691,0.0909,0.2727,0.5182
924_jpg.rf.1f83d20c4875eb4abbba979cd09e063f.jpg,1065,1,0.0000,0.6934,0.4167,0.5000,0.5833
925_jpg.rf.f57be3eb7a12ad17e04e893b8706fc7a.jpg,1066,1,0.0000,0.6612,0.5000,0.3333,0.6000
926_jpg.rf.bc917f4b51cfd51288c586011e20b098.jpg,1067,1,0.0000,0.6934,0.3333,0.3333,0.5667
927_jpg.rf.eb690ca7f5c07806813d6c8e826fc37c.jpg,1068,1,0.0000,0.6934,0.1667,0.3333,0.5333
928_jpg.rf.5cbe9c59fcae7d4485031bb56f16a510.jpg,1069,1,0.0000,0.6612,0.2500,0.5000,0.5500
92_jpg.rf.a9e0e3fda27a0714470e28e97dabd583.jpg,1070,1,0.0000,0.5652,0.2000,0.0000,0.5400
930_jpg.rf.bbbb36b028b6a1af3415bc14242e62fb.jpg,1071,1,0.0000,0.6612,0.5000,0.2500,0.6000
931_jpg.rf.7ac02f46febedc28401fa3f3269b63cb.jpg,1072,1,0.0000,0.6934,0.0833,0.4167,0.5167
932_jpg.rf.9035ec2ea42107fc6ef7ba052f4f5242.jpg,1073,1,0.0000,0.6612,0.2500,0.1667,0.5500
933_jpg.rf.152f5dc56c905237a45cf931865097c3.jpg,1074,1,0.0000,0.6934,0.0833,0.1667,0.5167
934_jpg.rf.f4f6202f47100b1d725797ba9871645d.jpg,1075,1,0.0000,0.6612,0.4167,0.5000,0.5833
935_jpg.rf.84cc77b1bdf071a7f1270305ff983a6c.jpg,1076,1,0.0000,0.6934,0.0000,0.2500,0.5000
937_jpg.rf.bde0f98ba90e852d59368292e85e8202.jpg,1077,1,0.0000,0.6934,0.5000,0.0833,0.6000
938_jpg.rf.c77f35ef29394b801e77f1c1f87af967.jpg,1078,1,0.0000,0.6934,0.2500,0.3333,0.5500
939_jpg.rf.0f15d830e1fcf1a0e4168a0c47b6c4a3.jpg,1079,1,0.0000,0.6934,0.0000,0.2500,0.5000
93_jpg.rf.52068370bffc849a7e82439c68237cbe.jpg,1080,1,0.0000,0.6290,0.0000,0.0000,0.5000
940_jpg.rf.22fe713a165853b37f271dfe422e1a78.jpg,1081,1,0.0000,0.6934,0.3333,0.0833,0.5667
942_jpg.rf.7352dcb9dc2b293d6b214260861f8545.jpg,1082,1,0.0000,0.6934,0.2500,0.3333,0.5500
944_jpg.rf.bdf3c048c72d025208840d969b2f1828.jpg,1083,1,0.0000,0.6934,0.0833,0.0833,0.5167
945_jpg.rf.2e6606c05af13de6b93d966c74df19e1.jpg,1084,1,0.0000,0.6934,0.1667,0.0833,0.5333
946_jpg.rf.8b99ee20b3fb07ef43b14b2ffdb6849f.jpg,1085,1,0.0000,0.6934,0.3333,0.1667,0.5667
947_jpg.rf.b520052c1732e66421b1d1a488fc48ae.jpg,1086,1,0.0000,0.6934,0.1667,0.1667,0.5333
949_jpg.rf.6b59239f39a80dd2363a4f9a9fb0bafb.jpg,1087,1,0.0000,0.6934,0.0833,0.2500,0.5167
94_jpg.rf.ec81d48e62b4adcfeaa5235bc718f7fd.jpg,1088,1,0.0000,0.5967,0.0000,0.0000,0.5000
950_jpg.rf.73e337da5c13e125988cf500ea325df5.jpg,1089,1,0.0000,0.6934,0.5833,0.2500,0.6167
951_jpg.rf.c9c47758989ffe6883d457846e11c15d.jpg,1090,1,0.0000,0.6934,0.3333,0.0833,0.5667
952_jpg.rf.739519d2dcf3b9a9fb941dfde1aec82f.jpg,1091,1,0.0000,0.6934,0.0833,0.4167,0.5167
953_jpg.rf.21707d6fa9e09536ef864206fcea3c6b.jpg,1092,1,0.0000,0.6934,0.0000,0.5000,0.5000
955_jpg.rf.8f1277fd8c7aa7075c3f64ad35fd6c70.jpg,1093,1,0.0000,0.6934,0.3333,0.1667,0.5667
956_jpg.rf.8faae1e618deba9bff7f7a0cc24fbedf.jpg,1094,1,0.0000,0.6934,0.5000,0.0833,0.6000
957_jpg.rf.394f2a26ed85dabdce95d0c3f289cdd2.jpg,1095,1,0.0000,0.6612,0.1667,0.4167,0.5333
958_jpg.rf.123be50d106f5f4c666f37408f5ea4d6.jpg,1096,1,0.0000,0.6612,0.3333,0.3333,0.5667
959_jpg.rf.b117ef9855e158a85e34e3928b2187f0.jpg,1097,1,0.0000,0.6934,0.5833,0.2500,0.6167
95_jpg.rf.8c9128f359d12151ac66008515454ad8.jpg,1098,1,0.0000,0.6612,0.0000,0.1667,0.5000
960_jpg.rf.0aab527308787ddc862b2ca0bd787b7d.jpg,1099,1,0.0000,0.6612,0.0000,0.2500,0.5000
961_jpg.rf.ecf6d2f2e7e2e7875331aaba1b0d321b.jpg,1100,1,0.0000,0.6934,0.4167,0.0000,0.5833
962_jpg.rf.00e2c971a14fcd568ebbc7023a06abfe.jpg,1101,1,0.0000,0.6934,0.1667,0.2500,0.5333
964_jpg.rf.a8103bfedb302a1daa1dfd26f69d3171.jpg,1102,1,0.0000,0.6612,0.5833,0.2500,0.6167
965_jpg.rf.7d2353cffe1aaf723b967ce3b487d922.jpg,1103,1,0.0000,0.6612,0.4167,0.2500,0.5833
967_jpg.rf.67cf53b9476c8013566cd5776c3d5ee3.jpg,1104,1,0.0000,0.6691,0.2727,0.2727,0.5545
968_jpg.rf.e1128a740f5c57809e3e351179d7e94e.jpg,1105,1,0.0000,0.6934,0.5000,0.1667,0.6000
969_jpg.rf.93ad560b4bf92586630a69f597061fcc.jpg,1106,1,0.0000,0.6934,0.1667,0.7500,0.5333
96_jpg.rf.a920fd9d3d378399f3d0f8fe2aa94efe.jpg,1107,1,0.0000,0.6934,0.0000,0.3333,0.5000
971_jpg.rf.1925fb24056f0cc0fb1dfebf6e40675a.jpg,1108,1,0.0000,0.6934,0.3333,0.1667,0.5667
972_jpg.rf.62a011975f13b88b2e4bafadd0791d1c.jpg,1109,1,0.0000,0.6691,0.1818,0.3636,0.5364
974_jpg.rf.1eb4010fb8558cf98510cd2195d2a3ba.jpg,1110,1,0.0000,0.6612,0.0833,0.5833,0.5167
975_jpg.rf.2b7da07722083796f0d1280b7be6a347.jpg,1111,1,0.0000,0.6934,0.0833,0.3333,0.5167
977_jpg.rf.2f861aaf70b99022d50e22a11a7a0373.jpg,1112,1,0.0000,0.6612,0.5000,0.1667,0.6000
978_jpg.rf.74c6e3fc44dae7a2e807e044e88c6e1e.jpg,1113,1,0.0000,0.6934,0.1667,0.4167,0.5333
97_jpg.rf.63657255811ee741076b79108c2a0517.jpg,1114,1,0.0000,0.6290,0.0000,0.0833,0.5000
982_jpg.rf.69eb6e283c08cac4e7e6d88ca1e1190d.jpg,1115,1,0.0000,0.6612,0.3333,0.5833,0.5667
983_jpg.rf.e4175f0f91f2722f8f6d6c0870376d4f.jpg,1116,1,0.0000,0.6934,0.4167,0.3333,0.5833
984_jpg.rf.25346f717db426416c874be701a16d12.jpg,1117,1,0.0000,0.6612,0.5000,0.0833,0.6000
986_jpg.rf.76fed9f16f09b8a17a528246a990d9c4.jpg,1118,1,0.0000,0.6934,0.0000,0.2500,0.5000
987_jpg.rf.61ccdf290d1ee923c72daf7b98289da8.jpg,1119,1,0.0000,0.6612,0.4167,0.2500,0.5833
988_jpg.rf.88a2708fe3642fd252e5704fd9941de0.jpg,1120,1,0.0000,0.6612,0.4167,0.5833,0.5833
989_jpg.rf.19f8a2e9851bcfebffc79f38e04909af.jpg,1121,1,0.0000,0.6612,0.5833,0.4167,0.6167
98_jpg.rf.e86652ed7f75cea6d0960eb2484801c5.jpg,1122,1,0.0000,0.6612,0.0000,0.2500,0.5000
991_jpg.rf.82c91d5199492909be74d2699d0de698.jpg,1123,1,0.0000,0.6612,0.5000,0.2500,0.6000
992_jpg.rf.f2c8680aa88b96b890a997cfb785b28b.jpg,1124,1,0.0000,0.6934,0.6667,0.1667,0.6333
993_jpg.rf.8e9714a7b5a2158f7bfea51be8961936.jpg,1125,1,0.0000,0.6612,0.2500,0.5000,0.5500
994_jpg.rf.9643c185f8bd80ab9ca78e366e68bf94.jpg,1126,1,0.0000,0.6612,0.3333,0.2500,0.5667
995_jpg.rf.864f81620240bf7ba44abcd9efe27506.jpg,1127,1,0.0000,0.6612,0.4167,0.2500,0.5833
996_jpg.rf.85588da3404e7c4a2667859de1090b38.jpg,1128,1,0.0000,0.6934,0.3333,0.3333,0.5667
997_jpg.rf.24139ddbf1b7e47dccafd9b187dbcd10.jpg,1129,1,0.0000,0.6612,0.3333,0.1667,0.5667
998_jpg.rf.fc300908a4be72d61da68013b570c0d1.jpg,1130,1,0.0000,0.6691,0.0909,0.1818,0.5182
999_jpg.rf.61be8bf9adc6f1962a7945631af1ed62.jpg,1131,1,0.0000,0.6691,0.0909,0.2727,0.5182
99_jpg.rf.f1b3f36347d68c9b60c93e2bf75da23f.jpg,1132,1,0.0000,0.6290,0.0000,0.1667,0.5000
9_jpg.rf.e1409f023083df0103d75f9a425343c5.jpg,1133,1,0.0000,0.5079,0.5000,0.0000,0.6000
100_jpg.rf.e2a93bc4aba6f82b8960ed1b0fe838b0.jpg,1134,1,0.0000,0.6612,0.0833,0.0000,0.5167
1010_jpg.rf.4c69ec66e318312f72f4f9af2e01ebc6.jpg,1135,1,0.0000,0.6934,0.3333,0.4167,0.5667
102125-4-,1136,1,0.0000,0.6934,0.6667,0.2500,0.6333
1036_jpg.rf.e026b96cd21e36e2c39ff35a7824a43c.jpg,1137,1,0.0000,0.6934,0.5833,0.4167,0.6167
1038_jpg.rf.f72baaf2faf66e2948961c22ad60fa1f.jpg,1138,1,0.0000,0.6934,0.1667,0.3333,0.5333
1044_jpg.rf.d6028553a0aa1c7d8e4c0ab93f657dea.jpg,1139,1,0.0000,0.1934,0.0000,1.0000,0.5000
1059_jpg.rf.d0f353a22ac2a4b4ab039c93fd5e2d2d.jpg,1140,1,0.0000,0.3066,0.0000,1.0000,0.5000
1066_jpg.rf.d90835ca081b1c092a38bc5ea9f1de57.jpg,1141,1,0.0000,0.3066,0.0000,1.0000,0.5000
1076_jpg.rf.49bdac8153ce7aa78f0ed2c91f939352.jpg,1142,1,0.0000,0.3066,0.0000,1.0000,0.5000
1103_jpg.rf.bb12bab2c51e208db22e2dd89b3efd53.jpg,1143,1,0.0000,0.3869,0.0000,1.0000,0.5000
1109_jpg.rf.5bb0a7469e9ea4fea2c6a053265ae091.jpg,1144,1,0.0000,0.1934,0.0000,1.0000,0.5000
1122_jpg.rf.24d84f9cb72db228e72b1adb6862befc.jpg,1145,1,0.0000,0.3066,0.0000,1.0000,0.5000
1125_jpg.rf.62df1e5be2522a694c1b0b2492a576d2.jpg,1146,1,0.0000,0.4355,0.0000,1.0000,0.5000
1135_jpg.rf.3f0ad22031e3814b5fe193c2f848c374.jpg,1147,1,0.0000,0.1934,0.0000,1.0000,0.5000
114_jpg.rf.77db267c282b6241e7cbdf0d091b6d03.jpg,1148,1,0.0000,0.6612,0.0000,0.3333,0.5000
1152_jpg.rf.c5b533485c8e1ed1ea84a215f83d8787.jpg,1149,1,0.0000,0.3066,0.0000,1.0000,0.5000
1160_jpg.rf.119d831b7a7a12dd9e6b33b961ff9be1.jpg,1150,1,0.0000,0.1934,0.0000,1.0000,0.5000
1165_jpg.rf.bc31dde72934ed17090fd75c541e2201.jpg,1151,1,0.0000,0.3869,0.0000,1.0000,0.5000
1181_jpg.rf.b0edcaaf298c83ac843928dddc483deb.jpg,1152,1,0.0000,0.4491,0.0000,1.0000,0.5000
1193_jpg.rf.fb4ad2c721180185de772814b1bc2092.jpg,1153,1,0.0000,0.6612,0.2500,0.0000,0.5500
1195_jpg.rf.70a6c9c097a3448b1177bda3417e4aba.jpg,1154,1,0.0000,0.3066,0.0000,1.0000,0.5000
1197_jpg.rf.e252a03790221503712c1ac0b12d1f93.jpg,1155,1,0.0000,0.1934,0.0000,1.0000,0.5000
119_jpg.rf.076efbbce97990901d5aba65950d5fcc.jpg,1156,1,0.0000,0.6612,0.0000,0.2500,0.5000
120910-1-,1157,1,0.0000,0.6934,0.2500,0.4167,0.5500
120910-14-,1158,1,0.0000,0.6934,0.4167,0.1667,0.5833
120910-9-,1159,1,0.0000,0.6934,0.1667,0.5000,0.5333
1212_jpg.rf.7e5b44347cfcda1054a9bf0af491bdf0.jpg,1160,1,0.0000,0.0000,0.0000,1.0000,0.5000
1217_jpg.rf.c1644dc7c03ae261b081cdd494530a3e.jpg,1161,1,0.0000,0.1934,0.0000,1.0000,0.5000
121833-10-,1162,1,0.0000,0.7158,0.1538,0.3077,0.5308
121833-13-,1163,1,0.0000,0.6612,0.3333,0.0000,0.5667
121833-6-,1164,1,0.0000,0.6934,0.3333,0.2500,0.5667
121833-7-,1165,1,0.0000,0.6934,0.2500,0.2500,0.5500
121_jpg.rf.117d0a3dbac89c8f2c08d6ce4d94b427.jpg,1166,1,0.0000,0.6612,0.0833,0.2500,0.5167
122226-1-,1167,1,0.0000,0.6934,0.3333,0.3333,0.5667
122226-15-,1168,1,0.0000,0.6934,0.5833,0.3333,0.6167
122226-18-,1169,1,0.0000,0.6934,0.1667,0.1667,0.5333
122226-8-,1170,1,0.0000,0.6934,0.1667,0.5000,0.5333
1222262-1-,1171,1,0.0000,0.6934,0.1667,0.0833,0.5333
130453-13-,1172,1,0.0000,0.6612,0.2500,0.1667,0.5500
130453-4-,1173,1,0.0000,0.6612,0.2500,0.4167,0.5500
130453-9-,1174,1,0.0000,0.6612,0.4167,0.4167,0.5833
133713-6-,1175,1,0.0000,0.6934,0.4167,0.3333,0.5833
138_jpg.rf.238ece66b7f2cdaeb77e50bde66e0f82.jpg,1176,1,0.0000,0.6612,0.0833,0.1667,0.5167
144125-13-,1177,1,0.0000,0.6934,0.3333,0.3333,0.5667
144125-3-,1178,1,0.0000,0.6612,0.4167,0.1667,0.5833
145_jpg.rf.1c435e1b73a0b7364107e0d280690e49.jpg,1179,1,0.0000,0.5967,0.0000,0.0833,0.5000
160536-11-,1180,1,0.0000,0.6934,0.3333,0.0833,0.5667
160536-15-,1181,1,0.0000,0.6934,0.2500,0.1667,0.5500
160536-17-,1182,1,0.0000,0.6934,0.4167,0.0000,0.5833
164139-1-,1183,1,0.0000,0.6934,0.0833,0.1667,0.5167
164139-3-,1184,1,0.0000,0.6934,0.2500,0.4167,0.5500
164139-4-,1185,1,0.0000,0.6612,0.2500,0.1667,0.5500
166_jpg.rf.6eb62ddfb3cbf3409dfbadd29af893a7.jpg,1186,1,0.0000,0.6612,0.0000,0.0833,0.5000
170442-11-,1187,1,0.0000,0.6612,0.2500,0.0833,0.5500
170442-15-,1188,1,0.0000,0.6934,0.2500,0.1667,0.5500
170442-2-,1189,1,0.0000,0.6934,0.0000,0.2500,0.5000
170442-9-,1190,1,0.0000,0.6934,0.4167,0.0833,0.5833
180_jpg.rf.0123fa4d7f7a157f04af4d0c260ebd8a.jpg,1191,1,0.0000,0.6612,0.0000,0.3333,0.5000
184032-4-,1192,1,0.0000,0.6934,0.0833,0.1667,0.5167
184032-6-,1193,1,0.0000,0.6934,0.3333,0.0833,0.5667
200_jpg.rf.4505f02bc8fd4f0056599f0e7738ced1.jpg,1194,1,0.0000,0.6934,0.0000,0.0833,0.5000
213_jpg.rf.f3a9bac6b017993c094def4d6c19ecc7.jpg,1195,1,0.0000,0.5967,0.0000,0.2500,0.5000
219_jpg.rf.731edad6960cf45566ab290cf25e3bab.jpg,1196,1,0.0000,0.6691,0.0000,0.0000,0.5000
225_jpg.rf.9f24117af96a895aaefdb01507f960fb.jpg,1197,1,0.0000,0.6340,0.0909,0.0909,0.5182
234_jpg.rf.3a358fe0a3f50c34fcb793d2aba29d69.jpg,1198,1,0.0000,0.6612,0.3333,0.2500,0.5667
236_jpg.rf.941d41b7978341a2ce921e50362e4fa5.jpg,1199,1,0.0000,0.6290,0.0833,0.2500,0.5167
241_jpg.rf.67a016ae2d9cf5ee7fd66edce7fcb6c8.jpg,1200,1,0.0000,0.6290,0.0833,0.0833,0.5167
259_jpg.rf.97fc410da36f8ade57adc4be412fd311.jpg,1201,1,0.0000,0.5967,0.2500,0.0000,0.5500
265_jpg.rf.6db09e76a7e0ca9a38a1a944047d3ea9.jpg,1202,1,0.0000,0.6290,0.2500,0.0000,0.5500
272_jpg.rf.760d640ff92a3206ae2f29c483d8d986.jpg,1203,1,0.0000,0.6290,0.2500,0.0833,0.5500
283_jpg.rf.0ae944c1a907ce9861a1375e262a7cbe.jpg,1204,1,0.0000,0.6612,0.0000,0.0833,0.5000
301_jpg.rf.4fcdba67438dfade6c888708a4e4cb87.jpg,1205,1,0.0000,0.6290,0.1667,0.0833,0.5333
322_jpg.rf.eeb4b9a633732f04f728f94d6ca81fb0.jpg,1206,1,0.0000,0.5967,0.0000,0.0000,0.5000
403_jpg.rf.b37a19216a4d05fa1b3cff1ff8579d20.jpg,1207,1,0.0000,0.6934,0.0000,0.3333,0.5000
430_jpg.rf.e3aa03fd88a946253853267ea1e1e2da.jpg,1208,1,0.0000,0.6290,0.2500,0.1667,0.5500
437_jpg.rf.0c9acbc1b259013b09f6c1d65099d004.jpg,1209,1,0.0000,0.6340,0.1818,0.0909,0.5364
446_jpg.rf.aa9264f868541a5eaed277c0994055fd.jpg,1210,1,0.0000,0.5967,0.0833,0.3333,0.5167
44_jpg.rf.4be08aeb67c434bc335c09d4aeedc065.jpg,1211,1,0.0000,0.5988,0.0000,0.1818,0.5000
450_jpg.rf.6b20491f3f458c4f8ba96441c24666d3.jpg,1212,1,0.0000,0.6612,0.1667,0.0833,0.5333
451_jpg.rf.08fc95282e89fdf9ad00e359dbd70236.jpg,1213,1,0.0000,0.6290,0.5000,0.2500,0.6000
455_jpg.rf.5d6d8db412744d8ffb5fce1ecd05b3a3.jpg,1214,1,0.0000,0.6612,0.0000,0.3333,0.5000
468_jpg.rf.70ea0caffd2e095c02ddef4df684037e.jpg,1215,1,0.0000,0.6612,0.0000,0.3333,0.5000
477_jpg.rf.bc593fb99fb93994f9ef76392558d5bd.jpg,1216,1,0.0000,0.6934,0.0833,0.1667,0.5167
48_jpg.rf.2d20d620436aa3fd661206324cc94f8f.jpg,1217,1,0.0000,0.5152,0.1818,0.0000,0.5364
496_jpg.rf.e03671e96f14afb557fec7e9e68be265.jpg,1218,1,0.0000,0.6934,0.4167,0.1667,0.5833
507_jpg.rf.6838410a35a47c8c1afe3691bbd4ae7d.jpg,1219,1,0.0000,0.6290,0.0833,0.2500,0.5167
50_jpg.rf.be6ee377228e16e8f7ff1bd5f183bbdf.jpg,1220,1,0.0000,0.5967,0.3333,0.0000,0.5667
516_jpg.rf.6f963353eba1fb32e58ca68920574a8f.jpg,1221,1,0.0000,0.6934,0.0000,0.4167,0.5000
51_jpg.rf.e2b6801612bf163dad67015d75022cc8.jpg,1222,1,0.0000,0.6340,0.0000,0.4545,0.5000
530_jpg.rf.cbcc3cabd3c65225d2268761369cb705.jpg,1223,1,0.0000,0.6612,0.0000,0.1667,0.5000
553_jpg.rf.dcad2ccebaa79bcae264f9681326ed05.jpg,1224,1,0.0000,0.6612,0.0833,0.2500,0.5167
555_jpg.rf.5067c29858ba63cf0aa67d143e51e17e.jpg,1225,1,0.0000,0.6934,0.0000,0.4167,0.5000
557_jpg.rf.0e59c2e22c2c45af9d373a5b32190b4c.jpg,1226,1,0.0000,0.6691,0.0909,0.1818,0.5182
562_jpg.rf.23fe46db11d0fa1209512b4f03b73766.jpg,1227,1,0.0000,0.6612,0.0833,0.5833,0.5167
566_jpg.rf.f85879208712a1c0655e6d3343e5c27d.jpg,1228,1,0.0000,0.6934,0.0833,0.4167,0.5167
568_jpg.rf.8caaf300b9a73ffabf420664e6d2c5bf.jpg,1229,1,0.0000,0.6612,0.2500,0.0833,0.5500
572_jpg.rf.457e8c9535b33cb4a335cebce28a1f68.jpg,1230,1,0.0000,0.6934,0.4167,0.2500,0.5833
574_jpg.rf.9cb2b985dafe7aa529e1c5f045739238.jpg,1231,1,0.0000,0.6934,0.3333,0.0833,0.5667
576_jpg.rf.bd7ce033da220e12f7f97e631682d7e3.jpg,1232,1,0.0000,0.6934,0.1667,0.3333,0.5333
583_jpg.rf.ef6a16ae1ea347e5d34a5223c1a9bdf0.jpg,1233,1,0.0000,0.5967,0.0000,0.2500,0.5000
602_jpg.rf.2bcee51586fc8e5504877c76cc088c71.jpg,1234,1,0.0000,0.6934,0.2500,0.5833,0.5500
617_jpg.rf.5b1a03221ed01890b99e4d21d343e250.jpg,1235,1,0.0000,0.6612,0.1667,0.4167,0.5333
640_jpg.rf.64b1534d3aa2069f6b601bd5ce65febf.jpg,1236,1,0.0000,0.6612,0.0833,0.2500,0.5167
645_jpg.rf.b07341823babd2358d6db503ba4ee5ca.jpg,1237,1,0.0000,0.6612,0.1667,0.6667,0.5333
660_jpg.rf.8d32afc2a7b7bfeafdb5d8a7fe084e4c.jpg,1238,1,0.0000,0.6612,0.3333,0.0833,0.5667
670_jpg.rf.114f45d6b8665bdd270372246ecfeb98.jpg,1239,1,0.0000,0.6290,0.3333,0.0000,0.5667
675_jpg.rf.4260b59fd369260ceea4452185bf6d6e.jpg,1240,1,0.0000,0.6934,0.0833,0.2500,0.5167
680_jpg.rf.49092e46ca5fad090a9bc6667c94ca36.jpg,1241,1,0.0000,0.6934,0.1667,0.2500,0.5333
691_jpg.rf.3912ae288a078b3ad0f12c4fb1684a14.jpg,1242,1,0.0000,0.6612,0.1667,0.1667,0.5333
696_jpg.rf.c402351597244568da81292d70b06e3c.jpg,1243,1,0.0000,0.6934,0.1667,0.1667,0.5333
701_jpg.rf.e06d3c1a9b9bc2a1f3def5b0884d0489.jpg,1244,1,0.0000,0.6290,0.4167,0.5833,0.5833
702_jpg.rf.6dada83fa1beaa25d4da0a558e22241d.jpg,1245,1,0.0000,0.6612,0.0833,0.2500,0.5167
709_jpg.rf.64ec77583927da53d8bf7fbe2980babb.jpg,1246,1,0.0000,0.6934,0.0000,0.2500,0.5000
70_jpg.rf.222346bbd845f154154e61f37d4409bf.jpg,1247,1,0.0000,0.6934,0.0000,0.6667,0.5000
713_jpg.rf.cdb5fd62f74c73352b3f242410792722.jpg,1248,1,0.0000,0.6934,0.0833,0.2500,0.5167
717_jpg.rf.164187f2005439fcfb159e0b867d1896.jpg,1249,1,0.0000,0.6934,0.0000,0.5000,0.5000
729_jpg.rf.8ba10052be1c0121eddd036d02b77808.jpg,1250,1,0.0000,0.6612,0.0000,0.1667,0.5000
73_jpg.rf.16856f6398f7bac49cf61e099e18a4f0.jpg,1251,1,0.0000,0.6934,0.0000,0.0000,0.5000
745_jpg.rf.0d50496c07cdf139a987e8dea84e755b.jpg,1252,1,0.0000,0.6612,0.2500,0.5833,0.5500
750_jpg.rf.faa095eeceeada94f80d734ff256d439.jpg,1253,1,0.0000,0.6612,0.5000,0.2500,0.6000
761_jpg.rf.7ecfd327d530acebc3f8e19e929ad6a1.jpg,1254,1,0.0000,0.6612,0.3333,0.2500,0.5667
764_jpg.rf.8ff39450400d345864bafb651ee1e43f.jpg,1255,1,0.0000,0.6934,0.0000,0.3333,0.5000
776_jpg.rf.c100cb7c12d9108037c321ecc3ba9906.jpg,1256,1,0.0000,0.6934,0.0000,0.3333,0.5000
779_jpg.rf.616abe2b4ff5798f56d5481b21238196.jpg,1257,1,0.0000,0.6612,0.5000,0.0833,0.6000
788_jpg.rf.bba903e6cc902da302dbd296d86f8218.jpg,1258,1,0.0000,0.6934,0.5000,0.1667,0.6000
796_jpg.rf.cc73cd19b527a2bb74962f1587e2977b.jpg,1259,1,0.0000,0.6691,0.5455,0.0909,0.6091
79_jpg.rf.493c3afb0deea458af3958dc427e3c5a.jpg,1260,1,0.0000,0.6691,0.0000,0.1818,0.5000
804_jpg.rf.6cfced4d783c8b643e382905c3846194.jpg,1261,1,0.0000,0.6934,0.2500,0.4167,0.5500
816_jpg.rf.031943e3c9bcd4a4e0641ebfabb87041.jpg,1262,1,0.0000,0.6934,0.0833,0.4167,0.5167
820_jpg.rf.0cf2bea8264ff35a5529ce2aaede1703.jpg,1263,1,0.0000,0.6934,0.2500,0.0833,0.5500
822_jpg.rf.b46fd821dae622e0f9e18ec467a66dda.jpg,1264,1,0.0000,0.6934,0.0000,0.2500,0.5000
825_jpg.rf.0a2de6512b9cb1ef1525da809455f57b.jpg,1265,1,0.0000,0.6934,0.3333,0.1667,0.5667
827_jpg.rf.bfe4aa2416bd360e5fe97271303ced01.jpg,1266,1,0.0000,0.6612,0.2500,0.1667,0.5500
829_jpg.rf.66fe69cccc0846ea6243d054e280d75c.jpg,1267,1,0.0000,0.6934,0.0833,0.6667,0.5167
841_jpg.rf.423ff5ccfc15ff70c2cf6d185307e129.jpg,1268,1,0.0000,0.6612,0.2500,0.1667,0.5500
842_jpg.rf.25311f874590d231f6323fbc43685837.jpg,1269,1,0.0000,0.6934,0.3333,0.2500,0.5667
846_jpg.rf.3102f298c6193ff97d4e80106965fde4.jpg,1270,1,0.0000,0.6612,0.2500,0.4167,0.5500
847_jpg.rf.84eb47ed8bb3265f7e47e54a4229b2ef.jpg,1271,1,0.0000,0.6934,0.1667,0.1667,0.5333
84_jpg.rf.93f42b995eff679c29c47a885c8c60ef.jpg,1272,1,0.0000,0.5988,0.0000,0.1818,0.5000
868_jpg.rf.36b92a31c2f318f31867cab17c4e3a6d.jpg,1273,1,0.0000,0.6934,0.3333,0.5000,0.5667
885_jpg.rf.d4ccfd32d5524c52e1b5bf9c0ee58240.jpg,1274,1,0.0000,0.6612,0.0833,0.2500,0.5167
963_jpg.rf.d991d024ba944eb0eb15093227dd8d3d.jpg,1275,1,0.0000,0.6612,0.3333,0.2500,0.5667
966_jpg.rf.28806904f71cd45431d30c4ba6aab8df.jpg,1276,1,0.0000,0.6691,0.2727,0.5455,0.5545
980_jpg.rf.22a50679b71ee7e0ff6f01e92b41150b.jpg,1277,1,0.0000,0.6612,0.4167,0.3333,0.5833
985_jpg.rf.cede0f7aecd25c1aa559d614d3fda2c0.jpg,1278,1,0.0000,0.6934,0.2500,0.4167,0.5500
990_jpg.rf.f1091fa6a634e4ae61f94672a6f7ecbb.jpg,1279,1,0.0000,0.6612,0.4167,0.4167,0.5833
1022_jpg.rf.6dd64ab2f3e9b9f0b10c36d53cc88d39.jpg,1280,1,0.0000,0.6934,0.2500,0.0833,0.5500
1026_jpg.rf.94733b484087eed3c3e88ea9d711e178.jpg,1281,1,0.0000,0.6290,0.0833,0.0000,0.5167
1029_jpg.rf.5391a57f00a34627fd62caa8e700b8ce.jpg,1282,1,0.0000,0.6691,0.0909,0.2727,0.5182
1033_jpg.rf.57a9bab3cad3f0b22053dd40274164c8.jpg,1283,1,0.0000,0.6934,0.5833,0.5000,0.6167
1037_jpg.rf.0ec1a23866acc3103bf667013d90d5f5.jpg,1284,1,0.0000,0.5401,0.3333,0.0000,0.5667
1042_jpg.rf.1ec08fd9de46e569e6aad7ff43e4ca97.jpg,1285,1,0.0000,0.6934,0.4167,0.0833,0.5833
1042_jpg.rf.b99f3e35a17a72746fcf81328452f833.jpg,1286,1,0.0000,0.1934,0.0000,1.0000,0.5000
1055_jpg.rf.71ddf50f16c55dc9b1ffeb9c9e9eb907.jpg,1287,1,0.0000,0.6934,0.4167,0.3333,0.5833
1057_jpg.rf.06a147957da301c7f6bc00ccf6063e0a.jpg,1288,1,0.0000,0.2901,0.0000,1.0000,0.5000
105_jpg.rf.d51b2c161680754c4dd3ed03ef7c58a4.jpg,1289,1,0.0000,0.6691,0.0000,0.0909,0.5000
1061_jpg.rf.4cebc9b7fd8af126de090a24258e2296.jpg,1290,1,0.0000,0.6934,0.4167,0.1667,0.5833
1061_jpg.rf.d1389f204086e14a2772de0f7f3728dd.jpg,1291,1,0.0000,0.4878,0.0000,1.0000,0.5000
1064_jpg.rf.a599cd6da9b458454ad438d28125c0f0.jpg,1292,1,0.0000,0.0000,0.0000,1.0000,0.5000
1064_jpg.rf.eeaec3da43ed9334a4de6686ced9827c.jpg,1293,1,0.0000,0.6934,0.4167,0.2500,0.5833
1068_jpg.rf.bbba66232198e381b110a90e6958c0b9.jpg,1294,1,0.0000,0.6934,0.3333,0.3333,0.5667
1068_jpg.rf.f7f898cb260a5e0c0ed74e903ae984f2.jpg,1295,1,0.0000,0.3066,0.0000,1.0000,0.5000
1071_jpg.rf.6495125b48c5e5bd74c20f34b6e41fa7.jpg,1296,1,0.0000,0.6612,0.0000,0.0833,0.5000
1078_jpg.rf.f30b5314fde6dd66cae6a7934300a6b8.jpg,1297,1,0.0000,0.3869,0.0000,1.0000,0.5000
1079_jpg.rf.cf63f6a5507f554410171c606fce0aca.jpg,1298,1,0.0000,0.1934,0.0000,1.0000,0.5000
1082_jpg.rf.19c5737362695217527e2ccbd6d8fec2.jpg,1299,1,0.0000,0.6612,0.0000,0.0000,0.5000
1091_jpg.rf.532d6ab93929548a3e4fdce686eb5103.jpg,1300,1,0.0000,0.1934,0.0000,1.0000,0.5000
1097_jpg.rf.f923fd4427fe4499bc4928fa222e61be.jpg,1301,1,0.0000,0.1934,0.0000,1.0000,0.5000
1105_jpg.rf.d7174c5feb7656f1b4ade33f9fddee69.jpg,1302,1,0.0000,0.0000,0.0000,1.0000,0.5000
111416-3-,1303,1,0.0000,0.6612,0.2500,0.0833,0.5500
111_jpg.rf.999963fa5ccd3fbb2abbf5be1c4d4dcc.jpg,1304,1,0.0000,0.6612,0.0000,0.2500,0.5000
1120_jpg.rf.936351ab56c5f88a21000cf79232414c.jpg,1305,1,0.0000,0.4491,0.0000,1.0000,0.5000
1155_jpg.rf.b3140d6317760045ff712a3d94312a76.jpg,1306,1,0.0000,0.3066,0.0000,1.0000,0.5000
1157_jpg.rf.e9991a4430bf64932dce0737c0473f6f.jpg,1307,1,0.0000,0.4491,0.0000,1.0000,0.5000
1159_jpg.rf.85d9120646ab5ac4b8fd8f38a1ae6fe4.jpg,1308,1,0.0000,0.1934,0.0000,1.0000,0.5000
1166_jpg.rf.bcc2e453f5edee93c616cd4e608cfccc.jpg,1309,1,0.0000,0.3066,0.0000,1.0000,0.5000
1173_jpg.rf.0087363d8c41729574a0970457c97231.jpg,1310,1,0.0000,0.1934,0.0000,1.0000,0.5000
1201_jpg.rf.58e5a0d90107a4080a845b51b0330d52.jpg,1311,1,0.0000,0.0000,0.0000,1.0000,0.5000
1207_jpg.rf.f5954c6c97eec94cbd131944c915d84c.jpg,1312,1,0.0000,0.0000,0.0000,1.0000,0.5000
120910-12-,1313,1,0.0000,0.6612,0.0833,0.4167,0.5167
120_jpg.rf.a4d59089fbe35bf0aa11d9d261a63cc6.jpg,1314,1,0.0000,0.6290,0.0000,0.0000,0.5000
1210_jpg.rf.854d9c24229545e826fb54410c575ce6.jpg,1315,1,0.0000,0.3869,0.0000,1.0000,0.5000
121833-11-,1316,1,0.0000,0.6934,0.2500,0.2500,0.5500
121833-3-,1317,1,0.0000,0.6934,0.1667,0.1667,0.5333
121833-4-,1318,1,0.0000,0.6612,0.2500,0.4167,0.5500
1218_jpg.rf.a0b42e68cc516a1384e0947105e41ee6.jpg,1319,1,0.0000,0.4491,0.6000,1.0000,0.6200
1222262-18-,1320,1,0.0000,0.6934,0.5000,0.3333,0.6000
1222262-3-,1321,1,0.0000,0.6612,0.4167,0.0833,0.5833
130453-10-,1322,1,0.0000,0.6934,0.4167,0.3333,0.5833
130453-16-,1323,1,0.0000,0.6934,0.4167,0.3333,0.5833
132_jpg.rf.cc5646a3e1d826f0d875104911aa7b3f.jpg,1324,1,0.0000,0.6934,0.0000,0.1667,0.5000
133713-12-,1325,1,0.0000,0.6934,0.0000,0.2500,0.5000
134_jpg.rf.0be2f3e9f04225dc409ea3da40e70617.jpg,1326,1,0.0000,0.6934,0.0000,0.0833,0.5000
139_jpg.rf.2cf74f127eac1f17eda88e83c13b2645.jpg,1327,1,0.0000,0.6934,0.0000,0.0000,0.5000
144125-7-,1328,1,0.0000,0.6934,0.1667,0.1667,0.5333
160536-1-,1329,1,0.0000,0.6934,0.2500,0.0000,0.5500
160536-10-,1330,1,0.0000,0.6934,0.5833,0.1667,0.6167
160536-14-,1331,1,0.0000,0.6934,0.4167,0.2500,0.5833
167_jpg.rf.6d966d41597360775832c5fdcb2a2b12.jpg,1332,1,0.0000,0.6612,0.0000,0.0000,0.5000
170442-4-,1333,1,0.0000,0.6934,0.0833,0.2500,0.5167
170442-5-,1334,1,0.0000,0.6934,0.0833,0.2500,0.5167
170442-7-,1335,1,0.0000,0.6934,0.1667,0.1667,0.5333
184032-10-,1336,1,0.0000,0.6612,0.1667,0.4167,0.5333
196_jpg.rf.ae9bc49edcc181d03964108df7c2121d.jpg,1337,1,0.0000,0.6168,0.0833,0.1667,0.5167
232_jpg.rf.8273a6db6f7df5f7f301452dac2e600b.jpg,1338,1,0.0000,0.6340,0.0000,0.0909,0.5000
235_jpg.rf.820add450b709a884166d788ee8da84b.jpg,1339,1,0.0000,0.6290,0.1667,0.0000,0.5333
244_jpg.rf.fccb1b7a89adb74667c880add4bd99ad.jpg,1340,1,0.0000,0.6290,0.0000,0.2500,0.5000
252_jpg.rf.c2b455adb12ef5dd4a98acc637739f87.jpg,1341,1,0.0000,0.6168,0.1667,0.0000,0.5333
260_jpg.rf.7a6d6a29f4abd3b374da0f8b3bd30aa6.jpg,1342,1,0.0000,0.6290,0.0833,0.0833,0.5167
267_jpg.rf.3faaa290e92dac0ee6c251fbebe93cb4.jpg,1343,1,0.0000,0.6612,0.0000,0.1667,0.5000
270_jpg.rf.6c65e34fea00fcb0bf6b592f9255cc91.jpg,1344,1,0.0000,0.5988,0.0000,0.1818,0.5000
278_jpg.rf.f50a6fa6cb11112f3eadf11582e037c4.jpg,1345,1,0.0000,0.6290,0.4167,0.5833,0.5833
280_jpg.rf.3ad075599188f81d24b5e0dc18a3ba09.jpg,1346,1,0.0000,0.5645,0.3333,0.0000,0.5667
288_jpg.rf.4692330a7b6b4c0c35b25ce82484d34b.jpg,1347,1,0.0000,0.5967,0.1667,0.1667,0.5333
295_jpg.rf.729a9bde93abf21417bd71f7d8761c2f.jpg,1348,1,0.0000,0.6612,0.0000,0.0833,0.5000
311_jpg.rf.47774facd6dd88c126ea3427488df326.jpg,1349,1,0.0000,0.6290,0.0000,0.1667,0.5000
313_jpg.rf.68aafa5f5c4dbd3ba8912b4e4f43f56b.jpg,1350,1,0.0000,0.6290,0.0833,0.0000,0.5167
320_jpg.rf.282ed0858b2b659e1a7f95807c7e6961.jpg,1351,1,0.0000,0.6612,0.4167,0.1667,0.5833
355_jpg.rf.3b93bb404d535113f094510cb66c26ce.jpg,1352,1,0.0000,0.6934,0.0000,0.3333,0.5000
388_jpg.rf.208a912109bfac481960830a3ba795e8.jpg,1353,1,0.0000,0.6612,0.0833,0.2500,0.5167
395_jpg.rf.88526650be4b27274229d0b87d109f37.jpg,1354,1,0.0000,0.6290,0.0833,0.4167,0.5167
39_jpg.rf.df95a2c5d26ef06642fb069d6b8f2f21.jpg,1355,1,0.0000,0.5845,0.4167,0.0833,0.5833
40_jpg.rf.92860a7133614c14739b8db6e2829cfb.jpg,1356,1,0.0000,0.6612,0.0000,0.1667,0.5000
422_jpg.rf.9cafca12fce23d0f2eba391b23ea6c6b.jpg,1357,1,0.0000,0.5967,0.0833,0.4167,0.5167
433_jpg.rf.21cada6239f72730cee05e298a394b86.jpg,1358,1,0.0000,0.6934,0.0833,0.0833,0.5167
474_jpg.rf.cc9ada901a3c88883f556704177161f3.jpg,1359,1,0.0000,0.6860,0.0000,0.3077,0.5000
481_jpg.rf.e6270176727124b3b6a9a574ebe299be.jpg,1360,1,0.0000,0.6934,0.0000,0.2500,0.5000
504_jpg.rf.289345b714bafc1528dd9d3ac3b6284e.jpg,1361,1,0.0000,0.5845,0.0000,0.1667,0.5000
515_jpg.rf.bd39f7b170ee5f6fee908d488f2806aa.jpg,1362,1,0.0000,0.6612,0.1667,0.1667,0.5333
526_jpg.rf.191ee15ec5dacedeba3479065e5ebdf3.jpg,1363,1,0.0000,0.6934,0.1667,0.2500,0.5333
528_jpg.rf.286cecf845c7afac0cd7265fcc3618a3.jpg,1364,1,0.0000,0.6612,0.0833,0.2500,0.5167
534_jpg.rf.a06bd072cd53702b8df69b76ea6bf970.jpg,1365,1,0.0000,0.6612,0.0000,0.1667,0.5000
543_jpg.rf.98effc26531b4d0a2229d068fe16588d.jpg,1366,1,0.0000,0.6691,0.0000,0.0909,0.5000
548_jpg.rf.43cc5aab6a07f83acebd0318056d8ca9.jpg,1367,1,0.0000,0.6290,0.5833,0.0833,0.6167
551_jpg.rf.cb01067bd67a4aae6a7f34be89c0acf5.jpg,1368,1,0.0000,0.6612,0.0833,0.3333,0.5167
556_jpg.rf.b269c532490eb6bf0b5938822e54df28.jpg,1369,1,0.0000,0.6691,0.0000,0.0000,0.5000
56_jpg.rf.78a9effdf5beeb9117b087e6b102b993.jpg,1370,1,0.0000,0.5967,0.1667,0.0000,0.5333
57_jpg.rf.fe814329c62fb1faa79b67f722b582a2.jpg,1371,1,0.0000,0.5967,0.0000,0.2500,0.5000
581_jpg.rf.5f93199fa4d429ca0d8b67427e652cd3.jpg,1372,1,0.0000,0.6934,0.1667,0.1667,0.5333
597_jpg.rf.e29f815dfad98795d0023fefb620f567.jpg,1373,1,0.0000,0.6934,0.1667,0.1667,0.5333
599_jpg.rf.060bfbee485308909e481e40e4589177.jpg,1374,1,0.0000,0.6934,0.0000,0.3333,0.5000
620_jpg.rf.8cb9faba64c9af4133a1b0293ffd76da.jpg,1375,1,0.0000,0.6612,0.0000,0.1667,0.5000
623_jpg.rf.60da9bed7c1e793d13b3b98ce0d2d522.jpg,1376,1,0.0000,0.6612,0.2500,0.3333,0.5500
634_jpg.rf.f526c5b9db4934ad3f87cc4223a9dd30.jpg,1377,1,0.0000,0.6934,0.0833,0.0000,0.5167
635_jpg.rf.b0e492e80294f59f85a1bc6f8f35a9bb.jpg,1378,1,0.0000,0.6340,0.1818,0.2727,0.5364
644_jpg.rf.1e26c1734bd8cdb3c68bc24b1aae4d51.jpg,1379,1,0.0000,0.6612,0.4167,0.2500,0.5833
648_jpg.rf.da9164745621e33c9d5956f86bab7225.jpg,1380,1,0.0000,0.6290,0.3333,0.1667,0.5667
676_jpg.rf.6da0c74080dd3a1efacac86ed3d299d3.jpg,1381,1,0.0000,0.6934,0.3333,0.0833,0.5667
682_jpg.rf.f28988c0229d6de425c7cd83f6132b81.jpg,1382,1,0.0000,0.6934,0.0000,0.3333,0.5000
693_jpg.rf.0f429476d5e35128e670764c20ffeaa5.jpg,1383,1,0.0000,0.6612,0.2500,0.3333,0.5500
705_jpg.rf.ccc66d556d971c304e2d0576556f3a1c.jpg,1384,1,0.0000,0.6934,0.0000,0.0833,0.5000
743_jpg.rf.517b40a9391d0a947f7dba4eb95b76d5.jpg,1385,1,0.0000,0.6934,0.1667,0.2500,0.5333
769_jpg.rf.8c449f0d5654db52ed5d9862c1bd2b75.jpg,1386,1,0.0000,0.6691,0.0000,0.1818,0.5000
770_jpg.rf.e2e45f47c8b49c0b46f26736c8123f9c.jpg,1387,1,0.0000,0.6934,0.0000,0.3333,0.5000
773_jpg.rf.aa2f5cd2e9d62e2e875b98c3ffe86dba.jpg,1388,1,0.0000,0.6934,0.4167,0.2500,0.5833
778_jpg.rf.799a1b107671f2ec8e92fcaa21ce2e58.jpg,1389,1,0.0000,0.6290,0.4167,0.1667,0.5833
785_jpg.rf.5d5a9d234dcf62710f3aaa876c761623.jpg,1390,1,0.0000,0.6612,0.0000,0.4167,0.5000
787_jpg.rf.a0c279ca863c500fd8fecb03f7c74883.jpg,1391,1,0.0000,0.6934,0.0833,0.3333,0.5167
797_jpg.rf.6cdf62a0ddd76afc9dd441b5aff41b01.jpg,1392,1,0.0000,0.6691,0.4545,0.0909,0.5909
802_jpg.rf.051581a1b4108bf84cfe556fa9f45547.jpg,1393,1,0.0000,0.6934,0.5000,0.1667,0.6000
810_jpg.rf.9a7a0f7e3a635ec595dcbef244308076.jpg,1394,1,0.0000,0.6934,0.4167,0.3333,0.5833
824_jpg.rf.7454804fdfafea6ffa2e709b9a8b6c60.jpg,1395,1,0.0000,0.6934,0.0833,0.3333,0.5167
826_jpg.rf.14c676598723daec89925f0725034450.jpg,1396,1,0.0000,0.6612,0.0000,0.4167,0.5000
82_jpg.rf.8c90668be38185c6e314052412d443d4.jpg,1397,1,0.0000,0.6340,0.0000,0.0000,0.5000
833_jpg.rf.6b009868e54eff5e246e5d10d398746a.jpg,1398,1,0.0000,0.6934,0.0833,0.3333,0.5167
834_jpg.rf.057129dca663d6979eef960a76d4308a.jpg,1399,1,0.0000,0.6934,0.1667,0.1667,0.5333
835_jpg.rf.8d5c85cd42d72b6f302ab3e7478e56d1.jpg,1400,1,0.0000,0.6934,0.4167,0.2500,0.5833
845_jpg.rf.fdc9c2019ea3e6bfdc9fea86aa6d5335.jpg,1401,1,0.0000,0.6934,0.1667,0.2500,0.5333
854_jpg.rf.421deb76489c376313489c4b398e896f.jpg,1402,1,0.0000,0.6934,0.0833,0.2500,0.5167
855_jpg.rf.c51ef98203faa3c67d1774a9b58dfa5c.jpg,1403,1,0.0000,0.6612,0.2500,0.2500,0.5500
856_jpg.rf.ad53b68a1f88133a2373261f4aba29c9.jpg,1404,1,0.0000,0.6612,0.2500,0.3333,0.5500
88_jpg.rf.2be6d1cd199c5b0131101906d96539ee.jpg,1405,1,0.0000,0.5967,0.1667,0.4167,0.5333
893_jpg.rf.4d6551d4bcd7955fd62719d5923fabf0.jpg,1406,1,0.0000,0.6934,0.5833,0.0000,0.6167
905_jpg.rf.50f45390f3b7dbb9d2aa81bd3e2c8aaa.jpg,1407,1,0.0000,0.6612,0.3333,0.3333,0.5667
907_jpg.rf.0c8bd067865a377b7f9a72298691806d.jpg,1408,1,0.0000,0.6612,0.2500,0.3333,0.5500
915_jpg.rf.f500ca52a7e6837ab5a2fc50fef8cf9a.jpg,1409,1,0.0000,0.6934,0.5833,0.1667,0.6167
918_jpg.rf.fea5e08cb6978aef466ff624468bdf9a.jpg,1410,1,0.0000,0.6934,0.3333,0.3333,0.5667
91_jpg.rf.26cdc2c11f64fa0176a90a08fa396ba5.jpg,1411,1,0.0000,0.5988,0.0909,0.0909,0.5182
929_jpg.rf.37d8c62669ac865c1e8d118a6cb7bd8d.jpg,1412,1,0.0000,0.6934,0.4167,0.1667,0.5833
936_jpg.rf.ab3273bfcc358d09ddab55e065c7df85.jpg,1413,1,0.0000,0.6934,0.0000,0.0833,0.5000
941_jpg.rf.907bb3bede28e303328ea3f351fddf1e.jpg,1414,1,0.0000,0.6934,0.5000,0.5000,0.6000
943_jpg.rf.f5a50ac51c6d2a957b88d2b4f5c1fdd0.jpg,1415,1,0.0000,0.6934,0.0833,0.2500,0.5167
948_jpg.rf.70c48f4a39f3a7543b8607782ba08bc3.jpg,1416,1,0.0000,0.6612,0.3333,0.2500,0.5667
954_jpg.rf.dadf1881b53ca2fcaaaaa26e14f52a18.jpg,1417,1,0.0000,0.6612,0.3333,0.0833,0.5667
970_jpg.rf.df92cc544b9d8fab7e9c21a34567dd16.jpg,1418,1,0.0000,0.6934,0.1667,0.4167,0.5333
973_jpg.rf.7ce5bf6c47d6abc96eafc59a7fa2cc6b.jpg,1419,1,0.0000,0.6691,0.5455,0.6364,0.6091
979_jpg.rf.63e84252e73527844def4198a509730e.jpg,1420,1,0.0000,0.6934,0.1667,0.1667,0.5333
981_jpg.rf.47a74469fe14fe16affda2ab4cfb80cc.jpg,1421,1,0.0000,0.6934,0.0833,0.5000,0.5167
