json_path,basename,label,label_idx,split,matched_v1
../../Data/downloads/zenodo_4628934_poultry_fecal/content (2)/imgSegmentation/cocci/cocci.0.json,cocci.0.jpg,coccidiosis,0,train,1
../../Data/downloads/zenodo_4628934_poultry_fecal/content (2)/imgSegmentation/cocci/cocci.1.json,cocci.1.jpg,coccidiosis,0,val,1
../../Data/downloads/zenodo_4628934_poultry_fecal/content (2)/imgSegmentation/cocci/cocci.10.json,cocci.10.jpg,coccidiosis,0,train,1
../../Data/downloads/zenodo_4628934_poultry_fecal/content (2)/imgSegmentation/cocci/cocci.100.json,cocci.100.jpg,coccidiosis,0,train,1
../../Data/downloads/zenodo_4628934_poultry_fecal/content (2)/imgSegmentation/cocci/cocci.1000.json,cocci.1000.jpg,coccidiosis,0,val,1
../../Data/downloads/zenodo_4628934_poultry_fecal/content (2)/imgSegmentation/cocci/cocci.1001.json,cocci.1001.jpg,coccidiosis,0,train,1
../../Data/downloads/zenodo_4628934_poultry_fecal/content (2)/imgSegmentation/cocci/cocci.1002.json,cocci.1002.jpg,coccidiosis,0,train,1
../../Data/downloads/zenodo_4628934_poultry_fecal/content (2)/imgSegmentation/cocci/cocci.1003.json,cocci.1003.jpg,coccidiosis,0,train,1
../../Data/downloads/zenodo_4628934_poultry_fecal/content (2)/imgSegmentation/cocci/cocci.1004.json,cocci.1004.jpg,coccidiosis,0,test,1
../../Data/downloads/zenodo_4628934_poultry_fecal/content (2)/imgSegmentation/cocci/cocci.1005.json,cocci.1005.jpg,coccidiosis,0,train,1
../../Data/downloads/zenodo_4628934_poultry_fecal/content (2)/imgSegmentation/cocci/cocci.1006.json,cocci.1006.jpg,coccidiosis,0,val,1
../../Data/downloads/zenodo_4628934_poultry_fecal/content (2)/imgSegmentation/cocci/cocci.1007.json,cocci.1007.jpg,coccidiosis,0,train,1
../../Data/downloads/zenodo_4628934_poultry_fecal/content (2)/imgSegmentation/cocci/cocci.1008.json,cocci.1008.jpg,coccidiosis,0,train,1
../../Data/downloads/zenodo_4628934_poultry_fecal/content (2)/imgSegmentation/cocci/cocci.1009.json,cocci.1009.jpg,coccidiosis,0,train,1
../../Data/downloads/zenodo_4628934_poultry_fecal/content (2)/imgSegmentation/cocci/cocci.101.json,cocci.101.jpg,coccidiosis,0,train,1
../../Data/downloads/zenodo_4628934_poultry_fecal/content (2)/imgSegmentation/cocci/cocci.1010.json,cocci.1010.jpg,coccidiosis,0,train,1
../../Data/downloads/zenodo_4628934_poultry_fecal/content (2)/imgSegmentation/cocci/cocci.1011.json,cocci.1011.jpg,coccidiosis,0,val,1
../../Data/downloads/zenodo_4628934_poultry_fecal/content (2)/imgSegmentation/cocci/cocci.1012.json,cocci.1012.jpg,coccidiosis,0,train,1
../../Data/downloads/zenodo_4628934_poultry_fecal/content (2)/imgSegmentation/cocci/cocci.1013.json,cocci.1013.jpg,coccidiosis,0,train,1
../../Data/downloads/zenodo_4628934_poultry_fecal/content (2)/imgSegmentation/cocci/cocci.1014.json,cocci.1014.jpg,coccidiosis,0,train,1
../../Data/downloads/zenodo_4628934_poultry_fecal/content (2)/imgSegmentation/cocci/cocci.1015.json,cocci.1015.jpg,coccidiosis,0,train,1
../../Data/downloads/zenodo_4628934_poultry_fecal/content (2)/imgSegmentation/cocci/cocci.1016.json,cocci.1016.jpg,coccidiosis,0,train,1
../../Data/downloads/zenodo_4628934_poultry_fecal/content (2)/imgSegmentation/cocci/cocci.1017.json,cocci.1017.jpg,coccidiosis,0,train,1
../../Data/downloads/zenodo_4628934_poultry_fecal/content (2)/imgSegmentation/cocci/cocci.1018.json,cocci.1018.jpg,coccidiosis,0,train,1
../../Data/downloads/zenodo_4628934_poultry_fecal/content (2)/imgSegmentation/cocci/cocci.1019.json,cocci.1019.jpg,coccidiosis,0,train,1
../../Data/downloads/zenodo_4628934_poultry_fecal/content (2)/imgSegmentation/cocci/cocci.102.json,cocci.102.jpg,coccidiosis,0,train,1
../../Data/downloads/zenodo_4628934_poultry_fecal/content (2)/imgSegmentation/cocci/cocci.1020.json,cocci.1020.jpg,coccidiosis,0,train,1
../../Data/downloads/zenodo_4628934_poultry_fecal/content (2)/imgSegmentation/cocci/cocci.1021.json,cocci.1021.jpg,coccidiosis,0,train,1
../../Data/downloads/zenodo_4628934_poultry_fecal/content (2)/imgSegmentation/cocci/cocci.1022.json,cocci.1022.jpg,coccidiosis,0,test,1
../../Data/downloads/zenodo_4628934_poultry_fecal/content (2)/imgSegmentation/cocci/cocci.1023.json,cocci.1023.jpg,coccidiosis,0,test,1
../../Data/downloads/zenodo_4628934_poultry_fecal/content (2)/imgSegmentation/cocci/cocci.1024.json,cocci.1024.jpg,coccidiosis,0,val,1
../../Data/downloads/zenodo_4628934_poultry_fecal/content (2)/imgSegmentation/cocci/cocci.1025.json,cocci.1025.jpg,coccidiosis,0,train,1
../../Data/downloads/zenodo_4628934_poultry_fecal/content (2)/imgSegmentation/cocci/cocci.1026.json,cocci.1026.jpg,coccidiosis,0,train,1
../../Data/downloads/zenodo_4628934_poultry_fecal/content (2)/imgSegmentation/cocci/cocci.1027.json,cocci.1027.jpg,coccidiosis,0,train,1
../../Data/downloads/zenodo_4628934_poultry_fecal/content (2)/imgSegmentation/cocci/cocci.1028.json,cocci.1028.jpg,coccidiosis,0,train,1
../../Data/downloads/zenodo_4628934_poultry_fecal/content (2)/imgSegmentation/cocci/cocci.1029.json,cocci.1029.jpg,coccidiosis,0,train,1
../../Data/downloads/zenodo_4628934_poultry_fecal/content (2)/imgSegmentation/cocci/cocci.103.json,cocci.103.jpg,coccidiosis,0,val,1
../../Data/downloads/zenodo_4628934_poultry_fecal/content (2)/imgSegmentation/cocci/cocci.1030.json,cocci.1030.jpg,coccidiosis,0,train,1
../../Data/downloads/zenodo_4628934_poultry_fecal/content (2)/imgSegmentation/cocci/cocci.1031.json,cocci.1031.jpg,coccidiosis,0,test,1
../../Data/downloads/zenodo_4628934_poultry_fecal/content (2)/imgSegmentation/cocci/cocci.1032.json,cocci.1032.jpg,coccidiosis,0,train,1
../../Data/downloads/zenodo_4628934_poultry_fecal/content (2)/imgSegmentation/cocci/cocci.1033.json,cocci.1033.jpg,coccidiosis,0,train,1
../../Data/downloads/zenodo_4628934_poultry_fecal/content (2)/imgSegmentation/cocci/cocci.1034.json,cocci.1034.jpg,coccidiosis,0,train,1
../../Data/downloads/zenodo_4628934_poultry_fecal/content (2)/imgSegmentation/cocci/cocci.1035.json,cocci.1035.jpg,coccidiosis,0,train,1
../../Data/downloads/zenodo_4628934_poultry_fecal/content (2)/imgSegmentation/cocci/cocci.1036.json,cocci.1036.jpg,coccidiosis,0,train,1
../../Data/downloads/zenodo_4628934_poultry_fecal/content (2)/imgSegmentation/cocci/cocci.1037.json,cocci.1037.jpg,coccidiosis,0,train,1
../../Data/downloads/zenodo_4628934_poultry_fecal/content (2)/imgSegmentation/cocci/cocci.1038.json,cocci.1038.jpg,coccidiosis,0,test,1
../../Data/downloads/zenodo_4628934_poultry_fecal/content (2)/imgSegmentation/cocci/cocci.1039.json,cocci.1039.jpg,coccidiosis,0,train,1
../../Data/downloads/zenodo_4628934_poultry_fecal/content (2)/imgSegmentation/cocci/cocci.104.json,cocci.104.jpg,coccidiosis,0,test,1
../../Data/downloads/zenodo_4628934_poultry_fecal/content (2)/imgSegmentation/cocci/cocci.1040.json,cocci.1040.jpg,coccidiosis,0,test,1
../../Data/downloads/zenodo_4628934_poultry_fecal/content (2)/imgSegmentation/cocci/cocci.1041.json,cocci.1041.jpg,coccidiosis,0,train,1
../../Data/downloads/zenodo_4628934_poultry_fecal/content (2)/imgSegmentation/cocci/cocci.1042.json,cocci.1042.jpg,coccidiosis,0,test,1
../../Data/downloads/zenodo_4628934_poultry_fecal/content (2)/imgSegmentation/cocci/cocci.1043.json,cocci.1043.jpg,coccidiosis,0,train,1
../../Data/downloads/zenodo_4628934_poultry_fecal/content (2)/imgSegmentation/cocci/cocci.1044.json,cocci.1044.jpg,coccidiosis,0,train,1
../../Data/downloads/zenodo_4628934_poultry_fecal/content (2)/imgSegmentation/cocci/cocci.1045.json,cocci.1045.jpg,coccidiosis,0,train,1
../../Data/downloads/zenodo_4628934_poultry_fecal/content (2)/imgSegmentation/cocci/cocci.1046.json,cocci.1046.jpg,coccidiosis,0,train,1
../../Data/downloads/zenodo_4628934_poultry_fecal/content (2)/imgSegmentation/cocci/cocci.1047.json,cocci.1047.jpg,coccidiosis,0,train,1
../../Data/downloads/zenodo_4628934_poultry_fecal/content (2)/imgSegmentation/cocci/cocci.1048.json,cocci.1048.jpg,coccidiosis,0,train,1
../../Data/downloads/zenodo_4628934_poultry_fecal/content (2)/imgSegmentation/cocci/cocci.1049.json,cocci.1049.jpg,coccidiosis,0,train,1
../../Data/downloads/zenodo_4628934_poultry_fecal/content (2)/imgSegmentation/cocci/cocci.105.json,cocci.105.jpg,coccidiosis,0,train,1
../../Data/downloads/zenodo_4628934_poultry_fecal/content (2)/imgSegmentation/cocci/cocci.1050.json,cocci.1050.jpg,coccidiosis,0,train,1
../../Data/downloads/zenodo_4628934_poultry_fecal/content (2)/imgSegmentation/cocci/cocci.1051.json,cocci.1051.jpg,coccidiosis,0,train,1
../../Data/downloads/zenodo_4628934_poultry_fecal/content (2)/imgSegmentation/cocci/cocci.1052.json,cocci.1052.jpg,coccidiosis,0,train,1
../../Data/downloads/zenodo_4628934_poultry_fecal/content (2)/imgSegmentation/cocci/cocci.1053.json,cocci.1053.jpg,coccidiosis,0,train,1
../../Data/downloads/zenodo_4628934_poultry_fecal/content (2)/imgSegmentation/cocci/cocci.1054.json,cocci.1054.jpg,coccidiosis,0,train,1
../../Data/downloads/zenodo_4628934_poultry_fecal/content (2)/imgSegmentation/cocci/cocci.1055.json,cocci.1055.jpg,coccidiosis,0,train,1
../../Data/downloads/zenodo_4628934_poultry_fecal/content (2)/imgSegmentation/cocci/cocci.1056.json,cocci.1056.jpg,coccidiosis,0,train,1
../../Data/downloads/zenodo_4628934_poultry_fecal/content (2)/imgSegmentation/cocci/cocci.1057.json,cocci.1057.jpg,coccidiosis,0,train,1
../../Data/downloads/zenodo_4628934_poultry_fecal/content (2)/imgSegmentation/cocci/cocci.1058.json,cocci.1058.jpg,coccidiosis,0,train,1
../../Data/downloads/zenodo_4628934_poultry_fecal/content (2)/imgSegmentation/cocci/cocci.1059.json,cocci.1059.jpg,coccidiosis,0,train,1
../../Data/downloads/zenodo_4628934_poultry_fecal/content (2)/imgSegmentation/cocci/cocci.106.json,cocci.106.jpg,coccidiosis,0,train,1
../../Data/downloads/zenodo_4628934_poultry_fecal/content (2)/imgSegmentation/cocci/cocci.1060.json,cocci.1060.jpg,coccidiosis,0,test,1
../../Data/downloads/zenodo_4628934_poultry_fecal/content (2)/imgSegmentation/cocci/cocci.1061.json,cocci.1061.jpg,coccidiosis,0,train,1
../../Data/downloads/zenodo_4628934_poultry_fecal/content (2)/imgSegmentation/cocci/cocci.1062.json,cocci.1062.jpg,coccidiosis,0,train,1
../../Data/downloads/zenodo_4628934_poultry_fecal/content (2)/imgSegmentation/cocci/cocci.1063.json,cocci.1063.jpg,coccidiosis,0,test,1
../../Data/downloads/zenodo_4628934_poultry_fecal/content (2)/imgSegmentation/cocci/cocci.1064.json,cocci.1064.jpg,coccidiosis,0,train,1
../../Data/downloads/zenodo_4628934_poultry_fecal/content (2)/imgSegmentation/cocci/cocci.1065.json,cocci.1065.jpg,coccidiosis,0,val,1
../../Data/downloads/zenodo_4628934_poultry_fecal/content (2)/imgSegmentation/cocci/cocci.1066.json,cocci.1066.jpg,coccidiosis,0,train,1
../../Data/downloads/zenodo_4628934_poultry_fecal/content (2)/imgSegmentation/cocci/cocci.1067.json,cocci.1067.jpg,coccidiosis,0,train,1
../../Data/downloads/zenodo_4628934_poultry_fecal/content (2)/imgSegmentation/cocci/cocci.1068.json,cocci.1068.jpg,coccidiosis,0,test,1
../../Data/downloads/zenodo_4628934_poultry_fecal/content (2)/imgSegmentation/cocci/cocci.1069.json,cocci.1069.jpg,coccidiosis,0,train,1
../../Data/downloads/zenodo_4628934_poultry_fecal/content (2)/imgSegmentation/cocci/cocci.107.json,cocci.107.jpg,coccidiosis,0,test,1
../../Data/downloads/zenodo_4628934_poultry_fecal/content (2)/imgSegmentation/cocci/cocci.1070.json,cocci.1070.jpg,coccidiosis,0,train,1
../../Data/downloads/zenodo_4628934_poultry_fecal/content (2)/imgSegmentation/cocci/cocci.1071.json,cocci.1071.jpg,coccidiosis,0,val,1
../../Data/downloads/zenodo_4628934_poultry_fecal/content (2)/imgSegmentation/cocci/cocci.1072.json,cocci.1072.jpg,coccidiosis,0,test,1
../../Data/downloads/zenodo_4628934_poultry_fecal/content (2)/imgSegmentation/cocci/cocci.1073.json,cocci.1073.jpg,coccidiosis,0,train,1
../../Data/downloads/zenodo_4628934_poultry_fecal/content (2)/imgSegmentation/cocci/cocci.1074.json,cocci.1074.jpg,coccidiosis,0,train,1
../../Data/downloads/zenodo_4628934_poultry_fecal/content (2)/imgSegmentation/cocci/cocci.1075.json,cocci.1075.jpg,coccidiosis,0,train,1
../../Data/downloads/zenodo_4628934_poultry_fecal/content (2)/imgSegmentation/cocci/cocci.1076.json,cocci.1076.jpg,coccidiosis,0,val,1
../../Data/downloads/zenodo_4628934_poultry_fecal/content (2)/imgSegmentation/cocci/cocci.1077.json,cocci.1077.jpg,coccidiosis,0,train,1
../../Data/downloads/zenodo_4628934_poultry_fecal/content (2)/imgSegmentation/cocci/cocci.1078.json,cocci.1078.jpg,coccidiosis,0,train,1
../../Data/downloads/zenodo_4628934_poultry_fecal/content (2)/imgSegmentation/cocci/cocci.1079.json,cocci.1079.jpg,coccidiosis,0,val,1
../../Data/downloads/zenodo_4628934_poultry_fecal/content (2)/imgSegmentation/cocci/cocci.108.json,cocci.108.jpg,coccidiosis,0,train,1
../../Data/downloads/zenodo_4628934_poultry_fecal/content (2)/imgSegmentation/cocci/cocci.1080.json,cocci.1080.jpg,coccidiosis,0,train,1
../../Data/downloads/zenodo_4628934_poultry_fecal/content (2)/imgSegmentation/cocci/cocci.1081.json,cocci.1081.jpg,coccidiosis,0,train,1
../../Data/downloads/zenodo_4628934_poultry_fecal/content (2)/imgSegmentation/cocci/cocci.1082.json,cocci.1082.jpg,coccidiosis,0,train,1
../../Data/downloads/zenodo_4628934_poultry_fecal/content (2)/imgSegmentation/cocci/cocci.1083.json,cocci.1083.jpg,coccidiosis,0,train,1
../../Data/downloads/zenodo_4628934_poultry_fecal/content (2)/imgSegmentation/cocci/cocci.1084.json,cocci.1084.jpg,coccidiosis,0,train,1
../../Data/downloads/zenodo_4628934_poultry_fecal/content (2)/imgSegmentation/cocci/cocci.1085.json,cocci.1085.jpg,coccidiosis,0,train,1
../../Data/downloads/zenodo_4628934_poultry_fecal/content (2)/imgSegmentation/cocci/cocci.1086.json,cocci.1086.jpg,coccidiosis,0,val,1
../../Data/downloads/zenodo_4628934_poultry_fecal/content (2)/imgSegmentation/cocci/cocci.1087.json,cocci.1087.jpg,coccidiosis,0,train,1
../../Data/downloads/zenodo_4628934_poultry_fecal/content (2)/imgSegmentation/cocci/cocci.1088.json,cocci.1088.jpg,coccidiosis,0,train,1
../../Data/downloads/zenodo_4628934_poultry_fecal/content (2)/imgSegmentation/cocci/cocci.1089.json,cocci.1089.jpg,coccidiosis,0,test,1
../../Data/downloads/zenodo_4628934_poultry_fecal/content (2)/imgSegmentation/cocci/cocci.109.json,cocci.109.jpg,coccidiosis,0,val,1
../../Data/downloads/zenodo_4628934_poultry_fecal/content (2)/imgSegmentation/cocci/cocci.1090.json,cocci.1090.jpg,coccidiosis,0,val,1
../../Data/downloads/zenodo_4628934_poultry_fecal/content (2)/imgSegmentation/cocci/cocci.1091.json,cocci.1091.jpg,coccidiosis,0,train,1
../../Data/downloads/zenodo_4628934_poultry_fecal/content (2)/imgSegmentation/cocci/cocci.1092.json,cocci.1092.jpg,coccidiosis,0,train,1
../../Data/downloads/zenodo_4628934_poultry_fecal/content (2)/imgSegmentation/cocci/cocci.1093.json,cocci.1093.jpg,coccidiosis,0,train,1
../../Data/downloads/zenodo_4628934_poultry_fecal/content (2)/imgSegmentation/cocci/cocci.1094.json,cocci.1094.jpg,coccidiosis,0,val,1
../../Data/downloads/zenodo_4628934_poultry_fecal/content (2)/imgSegmentation/cocci/cocci.1095.json,cocci.1095.jpg,coccidiosis,0,train,1
../../Data/downloads/zenodo_4628934_poultry_fecal/content (2)/imgSegmentation/cocci/cocci.1096.json,cocci.1096.jpg,coccidiosis,0,val,1
../../Data/downloads/zenodo_4628934_poultry_fecal/content (2)/imgSegmentation/cocci/cocci.1097.json,cocci.1097.jpg,coccidiosis,0,train,1
../../Data/downloads/zenodo_4628934_poultry_fecal/content (2)/imgSegmentation/cocci/cocci.1098.json,cocci.1098.jpg,coccidiosis,0,val,1
../../Data/downloads/zenodo_4628934_poultry_fecal/content (2)/imgSegmentation/cocci/cocci.1099.json,cocci.1099.jpg,coccidiosis,0,train,1
../../Data/downloads/zenodo_4628934_poultry_fecal/content (2)/imgSegmentation/cocci/cocci.11.json,cocci.11.jpg,coccidiosis,0,test,1
../../Data/downloads/zenodo_4628934_poultry_fecal/content (2)/imgSegmentation/cocci/cocci.110.json,cocci.110.jpg,coccidiosis,0,train,1
../../Data/downloads/zenodo_4628934_poultry_fecal/content (2)/imgSegmentation/cocci/cocci.1100.json,cocci.1100.jpg,coccidiosis,0,train,1
../../Data/downloads/zenodo_4628934_poultry_fecal/content (2)/imgSegmentation/cocci/cocci.1101.json,cocci.1101.jpg,coccidiosis,0,test,1
../../Data/downloads/zenodo_4628934_poultry_fecal/content (2)/imgSegmentation/cocci/cocci.1102.json,cocci.1102.jpg,coccidiosis,0,train,1
../../Data/downloads/zenodo_4628934_poultry_fecal/content (2)/imgSegmentation/cocci/cocci.1103.json,cocci.1103.jpg,coccidiosis,0,train,1
../../Data/downloads/zenodo_4628934_poultry_fecal/content (2)/imgSegmentation/cocci/cocci.1104.json,cocci.1104.jpg,coccidiosis,0,test,1
../../Data/downloads/zenodo_4628934_poultry_fecal/content (2)/imgSegmentation/cocci/cocci.1105.json,cocci.1105.jpg,coccidiosis,0,train,1
../../Data/downloads/zenodo_4628934_poultry_fecal/content (2)/imgSegmentation/cocci/cocci.1106.json,cocci.1106.jpg,coccidiosis,0,train,1
../../Data/downloads/zenodo_4628934_poultry_fecal/content (2)/imgSegmentation/cocci/cocci.1107.json,cocci.1107.jpg,coccidiosis,0,train,1
../../Data/downloads/zenodo_4628934_poultry_fecal/content (2)/imgSegmentation/cocci/cocci.1108.json,cocci.1108.jpg,coccidiosis,0,train,1
../../Data/downloads/zenodo_4628934_poultry_fecal/content (2)/imgSegmentation/cocci/cocci.1109.json,cocci.1109.jpg,coccidiosis,0,train,1
../../Data/downloads/zenodo_4628934_poultry_fecal/content (2)/imgSegmentation/cocci/cocci.111.json,cocci.111.jpg,coccidiosis,0,test,1
../../Data/downloads/zenodo_4628934_poultry_fecal/content (2)/imgSegmentation/cocci/cocci.1110.json,cocci.1110.jpg,coccidiosis,0,train,1
../../Data/downloads/zenodo_4628934_poultry_fecal/content (2)/imgSegmentation/cocci/cocci.1111.json,cocci.1111.jpg,coccidiosis,0,val,1
../../Data/downloads/zenodo_4628934_poultry_fecal/content (2)/imgSegmentation/cocci/cocci.1112.json,cocci.1112.jpg,coccidiosis,0,train,1
../../Data/downloads/zenodo_4628934_poultry_fecal/content (2)/imgSegmentation/cocci/cocci.1113.json,cocci.1113.jpg,coccidiosis,0,train,1
../../Data/downloads/zenodo_4628934_poultry_fecal/content (2)/imgSegmentation/cocci/cocci.1114.json,cocci.1114.jpg,coccidiosis,0,test,1
../../Data/downloads/zenodo_4628934_poultry_fecal/content (2)/imgSegmentation/cocci/cocci.1115.json,cocci.1115.jpg,coccidiosis,0,test,1
../../Data/downloads/zenodo_4628934_poultry_fecal/content (2)/imgSegmentation/cocci/cocci.1116.json,cocci.1116.jpg,coccidiosis,0,train,1
../../Data/downloads/zenodo_4628934_poultry_fecal/content (2)/imgSegmentation/cocci/cocci.1117.json,cocci.1117.jpg,coccidiosis,0,train,1
../../Data/downloads/zenodo_4628934_poultry_fecal/content (2)/imgSegmentation/cocci/cocci.1118.json,cocci.1118.jpg,coccidiosis,0,val,1
../../Data/downloads/zenodo_4628934_poultry_fecal/content (2)/imgSegmentation/cocci/cocci.1119.json,cocci.1119.jpg,coccidiosis,0,test,1
../../Data/downloads/zenodo_4628934_poultry_fecal/content (2)/imgSegmentation/cocci/cocci.112.json,cocci.112.jpg,coccidiosis,0,train,1
../../Data/downloads/zenodo_4628934_poultry_fecal/content (2)/imgSegmentation/cocci/cocci.1120.json,cocci.1120.jpg,coccidiosis,0,train,1
../../Data/downloads/zenodo_4628934_poultry_fecal/content (2)/imgSegmentation/cocci/cocci.1121.json,cocci.1121.jpg,coccidiosis,0,train,1
../../Data/downloads/zenodo_4628934_poultry_fecal/content (2)/imgSegmentation/cocci/cocci.1122.json,cocci.1122.jpg,coccidiosis,0,train,1
../../Data/downloads/zenodo_4628934_poultry_fecal/content (2)/imgSegmentation/cocci/cocci.1123.json,cocci.1123.jpg,coccidiosis,0,val,1
../../Data/downloads/zenodo_4628934_poultry_fecal/content (2)/imgSegmentation/cocci/cocci.1124.json,cocci.1124.jpg,coccidiosis,0,train,1
../../Data/downloads/zenodo_4628934_poultry_fecal/content (2)/imgSegmentation/cocci/cocci.1125.json,cocci.1125.jpg,coccidiosis,0,test,1
../../Data/downloads/zenodo_4628934_poultry_fecal/content (2)/imgSegmentation/cocci/cocci.1126.json,cocci.1126.jpg,coccidiosis,0,train,1
../../Data/downloads/zenodo_4628934_poultry_fecal/content (2)/imgSegmentation/cocci/cocci.1127.json,cocci.1127.jpg,coccidiosis,0,val,1
../../Data/downloads/zenodo_4628934_poultry_fecal/content (2)/imgSegmentation/cocci/cocci.1128.json,cocci.1128.jpg,coccidiosis,0,train,1
../../Data/downloads/zenodo_4628934_poultry_fecal/content (2)/imgSegmentation/cocci/cocci.1129.json,cocci.1129.jpg,coccidiosis,0,test,1
../../Data/downloads/zenodo_4628934_poultry_fecal/content (2)/imgSegmentation/cocci/cocci.113.json,cocci.113.jpg,coccidiosis,0,val,1
../../Data/downloads/zenodo_4628934_poultry_fecal/content (2)/imgSegmentation/cocci/cocci.1130.json,cocci.1130.jpg,coccidiosis,0,train,1
../../Data/downloads/zenodo_4628934_poultry_fecal/content (2)/imgSegmentation/cocci/cocci.1131.json,cocci.1131.jpg,coccidiosis,0,train,1
../../Data/downloads/zenodo_4628934_poultry_fecal/content (2)/imgSegmentation/cocci/cocci.1132.json,cocci.1132.jpg,coccidiosis,0,train,1
../../Data/downloads/zenodo_4628934_poultry_fecal/content (2)/imgSegmentation/cocci/cocci.1133.json,cocci.1133.jpg,coccidiosis,0,val,1
../../Data/downloads/zenodo_4628934_poultry_fecal/content (2)/imgSegmentation/cocci/cocci.1134.json,cocci.1134.jpg,coccidiosis,0,train,1
../../Data/downloads/zenodo_4628934_poultry_fecal/content (2)/imgSegmentation/cocci/cocci.1135.json,cocci.1135.jpg,coccidiosis,0,val,1
../../Data/downloads/zenodo_4628934_poultry_fecal/content (2)/imgSegmentation/cocci/cocci.1136.json,cocci.1136.jpg,coccidiosis,0,train,1
../../Data/downloads/zenodo_4628934_poultry_fecal/content (2)/imgSegmentation/cocci/cocci.1137.json,cocci.1137.jpg,coccidiosis,0,train,1
../../Data/downloads/zenodo_4628934_poultry_fecal/content (2)/imgSegmentation/cocci/cocci.1138.json,cocci.1138.jpg,coccidiosis,0,train,1
../../Data/downloads/zenodo_4628934_poultry_fecal/content (2)/imgSegmentation/cocci/cocci.1139.json,cocci.1139.jpg,coccidiosis,0,train,1
../../Data/downloads/zenodo_4628934_poultry_fecal/content (2)/imgSegmentation/cocci/cocci.114.json,cocci.114.jpg,coccidiosis,0,val,1
../../Data/downloads/zenodo_4628934_poultry_fecal/content (2)/imgSegmentation/cocci/cocci.1140.json,cocci.1140.jpg,coccidiosis,0,val,1
../../Data/downloads/zenodo_4628934_poultry_fecal/content (2)/imgSegmentation/cocci/cocci.1141.json,cocci.1141.jpg,coccidiosis,0,train,1
../../Data/downloads/zenodo_4628934_poultry_fecal/content (2)/imgSegmentation/cocci/cocci.1142.json,cocci.1142.jpg,coccidiosis,0,train,1
../../Data/downloads/zenodo_4628934_poultry_fecal/content (2)/imgSegmentation/cocci/cocci.1143.json,cocci.1143.jpg,coccidiosis,0,train,1
../../Data/downloads/zenodo_4628934_poultry_fecal/content (2)/imgSegmentation/cocci/cocci.1144.json,cocci.1144.jpg,coccidiosis,0,train,1
../../Data/downloads/zenodo_4628934_poultry_fecal/content (2)/imgSegmentation/cocci/cocci.1145.json,cocci.1145.jpg,coccidiosis,0,train,1
../../Data/downloads/zenodo_4628934_poultry_fecal/content (2)/imgSegmentation/cocci/cocci.1146.json,cocci.1146.jpg,coccidiosis,0,train,1
../../Data/downloads/zenodo_4628934_poultry_fecal/content (2)/imgSegmentation/cocci/cocci.1147.json,cocci.1147.jpg,coccidiosis,0,val,1
../../Data/downloads/zenodo_4628934_poultry_fecal/content (2)/imgSegmentation/cocci/cocci.1148.json,cocci.1148.jpg,coccidiosis,0,test,1
../../Data/downloads/zenodo_4628934_poultry_fecal/content (2)/imgSegmentation/cocci/cocci.1149.json,cocci.1149.jpg,coccidiosis,0,train,1
../../Data/downloads/zenodo_4628934_poultry_fecal/content (2)/imgSegmentation/cocci/cocci.115.json,cocci.115.jpg,coccidiosis,0,test,1
../../Data/downloads/zenodo_4628934_poultry_fecal/content (2)/imgSegmentation/cocci/cocci.1150.json,cocci.1150.jpg,coccidiosis,0,val,1
../../Data/downloads/zenodo_4628934_poultry_fecal/content (2)/imgSegmentation/cocci/cocci.1151.json,cocci.1151.jpg,coccidiosis,0,val,1
../../Data/downloads/zenodo_4628934_poultry_fecal/content (2)/imgSegmentation/cocci/cocci.1152.json,cocci.1152.jpg,coccidiosis,0,train,1
../../Data/downloads/zenodo_4628934_poultry_fecal/content (2)/imgSegmentation/cocci/cocci.1153.json,cocci.1153.jpg,coccidiosis,0,train,1
../../Data/downloads/zenodo_4628934_poultry_fecal/content (2)/imgSegmentation/cocci/cocci.1154.json,cocci.1154.jpg,coccidiosis,0,train,1
../../Data/downloads/zenodo_4628934_poultry_fecal/content (2)/imgSegmentation/cocci/cocci.1155.json,cocci.1155.jpg,coccidiosis,0,test,1
../../Data/downloads/zenodo_4628934_poultry_fecal/content (2)/imgSegmentation/cocci/cocci.1156.json,cocci.1156.jpg,coccidiosis,0,val,1
../../Data/downloads/zenodo_4628934_poultry_fecal/content (2)/imgSegmentation/cocci/cocci.1157.json,cocci.1157.jpg,coccidiosis,0,train,1
../../Data/downloads/zenodo_4628934_poultry_fecal/content (2)/imgSegmentation/cocci/cocci.1158.json,cocci.1158.jpg,coccidiosis,0,train,1
../../Data/downloads/zenodo_4628934_poultry_fecal/content (2)/imgSegmentation/cocci/cocci.1159.json,cocci.1159.jpg,coccidiosis,0,train,1
../../Data/downloads/zenodo_4628934_poultry_fecal/content (2)/imgSegmentation/cocci/cocci.116.json,cocci.116.jpg,coccidiosis,0,train,1
../../Data/downloads/zenodo_4628934_poultry_fecal/content (2)/imgSegmentation/cocci/cocci.1160.json,cocci.1160.jpg,coccidiosis,0,val,1
../../Data/downloads/zenodo_4628934_poultry_fecal/content (2)/imgSegmentation/cocci/cocci.1161.json,cocci.1161.jpg,coccidiosis,0,train,1
../../Data/downloads/zenodo_4628934_poultry_fecal/content (2)/imgSegmentation/cocci/cocci.1162.json,cocci.1162.jpg,coccidiosis,0,train,1
../../Data/downloads/zenodo_4628934_poultry_fecal/content (2)/imgSegmentation/cocci/cocci.1163.json,cocci.1163.jpg,coccidiosis,0,train,1
../../Data/downloads/zenodo_4628934_poultry_fecal/content (2)/imgSegmentation/cocci/cocci.1164.json,cocci.1164.jpg,coccidiosis,0,test,1
../../Data/downloads/zenodo_4628934_poultry_fecal/content (2)/imgSegmentation/cocci/cocci.1165.json,cocci.1165.jpg,coccidiosis,0,test,1
../../Data/downloads/zenodo_4628934_poultry_fecal/content (2)/imgSegmentation/cocci/cocci.1166.json,cocci.1166.jpg,coccidiosis,0,test,1
../../Data/downloads/zenodo_4628934_poultry_fecal/content (2)/imgSegmentation/cocci/cocci.1167.json,cocci.1167.jpg,coccidiosis,0,train,1
../../Data/downloads/zenodo_4628934_poultry_fecal/content (2)/imgSegmentation/cocci/cocci.1168.json,cocci.1168.jpg,coccidiosis,0,train,1
../../Data/downloads/zenodo_4628934_poultry_fecal/content (2)/imgSegmentation/cocci/cocci.1169.json,cocci.1169.jpg,coccidiosis,0,train,1
../../Data/downloads/zenodo_4628934_poultry_fecal/content (2)/imgSegmentation/cocci/cocci.117.json,cocci.117.jpg,coccidiosis,0,train,1
../../Data/downloads/zenodo_4628934_poultry_fecal/content (2)/imgSegmentation/cocci/cocci.1170.json,cocci.1170.jpg,coccidiosis,0,train,1
../../Data/downloads/zenodo_4628934_poultry_fecal/content (2)/imgSegmentation/cocci/cocci.1171.json,cocci.1171.jpg,coccidiosis,0,train,1
../../Data/downloads/zenodo_4628934_poultry_fecal/content (2)/imgSegmentation/cocci/cocci.1172.json,cocci.1172.jpg,coccidiosis,0,train,1
../../Data/downloads/zenodo_4628934_poultry_fecal/content (2)/imgSegmentation/cocci/cocci.1173.json,cocci.1173.jpg,coccidiosis,0,train,1
../../Data/downloads/zenodo_4628934_poultry_fecal/content (2)/imgSegmentation/cocci/cocci.1174.json,cocci.1174.jpg,coccidiosis,0,test,1
../../Data/downloads/zenodo_4628934_poultry_fecal/content (2)/imgSegmentation/cocci/cocci.1175.json,cocci.1175.jpg,coccidiosis,0,train,1
../../Data/downloads/zenodo_4628934_poultry_fecal/content (2)/imgSegmentation/cocci/cocci.1176.json,cocci.1176.jpg,coccidiosis,0,train,1
../../Data/downloads/zenodo_4628934_poultry_fecal/content (2)/imgSegmentation/cocci/cocci.1177.json,cocci.1177.jpg,coccidiosis,0,val,1
../../Data/downloads/zenodo_4628934_poultry_fecal/content (2)/imgSegmentation/cocci/cocci.1178.json,cocci.1178.jpg,coccidiosis,0,train,1
../../Data/downloads/zenodo_4628934_poultry_fecal/content (2)/imgSegmentation/cocci/cocci.1179.json,cocci.1179.jpg,coccidiosis,0,train,1
../../Data/downloads/zenodo_4628934_poultry_fecal/content (2)/imgSegmentation/cocci/cocci.118.json,cocci.118.jpg,coccidiosis,0,train,1
../../Data/downloads/zenodo_4628934_poultry_fecal/content (2)/imgSegmentation/cocci/cocci.1180.json,cocci.1180.jpg,coccidiosis,0,train,1
../../Data/downloads/zenodo_4628934_poultry_fecal/content (2)/imgSegmentation/cocci/cocci.1181.json,cocci.1181.jpg,coccidiosis,0,train,1
../../Data/downloads/zenodo_4628934_poultry_fecal/content (2)/imgSegmentation/cocci/cocci.1182.json,cocci.1182.jpg,coccidiosis,0,val,1
../../Data/downloads/zenodo_4628934_poultry_fecal/content (2)/imgSegmentation/cocci/cocci.1183.json,cocci.1183.jpg,coccidiosis,0,train,1
../../Data/downloads/zenodo_4628934_poultry_fecal/content (2)/imgSegmentation/cocci/cocci.1184.json,cocci.1184.jpg,coccidiosis,0,train,1
../../Data/downloads/zenodo_4628934_poultry_fecal/content (2)/imgSegmentation/cocci/cocci.1185.json,cocci.1185.jpg,coccidiosis,0,train,1
../../Data/downloads/zenodo_4628934_poultry_fecal/content (2)/imgSegmentation/cocci/cocci.1186.json,cocci.1186.jpg,coccidiosis,0,train,1
../../Data/downloads/zenodo_4628934_poultry_fecal/content (2)/imgSegmentation/cocci/cocci.1187.json,cocci.1187.jpg,coccidiosis,0,val,1
../../Data/downloads/zenodo_4628934_poultry_fecal/content (2)/imgSegmentation/cocci/cocci.1188.json,cocci.1188.jpg,coccidiosis,0,test,1
../../Data/downloads/zenodo_4628934_poultry_fecal/content (2)/imgSegmentation/cocci/cocci.1189.json,cocci.1189.jpg,coccidiosis,0,train,1
../../Data/downloads/zenodo_4628934_poultry_fecal/content (2)/imgSegmentation/cocci/cocci.119.json,cocci.119.jpg,coccidiosis,0,train,1
../../Data/downloads/zenodo_4628934_poultry_fecal/content (2)/imgSegmentation/cocci/cocci.1190.json,cocci.1190.jpg,coccidiosis,0,train,1
../../Data/downloads/zenodo_4628934_poultry_fecal/content (2)/imgSegmentation/cocci/cocci.1191.json,cocci.1191.jpg,coccidiosis,0,train,1
../../Data/downloads/zenodo_4628934_poultry_fecal/content (2)/imgSegmentation/cocci/cocci.1192.json,cocci.1192.jpg,coccidiosis,0,test,1
../../Data/downloads/zenodo_4628934_poultry_fecal/content (2)/imgSegmentation/cocci/cocci.1193.json,cocci.1193.jpg,coccidiosis,0,test,1
../../Data/downloads/zenodo_4628934_poultry_fecal/content (2)/imgSegmentation/cocci/cocci.1194.json,cocci.1194.jpg,coccidiosis,0,val,1
../../Data/downloads/zenodo_4628934_poultry_fecal/content (2)/imgSegmentation/cocci/cocci.1195.json,cocci.1195.jpg,coccidiosis,0,train,1
../../Data/downloads/zenodo_4628934_poultry_fecal/content (2)/imgSegmentation/cocci/cocci.1196.json,cocci.1196.jpg,coccidiosis,0,train,1
../../Data/downloads/zenodo_4628934_poultry_fecal/content (2)/imgSegmentation/cocci/cocci.1197.json,cocci.1197.jpg,coccidiosis,0,train,1
../../Data/downloads/zenodo_4628934_poultry_fecal/content (2)/imgSegmentation/cocci/cocci.1198.json,cocci.1198.jpg,coccidiosis,0,train,1
../../Data/downloads/zenodo_4628934_poultry_fecal/content (2)/imgSegmentation/cocci/cocci.1199.json,cocci.1199.jpg,coccidiosis,0,train,1
../../Data/downloads/zenodo_4628934_poultry_fecal/content (2)/imgSegmentation/cocci/cocci.12.json,cocci.12.jpg,coccidiosis,0,train,1
../../Data/downloads/zenodo_4628934_poultry_fecal/content (2)/imgSegmentation/cocci/cocci.120.json,cocci.120.jpg,coccidiosis,0,val,1
../../Data/downloads/zenodo_4628934_poultry_fecal/content (2)/imgSegmentation/cocci/cocci.1200.json,cocci.1200.jpg,coccidiosis,0,train,1
../../Data/downloads/zenodo_4628934_poultry_fecal/content (2)/imgSegmentation/cocci/cocci.1201.json,cocci.1201.jpg,coccidiosis,0,train,1
../../Data/downloads/zenodo_4628934_poultry_fecal/content (2)/imgSegmentation/cocci/cocci.1202.json,cocci.1202.jpg,coccidiosis,0,train,1
../../Data/downloads/zenodo_4628934_poultry_fecal/content (2)/imgSegmentation/cocci/cocci.1203.json,cocci.1203.jpg,coccidiosis,0,train,1
../../Data/downloads/zenodo_4628934_poultry_fecal/content (2)/imgSegmentation/cocci/cocci.1204.json,cocci.1204.jpg,coccidiosis,0,train,1
../../Data/downloads/zenodo_4628934_poultry_fecal/content (2)/imgSegmentation/cocci/cocci.1205.json,cocci.1205.jpg,coccidiosis,0,train,1
../../Data/downloads/zenodo_4628934_poultry_fecal/content (2)/imgSegmentation/cocci/cocci.1206.json,cocci.1206.jpg,coccidiosis,0,val,1
../../Data/downloads/zenodo_4628934_poultry_fecal/content (2)/imgSegmentation/cocci/cocci.1207.json,cocci.1207.jpg,coccidiosis,0,train,1
../../Data/downloads/zenodo_4628934_poultry_fecal/content (2)/imgSegmentation/cocci/cocci.1208.json,cocci.1208.jpg,coccidiosis,0,train,1
../../Data/downloads/zenodo_4628934_poultry_fecal/content (2)/imgSegmentation/cocci/cocci.1209.json,cocci.1209.jpg,coccidiosis,0,train,1
../../Data/downloads/zenodo_4628934_poultry_fecal/content (2)/imgSegmentation/cocci/cocci.121.json,cocci.121.jpg,coccidiosis,0,val,1
../../Data/downloads/zenodo_4628934_poultry_fecal/content (2)/imgSegmentation/cocci/cocci.1210.json,cocci.1210.jpg,coccidiosis,0,val,1
../../Data/downloads/zenodo_4628934_poultry_fecal/content (2)/imgSegmentation/cocci/cocci.1211.json,cocci.1211.jpg,coccidiosis,0,train,1
../../Data/downloads/zenodo_4628934_poultry_fecal/content (2)/imgSegmentation/cocci/cocci.1212.json,cocci.1212.jpg,coccidiosis,0,val,1
../../Data/downloads/zenodo_4628934_poultry_fecal/content (2)/imgSegmentation/cocci/cocci.1213.json,cocci.1213.jpg,coccidiosis,0,train,1
../../Data/downloads/zenodo_4628934_poultry_fecal/content (2)/imgSegmentation/cocci/cocci.1214.json,cocci.1214.jpg,coccidiosis,0,val,1
../../Data/downloads/zenodo_4628934_poultry_fecal/content (2)/imgSegmentation/cocci/cocci.1215.json,cocci.1215.jpg,coccidiosis,0,train,1
../../Data/downloads/zenodo_4628934_poultry_fecal/content (2)/imgSegmentation/cocci/cocci.1216.json,cocci.1216.jpg,coccidiosis,0,test,1
../../Data/downloads/zenodo_4628934_poultry_fecal/content (2)/imgSegmentation/cocci/cocci.1217.json,cocci.1217.jpg,coccidiosis,0,val,1
../../Data/downloads/zenodo_4628934_poultry_fecal/content (2)/imgSegmentation/cocci/cocci.1218.json,cocci.1218.jpg,coccidiosis,0,train,1
../../Data/downloads/zenodo_4628934_poultry_fecal/content (2)/imgSegmentation/cocci/cocci.1219.json,cocci.1219.jpg,coccidiosis,0,train,1
../../Data/downloads/zenodo_4628934_poultry_fecal/content (2)/imgSegmentation/cocci/cocci.122.json,cocci.122.jpg,coccidiosis,0,train,1
../../Data/downloads/zenodo_4628934_poultry_fecal/content (2)/imgSegmentation/cocci/cocci.1220.json,cocci.1220.jpg,coccidiosis,0,train,1
../../Data/downloads/zenodo_4628934_poultry_fecal/content (2)/imgSegmentation/cocci/cocci.1221.json,cocci.1221.jpg,coccidiosis,0,train,1
../../Data/downloads/zenodo_4628934_poultry_fecal/content (2)/imgSegmentation/cocci/cocci.1222.json,cocci.1222.jpg,coccidiosis,0,test,1
../../Data/downloads/zenodo_4628934_poultry_fecal/content (2)/imgSegmentation/cocci/cocci.1223.json,cocci.1223.jpg,coccidiosis,0,train,1
../../Data/downloads/zenodo_4628934_poultry_fecal/content (2)/imgSegmentation/cocci/cocci.1224.json,cocci.1224.jpg,coccidiosis,0,val,1
../../Data/downloads/zenodo_4628934_poultry_fecal/content (2)/imgSegmentation/cocci/cocci.1225.json,cocci.1225.jpg,coccidiosis,0,train,1
../../Data/downloads/zenodo_4628934_poultry_fecal/content (2)/imgSegmentation/cocci/cocci.1226.json,cocci.1226.jpg,coccidiosis,0,val,1
../../Data/downloads/zenodo_4628934_poultry_fecal/content (2)/imgSegmentation/cocci/cocci.1227.json,cocci.1227.jpg,coccidiosis,0,train,1
../../Data/downloads/zenodo_4628934_poultry_fecal/content (2)/imgSegmentation/cocci/cocci.1228.json,cocci.1228.jpg,coccidiosis,0,train,1
../../Data/downloads/zenodo_4628934_poultry_fecal/content (2)/imgSegmentation/cocci/cocci.1229.json,cocci.1229.jpg,coccidiosis,0,train,1
../../Data/downloads/zenodo_4628934_poultry_fecal/content (2)/imgSegmentation/cocci/cocci.123.json,cocci.123.jpg,coccidiosis,0,train,1
../../Data/downloads/zenodo_4628934_poultry_fecal/content (2)/imgSegmentation/cocci/cocci.1230.json,cocci.1230.jpg,coccidiosis,0,test,1
../../Data/downloads/zenodo_4628934_poultry_fecal/content (2)/imgSegmentation/cocci/cocci.1231.json,cocci.1231.jpg,coccidiosis,0,train,1
../../Data/downloads/zenodo_4628934_poultry_fecal/content (2)/imgSegmentation/cocci/cocci.1232.json,cocci.1232.jpg,coccidiosis,0,train,1
../../Data/downloads/zenodo_4628934_poultry_fecal/content (2)/imgSegmentation/cocci/cocci.1233.json,cocci.1233.jpg,coccidiosis,0,test,1
../../Data/downloads/zenodo_4628934_poultry_fecal/content (2)/imgSegmentation/cocci/cocci.1234.json,cocci.1234.jpg,coccidiosis,0,train,1
../../Data/downloads/zenodo_4628934_poultry_fecal/content (2)/imgSegmentation/cocci/cocci.1235.json,cocci.1235.jpg,coccidiosis,0,train,1
../../Data/downloads/zenodo_4628934_poultry_fecal/content (2)/imgSegmentation/cocci/cocci.1236.json,cocci.1236.jpg,coccidiosis,0,test,1
../../Data/downloads/zenodo_4628934_poultry_fecal/content (2)/imgSegmentation/cocci/cocci.1237.json,cocci.1237.jpg,coccidiosis,0,train,1
../../Data/downloads/zenodo_4628934_poultry_fecal/content (2)/imgSegmentation/cocci/cocci.1238.json,cocci.1238.jpg,coccidiosis,0,train,1
../../Data/downloads/zenodo_4628934_poultry_fecal/content (2)/imgSegmentation/cocci/cocci.1239.json,cocci.1239.jpg,coccidiosis,0,train,1
../../Data/downloads/zenodo_4628934_poultry_fecal/content (2)/imgSegmentation/cocci/cocci.124.json,cocci.124.jpg,coccidiosis,0,train,1
../../Data/downloads/zenodo_4628934_poultry_fecal/content (2)/imgSegmentation/cocci/cocci.1240.json,cocci.1240.jpg,coccidiosis,0,test,1
../../Data/downloads/zenodo_4628934_poultry_fecal/content (2)/imgSegmentation/cocci/cocci.1241.json,cocci.1241.jpg,coccidiosis,0,train,1
../../Data/downloads/zenodo_4628934_poultry_fecal/content (2)/imgSegmentation/cocci/cocci.1242.json,cocci.1242.jpg,coccidiosis,0,train,1
../../Data/downloads/zenodo_4628934_poultry_fecal/content (2)/imgSegmentation/cocci/cocci.1243.json,cocci.1243.jpg,coccidiosis,0,train,1
../../Data/downloads/zenodo_4628934_poultry_fecal/content (2)/imgSegmentation/cocci/cocci.1244.json,cocci.1244.jpg,coccidiosis,0,train,1
../../Data/downloads/zenodo_4628934_poultry_fecal/content (2)/imgSegmentation/cocci/cocci.1245.json,cocci.1245.jpg,coccidiosis,0,val,1
../../Data/downloads/zenodo_4628934_poultry_fecal/content (2)/imgSegmentation/cocci/cocci.1246.json,cocci.1246.jpg,coccidiosis,0,train,1
../../Data/downloads/zenodo_4628934_poultry_fecal/content (2)/imgSegmentation/cocci/cocci.1247.json,cocci.1247.jpg,coccidiosis,0,train,1
../../Data/downloads/zenodo_4628934_poultry_fecal/content (2)/imgSegmentation/cocci/cocci.1248.json,cocci.1248.jpg,coccidiosis,0,train,1
../../Data/downloads/zenodo_4628934_poultry_fecal/content (2)/imgSegmentation/cocci/cocci.1249.json,cocci.1249.jpg,coccidiosis,0,train,1
../../Data/downloads/zenodo_4628934_poultry_fecal/content (2)/imgSegmentation/cocci/cocci.125.json,cocci.125.jpg,coccidiosis,0,train,1
../../Data/downloads/zenodo_4628934_poultry_fecal/content (2)/imgSegmentation/cocci/cocci.1250.json,cocci.1250.jpg,coccidiosis,0,train,1
../../Data/downloads/zenodo_4628934_poultry_fecal/content (2)/imgSegmentation/cocci/cocci.1251.json,cocci.1251.jpg,coccidiosis,0,train,1
../../Data/downloads/zenodo_4628934_poultry_fecal/content (2)/imgSegmentation/cocci/cocci.1252.json,cocci.1252.jpg,coccidiosis,0,train,1
../../Data/downloads/zenodo_4628934_poultry_fecal/content (2)/imgSegmentation/cocci/cocci.1253.json,cocci.1253.jpg,coccidiosis,0,val,1
../../Data/downloads/zenodo_4628934_poultry_fecal/content (2)/imgSegmentation/cocci/cocci.1254.json,cocci.1254.jpg,coccidiosis,0,val,1
../../Data/downloads/zenodo_4628934_poultry_fecal/content (2)/imgSegmentation/cocci/cocci.1255.json,cocci.1255.jpg,coccidiosis,0,val,1
../../Data/downloads/zenodo_4628934_poultry_fecal/content (2)/imgSegmentation/cocci/cocci.1256.json,cocci.1256.jpg,coccidiosis,0,test,1
../../Data/downloads/zenodo_4628934_poultry_fecal/content (2)/imgSegmentation/cocci/cocci.1257.json,cocci.1257.jpg,coccidiosis,0,train,1
../../Data/downloads/zenodo_4628934_poultry_fecal/content (2)/imgSegmentation/cocci/cocci.1258.json,cocci.1258.jpg,coccidiosis,0,train,1
../../Data/downloads/zenodo_4628934_poultry_fecal/content (2)/imgSegmentation/cocci/cocci.1259.json,cocci.1259.jpg,coccidiosis,0,train,1
../../Data/downloads/zenodo_4628934_poultry_fecal/content (2)/imgSegmentation/cocci/cocci.126.json,cocci.126.jpg,coccidiosis,0,test,1
../../Data/downloads/zenodo_4628934_poultry_fecal/content (2)/imgSegmentation/cocci/cocci.1260.json,cocci.1260.jpg,coccidiosis,0,train,1
../../Data/downloads/zenodo_4628934_poultry_fecal/content (2)/imgSegmentation/cocci/cocci.1261.json,cocci.1261.jpg,coccidiosis,0,train,1
../../Data/downloads/zenodo_4628934_poultry_fecal/content (2)/imgSegmentation/cocci/cocci.1262.json,cocci.1262.jpg,coccidiosis,0,train,1
../../Data/downloads/zenodo_4628934_poultry_fecal/content (2)/imgSegmentation/cocci/cocci.1263.json,cocci.1263.jpg,coccidiosis,0,test,1
../../Data/downloads/zenodo_4628934_poultry_fecal/content (2)/imgSegmentation/cocci/cocci.1264.json,cocci.1264.jpg,coccidiosis,0,train,1
../../Data/downloads/zenodo_4628934_poultry_fecal/content (2)/imgSegmentation/cocci/cocci.1265.json,cocci.1265.jpg,coccidiosis,0,train,1
../../Data/downloads/zenodo_4628934_poultry_fecal/content (2)/imgSegmentation/cocci/cocci.1266.json,cocci.1266.jpg,coccidiosis,0,val,1
../../Data/downloads/zenodo_4628934_poultry_fecal/content (2)/imgSegmentation/cocci/cocci.1267.json,cocci.1267.jpg,coccidiosis,0,train,1
../../Data/downloads/zenodo_4628934_poultry_fecal/content (2)/imgSegmentation/cocci/cocci.1268.json,cocci.1268.jpg,coccidiosis,0,val,1
../../Data/downloads/zenodo_4628934_poultry_fecal/content (2)/imgSegmentation/cocci/cocci.1269.json,cocci.1269.jpg,coccidiosis,0,train,1
../../Data/downloads/zenodo_4628934_poultry_fecal/content (2)/imgSegmentation/cocci/cocci.127.json,cocci.127.jpg,coccidiosis,0,test,1
../../Data/downloads/zenodo_4628934_poultry_fecal/content (2)/imgSegmentation/cocci/cocci.1270.json,cocci.1270.jpg,coccidiosis,0,train,1
../../Data/downloads/zenodo_4628934_poultry_fecal/content (2)/imgSegmentation/cocci/cocci.1271.json,cocci.1271.jpg,coccidiosis,0,train,1
../../Data/downloads/zenodo_4628934_poultry_fecal/content (2)/imgSegmentation/cocci/cocci.1272.json,cocci.1272.jpg,coccidiosis,0,train,1
../../Data/downloads/zenodo_4628934_poultry_fecal/content (2)/imgSegmentation/cocci/cocci.1273.json,cocci.1273.jpg,coccidiosis,0,val,1
../../Data/downloads/zenodo_4628934_poultry_fecal/content (2)/imgSegmentation/cocci/cocci.1274.json,cocci.1274.jpg,coccidiosis,0,train,1
../../Data/downloads/zenodo_4628934_poultry_fecal/content (2)/imgSegmentation/cocci/cocci.1275.json,cocci.1275.jpg,coccidiosis,0,train,1
../../Data/downloads/zenodo_4628934_poultry_fecal/content (2)/imgSegmentation/cocci/cocci.1276.json,cocci.1276.jpg,coccidiosis,0,val,1
../../Data/downloads/zenodo_4628934_poultry_fecal/content (2)/imgSegmentation/cocci/cocci.1277.json,cocci.1277.jpg,coccidiosis,0,train,1
../../Data/downloads/zenodo_4628934_poultry_fecal/content (2)/imgSegmentation/cocci/cocci.1278.json,cocci.1278.jpg,coccidiosis,0,val,1
../../Data/downloads/zenodo_4628934_poultry_fecal/content (2)/imgSegmentation/cocci/cocci.1279.json,cocci.1279.jpg,coccidiosis,0,train,1
../../Data/downloads/zenodo_4628934_poultry_fecal/content (2)/imgSegmentation/cocci/cocci.128.json,cocci.128.jpg,coccidiosis,0,train,1
../../Data/downloads/zenodo_4628934_poultry_fecal/content (2)/imgSegmentation/cocci/cocci.1280.json,cocci.1280.jpg,coccidiosis,0,train,1
../../Data/downloads/zenodo_4628934_poultry_fecal/content (2)/imgSegmentation/cocci/cocci.1281.json,cocci.1281.jpg,coccidiosis,0,test,1
../../Data/downloads/zenodo_4628934_poultry_fecal/content (2)/imgSegmentation/cocci/cocci.1282.json,cocci.1282.jpg,coccidiosis,0,train,1
../../Data/downloads/zenodo_4628934_poultry_fecal/content (2)/imgSegmentation/cocci/cocci.1283.json,cocci.1283.jpg,coccidiosis,0,val,1
../../Data/downloads/zenodo_4628934_poultry_fecal/content (2)/imgSegmentation/cocci/cocci.1284.json,cocci.1284.jpg,coccidiosis,0,train,1
../../Data/downloads/zenodo_4628934_poultry_fecal/content (2)/imgSegmentation/cocci/cocci.1285.json,cocci.1285.jpg,coccidiosis,0,train,1
../../Data/downloads/zenodo_4628934_poultry_fecal/content (2)/imgSegmentation/cocci/cocci.1286.json,cocci.1286.jpg,coccidiosis,0,train,1
../../Data/downloads/zenodo_4628934_poultry_fecal/content (2)/imgSegmentation/cocci/cocci.1287.json,cocci.1287.jpg,coccidiosis,0,train,1
../../Data/downloads/zenodo_4628934_poultry_fecal/content (2)/imgSegmentation/cocci/cocci.1288.json,cocci.1288.jpg,coccidiosis,0,train,1
../../Data/downloads/zenodo_4628934_poultry_fecal/content (2)/imgSegmentation/cocci/cocci.1289.json,cocci.1289.jpg,coccidiosis,0,train,1
../../Data/downloads/zenodo_4628934_poultry_fecal/content (2)/imgSegmentation/cocci/cocci.129.json,cocci.129.jpg,coccidiosis,0,train,1
../../Data/downloads/zenodo_4628934_poultry_fecal/content (2)/imgSegmentation/cocci/cocci.1290.json,cocci.1290.jpg,coccidiosis,0,train,1
../../Data/downloads/zenodo_4628934_poultry_fecal/content (2)/imgSegmentation/cocci/cocci.1291.json,cocci.1291.jpg,coccidiosis,0,train,1
../../Data/downloads/zenodo_4628934_poultry_fecal/content (2)/imgSegmentation/cocci/cocci.1292.json,cocci.1292.jpg,coccidiosis,0,train,1
../../Data/downloads/zenodo_4628934_poultry_fecal/content (2)/imgSegmentation/cocci/cocci.1293.json,cocci.1293.jpg,coccidiosis,0,train,1
../../Data/downloads/zenodo_4628934_poultry_fecal/content (2)/imgSegmentation/cocci/cocci.1294.json,cocci.1294.jpg,coccidiosis,0,train,1
../../Data/downloads/zenodo_4628934_poultry_fecal/content (2)/imgSegmentation/cocci/cocci.1295.json,cocci.1295.jpg,coccidiosis,0,train,1
../../Data/downloads/zenodo_4628934_poultry_fecal/content (2)/imgSegmentation/cocci/cocci.1296.json,cocci.1296.jpg,coccidiosis,0,val,1
../../Data/downloads/zenodo_4628934_poultry_fecal/content (2)/imgSegmentation/cocci/cocci.1297.json,cocci.1297.jpg,coccidiosis,0,train,1
../../Data/downloads/zenodo_4628934_poultry_fecal/content (2)/imgSegmentation/cocci/cocci.1298.json,cocci.1298.jpg,coccidiosis,0,train,1
../../Data/downloads/zenodo_4628934_poultry_fecal/content (2)/imgSegmentation/cocci/cocci.1299.json,cocci.1299.jpg,coccidiosis,0,train,1
../../Data/downloads/zenodo_4628934_poultry_fecal/content (2)/imgSegmentation/cocci/cocci.13.json,cocci.13.jpg,coccidiosis,0,train,1
../../Data/downloads/zenodo_4628934_poultry_fecal/content (2)/imgSegmentation/cocci/cocci.130.json,cocci.130.jpg,coccidiosis,0,train,1
../../Data/downloads/zenodo_4628934_poultry_fecal/content (2)/imgSegmentation/cocci/cocci.1300.json,cocci.1300.jpg,coccidiosis,0,train,1
../../Data/downloads/zenodo_4628934_poultry_fecal/content (2)/imgSegmentation/cocci/cocci.1301.json,cocci.1301.jpg,coccidiosis,0,train,1
../../Data/downloads/zenodo_4628934_poultry_fecal/content (2)/imgSegmentation/cocci/cocci.1302.json,cocci.1302.jpg,coccidiosis,0,val,1
../../Data/downloads/zenodo_4628934_poultry_fecal/content (2)/imgSegmentation/cocci/cocci.1303.json,cocci.1303.jpg,coccidiosis,0,train,1
../../Data/downloads/zenodo_4628934_poultry_fecal/content (2)/imgSegmentation/cocci/cocci.1304.json,cocci.1304.jpg,coccidiosis,0,train,1
../../Data/downloads/zenodo_4628934_poultry_fecal/content (2)/imgSegmentation/cocci/cocci.1305.json,cocci.1305.jpg,coccidiosis,0,train,1
../../Data/downloads/zenodo_4628934_poultry_fecal/content (2)/imgSegmentation/cocci/cocci.1306.json,cocci.1306.jpg,coccidiosis,0,train,1
../../Data/downloads/zenodo_4628934_poultry_fecal/content (2)/imgSegmentation/cocci/cocci.1307.json,cocci.1307.jpg,coccidiosis,0,test,1
../../Data/downloads/zenodo_4628934_poultry_fecal/content (2)/imgSegmentation/cocci/cocci.1308.json,cocci.1308.jpg,coccidiosis,0,test,1
../../Data/downloads/zenodo_4628934_poultry_fecal/content (2)/imgSegmentation/cocci/cocci.1309.json,cocci.1309.jpg,coccidiosis,0,train,1
../../Data/downloads/zenodo_4628934_poultry_fecal/content (2)/imgSegmentation/cocci/cocci.131.json,cocci.131.jpg,coccidiosis,0,train,1
../../Data/downloads/zenodo_4628934_poultry_fecal/content (2)/imgSegmentation/cocci/cocci.1310.json,cocci.1310.jpg,coccidiosis,0,train,1
../../Data/downloads/zenodo_4628934_poultry_fecal/content (2)/imgSegmentation/cocci/cocci.1311.json,cocci.1311.jpg,coccidiosis,0,train,1
../../Data/downloads/zenodo_4628934_poultry_fecal/content (2)/imgSegmentation/cocci/cocci.1312.json,cocci.1312.jpg,coccidiosis,0,test,1
../../Data/downloads/zenodo_4628934_poultry_fecal/content (2)/imgSegmentation/cocci/cocci.1313.json,cocci.1313.jpg,coccidiosis,0,train,1
../../Data/downloads/zenodo_4628934_poultry_fecal/content (2)/imgSegmentation/cocci/cocci.1314.json,cocci.1314.jpg,coccidiosis,0,train,1
../../Data/downloads/zenodo_4628934_poultry_fecal/content (2)/imgSegmentation/cocci/cocci.1315.json,cocci.1315.jpg,coccidiosis,0,val,1
../../Data/downloads/zenodo_4628934_poultry_fecal/content (2)/imgSegmentation/cocci/cocci.1316.json,cocci.1316.jpg,coccidiosis,0,train,1
../../Data/downloads/zenodo_4628934_poultry_fecal/content (2)/imgSegmentation/cocci/cocci.1317.json,cocci.1317.jpg,coccidiosis,0,test,1
../../Data/downloads/zenodo_4628934_poultry_fecal/content (2)/imgSegmentation/cocci/cocci.1318.json,cocci.1318.jpg,coccidiosis,0,train,1
../../Data/downloads/zenodo_4628934_poultry_fecal/content (2)/imgSegmentation/cocci/cocci.1319.json,cocci.1319.jpg,coccidiosis,0,val,1
../../Data/downloads/zenodo_4628934_poultry_fecal/content (2)/imgSegmentation/cocci/cocci.132.json,cocci.132.jpg,coccidiosis,0,train,1
../../Data/downloads/zenodo_4628934_poultry_fecal/content (2)/imgSegmentation/cocci/cocci.1320.json,cocci.1320.jpg,coccidiosis,0,val,1
../../Data/downloads/zenodo_4628934_poultry_fecal/content (2)/imgSegmentation/cocci/cocci.1321.json,cocci.1321.jpg,coccidiosis,0,val,1
../../Data/downloads/zenodo_4628934_poultry_fecal/content (2)/imgSegmentation/cocci/cocci.1322.json,cocci.1322.jpg,coccidiosis,0,train,1
../../Data/downloads/zenodo_4628934_poultry_fecal/content (2)/imgSegmentation/cocci/cocci.1323.json,cocci.1323.jpg,coccidiosis,0,train,1
../../Data/downloads/zenodo_4628934_poultry_fecal/content (2)/imgSegmentation/cocci/cocci.1324.json,cocci.1324.jpg,coccidiosis,0,train,1
../../Data/downloads/zenodo_4628934_poultry_fecal/content (2)/imgSegmentation/cocci/cocci.1325.json,cocci.1325.jpg,coccidiosis,0,test,1
../../Data/downloads/zenodo_4628934_poultry_fecal/content (2)/imgSegmentation/cocci/cocci.1326.json,cocci.1326.jpg,coccidiosis,0,train,1
../../Data/downloads/zenodo_4628934_poultry_fecal/content (2)/imgSegmentation/cocci/cocci.1327.json,cocci.1327.jpg,coccidiosis,0,train,1
../../Data/downloads/zenodo_4628934_poultry_fecal/content (2)/imgSegmentation/cocci/cocci.1328.json,cocci.1328.jpg,coccidiosis,0,train,1
../../Data/downloads/zenodo_4628934_poultry_fecal/content (2)/imgSegmentation/cocci/cocci.1329.json,cocci.1329.jpg,coccidiosis,0,test,1
../../Data/downloads/zenodo_4628934_poultry_fecal/content (2)/imgSegmentation/cocci/cocci.133.json,cocci.133.jpg,coccidiosis,0,train,1
../../Data/downloads/zenodo_4628934_poultry_fecal/content (2)/imgSegmentation/cocci/cocci.1330.json,cocci.1330.jpg,coccidiosis,0,test,1
../../Data/downloads/zenodo_4628934_poultry_fecal/content (2)/imgSegmentation/cocci/cocci.1331.json,cocci.1331.jpg,coccidiosis,0,train,1
../../Data/downloads/zenodo_4628934_poultry_fecal/content (2)/imgSegmentation/cocci/cocci.1332.json,cocci.1332.jpg,coccidiosis,0,train,1
../../Data/downloads/zenodo_4628934_poultry_fecal/content (2)/imgSegmentation/cocci/cocci.1333.json,cocci.1333.jpg,coccidiosis,0,train,1
../../Data/downloads/zenodo_4628934_poultry_fecal/content (2)/imgSegmentation/cocci/cocci.1334.json,cocci.1334.jpg,coccidiosis,0,train,1
../../Data/downloads/zenodo_4628934_poultry_fecal/content (2)/imgSegmentation/cocci/cocci.1335.json,cocci.1335.jpg,coccidiosis,0,train,1
../../Data/downloads/zenodo_4628934_poultry_fecal/content (2)/imgSegmentation/cocci/cocci.1336.json,cocci.1336.jpg,coccidiosis,0,train,1
../../Data/downloads/zenodo_4628934_poultry_fecal/content (2)/imgSegmentation/cocci/cocci.1337.json,cocci.1337.jpg,coccidiosis,0,train,1
../../Data/downloads/zenodo_4628934_poultry_fecal/content (2)/imgSegmentation/cocci/cocci.1338.json,cocci.1338.jpg,coccidiosis,0,train,1
../../Data/downloads/zenodo_4628934_poultry_fecal/content (2)/imgSegmentation/cocci/cocci.1339.json,cocci.1339.jpg,coccidiosis,0,train,1
../../Data/downloads/zenodo_4628934_poultry_fecal/content (2)/imgSegmentation/cocci/cocci.134.json,cocci.134.jpg,coccidiosis,0,train,1
../../Data/downloads/zenodo_4628934_poultry_fecal/content (2)/imgSegmentation/cocci/cocci.1340.json,cocci.1340.jpg,coccidiosis,0,train,1
../../Data/downloads/zenodo_4628934_poultry_fecal/content (2)/imgSegmentation/cocci/cocci.1341.json,cocci.1341.jpg,coccidiosis,0,test,1
../../Data/downloads/zenodo_4628934_poultry_fecal/content (2)/imgSegmentation/cocci/cocci.1342.json,cocci.1342.jpg,coccidiosis,0,train,1
../../Data/downloads/zenodo_4628934_poultry_fecal/content (2)/imgSegmentation/cocci/cocci.1343.json,cocci.1343.jpg,coccidiosis,0,test,1
../../Data/downloads/zenodo_4628934_poultry_fecal/content (2)/imgSegmentation/cocci/cocci.1344.json,cocci.1344.jpg,coccidiosis,0,train,1
../../Data/downloads/zenodo_4628934_poultry_fecal/content (2)/imgSegmentation/cocci/cocci.1345.json,cocci.1345.jpg,coccidiosis,0,train,1
../../Data/downloads/zenodo_4628934_poultry_fecal/content (2)/imgSegmentation/cocci/cocci.1346.json,cocci.1346.jpg,coccidiosis,0,train,1
../../Data/downloads/zenodo_4628934_poultry_fecal/content (2)/imgSegmentation/cocci/cocci.1347.json,cocci.1347.jpg,coccidiosis,0,train,1
../../Data/downloads/zenodo_4628934_poultry_fecal/content (2)/imgSegmentation/cocci/cocci.1348.json,cocci.1348.jpg,coccidiosis,0,train,1
../../Data/downloads/zenodo_4628934_poultry_fecal/content (2)/imgSegmentation/cocci/cocci.1349.json,cocci.1349.jpg,coccidiosis,0,train,1
../../Data/downloads/zenodo_4628934_poultry_fecal/content (2)/imgSegmentation/cocci/cocci.135.json,cocci.135.jpg,coccidiosis,0,train,1
../../Data/downloads/zenodo_4628934_poultry_fecal/content (2)/imgSegmentation/cocci/cocci.1350.json,cocci.1350.jpg,coccidiosis,0,train,1
../../Data/downloads/zenodo_4628934_poultry_fecal/content (2)/imgSegmentation/cocci/cocci.1351.json,cocci.1351.jpg,coccidiosis,0,val,1
../../Data/downloads/zenodo_4628934_poultry_fecal/content (2)/imgSegmentation/cocci/cocci.1352.json,cocci.1352.jpg,coccidiosis,0,train,1
../../Data/downloads/zenodo_4628934_poultry_fecal/content (2)/imgSegmentation/cocci/cocci.1353.json,cocci.1353.jpg,coccidiosis,0,test,1
../../Data/downloads/zenodo_4628934_poultry_fecal/content (2)/imgSegmentation/cocci/cocci.1354.json,cocci.1354.jpg,coccidiosis,0,test,1
../../Data/downloads/zenodo_4628934_poultry_fecal/content (2)/imgSegmentation/cocci/cocci.1355.json,cocci.1355.jpg,coccidiosis,0,train,1
../../Data/downloads/zenodo_4628934_poultry_fecal/content (2)/imgSegmentation/cocci/cocci.1356.json,cocci.1356.jpg,coccidiosis,0,val,1
../../Data/downloads/zenodo_4628934_poultry_fecal/content (2)/imgSegmentation/cocci/cocci.1357.json,cocci.1357.jpg,coccidiosis,0,train,1
../../Data/downloads/zenodo_4628934_poultry_fecal/content (2)/imgSegmentation/cocci/cocci.1358.json,cocci.1358.jpg,coccidiosis,0,train,1
../../Data/downloads/zenodo_4628934_poultry_fecal/content (2)/imgSegmentation/cocci/cocci.1359.json,cocci.1359.jpg,coccidiosis,0,train,1
../../Data/downloads/zenodo_4628934_poultry_fecal/content (2)/imgSegmentation/cocci/cocci.136.json,cocci.136.jpg,coccidiosis,0,train,1
../../Data/downloads/zenodo_4628934_poultry_fecal/content (2)/imgSegmentation/cocci/cocci.1360.json,cocci.1360.jpg,coccidiosis,0,test,1
../../Data/downloads/zenodo_4628934_poultry_fecal/content (2)/imgSegmentation/cocci/cocci.1361.json,cocci.1361.jpg,coccidiosis,0,train,1
../../Data/downloads/zenodo_4628934_poultry_fecal/content (2)/imgSegmentation/cocci/cocci.1362.json,cocci.1362.jpg,coccidiosis,0,train,1
../../Data/downloads/zenodo_4628934_poultry_fecal/content (2)/imgSegmentation/cocci/cocci.1363.json,cocci.1363.jpg,coccidiosis,0,train,1
../../Data/downloads/zenodo_4628934_poultry_fecal/content (2)/imgSegmentation/cocci/cocci.1364.json,cocci.1364.jpg,coccidiosis,0,train,1
../../Data/downloads/zenodo_4628934_poultry_fecal/content (2)/imgSegmentation/cocci/cocci.1365.json,cocci.1365.jpg,coccidiosis,0,train,1
../../Data/downloads/zenodo_4628934_poultry_fecal/content (2)/imgSegmentation/cocci/cocci.1366.json,cocci.1366.jpg,coccidiosis,0,train,1
../../Data/downloads/zenodo_4628934_poultry_fecal/content (2)/imgSegmentation/cocci/cocci.1367.json,cocci.1367.jpg,coccidiosis,0,train,1
../../Data/downloads/zenodo_4628934_poultry_fecal/content (2)/imgSegmentation/cocci/cocci.1368.json,cocci.1368.jpg,coccidiosis,0,test,1
../../Data/downloads/zenodo_4628934_poultry_fecal/content (2)/imgSegmentation/cocci/cocci.1369.json,cocci.1369.jpg,coccidiosis,0,train,1
../../Data/downloads/zenodo_4628934_poultry_fecal/content (2)/imgSegmentation/cocci/cocci.137.json,cocci.137.jpg,coccidiosis,0,train,1
../../Data/downloads/zenodo_4628934_poultry_fecal/content (2)/imgSegmentation/cocci/cocci.1370.json,cocci.1370.jpg,coccidiosis,0,train,1
../../Data/downloads/zenodo_4628934_poultry_fecal/content (2)/imgSegmentation/cocci/cocci.1371.json,cocci.1371.jpg,coccidiosis,0,train,1
../../Data/downloads/zenodo_4628934_poultry_fecal/content (2)/imgSegmentation/cocci/cocci.1372.json,cocci.1372.jpg,coccidiosis,0,train,1
../../Data/downloads/zenodo_4628934_poultry_fecal/content (2)/imgSegmentation/cocci/cocci.1373.json,cocci.1373.jpg,coccidiosis,0,train,1
../../Data/downloads/zenodo_4628934_poultry_fecal/content (2)/imgSegmentation/cocci/cocci.1374.json,cocci.1374.jpg,coccidiosis,0,val,1
../../Data/downloads/zenodo_4628934_poultry_fecal/content (2)/imgSegmentation/cocci/cocci.1375.json,cocci.1375.jpg,coccidiosis,0,val,1
../../Data/downloads/zenodo_4628934_poultry_fecal/content (2)/imgSegmentation/cocci/cocci.1376.json,cocci.1376.jpg,coccidiosis,0,train,1
../../Data/downloads/zenodo_4628934_poultry_fecal/content (2)/imgSegmentation/cocci/cocci.1377.json,cocci.1377.jpg,coccidiosis,0,train,1
../../Data/downloads/zenodo_4628934_poultry_fecal/content (2)/imgSegmentation/cocci/cocci.1378.json,cocci.1378.jpg,coccidiosis,0,train,1
../../Data/downloads/zenodo_4628934_poultry_fecal/content (2)/imgSegmentation/cocci/cocci.1379.json,cocci.1379.jpg,coccidiosis,0,train,1
../../Data/downloads/zenodo_4628934_poultry_fecal/content (2)/imgSegmentation/cocci/cocci.138.json,cocci.138.jpg,coccidiosis,0,train,1
../../Data/downloads/zenodo_4628934_poultry_fecal/content (2)/imgSegmentation/cocci/cocci.1380.json,cocci.1380.jpg,coccidiosis,0,test,1
../../Data/downloads/zenodo_4628934_poultry_fecal/content (2)/imgSegmentation/cocci/cocci.1381.json,cocci.1381.jpg,coccidiosis,0,train,1
../../Data/downloads/zenodo_4628934_poultry_fecal/content (2)/imgSegmentation/cocci/cocci.1382.json,cocci.1382.jpg,coccidiosis,0,train,1
../../Data/downloads/zenodo_4628934_poultry_fecal/content (2)/imgSegmentation/cocci/cocci.1383.json,cocci.1383.jpg,coccidiosis,0,train,1
../../Data/downloads/zenodo_4628934_poultry_fecal/content (2)/imgSegmentation/cocci/cocci.1384.json,cocci.1384.jpg,coccidiosis,0,train,1
../../Data/downloads/zenodo_4628934_poultry_fecal/content (2)/imgSegmentation/cocci/cocci.1385.json,cocci.1385.jpg,coccidiosis,0,val,1
../../Data/downloads/zenodo_4628934_poultry_fecal/content (2)/imgSegmentation/cocci/cocci.1386.json,cocci.1386.jpg,coccidiosis,0,train,1
../../Data/downloads/zenodo_4628934_poultry_fecal/content (2)/imgSegmentation/cocci/cocci.1387.json,cocci.1387.jpg,coccidiosis,0,test,1
../../Data/downloads/zenodo_4628934_poultry_fecal/content (2)/imgSegmentation/cocci/cocci.1388.json,cocci.1388.jpg,coccidiosis,0,train,1
../../Data/downloads/zenodo_4628934_poultry_fecal/content (2)/imgSegmentation/cocci/cocci.1389.json,cocci.1389.jpg,coccidiosis,0,train,1
../../Data/downloads/zenodo_4628934_poultry_fecal/content (2)/imgSegmentation/cocci/cocci.139.json,cocci.139.jpg,coccidiosis,0,train,1
../../Data/downloads/zenodo_4628934_poultry_fecal/content (2)/imgSegmentation/cocci/cocci.1390.json,cocci.1390.jpg,coccidiosis,0,test,1
../../Data/downloads/zenodo_4628934_poultry_fecal/content (2)/imgSegmentation/cocci/cocci.1391.json,cocci.1391.jpg,coccidiosis,0,train,1
../../Data/downloads/zenodo_4628934_poultry_fecal/content (2)/imgSegmentation/cocci/cocci.1392.json,cocci.1392.jpg,coccidiosis,0,test,1
../../Data/downloads/zenodo_4628934_poultry_fecal/content (2)/imgSegmentation/cocci/cocci.1393.json,cocci.1393.jpg,coccidiosis,0,test,1
../../Data/downloads/zenodo_4628934_poultry_fecal/content (2)/imgSegmentation/cocci/cocci.1394.json,cocci.1394.jpg,coccidiosis,0,train,1
../../Data/downloads/zenodo_4628934_poultry_fecal/content (2)/imgSegmentation/cocci/cocci.1395.json,cocci.1395.jpg,coccidiosis,0,train,1
../../Data/downloads/zenodo_4628934_poultry_fecal/content (2)/imgSegmentation/cocci/cocci.1396.json,cocci.1396.jpg,coccidiosis,0,train,1
../../Data/downloads/zenodo_4628934_poultry_fecal/content (2)/imgSegmentation/cocci/cocci.1397.json,cocci.1397.jpg,coccidiosis,0,train,1
../../Data/downloads/zenodo_4628934_poultry_fecal/content (2)/imgSegmentation/cocci/cocci.1398.json,cocci.1398.jpg,coccidiosis,0,train,1
../../Data/downloads/zenodo_4628934_poultry_fecal/content (2)/imgSegmentation/cocci/cocci.1399.json,cocci.1399.jpg,coccidiosis,0,train,1
../../Data/downloads/zenodo_4628934_poultry_fecal/content (2)/imgSegmentation/cocci/cocci.14.json,cocci.14.jpg,coccidiosis,0,train,1
../../Data/downloads/zenodo_4628934_poultry_fecal/content (2)/imgSegmentation/cocci/cocci.140.json,cocci.140.jpg,coccidiosis,0,val,1
../../Data/downloads/zenodo_4628934_poultry_fecal/content (2)/imgSegmentation/cocci/cocci.1400.json,cocci.1400.jpg,coccidiosis,0,train,1
../../Data/downloads/zenodo_4628934_poultry_fecal/content (2)/imgSegmentation/cocci/cocci.1401.json,cocci.1401.jpg,coccidiosis,0,train,1
../../Data/downloads/zenodo_4628934_poultry_fecal/content (2)/imgSegmentation/cocci/cocci.1402.json,cocci.1402.jpg,coccidiosis,0,train,1
../../Data/downloads/zenodo_4628934_poultry_fecal/content (2)/imgSegmentation/cocci/cocci.1403.json,cocci.1403.jpg,coccidiosis,0,val,1
../../Data/downloads/zenodo_4628934_poultry_fecal/content (2)/imgSegmentation/cocci/cocci.1404.json,cocci.1404.jpg,coccidiosis,0,test,1
../../Data/downloads/zenodo_4628934_poultry_fecal/content (2)/imgSegmentation/cocci/cocci.1405.json,cocci.1405.jpg,coccidiosis,0,train,1
../../Data/downloads/zenodo_4628934_poultry_fecal/content (2)/imgSegmentation/cocci/cocci.1406.json,cocci.1406.jpg,coccidiosis,0,val,1
../../Data/downloads/zenodo_4628934_poultry_fecal/content (2)/imgSegmentation/cocci/cocci.1407.json,cocci.1407.jpg,coccidiosis,0,test,1
../../Data/downloads/zenodo_4628934_poultry_fecal/content (2)/imgSegmentation/cocci/cocci.1408.json,cocci.1408.jpg,coccidiosis,0,val,1
../../Data/downloads/zenodo_4628934_poultry_fecal/content (2)/imgSegmentation/cocci/cocci.1409.json,cocci.1409.jpg,coccidiosis,0,test,1
../../Data/downloads/zenodo_4628934_poultry_fecal/content (2)/imgSegmentation/cocci/cocci.141.json,cocci.141.jpg,coccidiosis,0,val,1
../../Data/downloads/zenodo_4628934_poultry_fecal/content (2)/imgSegmentation/cocci/cocci.1410.json,cocci.1410.jpg,coccidiosis,0,train,1
../../Data/downloads/zenodo_4628934_poultry_fecal/content (2)/imgSegmentation/cocci/cocci.1411.json,cocci.1411.jpg,coccidiosis,0,train,1
../../Data/downloads/zenodo_4628934_poultry_fecal/content (2)/imgSegmentation/cocci/cocci.1412.json,cocci.1412.jpg,coccidiosis,0,train,1
../../Data/downloads/zenodo_4628934_poultry_fecal/content (2)/imgSegmentation/cocci/cocci.1413.json,cocci.1413.jpg,coccidiosis,0,train,1
../../Data/downloads/zenodo_4628934_poultry_fecal/content (2)/imgSegmentation/cocci/cocci.1414.json,cocci.1414.jpg,coccidiosis,0,train,1
../../Data/downloads/zenodo_4628934_poultry_fecal/content (2)/imgSegmentation/cocci/cocci.1415.json,cocci.1415.jpg,coccidiosis,0,test,1
../../Data/downloads/zenodo_4628934_poultry_fecal/content (2)/imgSegmentation/cocci/cocci.1416.json,cocci.1416.jpg,coccidiosis,0,train,1
../../Data/downloads/zenodo_4628934_poultry_fecal/content (2)/imgSegmentation/cocci/cocci.1417.json,cocci.1417.jpg,coccidiosis,0,test,1
../../Data/downloads/zenodo_4628934_poultry_fecal/content (2)/imgSegmentation/cocci/cocci.1418.json,cocci.1418.jpg,coccidiosis,0,train,1
../../Data/downloads/zenodo_4628934_poultry_fecal/content (2)/imgSegmentation/cocci/cocci.1419.json,cocci.1419.jpg,coccidiosis,0,train,1
../../Data/downloads/zenodo_4628934_poultry_fecal/content (2)/imgSegmentation/cocci/cocci.142.json,cocci.142.jpg,coccidiosis,0,val,1
../../Data/downloads/zenodo_4628934_poultry_fecal/content (2)/imgSegmentation/cocci/cocci.1420.json,cocci.1420.jpg,coccidiosis,0,train,1
../../Data/downloads/zenodo_4628934_poultry_fecal/content (2)/imgSegmentation/cocci/cocci.1421.json,cocci.1421.jpg,coccidiosis,0,train,1
../../Data/downloads/zenodo_4628934_poultry_fecal/content (2)/imgSegmentation/cocci/cocci.1422.json,cocci.1422.jpg,coccidiosis,0,train,1
../../Data/downloads/zenodo_4628934_poultry_fecal/content (2)/imgSegmentation/cocci/cocci.1423.json,cocci.1423.jpg,coccidiosis,0,val,1
../../Data/downloads/zenodo_4628934_poultry_fecal/content (2)/imgSegmentation/cocci/cocci.1424.json,cocci.1424.jpg,coccidiosis,0,train,1
../../Data/downloads/zenodo_4628934_poultry_fecal/content (2)/imgSegmentation/cocci/cocci.1425.json,cocci.1425.jpg,coccidiosis,0,val,1
../../Data/downloads/zenodo_4628934_poultry_fecal/content (2)/imgSegmentation/cocci/cocci.1426.json,cocci.1426.jpg,coccidiosis,0,train,1
../../Data/downloads/zenodo_4628934_poultry_fecal/content (2)/imgSegmentation/cocci/cocci.1427.json,cocci.1427.jpg,coccidiosis,0,train,1
../../Data/downloads/zenodo_4628934_poultry_fecal/content (2)/imgSegmentation/cocci/cocci.1428.json,cocci.1428.jpg,coccidiosis,0,train,1
../../Data/downloads/zenodo_4628934_poultry_fecal/content (2)/imgSegmentation/cocci/cocci.1429.json,cocci.1429.jpg,coccidiosis,0,train,1
../../Data/downloads/zenodo_4628934_poultry_fecal/content (2)/imgSegmentation/cocci/cocci.143.json,cocci.143.jpg,coccidiosis,0,train,1
../../Data/downloads/zenodo_4628934_poultry_fecal/content (2)/imgSegmentation/cocci/cocci.1430.json,cocci.1430.jpg,coccidiosis,0,train,1
../../Data/downloads/zenodo_4628934_poultry_fecal/content (2)/imgSegmentation/cocci/cocci.1431.json,cocci.1431.jpg,coccidiosis,0,test,1
../../Data/downloads/zenodo_4628934_poultry_fecal/content (2)/imgSegmentation/cocci/cocci.1432.json,cocci.1432.jpg,coccidiosis,0,train,1
../../Data/downloads/zenodo_4628934_poultry_fecal/content (2)/imgSegmentation/cocci/cocci.1433.json,cocci.1433.jpg,coccidiosis,0,train,1
../../Data/downloads/zenodo_4628934_poultry_fecal/content (2)/imgSegmentation/cocci/cocci.1434.json,cocci.1434.jpg,coccidiosis,0,train,1
../../Data/downloads/zenodo_4628934_poultry_fecal/content (2)/imgSegmentation/cocci/cocci.1435.json,cocci.1435.jpg,coccidiosis,0,val,1
../../Data/downloads/zenodo_4628934_poultry_fecal/content (2)/imgSegmentation/cocci/cocci.1436.json,cocci.1436.jpg,coccidiosis,0,train,1
../../Data/downloads/zenodo_4628934_poultry_fecal/content (2)/imgSegmentation/cocci/cocci.1437.json,cocci.1437.jpg,coccidiosis,0,train,1
../../Data/downloads/zenodo_4628934_poultry_fecal/content (2)/imgSegmentation/cocci/cocci.1438.json,cocci.1438.jpg,coccidiosis,0,train,1
../../Data/downloads/zenodo_4628934_poultry_fecal/content (2)/imgSegmentation/cocci/cocci.1439.json,cocci.1439.jpg,coccidiosis,0,test,1
../../Data/downloads/zenodo_4628934_poultry_fecal/content (2)/imgSegmentation/cocci/cocci.144.json,cocci.144.jpg,coccidiosis,0,train,1
../../Data/downloads/zenodo_4628934_poultry_fecal/content (2)/imgSegmentation/cocci/cocci.1440.json,cocci.1440.jpg,coccidiosis,0,val,1
../../Data/downloads/zenodo_4628934_poultry_fecal/content (2)/imgSegmentation/cocci/cocci.1441.json,cocci.1441.jpg,coccidiosis,0,train,1
../../Data/downloads/zenodo_4628934_poultry_fecal/content (2)/imgSegmentation/cocci/cocci.1442.json,cocci.1442.jpg,coccidiosis,0,train,1
../../Data/downloads/zenodo_4628934_poultry_fecal/content (2)/imgSegmentation/cocci/cocci.1443.json,cocci.1443.jpg,coccidiosis,0,train,1
../../Data/downloads/zenodo_4628934_poultry_fecal/content (2)/imgSegmentation/cocci/cocci.1444.json,cocci.1444.jpg,coccidiosis,0,train,1
../../Data/downloads/zenodo_4628934_poultry_fecal/content (2)/imgSegmentation/cocci/cocci.1445.json,cocci.1445.jpg,coccidiosis,0,train,1
../../Data/downloads/zenodo_4628934_poultry_fecal/content (2)/imgSegmentation/cocci/cocci.1446.json,cocci.1446.jpg,coccidiosis,0,train,1
../../Data/downloads/zenodo_4628934_poultry_fecal/content (2)/imgSegmentation/cocci/cocci.1447.json,cocci.1447.jpg,coccidiosis,0,test,1
../../Data/downloads/zenodo_4628934_poultry_fecal/content (2)/imgSegmentation/cocci/cocci.1448.json,cocci.1448.jpg,coccidiosis,0,train,1
../../Data/downloads/zenodo_4628934_poultry_fecal/content (2)/imgSegmentation/cocci/cocci.1449.json,cocci.1449.jpg,coccidiosis,0,val,1
../../Data/downloads/zenodo_4628934_poultry_fecal/content (2)/imgSegmentation/cocci/cocci.145.json,cocci.145.jpg,coccidiosis,0,train,1
../../Data/downloads/zenodo_4628934_poultry_fecal/content (2)/imgSegmentation/cocci/cocci.1450.json,cocci.1450.jpg,coccidiosis,0,train,1
../../Data/downloads/zenodo_4628934_poultry_fecal/content (2)/imgSegmentation/cocci/cocci.1451.json,cocci.1451.jpg,coccidiosis,0,val,1
../../Data/downloads/zenodo_4628934_poultry_fecal/content (2)/imgSegmentation/cocci/cocci.1452.json,cocci.1452.jpg,coccidiosis,0,train,1
../../Data/downloads/zenodo_4628934_poultry_fecal/content (2)/imgSegmentation/cocci/cocci.1453.json,cocci.1453.jpg,coccidiosis,0,val,1
../../Data/downloads/zenodo_4628934_poultry_fecal/content (2)/imgSegmentation/cocci/cocci.1454.json,cocci.1454.jpg,coccidiosis,0,train,1
../../Data/downloads/zenodo_4628934_poultry_fecal/content (2)/imgSegmentation/cocci/cocci.1455.json,cocci.1455.jpg,coccidiosis,0,train,1
../../Data/downloads/zenodo_4628934_poultry_fecal/content (2)/imgSegmentation/cocci/cocci.1456.json,cocci.1456.jpg,coccidiosis,0,train,1
../../Data/downloads/zenodo_4628934_poultry_fecal/content (2)/imgSegmentation/cocci/cocci.1457.json,cocci.1457.jpg,coccidiosis,0,train,1
../../Data/downloads/zenodo_4628934_poultry_fecal/content (2)/imgSegmentation/cocci/cocci.1458.json,cocci.1458.jpg,coccidiosis,0,train,1
../../Data/downloads/zenodo_4628934_poultry_fecal/content (2)/imgSegmentation/cocci/cocci.1459.json,cocci.1459.jpg,coccidiosis,0,train,1
../../Data/downloads/zenodo_4628934_poultry_fecal/content (2)/imgSegmentation/cocci/cocci.146.json,cocci.146.jpg,coccidiosis,0,val,1
../../Data/downloads/zenodo_4628934_poultry_fecal/content (2)/imgSegmentation/cocci/cocci.1460.json,cocci.1460.jpg,coccidiosis,0,train,1
../../Data/downloads/zenodo_4628934_poultry_fecal/content (2)/imgSegmentation/cocci/cocci.1461.json,cocci.1461.jpg,coccidiosis,0,test,1
../../Data/downloads/zenodo_4628934_poultry_fecal/content (2)/imgSegmentation/cocci/cocci.1462.json,cocci.1462.jpg,coccidiosis,0,train,1
../../Data/downloads/zenodo_4628934_poultry_fecal/content (2)/imgSegmentation/cocci/cocci.1463.json,cocci.1463.jpg,coccidiosis,0,train,1
../../Data/downloads/zenodo_4628934_poultry_fecal/content (2)/imgSegmentation/cocci/cocci.1464.json,cocci.1464.jpg,coccidiosis,0,train,1
../../Data/downloads/zenodo_4628934_poultry_fecal/content (2)/imgSegmentation/cocci/cocci.1465.json,cocci.1465.jpg,coccidiosis,0,train,1
../../Data/downloads/zenodo_4628934_poultry_fecal/content (2)/imgSegmentation/cocci/cocci.1466.json,cocci.1466.jpg,coccidiosis,0,train,1
../../Data/downloads/zenodo_4628934_poultry_fecal/content (2)/imgSegmentation/cocci/cocci.1467.json,cocci.1467.jpg,coccidiosis,0,train,1
../../Data/downloads/zenodo_4628934_poultry_fecal/content (2)/imgSegmentation/cocci/cocci.1468.json,cocci.1468.jpg,coccidiosis,0,test,1
../../Data/downloads/zenodo_4628934_poultry_fecal/content (2)/imgSegmentation/cocci/cocci.1469.json,cocci.1469.jpg,coccidiosis,0,train,1
../../Data/downloads/zenodo_4628934_poultry_fecal/content (2)/imgSegmentation/cocci/cocci.147.json,cocci.147.jpg,coccidiosis,0,train,1
../../Data/downloads/zenodo_4628934_poultry_fecal/content (2)/imgSegmentation/cocci/cocci.1470.json,cocci.1470.jpg,coccidiosis,0,train,1
../../Data/downloads/zenodo_4628934_poultry_fecal/content (2)/imgSegmentation/cocci/cocci.1471.json,cocci.1471.jpg,coccidiosis,0,train,1
../../Data/downloads/zenodo_4628934_poultry_fecal/content (2)/imgSegmentation/cocci/cocci.1472.json,cocci.1472.jpg,coccidiosis,0,train,1
../../Data/downloads/zenodo_4628934_poultry_fecal/content (2)/imgSegmentation/cocci/cocci.1473.json,cocci.1473.jpg,coccidiosis,0,train,1
../../Data/downloads/zenodo_4628934_poultry_fecal/content (2)/imgSegmentation/cocci/cocci.1474.json,cocci.1474.jpg,coccidiosis,0,train,1
../../Data/downloads/zenodo_4628934_poultry_fecal/content (2)/imgSegmentation/cocci/cocci.1475.json,cocci.1475.jpg,coccidiosis,0,train,1
../../Data/downloads/zenodo_4628934_poultry_fecal/content (2)/imgSegmentation/cocci/cocci.1476.json,cocci.1476.jpg,coccidiosis,0,train,1
../../Data/downloads/zenodo_4628934_poultry_fecal/content (2)/imgSegmentation/cocci/cocci.1477.json,cocci.1477.jpg,coccidiosis,0,train,1
../../Data/downloads/zenodo_4628934_poultry_fecal/content (2)/imgSegmentation/cocci/cocci.1478.json,cocci.1478.jpg,coccidiosis,0,train,1
../../Data/downloads/zenodo_4628934_poultry_fecal/content (2)/imgSegmentation/cocci/cocci.1479.json,cocci.1479.jpg,coccidiosis,0,train,1
../../Data/downloads/zenodo_4628934_poultry_fecal/content (2)/imgSegmentation/cocci/cocci.148.json,cocci.148.jpg,coccidiosis,0,train,1
../../Data/downloads/zenodo_4628934_poultry_fecal/content (2)/imgSegmentation/cocci/cocci.1480.json,cocci.1480.jpg,coccidiosis,0,test,1
../../Data/downloads/zenodo_4628934_poultry_fecal/content (2)/imgSegmentation/cocci/cocci.1481.json,cocci.1481.jpg,coccidiosis,0,train,1
../../Data/downloads/zenodo_4628934_poultry_fecal/content (2)/imgSegmentation/cocci/cocci.1482.json,cocci.1482.jpg,coccidiosis,0,train,1
../../Data/downloads/zenodo_4628934_poultry_fecal/content (2)/imgSegmentation/cocci/cocci.1483.json,cocci.1483.jpg,coccidiosis,0,train,1
../../Data/downloads/zenodo_4628934_poultry_fecal/content (2)/imgSegmentation/cocci/cocci.1484.json,cocci.1484.jpg,coccidiosis,0,test,1
../../Data/downloads/zenodo_4628934_poultry_fecal/content (2)/imgSegmentation/cocci/cocci.1485.json,cocci.1485.jpg,coccidiosis,0,val,1
../../Data/downloads/zenodo_4628934_poultry_fecal/content (2)/imgSegmentation/cocci/cocci.1486.json,cocci.1486.jpg,coccidiosis,0,test,1
../../Data/downloads/zenodo_4628934_poultry_fecal/content (2)/imgSegmentation/cocci/cocci.1487.json,cocci.1487.jpg,coccidiosis,0,test,1
../../Data/downloads/zenodo_4628934_poultry_fecal/content (2)/imgSegmentation/cocci/cocci.1488.json,cocci.1488.jpg,coccidiosis,0,train,1
../../Data/downloads/zenodo_4628934_poultry_fecal/content (2)/imgSegmentation/cocci/cocci.1489.json,cocci.1489.jpg,coccidiosis,0,val,1
../../Data/downloads/zenodo_4628934_poultry_fecal/content (2)/imgSegmentation/cocci/cocci.149.json,cocci.149.jpg,coccidiosis,0,train,1
../../Data/downloads/zenodo_4628934_poultry_fecal/content (2)/imgSegmentation/cocci/cocci.1490.json,cocci.1490.jpg,coccidiosis,0,train,1
../../Data/downloads/zenodo_4628934_poultry_fecal/content (2)/imgSegmentation/cocci/cocci.1491.json,cocci.1491.jpg,coccidiosis,0,test,1
../../Data/downloads/zenodo_4628934_poultry_fecal/content (2)/imgSegmentation/cocci/cocci.1492.json,cocci.1492.jpg,coccidiosis,0,train,1
../../Data/downloads/zenodo_4628934_poultry_fecal/content (2)/imgSegmentation/cocci/cocci.1493.json,cocci.1493.jpg,coccidiosis,0,test,1
../../Data/downloads/zenodo_4628934_poultry_fecal/content (2)/imgSegmentation/cocci/cocci.1494.json,cocci.1494.jpg,coccidiosis,0,train,1
../../Data/downloads/zenodo_4628934_poultry_fecal/content (2)/imgSegmentation/cocci/cocci.1495.json,cocci.1495.jpg,coccidiosis,0,train,1
../../Data/downloads/zenodo_4628934_poultry_fecal/content (2)/imgSegmentation/cocci/cocci.1496.json,cocci.1496.jpg,coccidiosis,0,val,1
../../Data/downloads/zenodo_4628934_poultry_fecal/content (2)/imgSegmentation/cocci/cocci.1497.json,cocci.1497.jpg,coccidiosis,0,train,1
../../Data/downloads/zenodo_4628934_poultry_fecal/content (2)/imgSegmentation/cocci/cocci.1498.json,cocci.1498.jpg,coccidiosis,0,train,1
../../Data/downloads/zenodo_4628934_poultry_fecal/content (2)/imgSegmentation/cocci/cocci.1499.json,cocci.1499.jpg,coccidiosis,0,train,1
../../Data/downloads/zenodo_4628934_poultry_fecal/content (2)/imgSegmentation/cocci/cocci.15.json,cocci.15.jpg,coccidiosis,0,val,1
../../Data/downloads/zenodo_4628934_poultry_fecal/content (2)/imgSegmentation/cocci/cocci.150.json,cocci.150.jpg,coccidiosis,0,train,1
../../Data/downloads/zenodo_4628934_poultry_fecal/content (2)/imgSegmentation/cocci/cocci.1500.json,cocci.1500.jpg,coccidiosis,0,train,1
../../Data/downloads/zenodo_4628934_poultry_fecal/content (2)/imgSegmentation/cocci/cocci.1501.json,cocci.1501.jpg,coccidiosis,0,train,1
../../Data/downloads/zenodo_4628934_poultry_fecal/content (2)/imgSegmentation/cocci/cocci.1502.json,cocci.1502.jpg,coccidiosis,0,train,1
../../Data/downloads/zenodo_4628934_poultry_fecal/content (2)/imgSegmentation/cocci/cocci.1503.json,cocci.1503.jpg,coccidiosis,0,train,1
../../Data/downloads/zenodo_4628934_poultry_fecal/content (2)/imgSegmentation/cocci/cocci.1504.json,cocci.1504.jpg,coccidiosis,0,train,1
../../Data/downloads/zenodo_4628934_poultry_fecal/content (2)/imgSegmentation/cocci/cocci.1505.json,cocci.1505.jpg,coccidiosis,0,train,1
../../Data/downloads/zenodo_4628934_poultry_fecal/content (2)/imgSegmentation/cocci/cocci.1506.json,cocci.1506.jpg,coccidiosis,0,train,1
../../Data/downloads/zenodo_4628934_poultry_fecal/content (2)/imgSegmentation/cocci/cocci.1507.json,cocci.1507.jpg,coccidiosis,0,train,1
../../Data/downloads/zenodo_4628934_poultry_fecal/content (2)/imgSegmentation/cocci/cocci.1508.json,cocci.1508.jpg,coccidiosis,0,train,1
../../Data/downloads/zenodo_4628934_poultry_fecal/content (2)/imgSegmentation/cocci/cocci.1509.json,cocci.1509.jpg,coccidiosis,0,test,1
../../Data/downloads/zenodo_4628934_poultry_fecal/content (2)/imgSegmentation/cocci/cocci.151.json,cocci.151.jpg,coccidiosis,0,train,1
../../Data/downloads/zenodo_4628934_poultry_fecal/content (2)/imgSegmentation/cocci/cocci.1510.json,cocci.1510.jpg,coccidiosis,0,train,1
../../Data/downloads/zenodo_4628934_poultry_fecal/content (2)/imgSegmentation/cocci/cocci.1511.json,cocci.1511.jpg,coccidiosis,0,train,1
../../Data/downloads/zenodo_4628934_poultry_fecal/content (2)/imgSegmentation/cocci/cocci.1512.json,cocci.1512.jpg,coccidiosis,0,train,1
../../Data/downloads/zenodo_4628934_poultry_fecal/content (2)/imgSegmentation/cocci/cocci.1513.json,cocci.1513.jpg,coccidiosis,0,train,1
../../Data/downloads/zenodo_4628934_poultry_fecal/content (2)/imgSegmentation/cocci/cocci.1514.json,cocci.1514.jpg,coccidiosis,0,train,1
../../Data/downloads/zenodo_4628934_poultry_fecal/content (2)/imgSegmentation/cocci/cocci.1515.json,cocci.1515.jpg,coccidiosis,0,train,1
../../Data/downloads/zenodo_4628934_poultry_fecal/content (2)/imgSegmentation/cocci/cocci.1516.json,cocci.1516.jpg,coccidiosis,0,train,1
../../Data/downloads/zenodo_4628934_poultry_fecal/content (2)/imgSegmentation/cocci/cocci.1517.json,cocci.1517.jpg,coccidiosis,0,val,1
../../Data/downloads/zenodo_4628934_poultry_fecal/content (2)/imgSegmentation/cocci/cocci.1518.json,cocci.1518.jpg,coccidiosis,0,train,1
../../Data/downloads/zenodo_4628934_poultry_fecal/content (2)/imgSegmentation/cocci/cocci.1519.json,cocci.1519.jpg,coccidiosis,0,train,1
../../Data/downloads/zenodo_4628934_poultry_fecal/content (2)/imgSegmentation/cocci/cocci.152.json,cocci.152.jpg,coccidiosis,0,train,1
../../Data/downloads/zenodo_4628934_poultry_fecal/content (2)/imgSegmentation/cocci/cocci.1520.json,cocci.1520.jpg,coccidiosis,0,train,1
../../Data/downloads/zenodo_4628934_poultry_fecal/content (2)/imgSegmentation/cocci/cocci.1521.json,cocci.1521.jpg,coccidiosis,0,train,1
../../Data/downloads/zenodo_4628934_poultry_fecal/content (2)/imgSegmentation/cocci/cocci.1522.json,cocci.1522.jpg,coccidiosis,0,train,1
../../Data/downloads/zenodo_4628934_poultry_fecal/content (2)/imgSegmentation/cocci/cocci.1523.json,cocci.1523.jpg,coccidiosis,0,test,1
../../Data/downloads/zenodo_4628934_poultry_fecal/content (2)/imgSegmentation/cocci/cocci.1524.json,cocci.1524.jpg,coccidiosis,0,train,1
../../Data/downloads/zenodo_4628934_poultry_fecal/content (2)/imgSegmentation/cocci/cocci.1525.json,cocci.1525.jpg,coccidiosis,0,val,1
../../Data/downloads/zenodo_4628934_poultry_fecal/content (2)/imgSegmentation/cocci/cocci.1526.json,cocci.1526.jpg,coccidiosis,0,train,1
../../Data/downloads/zenodo_4628934_poultry_fecal/content (2)/imgSegmentation/cocci/cocci.1527.json,cocci.1527.jpg,coccidiosis,0,test,1
../../Data/downloads/zenodo_4628934_poultry_fecal/content (2)/imgSegmentation/cocci/cocci.1528.json,cocci.1528.jpg,coccidiosis,0,train,1
../../Data/downloads/zenodo_4628934_poultry_fecal/content (2)/imgSegmentation/cocci/cocci.1529.json,cocci.1529.jpg,coccidiosis,0,train,1
../../Data/downloads/zenodo_4628934_poultry_fecal/content (2)/imgSegmentation/cocci/cocci.153.json,cocci.153.jpg,coccidiosis,0,train,1
../../Data/downloads/zenodo_4628934_poultry_fecal/content (2)/imgSegmentation/cocci/cocci.1530.json,cocci.1530.jpg,coccidiosis,0,val,1
../../Data/downloads/zenodo_4628934_poultry_fecal/content (2)/imgSegmentation/cocci/cocci.1531.json,cocci.1531.jpg,coccidiosis,0,train,1
../../Data/downloads/zenodo_4628934_poultry_fecal/content (2)/imgSegmentation/cocci/cocci.1532.json,cocci.1532.jpg,coccidiosis,0,val,1
../../Data/downloads/zenodo_4628934_poultry_fecal/content (2)/imgSegmentation/cocci/cocci.1533.json,cocci.1533.jpg,coccidiosis,0,train,1
../../Data/downloads/zenodo_4628934_poultry_fecal/content (2)/imgSegmentation/cocci/cocci.1534.json,cocci.1534.jpg,coccidiosis,0,train,1
../../Data/downloads/zenodo_4628934_poultry_fecal/content (2)/imgSegmentation/cocci/cocci.1535.json,cocci.1535.jpg,coccidiosis,0,train,1
../../Data/downloads/zenodo_4628934_poultry_fecal/content (2)/imgSegmentation/cocci/cocci.1536.json,cocci.1536.jpg,coccidiosis,0,train,1
../../Data/downloads/zenodo_4628934_poultry_fecal/content (2)/imgSegmentation/cocci/cocci.1537.json,cocci.1537.jpg,coccidiosis,0,train,1
../../Data/downloads/zenodo_4628934_poultry_fecal/content (2)/imgSegmentation/cocci/cocci.1538.json,cocci.1538.jpg,coccidiosis,0,val,1
../../Data/downloads/zenodo_4628934_poultry_fecal/content (2)/imgSegmentation/cocci/cocci.1539.json,cocci.1539.jpg,coccidiosis,0,test,1
../../Data/downloads/zenodo_4628934_poultry_fecal/content (2)/imgSegmentation/cocci/cocci.154.json,cocci.154.jpg,coccidiosis,0,train,1
../../Data/downloads/zenodo_4628934_poultry_fecal/content (2)/imgSegmentation/cocci/cocci.1540.json,cocci.1540.jpg,coccidiosis,0,train,1
../../Data/downloads/zenodo_4628934_poultry_fecal/content (2)/imgSegmentation/cocci/cocci.1541.json,cocci.1541.jpg,coccidiosis,0,train,1
../../Data/downloads/zenodo_4628934_poultry_fecal/content (2)/imgSegmentation/cocci/cocci.1542.json,cocci.1542.jpg,coccidiosis,0,train,1
../../Data/downloads/zenodo_4628934_poultry_fecal/content (2)/imgSegmentation/cocci/cocci.1543.json,cocci.1543.jpg,coccidiosis,0,train,1
../../Data/downloads/zenodo_4628934_poultry_fecal/content (2)/imgSegmentation/cocci/cocci.1544.json,cocci.1544.jpg,coccidiosis,0,train,1
../../Data/downloads/zenodo_4628934_poultry_fecal/content (2)/imgSegmentation/cocci/cocci.1545.json,cocci.1545.jpg,coccidiosis,0,train,1
../../Data/downloads/zenodo_4628934_poultry_fecal/content (2)/imgSegmentation/cocci/cocci.1546.json,cocci.1546.jpg,coccidiosis,0,val,1
../../Data/downloads/zenodo_4628934_poultry_fecal/content (2)/imgSegmentation/cocci/cocci.1547.json,cocci.1547.jpg,coccidiosis,0,val,1
../../Data/downloads/zenodo_4628934_poultry_fecal/content (2)/imgSegmentation/cocci/cocci.1548.json,cocci.1548.jpg,coccidiosis,0,train,1
../../Data/downloads/zenodo_4628934_poultry_fecal/content (2)/imgSegmentation/cocci/cocci.1549.json,cocci.1549.jpg,coccidiosis,0,train,1
../../Data/downloads/zenodo_4628934_poultry_fecal/content (2)/imgSegmentation/cocci/cocci.155.json,cocci.155.jpg,coccidiosis,0,train,1
../../Data/downloads/zenodo_4628934_poultry_fecal/content (2)/imgSegmentation/cocci/cocci.1550.json,cocci.1550.jpg,coccidiosis,0,train,1
../../Data/downloads/zenodo_4628934_poultry_fecal/content (2)/imgSegmentation/cocci/cocci.1551.json,cocci.1551.jpg,coccidiosis,0,train,1
../../Data/downloads/zenodo_4628934_poultry_fecal/content (2)/imgSegmentation/cocci/cocci.1552.json,cocci.1552.jpg,coccidiosis,0,train,1
../../Data/downloads/zenodo_4628934_poultry_fecal/content (2)/imgSegmentation/cocci/cocci.1553.json,cocci.1553.jpg,coccidiosis,0,train,1
../../Data/downloads/zenodo_4628934_poultry_fecal/content (2)/imgSegmentation/cocci/cocci.1554.json,cocci.1554.jpg,coccidiosis,0,val,1
../../Data/downloads/zenodo_4628934_poultry_fecal/content (2)/imgSegmentation/cocci/cocci.1555.json,cocci.1555.jpg,coccidiosis,0,val,1
../../Data/downloads/zenodo_4628934_poultry_fecal/content (2)/imgSegmentation/cocci/cocci.1556.json,cocci.1556.jpg,coccidiosis,0,train,1
../../Data/downloads/zenodo_4628934_poultry_fecal/content (2)/imgSegmentation/cocci/cocci.1557.json,cocci.1557.jpg,coccidiosis,0,test,1
../../Data/downloads/zenodo_4628934_poultry_fecal/content (2)/imgSegmentation/cocci/cocci.1558.json,cocci.1558.jpg,coccidiosis,0,train,1
../../Data/downloads/zenodo_4628934_poultry_fecal/content (2)/imgSegmentation/cocci/cocci.1559.json,cocci.1559.jpg,coccidiosis,0,val,1
../../Data/downloads/zenodo_4628934_poultry_fecal/content (2)/imgSegmentation/cocci/cocci.156.json,cocci.156.jpg,coccidiosis,0,train,1
../../Data/downloads/zenodo_4628934_poultry_fecal/content (2)/imgSegmentation/cocci/cocci.1560.json,cocci.1560.jpg,coccidiosis,0,train,1
../../Data/downloads/zenodo_4628934_poultry_fecal/content (2)/imgSegmentation/cocci/cocci.1561.json,cocci.1561.jpg,coccidiosis,0,train,1
../../Data/downloads/zenodo_4628934_poultry_fecal/content (2)/imgSegmentation/cocci/cocci.1562.json,cocci.1562.jpg,coccidiosis,0,train,1
../../Data/downloads/zenodo_4628934_poultry_fecal/content (2)/imgSegmentation/cocci/cocci.1563.json,cocci.1563.jpg,coccidiosis,0,train,1
../../Data/downloads/zenodo_4628934_poultry_fecal/content (2)/imgSegmentation/cocci/cocci.1564.json,cocci.1564.jpg,coccidiosis,0,test,1
../../Data/downloads/zenodo_4628934_poultry_fecal/content (2)/imgSegmentation/cocci/cocci.1565.json,cocci.1565.jpg,coccidiosis,0,train,1
../../Data/downloads/zenodo_4628934_poultry_fecal/content (2)/imgSegmentation/cocci/cocci.1566.json,cocci.1566.jpg,coccidiosis,0,test,1
../../Data/downloads/zenodo_4628934_poultry_fecal/content (2)/imgSegmentation/cocci/cocci.1567.json,cocci.1567.jpg,coccidiosis,0,train,1
../../Data/downloads/zenodo_4628934_poultry_fecal/content (2)/imgSegmentation/cocci/cocci.1568.json,cocci.1568.jpg,coccidiosis,0,test,1
../../Data/downloads/zenodo_4628934_poultry_fecal/content (2)/imgSegmentation/cocci/cocci.1569.json,cocci.1569.jpg,coccidiosis,0,train,1
../../Data/downloads/zenodo_4628934_poultry_fecal/content (2)/imgSegmentation/cocci/cocci.157.json,cocci.157.jpg,coccidiosis,0,train,1
../../Data/downloads/zenodo_4628934_poultry_fecal/content (2)/imgSegmentation/cocci/cocci.1570.json,cocci.1570.jpg,coccidiosis,0,train,1
../../Data/downloads/zenodo_4628934_poultry_fecal/content (2)/imgSegmentation/cocci/cocci.1571.json,cocci.1571.jpg,coccidiosis,0,train,1
../../Data/downloads/zenodo_4628934_poultry_fecal/content (2)/imgSegmentation/cocci/cocci.1572.json,cocci.1572.jpg,coccidiosis,0,train,1
../../Data/downloads/zenodo_4628934_poultry_fecal/content (2)/imgSegmentation/cocci/cocci.1573.json,cocci.1573.jpg,coccidiosis,0,train,1
../../Data/downloads/zenodo_4628934_poultry_fecal/content (2)/imgSegmentation/cocci/cocci.1574.json,cocci.1574.jpg,coccidiosis,0,train,1
../../Data/downloads/zenodo_4628934_poultry_fecal/content (2)/imgSegmentation/cocci/cocci.1575.json,cocci.1575.jpg,coccidiosis,0,train,1
../../Data/downloads/zenodo_4628934_poultry_fecal/content (2)/imgSegmentation/cocci/cocci.1576.json,cocci.1576.jpg,coccidiosis,0,train,1
../../Data/downloads/zenodo_4628934_poultry_fecal/content (2)/imgSegmentation/cocci/cocci.1577.json,cocci.1577.jpg,coccidiosis,0,train,1
../../Data/downloads/zenodo_4628934_poultry_fecal/content (2)/imgSegmentation/cocci/cocci.1578.json,cocci.1578.jpg,coccidiosis,0,train,1
../../Data/downloads/zenodo_4628934_poultry_fecal/content (2)/imgSegmentation/cocci/cocci.1579.json,cocci.1579.jpg,coccidiosis,0,train,1
../../Data/downloads/zenodo_4628934_poultry_fecal/content (2)/imgSegmentation/cocci/cocci.158.json,cocci.158.jpg,coccidiosis,0,train,1
../../Data/downloads/zenodo_4628934_poultry_fecal/content (2)/imgSegmentation/cocci/cocci.1580.json,cocci.1580.jpg,coccidiosis,0,train,1
../../Data/downloads/zenodo_4628934_poultry_fecal/content (2)/imgSegmentation/cocci/cocci.1581.json,cocci.1581.jpg,coccidiosis,0,train,1
../../Data/downloads/zenodo_4628934_poultry_fecal/content (2)/imgSegmentation/cocci/cocci.1582.json,cocci.1582.jpg,coccidiosis,0,train,1
../../Data/downloads/zenodo_4628934_poultry_fecal/content (2)/imgSegmentation/cocci/cocci.1583.json,cocci.1583.jpg,coccidiosis,0,train,1
../../Data/downloads/zenodo_4628934_poultry_fecal/content (2)/imgSegmentation/cocci/cocci.1584.json,cocci.1584.jpg,coccidiosis,0,train,1
../../Data/downloads/zenodo_4628934_poultry_fecal/content (2)/imgSegmentation/cocci/cocci.1585.json,cocci.1585.jpg,coccidiosis,0,val,1
../../Data/downloads/zenodo_4628934_poultry_fecal/content (2)/imgSegmentation/cocci/cocci.1586.json,cocci.1586.jpg,coccidiosis,0,train,1
../../Data/downloads/zenodo_4628934_poultry_fecal/content (2)/imgSegmentation/cocci/cocci.1587.json,cocci.1587.jpg,coccidiosis,0,val,1
../../Data/downloads/zenodo_4628934_poultry_fecal/content (2)/imgSegmentation/cocci/cocci.1588.json,cocci.1588.jpg,coccidiosis,0,train,1
../../Data/downloads/zenodo_4628934_poultry_fecal/content (2)/imgSegmentation/cocci/cocci.1589.json,cocci.1589.jpg,coccidiosis,0,train,1
../../Data/downloads/zenodo_4628934_poultry_fecal/content (2)/imgSegmentation/cocci/cocci.159.json,cocci.159.jpg,coccidiosis,0,train,1
../../Data/downloads/zenodo_4628934_poultry_fecal/content (2)/imgSegmentation/cocci/cocci.1590.json,cocci.1590.jpg,coccidiosis,0,train,1
../../Data/downloads/zenodo_4628934_poultry_fecal/content (2)/imgSegmentation/cocci/cocci.1591.json,cocci.1591.jpg,coccidiosis,0,train,1
../../Data/downloads/zenodo_4628934_poultry_fecal/content (2)/imgSegmentation/cocci/cocci.1592.json,cocci.1592.jpg,coccidiosis,0,train,1
../../Data/downloads/zenodo_4628934_poultry_fecal/content (2)/imgSegmentation/cocci/cocci.1593.json,cocci.1593.jpg,coccidiosis,0,train,1
../../Data/downloads/zenodo_4628934_poultry_fecal/content (2)/imgSegmentation/cocci/cocci.1594.json,cocci.1594.jpg,coccidiosis,0,train,1
../../Data/downloads/zenodo_4628934_poultry_fecal/content (2)/imgSegmentation/cocci/cocci.1595.json,cocci.1595.jpg,coccidiosis,0,train,1
../../Data/downloads/zenodo_4628934_poultry_fecal/content (2)/imgSegmentation/cocci/cocci.1596.json,cocci.1596.jpg,coccidiosis,0,train,1
../../Data/downloads/zenodo_4628934_poultry_fecal/content (2)/imgSegmentation/cocci/cocci.1597.json,cocci.1597.jpg,coccidiosis,0,val,1
../../Data/downloads/zenodo_4628934_poultry_fecal/content (2)/imgSegmentation/cocci/cocci.1598.json,cocci.1598.jpg,coccidiosis,0,train,1
../../Data/downloads/zenodo_4628934_poultry_fecal/content (2)/imgSegmentation/cocci/cocci.1599.json,cocci.1599.jpg,coccidiosis,0,train,1
../../Data/downloads/zenodo_4628934_poultry_fecal/content (2)/imgSegmentation/cocci/cocci.16.json,cocci.16.jpg,coccidiosis,0,val,1
../../Data/downloads/zenodo_4628934_poultry_fecal/content (2)/imgSegmentation/cocci/cocci.160.json,cocci.160.jpg,coccidiosis,0,val,1
../../Data/downloads/zenodo_4628934_poultry_fecal/content (2)/imgSegmentation/cocci/cocci.1600.json,cocci.1600.jpg,coccidiosis,0,test,1
../../Data/downloads/zenodo_4628934_poultry_fecal/content (2)/imgSegmentation/cocci/cocci.1601.json,cocci.1601.jpg,coccidiosis,0,train,1
../../Data/downloads/zenodo_4628934_poultry_fecal/content (2)/imgSegmentation/cocci/cocci.1602.json,cocci.1602.jpg,coccidiosis,0,train,1
../../Data/downloads/zenodo_4628934_poultry_fecal/content (2)/imgSegmentation/cocci/cocci.1603.json,cocci.1603.jpg,coccidiosis,0,test,1
../../Data/downloads/zenodo_4628934_poultry_fecal/content (2)/imgSegmentation/cocci/cocci.1604.json,cocci.1604.jpg,coccidiosis,0,val,1
../../Data/downloads/zenodo_4628934_poultry_fecal/content (2)/imgSegmentation/cocci/cocci.1605.json,cocci.1605.jpg,coccidiosis,0,test,1
../../Data/downloads/zenodo_4628934_poultry_fecal/content (2)/imgSegmentation/cocci/cocci.1606.json,cocci.1606.jpg,coccidiosis,0,train,1
../../Data/downloads/zenodo_4628934_poultry_fecal/content (2)/imgSegmentation/cocci/cocci.1607.json,cocci.1607.jpg,coccidiosis,0,val,1
../../Data/downloads/zenodo_4628934_poultry_fecal/content (2)/imgSegmentation/cocci/cocci.1608.json,cocci.1608.jpg,coccidiosis,0,train,1
../../Data/downloads/zenodo_4628934_poultry_fecal/content (2)/imgSegmentation/cocci/cocci.1609.json,cocci.1609.jpg,coccidiosis,0,train,1
../../Data/downloads/zenodo_4628934_poultry_fecal/content (2)/imgSegmentation/cocci/cocci.161.json,cocci.161.jpg,coccidiosis,0,val,1
../../Data/downloads/zenodo_4628934_poultry_fecal/content (2)/imgSegmentation/cocci/cocci.1610.json,cocci.1610.jpg,coccidiosis,0,test,1
../../Data/downloads/zenodo_4628934_poultry_fecal/content (2)/imgSegmentation/cocci/cocci.1611.json,cocci.1611.jpg,coccidiosis,0,train,1
../../Data/downloads/zenodo_4628934_poultry_fecal/content (2)/imgSegmentation/cocci/cocci.1612.json,cocci.1612.jpg,coccidiosis,0,train,1
../../Data/downloads/zenodo_4628934_poultry_fecal/content (2)/imgSegmentation/cocci/cocci.1613.json,cocci.1613.jpg,coccidiosis,0,train,1
../../Data/downloads/zenodo_4628934_poultry_fecal/content (2)/imgSegmentation/cocci/cocci.1614.json,cocci.1614.jpg,coccidiosis,0,train,1
../../Data/downloads/zenodo_4628934_poultry_fecal/content (2)/imgSegmentation/cocci/cocci.1615.json,cocci.1615.jpg,coccidiosis,0,train,1
../../Data/downloads/zenodo_4628934_poultry_fecal/content (2)/imgSegmentation/cocci/cocci.1616.json,cocci.1616.jpg,coccidiosis,0,train,1
../../Data/downloads/zenodo_4628934_poultry_fecal/content (2)/imgSegmentation/cocci/cocci.1617.json,cocci.1617.jpg,coccidiosis,0,train,1
../../Data/downloads/zenodo_4628934_poultry_fecal/content (2)/imgSegmentation/cocci/cocci.1618.json,cocci.1618.jpg,coccidiosis,0,train,1
../../Data/downloads/zenodo_4628934_poultry_fecal/content (2)/imgSegmentation/cocci/cocci.1619.json,cocci.1619.jpg,coccidiosis,0,train,1
../../Data/downloads/zenodo_4628934_poultry_fecal/content (2)/imgSegmentation/cocci/cocci.162.json,cocci.162.jpg,coccidiosis,0,test,1
../../Data/downloads/zenodo_4628934_poultry_fecal/content (2)/imgSegmentation/cocci/cocci.1620.json,cocci.1620.jpg,coccidiosis,0,train,1
../../Data/downloads/zenodo_4628934_poultry_fecal/content (2)/imgSegmentation/cocci/cocci.1621.json,cocci.1621.jpg,coccidiosis,0,test,1
../../Data/downloads/zenodo_4628934_poultry_fecal/content (2)/imgSegmentation/cocci/cocci.1622.json,cocci.1622.jpg,coccidiosis,0,train,1
../../Data/downloads/zenodo_4628934_poultry_fecal/content (2)/imgSegmentation/cocci/cocci.1623.json,cocci.1623.jpg,coccidiosis,0,train,1
../../Data/downloads/zenodo_4628934_poultry_fecal/content (2)/imgSegmentation/cocci/cocci.1624.json,cocci.1624.jpg,coccidiosis,0,train,1
../../Data/downloads/zenodo_4628934_poultry_fecal/content (2)/imgSegmentation/cocci/cocci.1625.json,cocci.1625.jpg,coccidiosis,0,train,1
../../Data/downloads/zenodo_4628934_poultry_fecal/content (2)/imgSegmentation/cocci/cocci.1626.json,cocci.1626.jpg,coccidiosis,0,train,1
../../Data/downloads/zenodo_4628934_poultry_fecal/content (2)/imgSegmentation/cocci/cocci.1627.json,cocci.1627.jpg,coccidiosis,0,train,1
../../Data/downloads/zenodo_4628934_poultry_fecal/content (2)/imgSegmentation/cocci/cocci.1628.json,cocci.1628.jpg,coccidiosis,0,test,1
../../Data/downloads/zenodo_4628934_poultry_fecal/content (2)/imgSegmentation/cocci/cocci.1629.json,cocci.1629.jpg,coccidiosis,0,train,1
../../Data/downloads/zenodo_4628934_poultry_fecal/content (2)/imgSegmentation/cocci/cocci.163.json,cocci.163.jpg,coccidiosis,0,train,1
../../Data/downloads/zenodo_4628934_poultry_fecal/content (2)/imgSegmentation/cocci/cocci.1630.json,cocci.1630.jpg,coccidiosis,0,test,1
../../Data/downloads/zenodo_4628934_poultry_fecal/content (2)/imgSegmentation/cocci/cocci.1631.json,cocci.1631.jpg,coccidiosis,0,train,1
../../Data/downloads/zenodo_4628934_poultry_fecal/content (2)/imgSegmentation/cocci/cocci.1632.json,cocci.1632.jpg,coccidiosis,0,train,1
../../Data/downloads/zenodo_4628934_poultry_fecal/content (2)/imgSegmentation/cocci/cocci.1633.json,cocci.1633.jpg,coccidiosis,0,train,1
../../Data/downloads/zenodo_4628934_poultry_fecal/content (2)/imgSegmentation/cocci/cocci.1634.json,cocci.1634.jpg,coccidiosis,0,train,1
../../Data/downloads/zenodo_4628934_poultry_fecal/content (2)/imgSegmentation/cocci/cocci.1635.json,cocci.1635.jpg,coccidiosis,0,test,1
../../Data/downloads/zenodo_4628934_poultry_fecal/content (2)/imgSegmentation/cocci/cocci.1636.json,cocci.1636.jpg,coccidiosis,0,val,1
../../Data/downloads/zenodo_4628934_poultry_fecal/content (2)/imgSegmentation/cocci/cocci.1637.json,cocci.1637.jpg,coccidiosis,0,val,1
../../Data/downloads/zenodo_4628934_poultry_fecal/content (2)/imgSegmentation/cocci/cocci.1638.json,cocci.1638.jpg,coccidiosis,0,train,1
../../Data/downloads/zenodo_4628934_poultry_fecal/content (2)/imgSegmentation/cocci/cocci.1639.json,cocci.1639.jpg,coccidiosis,0,train,1
../../Data/downloads/zenodo_4628934_poultry_fecal/content (2)/imgSegmentation/cocci/cocci.164.json,cocci.164.jpg,coccidiosis,0,test,1
../../Data/downloads/zenodo_4628934_poultry_fecal/content (2)/imgSegmentation/cocci/cocci.1640.json,cocci.1640.jpg,coccidiosis,0,train,1
../../Data/downloads/zenodo_4628934_poultry_fecal/content (2)/imgSegmentation/cocci/cocci.1641.json,cocci.1641.jpg,coccidiosis,0,train,1
../../Data/downloads/zenodo_4628934_poultry_fecal/content (2)/imgSegmentation/cocci/cocci.1642.json,cocci.1642.jpg,coccidiosis,0,train,1
../../Data/downloads/zenodo_4628934_poultry_fecal/content (2)/imgSegmentation/cocci/cocci.1643.json,cocci.1643.jpg,coccidiosis,0,train,1
../../Data/downloads/zenodo_4628934_poultry_fecal/content (2)/imgSegmentation/cocci/cocci.1644.json,cocci.1644.jpg,coccidiosis,0,val,1
../../Data/downloads/zenodo_4628934_poultry_fecal/content (2)/imgSegmentation/cocci/cocci.1645.json,cocci.1645.jpg,coccidiosis,0,train,1
../../Data/downloads/zenodo_4628934_poultry_fecal/content (2)/imgSegmentation/cocci/cocci.1646.json,cocci.1646.jpg,coccidiosis,0,val,1
../../Data/downloads/zenodo_4628934_poultry_fecal/content (2)/imgSegmentation/cocci/cocci.1647.json,cocci.1647.jpg,coccidiosis,0,train,1
../../Data/downloads/zenodo_4628934_poultry_fecal/content (2)/imgSegmentation/cocci/cocci.1648.json,cocci.1648.jpg,coccidiosis,0,train,1
../../Data/downloads/zenodo_4628934_poultry_fecal/content (2)/imgSegmentation/cocci/cocci.1649.json,cocci.1649.jpg,coccidiosis,0,train,1
../../Data/downloads/zenodo_4628934_poultry_fecal/content (2)/imgSegmentation/cocci/cocci.165.json,cocci.165.jpg,coccidiosis,0,train,1
../../Data/downloads/zenodo_4628934_poultry_fecal/content (2)/imgSegmentation/cocci/cocci.1650.json,cocci.1650.jpg,coccidiosis,0,train,1
../../Data/downloads/zenodo_4628934_poultry_fecal/content (2)/imgSegmentation/cocci/cocci.1651.json,cocci.1651.jpg,coccidiosis,0,train,1
../../Data/downloads/zenodo_4628934_poultry_fecal/content (2)/imgSegmentation/cocci/cocci.1652.json,cocci.1652.jpg,coccidiosis,0,val,1
../../Data/downloads/zenodo_4628934_poultry_fecal/content (2)/imgSegmentation/cocci/cocci.1653.json,cocci.1653.jpg,coccidiosis,0,train,1
../../Data/downloads/zenodo_4628934_poultry_fecal/content (2)/imgSegmentation/cocci/cocci.1654.json,cocci.1654.jpg,coccidiosis,0,train,1
../../Data/downloads/zenodo_4628934_poultry_fecal/content (2)/imgSegmentation/cocci/cocci.1655.json,cocci.1655.jpg,coccidiosis,0,train,1
../../Data/downloads/zenodo_4628934_poultry_fecal/content (2)/imgSegmentation/cocci/cocci.1656.json,cocci.1656.jpg,coccidiosis,0,val,1
../../Data/downloads/zenodo_4628934_poultry_fecal/content (2)/imgSegmentation/cocci/cocci.1657.json,cocci.1657.jpg,coccidiosis,0,train,1
../../Data/downloads/zenodo_4628934_poultry_fecal/content (2)/imgSegmentation/cocci/cocci.1658.json,cocci.1658.jpg,coccidiosis,0,val,1
../../Data/downloads/zenodo_4628934_poultry_fecal/content (2)/imgSegmentation/cocci/cocci.1659.json,cocci.1659.jpg,coccidiosis,0,train,1
../../Data/downloads/zenodo_4628934_poultry_fecal/content (2)/imgSegmentation/cocci/cocci.166.json,cocci.166.jpg,coccidiosis,0,train,1
../../Data/downloads/zenodo_4628934_poultry_fecal/content (2)/imgSegmentation/cocci/cocci.1660.json,cocci.1660.jpg,coccidiosis,0,train,1
../../Data/downloads/zenodo_4628934_poultry_fecal/content (2)/imgSegmentation/cocci/cocci.1661.json,cocci.1661.jpg,coccidiosis,0,test,1
../../Data/downloads/zenodo_4628934_poultry_fecal/content (2)/imgSegmentation/cocci/cocci.1662.json,cocci.1662.jpg,coccidiosis,0,train,1
../../Data/downloads/zenodo_4628934_poultry_fecal/content (2)/imgSegmentation/cocci/cocci.1663.json,cocci.1663.jpg,coccidiosis,0,test,1
../../Data/downloads/zenodo_4628934_poultry_fecal/content (2)/imgSegmentation/cocci/cocci.1664.json,cocci.1664.jpg,coccidiosis,0,test,1
../../Data/downloads/zenodo_4628934_poultry_fecal/content (2)/imgSegmentation/cocci/cocci.1665.json,cocci.1665.jpg,coccidiosis,0,train,1
../../Data/downloads/zenodo_4628934_poultry_fecal/content (2)/imgSegmentation/cocci/cocci.1666.json,cocci.1666.jpg,coccidiosis,0,test,1
../../Data/downloads/zenodo_4628934_poultry_fecal/content (2)/imgSegmentation/cocci/cocci.1667.json,cocci.1667.jpg,coccidiosis,0,test,1
../../Data/downloads/zenodo_4628934_poultry_fecal/content (2)/imgSegmentation/cocci/cocci.1668.json,cocci.1668.jpg,coccidiosis,0,train,1
../../Data/downloads/zenodo_4628934_poultry_fecal/content (2)/imgSegmentation/cocci/cocci.1669.json,cocci.1669.jpg,coccidiosis,0,train,1
../../Data/downloads/zenodo_4628934_poultry_fecal/content (2)/imgSegmentation/cocci/cocci.167.json,cocci.167.jpg,coccidiosis,0,val,1
../../Data/downloads/zenodo_4628934_poultry_fecal/content (2)/imgSegmentation/cocci/cocci.1670.json,cocci.1670.jpg,coccidiosis,0,train,1
../../Data/downloads/zenodo_4628934_poultry_fecal/content (2)/imgSegmentation/cocci/cocci.1671.json,cocci.1671.jpg,coccidiosis,0,train,1
../../Data/downloads/zenodo_4628934_poultry_fecal/content (2)/imgSegmentation/cocci/cocci.1672.json,cocci.1672.jpg,coccidiosis,0,train,1
../../Data/downloads/zenodo_4628934_poultry_fecal/content (2)/imgSegmentation/cocci/cocci.1673.json,cocci.1673.jpg,coccidiosis,0,val,1
../../Data/downloads/zenodo_4628934_poultry_fecal/content (2)/imgSegmentation/cocci/cocci.1674.json,cocci.1674.jpg,coccidiosis,0,train,1
../../Data/downloads/zenodo_4628934_poultry_fecal/content (2)/imgSegmentation/cocci/cocci.1675.json,cocci.1675.jpg,coccidiosis,0,train,1
../../Data/downloads/zenodo_4628934_poultry_fecal/content (2)/imgSegmentation/cocci/cocci.1676.json,cocci.1676.jpg,coccidiosis,0,val,1
../../Data/downloads/zenodo_4628934_poultry_fecal/content (2)/imgSegmentation/cocci/cocci.1677.json,cocci.1677.jpg,coccidiosis,0,train,1
../../Data/downloads/zenodo_4628934_poultry_fecal/content (2)/imgSegmentation/cocci/cocci.1678.json,cocci.1678.jpg,coccidiosis,0,val,1
../../Data/downloads/zenodo_4628934_poultry_fecal/content (2)/imgSegmentation/cocci/cocci.1679.json,cocci.1679.jpg,coccidiosis,0,test,1
../../Data/downloads/zenodo_4628934_poultry_fecal/content (2)/imgSegmentation/cocci/cocci.168.json,cocci.168.jpg,coccidiosis,0,train,1
../../Data/downloads/zenodo_4628934_poultry_fecal/content (2)/imgSegmentation/cocci/cocci.1680.json,cocci.1680.jpg,coccidiosis,0,train,1
../../Data/downloads/zenodo_4628934_poultry_fecal/content (2)/imgSegmentation/cocci/cocci.1681.json,cocci.1681.jpg,coccidiosis,0,train,1
../../Data/downloads/zenodo_4628934_poultry_fecal/content (2)/imgSegmentation/cocci/cocci.1682.json,cocci.1682.jpg,coccidiosis,0,train,1
../../Data/downloads/zenodo_4628934_poultry_fecal/content (2)/imgSegmentation/cocci/cocci.1683.json,cocci.1683.jpg,coccidiosis,0,train,1
../../Data/downloads/zenodo_4628934_poultry_fecal/content (2)/imgSegmentation/cocci/cocci.1684.json,cocci.1684.jpg,coccidiosis,0,train,1
../../Data/downloads/zenodo_4628934_poultry_fecal/content (2)/imgSegmentation/cocci/cocci.1685.json,cocci.1685.jpg,coccidiosis,0,train,1
../../Data/downloads/zenodo_4628934_poultry_fecal/content (2)/imgSegmentation/cocci/cocci.1686.json,cocci.1686.jpg,coccidiosis,0,train,1
../../Data/downloads/zenodo_4628934_poultry_fecal/content (2)/imgSegmentation/cocci/cocci.1687.json,cocci.1687.jpg,coccidiosis,0,train,1
../../Data/downloads/zenodo_4628934_poultry_fecal/content (2)/imgSegmentation/cocci/cocci.1688.json,cocci.1688.jpg,coccidiosis,0,train,1
../../Data/downloads/zenodo_4628934_poultry_fecal/content (2)/imgSegmentation/cocci/cocci.1689.json,cocci.1689.jpg,coccidiosis,0,train,1
../../Data/downloads/zenodo_4628934_poultry_fecal/content (2)/imgSegmentation/cocci/cocci.169.json,cocci.169.jpg,coccidiosis,0,train,1
../../Data/downloads/zenodo_4628934_poultry_fecal/content (2)/imgSegmentation/cocci/cocci.1690.json,cocci.1690.jpg,coccidiosis,0,val,1
../../Data/downloads/zenodo_4628934_poultry_fecal/content (2)/imgSegmentation/cocci/cocci.1691.json,cocci.1691.jpg,coccidiosis,0,train,1
../../Data/downloads/zenodo_4628934_poultry_fecal/content (2)/imgSegmentation/cocci/cocci.1692.json,cocci.1692.jpg,coccidiosis,0,train,1
../../Data/downloads/zenodo_4628934_poultry_fecal/content (2)/imgSegmentation/cocci/cocci.1693.json,cocci.1693.jpg,coccidiosis,0,train,1
../../Data/downloads/zenodo_4628934_poultry_fecal/content (2)/imgSegmentation/cocci/cocci.1694.json,cocci.1694.jpg,coccidiosis,0,val,1
../../Data/downloads/zenodo_4628934_poultry_fecal/content (2)/imgSegmentation/cocci/cocci.1695.json,cocci.1695.jpg,coccidiosis,0,train,1
../../Data/downloads/zenodo_4628934_poultry_fecal/content (2)/imgSegmentation/cocci/cocci.1696.json,cocci.1696.jpg,coccidiosis,0,train,1
../../Data/downloads/zenodo_4628934_poultry_fecal/content (2)/imgSegmentation/cocci/cocci.1697.json,cocci.1697.jpg,coccidiosis,0,train,1
../../Data/downloads/zenodo_4628934_poultry_fecal/content (2)/imgSegmentation/cocci/cocci.1698.json,cocci.1698.jpg,coccidiosis,0,train,1
../../Data/downloads/zenodo_4628934_poultry_fecal/content (2)/imgSegmentation/cocci/cocci.1699.json,cocci.1699.jpg,coccidiosis,0,val,1
../../Data/downloads/zenodo_4628934_poultry_fecal/content (2)/imgSegmentation/cocci/cocci.17.json,cocci.17.jpg,coccidiosis,0,train,1
../../Data/downloads/zenodo_4628934_poultry_fecal/content (2)/imgSegmentation/cocci/cocci.170.json,cocci.170.jpg,coccidiosis,0,train,1
../../Data/downloads/zenodo_4628934_poultry_fecal/content (2)/imgSegmentation/cocci/cocci.1700.json,cocci.1700.jpg,coccidiosis,0,train,1
../../Data/downloads/zenodo_4628934_poultry_fecal/content (2)/imgSegmentation/cocci/cocci.1701.json,cocci.1701.jpg,coccidiosis,0,train,1
../../Data/downloads/zenodo_4628934_poultry_fecal/content (2)/imgSegmentation/cocci/cocci.1702.json,cocci.1702.jpg,coccidiosis,0,train,1
../../Data/downloads/zenodo_4628934_poultry_fecal/content (2)/imgSegmentation/cocci/cocci.1703.json,cocci.1703.jpg,coccidiosis,0,test,1
../../Data/downloads/zenodo_4628934_poultry_fecal/content (2)/imgSegmentation/cocci/cocci.1704.json,cocci.1704.jpg,coccidiosis,0,train,1
../../Data/downloads/zenodo_4628934_poultry_fecal/content (2)/imgSegmentation/cocci/cocci.1705.json,cocci.1705.jpg,coccidiosis,0,test,1
../../Data/downloads/zenodo_4628934_poultry_fecal/content (2)/imgSegmentation/cocci/cocci.1706.json,cocci.1706.jpg,coccidiosis,0,train,1
../../Data/downloads/zenodo_4628934_poultry_fecal/content (2)/imgSegmentation/cocci/cocci.1707.json,cocci.1707.jpg,coccidiosis,0,train,1
../../Data/downloads/zenodo_4628934_poultry_fecal/content (2)/imgSegmentation/cocci/cocci.1708.json,cocci.1708.jpg,coccidiosis,0,test,1
../../Data/downloads/zenodo_4628934_poultry_fecal/content (2)/imgSegmentation/cocci/cocci.1709.json,cocci.1709.jpg,coccidiosis,0,val,1
../../Data/downloads/zenodo_4628934_poultry_fecal/content (2)/imgSegmentation/cocci/cocci.171.json,cocci.171.jpg,coccidiosis,0,train,1
../../Data/downloads/zenodo_4628934_poultry_fecal/content (2)/imgSegmentation/cocci/cocci.1710.json,cocci.1710.jpg,coccidiosis,0,train,1
../../Data/downloads/zenodo_4628934_poultry_fecal/content (2)/imgSegmentation/cocci/cocci.1711.json,cocci.1711.jpg,coccidiosis,0,train,1
../../Data/downloads/zenodo_4628934_poultry_fecal/content (2)/imgSegmentation/cocci/cocci.1712.json,cocci.1712.jpg,coccidiosis,0,val,1
../../Data/downloads/zenodo_4628934_poultry_fecal/content (2)/imgSegmentation/cocci/cocci.1713.json,cocci.1713.jpg,coccidiosis,0,val,1
../../Data/downloads/zenodo_4628934_poultry_fecal/content (2)/imgSegmentation/cocci/cocci.1714.json,cocci.1714.jpg,coccidiosis,0,val,1
../../Data/downloads/zenodo_4628934_poultry_fecal/content (2)/imgSegmentation/cocci/cocci.1715.json,cocci.1715.jpg,coccidiosis,0,train,1
../../Data/downloads/zenodo_4628934_poultry_fecal/content (2)/imgSegmentation/cocci/cocci.1716.json,cocci.1716.jpg,coccidiosis,0,train,1
../../Data/downloads/zenodo_4628934_poultry_fecal/content (2)/imgSegmentation/cocci/cocci.1717.json,cocci.1717.jpg,coccidiosis,0,test,1
../../Data/downloads/zenodo_4628934_poultry_fecal/content (2)/imgSegmentation/cocci/cocci.1718.json,cocci.1718.jpg,coccidiosis,0,train,1
../../Data/downloads/zenodo_4628934_poultry_fecal/content (2)/imgSegmentation/cocci/cocci.1719.json,cocci.1719.jpg,coccidiosis,0,train,1
../../Data/downloads/zenodo_4628934_poultry_fecal/content (2)/imgSegmentation/cocci/cocci.172.json,cocci.172.jpg,coccidiosis,0,train,1
../../Data/downloads/zenodo_4628934_poultry_fecal/content (2)/imgSegmentation/cocci/cocci.1720.json,cocci.1720.jpg,coccidiosis,0,test,1
../../Data/downloads/zenodo_4628934_poultry_fecal/content (2)/imgSegmentation/cocci/cocci.1721.json,cocci.1721.jpg,coccidiosis,0,val,1
../../Data/downloads/zenodo_4628934_poultry_fecal/content (2)/imgSegmentation/cocci/cocci.1722.json,cocci.1722.jpg,coccidiosis,0,train,1
../../Data/downloads/zenodo_4628934_poultry_fecal/content (2)/imgSegmentation/cocci/cocci.1723.json,cocci.1723.jpg,coccidiosis,0,train,1
../../Data/downloads/zenodo_4628934_poultry_fecal/content (2)/imgSegmentation/cocci/cocci.1724.json,cocci.1724.jpg,coccidiosis,0,test,1
../../Data/downloads/zenodo_4628934_poultry_fecal/content (2)/imgSegmentation/cocci/cocci.1725.json,cocci.1725.jpg,coccidiosis,0,val,1
../../Data/downloads/zenodo_4628934_poultry_fecal/content (2)/imgSegmentation/cocci/cocci.1726.json,cocci.1726.jpg,coccidiosis,0,train,1
../../Data/downloads/zenodo_4628934_poultry_fecal/content (2)/imgSegmentation/cocci/cocci.1727.json,cocci.1727.jpg,coccidiosis,0,train,1
../../Data/downloads/zenodo_4628934_poultry_fecal/content (2)/imgSegmentation/cocci/cocci.1728.json,cocci.1728.jpg,coccidiosis,0,train,1
../../Data/downloads/zenodo_4628934_poultry_fecal/content (2)/imgSegmentation/cocci/cocci.1729.json,cocci.1729.jpg,coccidiosis,0,train,1
../../Data/downloads/zenodo_4628934_poultry_fecal/content (2)/imgSegmentation/cocci/cocci.173.json,cocci.173.jpg,coccidiosis,0,val,1
../../Data/downloads/zenodo_4628934_poultry_fecal/content (2)/imgSegmentation/cocci/cocci.1730.json,cocci.1730.jpg,coccidiosis,0,train,1
../../Data/downloads/zenodo_4628934_poultry_fecal/content (2)/imgSegmentation/cocci/cocci.1731.json,cocci.1731.jpg,coccidiosis,0,train,1
../../Data/downloads/zenodo_4628934_poultry_fecal/content (2)/imgSegmentation/cocci/cocci.1732.json,cocci.1732.jpg,coccidiosis,0,train,1
../../Data/downloads/zenodo_4628934_poultry_fecal/content (2)/imgSegmentation/cocci/cocci.1733.json,cocci.1733.jpg,coccidiosis,0,train,1
../../Data/downloads/zenodo_4628934_poultry_fecal/content (2)/imgSegmentation/cocci/cocci.1734.json,cocci.1734.jpg,coccidiosis,0,test,1
../../Data/downloads/zenodo_4628934_poultry_fecal/content (2)/imgSegmentation/cocci/cocci.1735.json,cocci.1735.jpg,coccidiosis,0,train,1
../../Data/downloads/zenodo_4628934_poultry_fecal/content (2)/imgSegmentation/cocci/cocci.1736.json,cocci.1736.jpg,coccidiosis,0,train,1
../../Data/downloads/zenodo_4628934_poultry_fecal/content (2)/imgSegmentation/cocci/cocci.1737.json,cocci.1737.jpg,coccidiosis,0,train,1
../../Data/downloads/zenodo_4628934_poultry_fecal/content (2)/imgSegmentation/cocci/cocci.1738.json,cocci.1738.jpg,coccidiosis,0,val,1
../../Data/downloads/zenodo_4628934_poultry_fecal/content (2)/imgSegmentation/cocci/cocci.1739.json,cocci.1739.jpg,coccidiosis,0,val,1
../../Data/downloads/zenodo_4628934_poultry_fecal/content (2)/imgSegmentation/cocci/cocci.174.json,cocci.174.jpg,coccidiosis,0,val,1
../../Data/downloads/zenodo_4628934_poultry_fecal/content (2)/imgSegmentation/cocci/cocci.1740.json,cocci.1740.jpg,coccidiosis,0,test,1
../../Data/downloads/zenodo_4628934_poultry_fecal/content (2)/imgSegmentation/cocci/cocci.1741.json,cocci.1741.jpg,coccidiosis,0,val,1
../../Data/downloads/zenodo_4628934_poultry_fecal/content (2)/imgSegmentation/cocci/cocci.1742.json,cocci.1742.jpg,coccidiosis,0,train,1
../../Data/downloads/zenodo_4628934_poultry_fecal/content (2)/imgSegmentation/cocci/cocci.1743.json,cocci.1743.jpg,coccidiosis,0,val,1
../../Data/downloads/zenodo_4628934_poultry_fecal/content (2)/imgSegmentation/cocci/cocci.1744.json,cocci.1744.jpg,coccidiosis,0,val,1
../../Data/downloads/zenodo_4628934_poultry_fecal/content (2)/imgSegmentation/cocci/cocci.1745.json,cocci.1745.jpg,coccidiosis,0,train,1
../../Data/downloads/zenodo_4628934_poultry_fecal/content (2)/imgSegmentation/cocci/cocci.1746.json,cocci.1746.jpg,coccidiosis,0,train,1
../../Data/downloads/zenodo_4628934_poultry_fecal/content (2)/imgSegmentation/cocci/cocci.1747.json,cocci.1747.jpg,coccidiosis,0,val,1
../../Data/downloads/zenodo_4628934_poultry_fecal/content (2)/imgSegmentation/cocci/cocci.1748.json,cocci.1748.jpg,coccidiosis,0,train,1
../../Data/downloads/zenodo_4628934_poultry_fecal/content (2)/imgSegmentation/cocci/cocci.1749.json,cocci.1749.jpg,coccidiosis,0,train,1
../../Data/downloads/zenodo_4628934_poultry_fecal/content (2)/imgSegmentation/cocci/cocci.175.json,cocci.175.jpg,coccidiosis,0,train,1
../../Data/downloads/zenodo_4628934_poultry_fecal/content (2)/imgSegmentation/cocci/cocci.1750.json,cocci.1750.jpg,coccidiosis,0,test,1
../../Data/downloads/zenodo_4628934_poultry_fecal/content (2)/imgSegmentation/cocci/cocci.1751.json,cocci.1751.jpg,coccidiosis,0,train,1
../../Data/downloads/zenodo_4628934_poultry_fecal/content (2)/imgSegmentation/cocci/cocci.1752.json,cocci.1752.jpg,coccidiosis,0,val,1
../../Data/downloads/zenodo_4628934_poultry_fecal/content (2)/imgSegmentation/cocci/cocci.1753.json,cocci.1753.jpg,coccidiosis,0,train,1
../../Data/downloads/zenodo_4628934_poultry_fecal/content (2)/imgSegmentation/cocci/cocci.1754.json,cocci.1754.jpg,coccidiosis,0,train,1
../../Data/downloads/zenodo_4628934_poultry_fecal/content (2)/imgSegmentation/cocci/cocci.1755.json,cocci.1755.jpg,coccidiosis,0,train,1
../../Data/downloads/zenodo_4628934_poultry_fecal/content (2)/imgSegmentation/cocci/cocci.1756.json,cocci.1756.jpg,coccidiosis,0,train,1
../../Data/downloads/zenodo_4628934_poultry_fecal/content (2)/imgSegmentation/cocci/cocci.1757.json,cocci.1757.jpg,coccidiosis,0,train,1
../../Data/downloads/zenodo_4628934_poultry_fecal/content (2)/imgSegmentation/cocci/cocci.1758.json,cocci.1758.jpg,coccidiosis,0,test,1
../../Data/downloads/zenodo_4628934_poultry_fecal/content (2)/imgSegmentation/cocci/cocci.1759.json,cocci.1759.jpg,coccidiosis,0,train,1
../../Data/downloads/zenodo_4628934_poultry_fecal/content (2)/imgSegmentation/cocci/cocci.176.json,cocci.176.jpg,coccidiosis,0,train,1
../../Data/downloads/zenodo_4628934_poultry_fecal/content (2)/imgSegmentation/cocci/cocci.1760.json,cocci.1760.jpg,coccidiosis,0,train,1
../../Data/downloads/zenodo_4628934_poultry_fecal/content (2)/imgSegmentation/cocci/cocci.1761.json,cocci.1761.jpg,coccidiosis,0,train,1
../../Data/downloads/zenodo_4628934_poultry_fecal/content (2)/imgSegmentation/cocci/cocci.1762.json,cocci.1762.jpg,coccidiosis,0,val,1
../../Data/downloads/zenodo_4628934_poultry_fecal/content (2)/imgSegmentation/cocci/cocci.1763.json,cocci.1763.jpg,coccidiosis,0,train,1
../../Data/downloads/zenodo_4628934_poultry_fecal/content (2)/imgSegmentation/cocci/cocci.1764.json,cocci.1764.jpg,coccidiosis,0,train,1
../../Data/downloads/zenodo_4628934_poultry_fecal/content (2)/imgSegmentation/cocci/cocci.1765.json,cocci.1765.jpg,coccidiosis,0,train,1
../../Data/downloads/zenodo_4628934_poultry_fecal/content (2)/imgSegmentation/cocci/cocci.1766.json,cocci.1766.jpg,coccidiosis,0,train,1
../../Data/downloads/zenodo_4628934_poultry_fecal/content (2)/imgSegmentation/cocci/cocci.1767.json,cocci.1767.jpg,coccidiosis,0,train,1
../../Data/downloads/zenodo_4628934_poultry_fecal/content (2)/imgSegmentation/cocci/cocci.1768.json,cocci.1768.jpg,coccidiosis,0,train,1
../../Data/downloads/zenodo_4628934_poultry_fecal/content (2)/imgSegmentation/cocci/cocci.1769.json,cocci.1769.jpg,coccidiosis,0,train,1
../../Data/downloads/zenodo_4628934_poultry_fecal/content (2)/imgSegmentation/cocci/cocci.177.json,cocci.177.jpg,coccidiosis,0,test,1
../../Data/downloads/zenodo_4628934_poultry_fecal/content (2)/imgSegmentation/cocci/cocci.1770.json,cocci.1770.jpg,coccidiosis,0,train,1
../../Data/downloads/zenodo_4628934_poultry_fecal/content (2)/imgSegmentation/cocci/cocci.1771.json,cocci.1771.jpg,coccidiosis,0,train,1
../../Data/downloads/zenodo_4628934_poultry_fecal/content (2)/imgSegmentation/cocci/cocci.1772.json,cocci.1772.jpg,coccidiosis,0,val,1
../../Data/downloads/zenodo_4628934_poultry_fecal/content (2)/imgSegmentation/cocci/cocci.1773.json,cocci.1773.jpg,coccidiosis,0,train,1
../../Data/downloads/zenodo_4628934_poultry_fecal/content (2)/imgSegmentation/cocci/cocci.1774.json,cocci.1774.jpg,coccidiosis,0,val,1
../../Data/downloads/zenodo_4628934_poultry_fecal/content (2)/imgSegmentation/cocci/cocci.1775.json,cocci.1775.jpg,coccidiosis,0,train,1
../../Data/downloads/zenodo_4628934_poultry_fecal/content (2)/imgSegmentation/cocci/cocci.1776.json,cocci.1776.jpg,coccidiosis,0,train,1
../../Data/downloads/zenodo_4628934_poultry_fecal/content (2)/imgSegmentation/cocci/cocci.1777.json,cocci.1777.jpg,coccidiosis,0,train,1
../../Data/downloads/zenodo_4628934_poultry_fecal/content (2)/imgSegmentation/cocci/cocci.1778.json,cocci.1778.jpg,coccidiosis,0,train,1
../../Data/downloads/zenodo_4628934_poultry_fecal/content (2)/imgSegmentation/cocci/cocci.1779.json,cocci.1779.jpg,coccidiosis,0,train,1
../../Data/downloads/zenodo_4628934_poultry_fecal/content (2)/imgSegmentation/cocci/cocci.178.json,cocci.178.jpg,coccidiosis,0,train,1
../../Data/downloads/zenodo_4628934_poultry_fecal/content (2)/imgSegmentation/cocci/cocci.1780.json,cocci.1780.jpg,coccidiosis,0,train,1
../../Data/downloads/zenodo_4628934_poultry_fecal/content (2)/imgSegmentation/cocci/cocci.1781.json,cocci.1781.jpg,coccidiosis,0,train,1
../../Data/downloads/zenodo_4628934_poultry_fecal/content (2)/imgSegmentation/cocci/cocci.1782.json,cocci.1782.jpg,coccidiosis,0,train,1
../../Data/downloads/zenodo_4628934_poultry_fecal/content (2)/imgSegmentation/cocci/cocci.1783.json,cocci.1783.jpg,coccidiosis,0,val,1
../../Data/downloads/zenodo_4628934_poultry_fecal/content (2)/imgSegmentation/cocci/cocci.1784.json,cocci.1784.jpg,coccidiosis,0,val,1
../../Data/downloads/zenodo_4628934_poultry_fecal/content (2)/imgSegmentation/cocci/cocci.1785.json,cocci.1785.jpg,coccidiosis,0,val,1
../../Data/downloads/zenodo_4628934_poultry_fecal/content (2)/imgSegmentation/cocci/cocci.1786.json,cocci.1786.jpg,coccidiosis,0,train,1
../../Data/downloads/zenodo_4628934_poultry_fecal/content (2)/imgSegmentation/cocci/cocci.1787.json,cocci.1787.jpg,coccidiosis,0,test,1
../../Data/downloads/zenodo_4628934_poultry_fecal/content (2)/imgSegmentation/cocci/cocci.1788.json,cocci.1788.jpg,coccidiosis,0,train,1
../../Data/downloads/zenodo_4628934_poultry_fecal/content (2)/imgSegmentation/cocci/cocci.1789.json,cocci.1789.jpg,coccidiosis,0,train,1
../../Data/downloads/zenodo_4628934_poultry_fecal/content (2)/imgSegmentation/cocci/cocci.179.json,cocci.179.jpg,coccidiosis,0,train,1
../../Data/downloads/zenodo_4628934_poultry_fecal/content (2)/imgSegmentation/cocci/cocci.1790.json,cocci.1790.jpg,coccidiosis,0,val,1
../../Data/downloads/zenodo_4628934_poultry_fecal/content (2)/imgSegmentation/cocci/cocci.1791.json,cocci.1791.jpg,coccidiosis,0,test,1
../../Data/downloads/zenodo_4628934_poultry_fecal/content (2)/imgSegmentation/cocci/cocci.1792.json,cocci.1792.jpg,coccidiosis,0,test,1
../../Data/downloads/zenodo_4628934_poultry_fecal/content (2)/imgSegmentation/cocci/cocci.1793.json,cocci.1793.jpg,coccidiosis,0,train,1
../../Data/downloads/zenodo_4628934_poultry_fecal/content (2)/imgSegmentation/cocci/cocci.1794.json,cocci.1794.jpg,coccidiosis,0,train,1
../../Data/downloads/zenodo_4628934_poultry_fecal/content (2)/imgSegmentation/cocci/cocci.1795.json,cocci.1795.jpg,coccidiosis,0,train,1
../../Data/downloads/zenodo_4628934_poultry_fecal/content (2)/imgSegmentation/cocci/cocci.1796.json,cocci.1796.jpg,coccidiosis,0,train,1
../../Data/downloads/zenodo_4628934_poultry_fecal/content (2)/imgSegmentation/cocci/cocci.1797.json,cocci.1797.jpg,coccidiosis,0,test,1
../../Data/downloads/zenodo_4628934_poultry_fecal/content (2)/imgSegmentation/cocci/cocci.1798.json,cocci.1798.jpg,coccidiosis,0,train,1
../../Data/downloads/zenodo_4628934_poultry_fecal/content (2)/imgSegmentation/cocci/cocci.1799.json,cocci.1799.jpg,coccidiosis,0,train,1
../../Data/downloads/zenodo_4628934_poultry_fecal/content (2)/imgSegmentation/cocci/cocci.18.json,cocci.18.jpg,coccidiosis,0,train,1
../../Data/downloads/zenodo_4628934_poultry_fecal/content (2)/imgSegmentation/cocci/cocci.180.json,cocci.180.jpg,coccidiosis,0,train,1
../../Data/downloads/zenodo_4628934_poultry_fecal/content (2)/imgSegmentation/cocci/cocci.1800.json,cocci.1800.jpg,coccidiosis,0,train,1
../../Data/downloads/zenodo_4628934_poultry_fecal/content (2)/imgSegmentation/cocci/cocci.1801.json,cocci.1801.jpg,coccidiosis,0,train,1
../../Data/downloads/zenodo_4628934_poultry_fecal/content (2)/imgSegmentation/cocci/cocci.1802.json,cocci.1802.jpg,coccidiosis,0,val,1
../../Data/downloads/zenodo_4628934_poultry_fecal/content (2)/imgSegmentation/cocci/cocci.1803.json,cocci.1803.jpg,coccidiosis,0,train,1
../../Data/downloads/zenodo_4628934_poultry_fecal/content (2)/imgSegmentation/cocci/cocci.1804.json,cocci.1804.jpg,coccidiosis,0,train,1
../../Data/downloads/zenodo_4628934_poultry_fecal/content (2)/imgSegmentation/cocci/cocci.1805.json,cocci.1805.jpg,coccidiosis,0,train,1
../../Data/downloads/zenodo_4628934_poultry_fecal/content (2)/imgSegmentation/cocci/cocci.1806.json,cocci.1806.jpg,coccidiosis,0,train,1
../../Data/downloads/zenodo_4628934_poultry_fecal/content (2)/imgSegmentation/cocci/cocci.1807.json,cocci.1807.jpg,coccidiosis,0,train,1
../../Data/downloads/zenodo_4628934_poultry_fecal/content (2)/imgSegmentation/cocci/cocci.1808.json,cocci.1808.jpg,coccidiosis,0,test,1
../../Data/downloads/zenodo_4628934_poultry_fecal/content (2)/imgSegmentation/cocci/cocci.1809.json,cocci.1809.jpg,coccidiosis,0,test,1
../../Data/downloads/zenodo_4628934_poultry_fecal/content (2)/imgSegmentation/cocci/cocci.181.json,cocci.181.jpg,coccidiosis,0,test,1
../../Data/downloads/zenodo_4628934_poultry_fecal/content (2)/imgSegmentation/cocci/cocci.1810.json,cocci.1810.jpg,coccidiosis,0,test,1
../../Data/downloads/zenodo_4628934_poultry_fecal/content (2)/imgSegmentation/cocci/cocci.1811.json,cocci.1811.jpg,coccidiosis,0,train,1
../../Data/downloads/zenodo_4628934_poultry_fecal/content (2)/imgSegmentation/cocci/cocci.1812.json,cocci.1812.jpg,coccidiosis,0,test,1
../../Data/downloads/zenodo_4628934_poultry_fecal/content (2)/imgSegmentation/cocci/cocci.1813.json,cocci.1813.jpg,coccidiosis,0,test,1
../../Data/downloads/zenodo_4628934_poultry_fecal/content (2)/imgSegmentation/cocci/cocci.1814.json,cocci.1814.jpg,coccidiosis,0,test,1
../../Data/downloads/zenodo_4628934_poultry_fecal/content (2)/imgSegmentation/cocci/cocci.1815.json,cocci.1815.jpg,coccidiosis,0,test,1
../../Data/downloads/zenodo_4628934_poultry_fecal/content (2)/imgSegmentation/cocci/cocci.1816.json,cocci.1816.jpg,coccidiosis,0,val,1
../../Data/downloads/zenodo_4628934_poultry_fecal/content (2)/imgSegmentation/cocci/cocci.1817.json,cocci.1817.jpg,coccidiosis,0,train,1
../../Data/downloads/zenodo_4628934_poultry_fecal/content (2)/imgSegmentation/cocci/cocci.1818.json,cocci.1818.jpg,coccidiosis,0,val,1
../../Data/downloads/zenodo_4628934_poultry_fecal/content (2)/imgSegmentation/cocci/cocci.1819.json,cocci.1819.jpg,coccidiosis,0,train,1
../../Data/downloads/zenodo_4628934_poultry_fecal/content (2)/imgSegmentation/cocci/cocci.182.json,cocci.182.jpg,coccidiosis,0,test,1
../../Data/downloads/zenodo_4628934_poultry_fecal/content (2)/imgSegmentation/cocci/cocci.1820.json,cocci.1820.jpg,coccidiosis,0,val,1
../../Data/downloads/zenodo_4628934_poultry_fecal/content (2)/imgSegmentation/cocci/cocci.1821.json,cocci.1821.jpg,coccidiosis,0,train,1
../../Data/downloads/zenodo_4628934_poultry_fecal/content (2)/imgSegmentation/cocci/cocci.1822.json,cocci.1822.jpg,coccidiosis,0,train,1
../../Data/downloads/zenodo_4628934_poultry_fecal/content (2)/imgSegmentation/cocci/cocci.1823.json,cocci.1823.jpg,coccidiosis,0,train,1
../../Data/downloads/zenodo_4628934_poultry_fecal/content (2)/imgSegmentation/cocci/cocci.1824.json,cocci.1824.jpg,coccidiosis,0,val,1
../../Data/downloads/zenodo_4628934_poultry_fecal/content (2)/imgSegmentation/cocci/cocci.1825.json,cocci.1825.jpg,coccidiosis,0,test,1
../../Data/downloads/zenodo_4628934_poultry_fecal/content (2)/imgSegmentation/cocci/cocci.1826.json,cocci.1826.jpg,coccidiosis,0,train,1
../../Data/downloads/zenodo_4628934_poultry_fecal/content (2)/imgSegmentation/cocci/cocci.1827.json,cocci.1827.jpg,coccidiosis,0,train,1
../../Data/downloads/zenodo_4628934_poultry_fecal/content (2)/imgSegmentation/cocci/cocci.1828.json,cocci.1828.jpg,coccidiosis,0,train,1
../../Data/downloads/zenodo_4628934_poultry_fecal/content (2)/imgSegmentation/cocci/cocci.1829.json,cocci.1829.jpg,coccidiosis,0,val,1
../../Data/downloads/zenodo_4628934_poultry_fecal/content (2)/imgSegmentation/cocci/cocci.183.json,cocci.183.jpg,coccidiosis,0,train,1
../../Data/downloads/zenodo_4628934_poultry_fecal/content (2)/imgSegmentation/cocci/cocci.1830.json,cocci.1830.jpg,coccidiosis,0,train,1
../../Data/downloads/zenodo_4628934_poultry_fecal/content (2)/imgSegmentation/cocci/cocci.1831.json,cocci.1831.jpg,coccidiosis,0,train,1
../../Data/downloads/zenodo_4628934_poultry_fecal/content (2)/imgSegmentation/cocci/cocci.1832.json,cocci.1832.jpg,coccidiosis,0,val,1
../../Data/downloads/zenodo_4628934_poultry_fecal/content (2)/imgSegmentation/cocci/cocci.1833.json,cocci.1833.jpg,coccidiosis,0,train,1
../../Data/downloads/zenodo_4628934_poultry_fecal/content (2)/imgSegmentation/cocci/cocci.1834.json,cocci.1834.jpg,coccidiosis,0,val,1
../../Data/downloads/zenodo_4628934_poultry_fecal/content (2)/imgSegmentation/cocci/cocci.1835.json,cocci.1835.jpg,coccidiosis,0,test,1
../../Data/downloads/zenodo_4628934_poultry_fecal/content (2)/imgSegmentation/cocci/cocci.1836.json,cocci.1836.jpg,coccidiosis,0,train,1
../../Data/downloads/zenodo_4628934_poultry_fecal/content (2)/imgSegmentation/cocci/cocci.1837.json,cocci.1837.jpg,coccidiosis,0,test,1
../../Data/downloads/zenodo_4628934_poultry_fecal/content (2)/imgSegmentation/cocci/cocci.1838.json,cocci.1838.jpg,coccidiosis,0,train,1
../../Data/downloads/zenodo_4628934_poultry_fecal/content (2)/imgSegmentation/cocci/cocci.1839.json,cocci.1839.jpg,coccidiosis,0,train,1
../../Data/downloads/zenodo_4628934_poultry_fecal/content (2)/imgSegmentation/cocci/cocci.184.json,cocci.184.jpg,coccidiosis,0,train,1
../../Data/downloads/zenodo_4628934_poultry_fecal/content (2)/imgSegmentation/cocci/cocci.1840.json,cocci.1840.jpg,coccidiosis,0,train,1
../../Data/downloads/zenodo_4628934_poultry_fecal/content (2)/imgSegmentation/cocci/cocci.1841.json,cocci.1841.jpg,coccidiosis,0,train,1
../../Data/downloads/zenodo_4628934_poultry_fecal/content (2)/imgSegmentation/cocci/cocci.1842.json,cocci.1842.jpg,coccidiosis,0,train,1
../../Data/downloads/zenodo_4628934_poultry_fecal/content (2)/imgSegmentation/cocci/cocci.1843.json,cocci.1843.jpg,coccidiosis,0,val,1
../../Data/downloads/zenodo_4628934_poultry_fecal/content (2)/imgSegmentation/cocci/cocci.1844.json,cocci.1844.jpg,coccidiosis,0,train,1
../../Data/downloads/zenodo_4628934_poultry_fecal/content (2)/imgSegmentation/cocci/cocci.1845.json,cocci.1845.jpg,coccidiosis,0,test,1
../../Data/downloads/zenodo_4628934_poultry_fecal/content (2)/imgSegmentation/cocci/cocci.1846.json,cocci.1846.jpg,coccidiosis,0,train,1
../../Data/downloads/zenodo_4628934_poultry_fecal/content (2)/imgSegmentation/cocci/cocci.1847.json,cocci.1847.jpg,coccidiosis,0,train,1
../../Data/downloads/zenodo_4628934_poultry_fecal/content (2)/imgSegmentation/cocci/cocci.1848.json,cocci.1848.jpg,coccidiosis,0,train,1
../../Data/downloads/zenodo_4628934_poultry_fecal/content (2)/imgSegmentation/cocci/cocci.1849.json,cocci.1849.jpg,coccidiosis,0,train,1
../../Data/downloads/zenodo_4628934_poultry_fecal/content (2)/imgSegmentation/cocci/cocci.185.json,cocci.185.jpg,coccidiosis,0,train,1
../../Data/downloads/zenodo_4628934_poultry_fecal/content (2)/imgSegmentation/cocci/cocci.1850.json,cocci.1850.jpg,coccidiosis,0,train,1
../../Data/downloads/zenodo_4628934_poultry_fecal/content (2)/imgSegmentation/cocci/cocci.1851.json,cocci.1851.jpg,coccidiosis,0,train,1
../../Data/downloads/zenodo_4628934_poultry_fecal/content (2)/imgSegmentation/cocci/cocci.1852.json,cocci.1852.jpg,coccidiosis,0,train,1
../../Data/downloads/zenodo_4628934_poultry_fecal/content (2)/imgSegmentation/cocci/cocci.1853.json,cocci.1853.jpg,coccidiosis,0,train,1
../../Data/downloads/zenodo_4628934_poultry_fecal/content (2)/imgSegmentation/cocci/cocci.1854.json,cocci.1854.jpg,coccidiosis,0,test,1
../../Data/downloads/zenodo_4628934_poultry_fecal/content (2)/imgSegmentation/cocci/cocci.1855.json,cocci.1855.jpg,coccidiosis,0,train,1
../../Data/downloads/zenodo_4628934_poultry_fecal/content (2)/imgSegmentation/cocci/cocci.1856.json,cocci.1856.jpg,coccidiosis,0,train,1
../../Data/downloads/zenodo_4628934_poultry_fecal/content (2)/imgSegmentation/cocci/cocci.1857.json,cocci.1857.jpg,coccidiosis,0,train,1
../../Data/downloads/zenodo_4628934_poultry_fecal/content (2)/imgSegmentation/cocci/cocci.1858.json,cocci.1858.jpg,coccidiosis,0,train,1
../../Data/downloads/zenodo_4628934_poultry_fecal/content (2)/imgSegmentation/cocci/cocci.1859.json,cocci.1859.jpg,coccidiosis,0,train,1
../../Data/downloads/zenodo_4628934_poultry_fecal/content (2)/imgSegmentation/cocci/cocci.186.json,cocci.186.jpg,coccidiosis,0,test,1
../../Data/downloads/zenodo_4628934_poultry_fecal/content (2)/imgSegmentation/cocci/cocci.1860.json,cocci.1860.jpg,coccidiosis,0,train,1
../../Data/downloads/zenodo_4628934_poultry_fecal/content (2)/imgSegmentation/cocci/cocci.1861.json,cocci.1861.jpg,coccidiosis,0,train,1
../../Data/downloads/zenodo_4628934_poultry_fecal/content (2)/imgSegmentation/cocci/cocci.1862.json,cocci.1862.jpg,coccidiosis,0,train,1
../../Data/downloads/zenodo_4628934_poultry_fecal/content (2)/imgSegmentation/cocci/cocci.1863.json,cocci.1863.jpg,coccidiosis,0,train,1
../../Data/downloads/zenodo_4628934_poultry_fecal/content (2)/imgSegmentation/cocci/cocci.1864.json,cocci.1864.jpg,coccidiosis,0,train,1
../../Data/downloads/zenodo_4628934_poultry_fecal/content (2)/imgSegmentation/cocci/cocci.1865.json,cocci.1865.jpg,coccidiosis,0,test,1
../../Data/downloads/zenodo_4628934_poultry_fecal/content (2)/imgSegmentation/cocci/cocci.1866.json,cocci.1866.jpg,coccidiosis,0,train,1
../../Data/downloads/zenodo_4628934_poultry_fecal/content (2)/imgSegmentation/cocci/cocci.1867.json,cocci.1867.jpg,coccidiosis,0,train,1
../../Data/downloads/zenodo_4628934_poultry_fecal/content (2)/imgSegmentation/cocci/cocci.1868.json,cocci.1868.jpg,coccidiosis,0,test,1
../../Data/downloads/zenodo_4628934_poultry_fecal/content (2)/imgSegmentation/cocci/cocci.1869.json,cocci.1869.jpg,coccidiosis,0,val,1
../../Data/downloads/zenodo_4628934_poultry_fecal/content (2)/imgSegmentation/cocci/cocci.187.json,cocci.187.jpg,coccidiosis,0,train,1
../../Data/downloads/zenodo_4628934_poultry_fecal/content (2)/imgSegmentation/cocci/cocci.1870.json,cocci.1870.jpg,coccidiosis,0,train,1
../../Data/downloads/zenodo_4628934_poultry_fecal/content (2)/imgSegmentation/cocci/cocci.1871.json,cocci.1871.jpg,coccidiosis,0,train,1
../../Data/downloads/zenodo_4628934_poultry_fecal/content (2)/imgSegmentation/cocci/cocci.1872.json,cocci.1872.jpg,coccidiosis,0,train,1
../../Data/downloads/zenodo_4628934_poultry_fecal/content (2)/imgSegmentation/cocci/cocci.1873.json,cocci.1873.jpg,coccidiosis,0,val,1
../../Data/downloads/zenodo_4628934_poultry_fecal/content (2)/imgSegmentation/cocci/cocci.1874.json,cocci.1874.jpg,coccidiosis,0,test,1
../../Data/downloads/zenodo_4628934_poultry_fecal/content (2)/imgSegmentation/cocci/cocci.1875.json,cocci.1875.jpg,coccidiosis,0,train,1
../../Data/downloads/zenodo_4628934_poultry_fecal/content (2)/imgSegmentation/cocci/cocci.1876.json,cocci.1876.jpg,coccidiosis,0,train,1
../../Data/downloads/zenodo_4628934_poultry_fecal/content (2)/imgSegmentation/cocci/cocci.1877.json,cocci.1877.jpg,coccidiosis,0,test,1
../../Data/downloads/zenodo_4628934_poultry_fecal/content (2)/imgSegmentation/cocci/cocci.1878.json,cocci.1878.jpg,coccidiosis,0,train,1
../../Data/downloads/zenodo_4628934_poultry_fecal/content (2)/imgSegmentation/cocci/cocci.1879.json,cocci.1879.jpg,coccidiosis,0,val,1
../../Data/downloads/zenodo_4628934_poultry_fecal/content (2)/imgSegmentation/cocci/cocci.188.json,cocci.188.jpg,coccidiosis,0,train,1
../../Data/downloads/zenodo_4628934_poultry_fecal/content (2)/imgSegmentation/cocci/cocci.1880.json,cocci.1880.jpg,coccidiosis,0,train,1
../../Data/downloads/zenodo_4628934_poultry_fecal/content (2)/imgSegmentation/cocci/cocci.1881.json,cocci.1881.jpg,coccidiosis,0,train,1
../../Data/downloads/zenodo_4628934_poultry_fecal/content (2)/imgSegmentation/cocci/cocci.1882.json,cocci.1882.jpg,coccidiosis,0,train,1
../../Data/downloads/zenodo_4628934_poultry_fecal/content (2)/imgSegmentation/cocci/cocci.1883.json,cocci.1883.jpg,coccidiosis,0,train,1
../../Data/downloads/zenodo_4628934_poultry_fecal/content (2)/imgSegmentation/cocci/cocci.1884.json,cocci.1884.jpg,coccidiosis,0,train,1
../../Data/downloads/zenodo_4628934_poultry_fecal/content (2)/imgSegmentation/cocci/cocci.1885.json,cocci.1885.jpg,coccidiosis,0,train,1
../../Data/downloads/zenodo_4628934_poultry_fecal/content (2)/imgSegmentation/cocci/cocci.1886.json,cocci.1886.jpg,coccidiosis,0,train,1
../../Data/downloads/zenodo_4628934_poultry_fecal/content (2)/imgSegmentation/cocci/cocci.1887.json,cocci.1887.jpg,coccidiosis,0,test,1
../../Data/downloads/zenodo_4628934_poultry_fecal/content (2)/imgSegmentation/cocci/cocci.1888.json,cocci.1888.jpg,coccidiosis,0,test,1
../../Data/downloads/zenodo_4628934_poultry_fecal/content (2)/imgSegmentation/cocci/cocci.1889.json,cocci.1889.jpg,coccidiosis,0,train,1
../../Data/downloads/zenodo_4628934_poultry_fecal/content (2)/imgSegmentation/cocci/cocci.189.json,cocci.189.jpg,coccidiosis,0,train,1
../../Data/downloads/zenodo_4628934_poultry_fecal/content (2)/imgSegmentation/cocci/cocci.1890.json,cocci.1890.jpg,coccidiosis,0,train,1
../../Data/downloads/zenodo_4628934_poultry_fecal/content (2)/imgSegmentation/cocci/cocci.1891.json,cocci.1891.jpg,coccidiosis,0,train,1
../../Data/downloads/zenodo_4628934_poultry_fecal/content (2)/imgSegmentation/cocci/cocci.1892.json,cocci.1892.jpg,coccidiosis,0,train,1
../../Data/downloads/zenodo_4628934_poultry_fecal/content (2)/imgSegmentation/cocci/cocci.1893.json,cocci.1893.jpg,coccidiosis,0,train,1
../../Data/downloads/zenodo_4628934_poultry_fecal/content (2)/imgSegmentation/cocci/cocci.1894.json,cocci.1894.jpg,coccidiosis,0,train,1
../../Data/downloads/zenodo_4628934_poultry_fecal/content (2)/imgSegmentation/cocci/cocci.1895.json,cocci.1895.jpg,coccidiosis,0,train,1
../../Data/downloads/zenodo_4628934_poultry_fecal/content (2)/imgSegmentation/cocci/cocci.1896.json,cocci.1896.jpg,coccidiosis,0,train,1
../../Data/downloads/zenodo_4628934_poultry_fecal/content (2)/imgSegmentation/cocci/cocci.1897.json,cocci.1897.jpg,coccidiosis,0,train,1
../../Data/downloads/zenodo_4628934_poultry_fecal/content (2)/imgSegmentation/cocci/cocci.1898.json,cocci.1898.jpg,coccidiosis,0,val,1
../../Data/downloads/zenodo_4628934_poultry_fecal/content (2)/imgSegmentation/cocci/cocci.1899.json,cocci.1899.jpg,coccidiosis,0,train,1
../../Data/downloads/zenodo_4628934_poultry_fecal/content (2)/imgSegmentation/cocci/cocci.19.json,cocci.19.jpg,coccidiosis,0,test,1
../../Data/downloads/zenodo_4628934_poultry_fecal/content (2)/imgSegmentation/cocci/cocci.190.json,cocci.190.jpg,coccidiosis,0,train,1
../../Data/downloads/zenodo_4628934_poultry_fecal/content (2)/imgSegmentation/cocci/cocci.1900.json,cocci.1900.jpg,coccidiosis,0,train,1
../../Data/downloads/zenodo_4628934_poultry_fecal/content (2)/imgSegmentation/cocci/cocci.1901.json,cocci.1901.jpg,coccidiosis,0,train,1
../../Data/downloads/zenodo_4628934_poultry_fecal/content (2)/imgSegmentation/cocci/cocci.1902.json,cocci.1902.jpg,coccidiosis,0,val,1
../../Data/downloads/zenodo_4628934_poultry_fecal/content (2)/imgSegmentation/cocci/cocci.1903.json,cocci.1903.jpg,coccidiosis,0,train,1
../../Data/downloads/zenodo_4628934_poultry_fecal/content (2)/imgSegmentation/cocci/cocci.1904.json,cocci.1904.jpg,coccidiosis,0,train,1
../../Data/downloads/zenodo_4628934_poultry_fecal/content (2)/imgSegmentation/cocci/cocci.1905.json,cocci.1905.jpg,coccidiosis,0,train,1
../../Data/downloads/zenodo_4628934_poultry_fecal/content (2)/imgSegmentation/cocci/cocci.1906.json,cocci.1906.jpg,coccidiosis,0,test,1
../../Data/downloads/zenodo_4628934_poultry_fecal/content (2)/imgSegmentation/cocci/cocci.1907.json,cocci.1907.jpg,coccidiosis,0,train,1
../../Data/downloads/zenodo_4628934_poultry_fecal/content (2)/imgSegmentation/cocci/cocci.1908.json,cocci.1908.jpg,coccidiosis,0,test,1
../../Data/downloads/zenodo_4628934_poultry_fecal/content (2)/imgSegmentation/cocci/cocci.1909.json,cocci.1909.jpg,coccidiosis,0,train,1
../../Data/downloads/zenodo_4628934_poultry_fecal/content (2)/imgSegmentation/cocci/cocci.191.json,cocci.191.jpg,coccidiosis,0,train,1
../../Data/downloads/zenodo_4628934_poultry_fecal/content (2)/imgSegmentation/cocci/cocci.1910.json,cocci.1910.jpg,coccidiosis,0,val,1
../../Data/downloads/zenodo_4628934_poultry_fecal/content (2)/imgSegmentation/cocci/cocci.1911.json,cocci.1911.jpg,coccidiosis,0,train,1
../../Data/downloads/zenodo_4628934_poultry_fecal/content (2)/imgSegmentation/cocci/cocci.1912.json,cocci.1912.jpg,coccidiosis,0,val,1
../../Data/downloads/zenodo_4628934_poultry_fecal/content (2)/imgSegmentation/cocci/cocci.1913.json,cocci.1913.jpg,coccidiosis,0,test,1
../../Data/downloads/zenodo_4628934_poultry_fecal/content (2)/imgSegmentation/cocci/cocci.1914.json,cocci.1914.jpg,coccidiosis,0,train,1
../../Data/downloads/zenodo_4628934_poultry_fecal/content (2)/imgSegmentation/cocci/cocci.1915.json,cocci.1915.jpg,coccidiosis,0,val,1
../../Data/downloads/zenodo_4628934_poultry_fecal/content (2)/imgSegmentation/cocci/cocci.1916.json,cocci.1916.jpg,coccidiosis,0,train,1
../../Data/downloads/zenodo_4628934_poultry_fecal/content (2)/imgSegmentation/cocci/cocci.1917.json,cocci.1917.jpg,coccidiosis,0,test,1
../../Data/downloads/zenodo_4628934_poultry_fecal/content (2)/imgSegmentation/cocci/cocci.1918.json,cocci.1918.jpg,coccidiosis,0,train,1
../../Data/downloads/zenodo_4628934_poultry_fecal/content (2)/imgSegmentation/cocci/cocci.1919.json,cocci.1919.jpg,coccidiosis,0,train,1
../../Data/downloads/zenodo_4628934_poultry_fecal/content (2)/imgSegmentation/cocci/cocci.192.json,cocci.192.jpg,coccidiosis,0,train,1
../../Data/downloads/zenodo_4628934_poultry_fecal/content (2)/imgSegmentation/cocci/cocci.1920.json,cocci.1920.jpg,coccidiosis,0,train,1
../../Data/downloads/zenodo_4628934_poultry_fecal/content (2)/imgSegmentation/cocci/cocci.1921.json,cocci.1921.jpg,coccidiosis,0,train,1
../../Data/downloads/zenodo_4628934_poultry_fecal/content (2)/imgSegmentation/cocci/cocci.1922.json,cocci.1922.jpg,coccidiosis,0,train,1
../../Data/downloads/zenodo_4628934_poultry_fecal/content (2)/imgSegmentation/cocci/cocci.1923.json,cocci.1923.jpg,coccidiosis,0,val,1
../../Data/downloads/zenodo_4628934_poultry_fecal/content (2)/imgSegmentation/cocci/cocci.1924.json,cocci.1924.jpg,coccidiosis,0,test,1
../../Data/downloads/zenodo_4628934_poultry_fecal/content (2)/imgSegmentation/cocci/cocci.1925.json,cocci.1925.jpg,coccidiosis,0,train,1
../../Data/downloads/zenodo_4628934_poultry_fecal/content (2)/imgSegmentation/cocci/cocci.1926.json,cocci.1926.jpg,coccidiosis,0,train,1
../../Data/downloads/zenodo_4628934_poultry_fecal/content (2)/imgSegmentation/cocci/cocci.1927.json,cocci.1927.jpg,coccidiosis,0,train,1
../../Data/downloads/zenodo_4628934_poultry_fecal/content (2)/imgSegmentation/cocci/cocci.1928.json,cocci.1928.jpg,coccidiosis,0,test,1
../../Data/downloads/zenodo_4628934_poultry_fecal/content (2)/imgSegmentation/cocci/cocci.1929.json,cocci.1929.jpg,coccidiosis,0,train,1
../../Data/downloads/zenodo_4628934_poultry_fecal/content (2)/imgSegmentation/cocci/cocci.193.json,cocci.193.jpg,coccidiosis,0,train,1
../../Data/downloads/zenodo_4628934_poultry_fecal/content (2)/imgSegmentation/cocci/cocci.1930.json,cocci.1930.jpg,coccidiosis,0,train,1
../../Data/downloads/zenodo_4628934_poultry_fecal/content (2)/imgSegmentation/cocci/cocci.1931.json,cocci.1931.jpg,coccidiosis,0,train,1
../../Data/downloads/zenodo_4628934_poultry_fecal/content (2)/imgSegmentation/cocci/cocci.1932.json,cocci.1932.jpg,coccidiosis,0,train,1
../../Data/downloads/zenodo_4628934_poultry_fecal/content (2)/imgSegmentation/cocci/cocci.1933.json,cocci.1933.jpg,coccidiosis,0,train,1
../../Data/downloads/zenodo_4628934_poultry_fecal/content (2)/imgSegmentation/cocci/cocci.1934.json,cocci.1934.jpg,coccidiosis,0,train,1
../../Data/downloads/zenodo_4628934_poultry_fecal/content (2)/imgSegmentation/cocci/cocci.1935.json,cocci.1935.jpg,coccidiosis,0,train,1
../../Data/downloads/zenodo_4628934_poultry_fecal/content (2)/imgSegmentation/cocci/cocci.1936.json,cocci.1936.jpg,coccidiosis,0,train,1
../../Data/downloads/zenodo_4628934_poultry_fecal/content (2)/imgSegmentation/cocci/cocci.1937.json,cocci.1937.jpg,coccidiosis,0,val,1
../../Data/downloads/zenodo_4628934_poultry_fecal/content (2)/imgSegmentation/cocci/cocci.1938.json,cocci.1938.jpg,coccidiosis,0,train,1
../../Data/downloads/zenodo_4628934_poultry_fecal/content (2)/imgSegmentation/cocci/cocci.1939.json,cocci.1939.jpg,coccidiosis,0,train,1
../../Data/downloads/zenodo_4628934_poultry_fecal/content (2)/imgSegmentation/cocci/cocci.194.json,cocci.194.jpg,coccidiosis,0,train,1
../../Data/downloads/zenodo_4628934_poultry_fecal/content (2)/imgSegmentation/cocci/cocci.1940.json,cocci.1940.jpg,coccidiosis,0,train,1
../../Data/downloads/zenodo_4628934_poultry_fecal/content (2)/imgSegmentation/cocci/cocci.1941.json,cocci.1941.jpg,coccidiosis,0,train,1
../../Data/downloads/zenodo_4628934_poultry_fecal/content (2)/imgSegmentation/cocci/cocci.1942.json,cocci.1942.jpg,coccidiosis,0,val,1
../../Data/downloads/zenodo_4628934_poultry_fecal/content (2)/imgSegmentation/cocci/cocci.1943.json,cocci.1943.jpg,coccidiosis,0,test,1
../../Data/downloads/zenodo_4628934_poultry_fecal/content (2)/imgSegmentation/cocci/cocci.1944.json,cocci.1944.jpg,coccidiosis,0,train,1
../../Data/downloads/zenodo_4628934_poultry_fecal/content (2)/imgSegmentation/cocci/cocci.1945.json,cocci.1945.jpg,coccidiosis,0,val,1
../../Data/downloads/zenodo_4628934_poultry_fecal/content (2)/imgSegmentation/cocci/cocci.1946.json,cocci.1946.jpg,coccidiosis,0,train,1
../../Data/downloads/zenodo_4628934_poultry_fecal/content (2)/imgSegmentation/cocci/cocci.1947.json,cocci.1947.jpg,coccidiosis,0,train,1
../../Data/downloads/zenodo_4628934_poultry_fecal/content (2)/imgSegmentation/cocci/cocci.1948.json,cocci.1948.jpg,coccidiosis,0,train,1
../../Data/downloads/zenodo_4628934_poultry_fecal/content (2)/imgSegmentation/cocci/cocci.1949.json,cocci.1949.jpg,coccidiosis,0,train,1
../../Data/downloads/zenodo_4628934_poultry_fecal/content (2)/imgSegmentation/cocci/cocci.195.json,cocci.195.jpg,coccidiosis,0,train,1
../../Data/downloads/zenodo_4628934_poultry_fecal/content (2)/imgSegmentation/cocci/cocci.1950.json,cocci.1950.jpg,coccidiosis,0,val,1
../../Data/downloads/zenodo_4628934_poultry_fecal/content (2)/imgSegmentation/cocci/cocci.1951.json,cocci.1951.jpg,coccidiosis,0,train,1
../../Data/downloads/zenodo_4628934_poultry_fecal/content (2)/imgSegmentation/cocci/cocci.1952.json,cocci.1952.jpg,coccidiosis,0,train,1
../../Data/downloads/zenodo_4628934_poultry_fecal/content (2)/imgSegmentation/cocci/cocci.1953.json,cocci.1953.jpg,coccidiosis,0,test,1
../../Data/downloads/zenodo_4628934_poultry_fecal/content (2)/imgSegmentation/cocci/cocci.1954.json,cocci.1954.jpg,coccidiosis,0,train,1
../../Data/downloads/zenodo_4628934_poultry_fecal/content (2)/imgSegmentation/cocci/cocci.1955.json,cocci.1955.jpg,coccidiosis,0,train,1
../../Data/downloads/zenodo_4628934_poultry_fecal/content (2)/imgSegmentation/cocci/cocci.1956.json,cocci.1956.jpg,coccidiosis,0,train,1
../../Data/downloads/zenodo_4628934_poultry_fecal/content (2)/imgSegmentation/cocci/cocci.1957.json,cocci.1957.jpg,coccidiosis,0,val,1
../../Data/downloads/zenodo_4628934_poultry_fecal/content (2)/imgSegmentation/cocci/cocci.1958.json,cocci.1958.jpg,coccidiosis,0,train,1
../../Data/downloads/zenodo_4628934_poultry_fecal/content (2)/imgSegmentation/cocci/cocci.1959.json,cocci.1959.jpg,coccidiosis,0,train,1
../../Data/downloads/zenodo_4628934_poultry_fecal/content (2)/imgSegmentation/cocci/cocci.196.json,cocci.196.jpg,coccidiosis,0,val,1
../../Data/downloads/zenodo_4628934_poultry_fecal/content (2)/imgSegmentation/cocci/cocci.1960.json,cocci.1960.jpg,coccidiosis,0,train,1
../../Data/downloads/zenodo_4628934_poultry_fecal/content (2)/imgSegmentation/cocci/cocci.1961.json,cocci.1961.jpg,coccidiosis,0,train,1
../../Data/downloads/zenodo_4628934_poultry_fecal/content (2)/imgSegmentation/cocci/cocci.1962.json,cocci.1962.jpg,coccidiosis,0,train,1
../../Data/downloads/zenodo_4628934_poultry_fecal/content (2)/imgSegmentation/cocci/cocci.1963.json,cocci.1963.jpg,coccidiosis,0,train,1
../../Data/downloads/zenodo_4628934_poultry_fecal/content (2)/imgSegmentation/cocci/cocci.1964.json,cocci.1964.jpg,coccidiosis,0,train,1
../../Data/downloads/zenodo_4628934_poultry_fecal/content (2)/imgSegmentation/cocci/cocci.1965.json,cocci.1965.jpg,coccidiosis,0,val,1
../../Data/downloads/zenodo_4628934_poultry_fecal/content (2)/imgSegmentation/cocci/cocci.1966.json,cocci.1966.jpg,coccidiosis,0,train,1
../../Data/downloads/zenodo_4628934_poultry_fecal/content (2)/imgSegmentation/cocci/cocci.1967.json,cocci.1967.jpg,coccidiosis,0,train,1
../../Data/downloads/zenodo_4628934_poultry_fecal/content (2)/imgSegmentation/cocci/cocci.1968.json,cocci.1968.jpg,coccidiosis,0,train,1
../../Data/downloads/zenodo_4628934_poultry_fecal/content (2)/imgSegmentation/cocci/cocci.1969.json,cocci.1969.jpg,coccidiosis,0,train,1
../../Data/downloads/zenodo_4628934_poultry_fecal/content (2)/imgSegmentation/cocci/cocci.197.json,cocci.197.jpg,coccidiosis,0,val,1
../../Data/downloads/zenodo_4628934_poultry_fecal/content (2)/imgSegmentation/cocci/cocci.1970.json,cocci.1970.jpg,coccidiosis,0,train,1
../../Data/downloads/zenodo_4628934_poultry_fecal/content (2)/imgSegmentation/cocci/cocci.1971.json,cocci.1971.jpg,coccidiosis,0,test,1
../../Data/downloads/zenodo_4628934_poultry_fecal/content (2)/imgSegmentation/cocci/cocci.1972.json,cocci.1972.jpg,coccidiosis,0,train,1
../../Data/downloads/zenodo_4628934_poultry_fecal/content (2)/imgSegmentation/cocci/cocci.1973.json,cocci.1973.jpg,coccidiosis,0,train,1
../../Data/downloads/zenodo_4628934_poultry_fecal/content (2)/imgSegmentation/cocci/cocci.1974.json,cocci.1974.jpg,coccidiosis,0,test,1
../../Data/downloads/zenodo_4628934_poultry_fecal/content (2)/imgSegmentation/cocci/cocci.1975.json,cocci.1975.jpg,coccidiosis,0,train,1
../../Data/downloads/zenodo_4628934_poultry_fecal/content (2)/imgSegmentation/cocci/cocci.1976.json,cocci.1976.jpg,coccidiosis,0,test,1
../../Data/downloads/zenodo_4628934_poultry_fecal/content (2)/imgSegmentation/cocci/cocci.1977.json,cocci.1977.jpg,coccidiosis,0,test,1
../../Data/downloads/zenodo_4628934_poultry_fecal/content (2)/imgSegmentation/cocci/cocci.1978.json,cocci.1978.jpg,coccidiosis,0,train,1
../../Data/downloads/zenodo_4628934_poultry_fecal/content (2)/imgSegmentation/cocci/cocci.1979.json,cocci.1979.jpg,coccidiosis,0,test,1
../../Data/downloads/zenodo_4628934_poultry_fecal/content (2)/imgSegmentation/cocci/cocci.198.json,cocci.198.jpg,coccidiosis,0,train,1
../../Data/downloads/zenodo_4628934_poultry_fecal/content (2)/imgSegmentation/cocci/cocci.1980.json,cocci.1980.jpg,coccidiosis,0,val,1
../../Data/downloads/zenodo_4628934_poultry_fecal/content (2)/imgSegmentation/cocci/cocci.1981.json,cocci.1981.jpg,coccidiosis,0,train,1
../../Data/downloads/zenodo_4628934_poultry_fecal/content (2)/imgSegmentation/cocci/cocci.1982.json,cocci.1982.jpg,coccidiosis,0,train,1
../../Data/downloads/zenodo_4628934_poultry_fecal/content (2)/imgSegmentation/cocci/cocci.1983.json,cocci.1983.jpg,coccidiosis,0,val,1
../../Data/downloads/zenodo_4628934_poultry_fecal/content (2)/imgSegmentation/cocci/cocci.1984.json,cocci.1984.jpg,coccidiosis,0,train,1
../../Data/downloads/zenodo_4628934_poultry_fecal/content (2)/imgSegmentation/cocci/cocci.1985.json,cocci.1985.jpg,coccidiosis,0,val,1
../../Data/downloads/zenodo_4628934_poultry_fecal/content (2)/imgSegmentation/cocci/cocci.1986.json,cocci.1986.jpg,coccidiosis,0,train,1
../../Data/downloads/zenodo_4628934_poultry_fecal/content (2)/imgSegmentation/cocci/cocci.1987.json,cocci.1987.jpg,coccidiosis,0,train,1
../../Data/downloads/zenodo_4628934_poultry_fecal/content (2)/imgSegmentation/cocci/cocci.1988.json,cocci.1988.jpg,coccidiosis,0,train,1
../../Data/downloads/zenodo_4628934_poultry_fecal/content (2)/imgSegmentation/cocci/cocci.1989.json,cocci.1989.jpg,coccidiosis,0,train,1
../../Data/downloads/zenodo_4628934_poultry_fecal/content (2)/imgSegmentation/cocci/cocci.199.json,cocci.199.jpg,coccidiosis,0,train,1
../../Data/downloads/zenodo_4628934_poultry_fecal/content (2)/imgSegmentation/cocci/cocci.1990.json,cocci.1990.jpg,coccidiosis,0,val,1
../../Data/downloads/zenodo_4628934_poultry_fecal/content (2)/imgSegmentation/cocci/cocci.1991.json,cocci.1991.jpg,coccidiosis,0,train,1
../../Data/downloads/zenodo_4628934_poultry_fecal/content (2)/imgSegmentation/cocci/cocci.1992.json,cocci.1992.jpg,coccidiosis,0,val,1
../../Data/downloads/zenodo_4628934_poultry_fecal/content (2)/imgSegmentation/cocci/cocci.1993.json,cocci.1993.jpg,coccidiosis,0,train,1
../../Data/downloads/zenodo_4628934_poultry_fecal/content (2)/imgSegmentation/cocci/cocci.1994.json,cocci.1994.jpg,coccidiosis,0,train,1
../../Data/downloads/zenodo_4628934_poultry_fecal/content (2)/imgSegmentation/cocci/cocci.1995.json,cocci.1995.jpg,coccidiosis,0,train,1
../../Data/downloads/zenodo_4628934_poultry_fecal/content (2)/imgSegmentation/cocci/cocci.1996.json,cocci.1996.jpg,coccidiosis,0,train,1
../../Data/downloads/zenodo_4628934_poultry_fecal/content (2)/imgSegmentation/cocci/cocci.1997.json,cocci.1997.jpg,coccidiosis,0,val,1
../../Data/downloads/zenodo_4628934_poultry_fecal/content (2)/imgSegmentation/cocci/cocci.1998.json,cocci.1998.jpg,coccidiosis,0,train,1
../../Data/downloads/zenodo_4628934_poultry_fecal/content (2)/imgSegmentation/cocci/cocci.1999.json,cocci.1999.jpg,coccidiosis,0,train,1
../../Data/downloads/zenodo_4628934_poultry_fecal/content (2)/imgSegmentation/cocci/cocci.2.json,cocci.2.jpg,coccidiosis,0,test,1
../../Data/downloads/zenodo_4628934_poultry_fecal/content (2)/imgSegmentation/cocci/cocci.20.json,cocci.20.jpg,coccidiosis,0,val,1
../../Data/downloads/zenodo_4628934_poultry_fecal/content (2)/imgSegmentation/cocci/cocci.200.json,cocci.200.jpg,coccidiosis,0,train,1
../../Data/downloads/zenodo_4628934_poultry_fecal/content (2)/imgSegmentation/cocci/cocci.2000.json,cocci.2000.jpg,coccidiosis,0,val,1
../../Data/downloads/zenodo_4628934_poultry_fecal/content (2)/imgSegmentation/cocci/cocci.2001.json,cocci.2001.jpg,coccidiosis,0,train,1
../../Data/downloads/zenodo_4628934_poultry_fecal/content (2)/imgSegmentation/cocci/cocci.2002.json,cocci.2002.jpg,coccidiosis,0,val,1
../../Data/downloads/zenodo_4628934_poultry_fecal/content (2)/imgSegmentation/cocci/cocci.2003.json,cocci.2003.jpg,coccidiosis,0,train,1
../../Data/downloads/zenodo_4628934_poultry_fecal/content (2)/imgSegmentation/cocci/cocci.2004.json,cocci.2004.jpg,coccidiosis,0,val,1
../../Data/downloads/zenodo_4628934_poultry_fecal/content (2)/imgSegmentation/cocci/cocci.2005.json,cocci.2005.jpg,coccidiosis,0,train,1
../../Data/downloads/zenodo_4628934_poultry_fecal/content (2)/imgSegmentation/cocci/cocci.2006.json,cocci.2006.jpg,coccidiosis,0,train,1
../../Data/downloads/zenodo_4628934_poultry_fecal/content (2)/imgSegmentation/cocci/cocci.2007.json,cocci.2007.jpg,coccidiosis,0,train,1
../../Data/downloads/zenodo_4628934_poultry_fecal/content (2)/imgSegmentation/cocci/cocci.2008.json,cocci.2008.jpg,coccidiosis,0,train,1
../../Data/downloads/zenodo_4628934_poultry_fecal/content (2)/imgSegmentation/cocci/cocci.2009.json,cocci.2009.jpg,coccidiosis,0,train,1
../../Data/downloads/zenodo_4628934_poultry_fecal/content (2)/imgSegmentation/cocci/cocci.201.json,cocci.201.jpg,coccidiosis,0,train,1
../../Data/downloads/zenodo_4628934_poultry_fecal/content (2)/imgSegmentation/cocci/cocci.2010.json,cocci.2010.jpg,coccidiosis,0,test,1
../../Data/downloads/zenodo_4628934_poultry_fecal/content (2)/imgSegmentation/cocci/cocci.2011.json,cocci.2011.jpg,coccidiosis,0,train,1
../../Data/downloads/zenodo_4628934_poultry_fecal/content (2)/imgSegmentation/cocci/cocci.2012.json,cocci.2012.jpg,coccidiosis,0,train,1
../../Data/downloads/zenodo_4628934_poultry_fecal/content (2)/imgSegmentation/cocci/cocci.2013.json,cocci.2013.jpg,coccidiosis,0,train,1
../../Data/downloads/zenodo_4628934_poultry_fecal/content (2)/imgSegmentation/cocci/cocci.2014.json,cocci.2014.jpg,coccidiosis,0,val,1
../../Data/downloads/zenodo_4628934_poultry_fecal/content (2)/imgSegmentation/cocci/cocci.2015.json,cocci.2015.jpg,coccidiosis,0,train,1
../../Data/downloads/zenodo_4628934_poultry_fecal/content (2)/imgSegmentation/cocci/cocci.2016.json,cocci.2016.jpg,coccidiosis,0,train,1
../../Data/downloads/zenodo_4628934_poultry_fecal/content (2)/imgSegmentation/cocci/cocci.2017.json,cocci.2017.jpg,coccidiosis,0,train,1
../../Data/downloads/zenodo_4628934_poultry_fecal/content (2)/imgSegmentation/cocci/cocci.2018.json,cocci.2018.jpg,coccidiosis,0,train,1
../../Data/downloads/zenodo_4628934_poultry_fecal/content (2)/imgSegmentation/cocci/cocci.2019.json,cocci.2019.jpg,coccidiosis,0,train,1
../../Data/downloads/zenodo_4628934_poultry_fecal/content (2)/imgSegmentation/cocci/cocci.202.json,cocci.202.jpg,coccidiosis,0,train,1
../../Data/downloads/zenodo_4628934_poultry_fecal/content (2)/imgSegmentation/cocci/cocci.2020.json,cocci.2020.jpg,coccidiosis,0,train,1
../../Data/downloads/zenodo_4628934_poultry_fecal/content (2)/imgSegmentation/cocci/cocci.2021.json,cocci.2021.jpg,coccidiosis,0,train,1
../../Data/downloads/zenodo_4628934_poultry_fecal/content (2)/imgSegmentation/cocci/cocci.2022.json,cocci.2022.jpg,coccidiosis,0,val,1
../../Data/downloads/zenodo_4628934_poultry_fecal/content (2)/imgSegmentation/cocci/cocci.2023.json,cocci.2023.jpg,coccidiosis,0,train,1
../../Data/downloads/zenodo_4628934_poultry_fecal/content (2)/imgSegmentation/cocci/cocci.2024.json,cocci.2024.jpg,coccidiosis,0,val,1
../../Data/downloads/zenodo_4628934_poultry_fecal/content (2)/imgSegmentation/cocci/cocci.2025.json,cocci.2025.jpg,coccidiosis,0,train,1
../../Data/downloads/zenodo_4628934_poultry_fecal/content (2)/imgSegmentation/cocci/cocci.2026.json,cocci.2026.jpg,coccidiosis,0,train,1
../../Data/downloads/zenodo_4628934_poultry_fecal/content (2)/imgSegmentation/cocci/cocci.2027.json,cocci.2027.jpg,coccidiosis,0,test,1
../../Data/downloads/zenodo_4628934_poultry_fecal/content (2)/imgSegmentation/cocci/cocci.2028.json,cocci.2028.jpg,coccidiosis,0,train,1
../../Data/downloads/zenodo_4628934_poultry_fecal/content (2)/imgSegmentation/cocci/cocci.2029.json,cocci.2029.jpg,coccidiosis,0,train,1
../../Data/downloads/zenodo_4628934_poultry_fecal/content (2)/imgSegmentation/cocci/cocci.203.json,cocci.203.jpg,coccidiosis,0,test,1
../../Data/downloads/zenodo_4628934_poultry_fecal/content (2)/imgSegmentation/cocci/cocci.2030.json,cocci.2030.jpg,coccidiosis,0,train,1
../../Data/downloads/zenodo_4628934_poultry_fecal/content (2)/imgSegmentation/cocci/cocci.2031.json,cocci.2031.jpg,coccidiosis,0,train,1
../../Data/downloads/zenodo_4628934_poultry_fecal/content (2)/imgSegmentation/cocci/cocci.2032.json,cocci.2032.jpg,coccidiosis,0,train,1
../../Data/downloads/zenodo_4628934_poultry_fecal/content (2)/imgSegmentation/cocci/cocci.2033.json,cocci.2033.jpg,coccidiosis,0,train,1
../../Data/downloads/zenodo_4628934_poultry_fecal/content (2)/imgSegmentation/cocci/cocci.2034.json,cocci.2034.jpg,coccidiosis,0,train,1
../../Data/downloads/zenodo_4628934_poultry_fecal/content (2)/imgSegmentation/cocci/cocci.2035.json,cocci.2035.jpg,coccidiosis,0,test,1
../../Data/downloads/zenodo_4628934_poultry_fecal/content (2)/imgSegmentation/cocci/cocci.2036.json,cocci.2036.jpg,coccidiosis,0,train,1
../../Data/downloads/zenodo_4628934_poultry_fecal/content (2)/imgSegmentation/cocci/cocci.2037.json,cocci.2037.jpg,coccidiosis,0,test,1
../../Data/downloads/zenodo_4628934_poultry_fecal/content (2)/imgSegmentation/cocci/cocci.2038.json,cocci.2038.jpg,coccidiosis,0,train,1
../../Data/downloads/zenodo_4628934_poultry_fecal/content (2)/imgSegmentation/cocci/cocci.2039.json,cocci.2039.jpg,coccidiosis,0,val,1
../../Data/downloads/zenodo_4628934_poultry_fecal/content (2)/imgSegmentation/cocci/cocci.204.json,cocci.204.jpg,coccidiosis,0,train,1
../../Data/downloads/zenodo_4628934_poultry_fecal/content (2)/imgSegmentation/cocci/cocci.2040.json,cocci.2040.jpg,coccidiosis,0,train,1
../../Data/downloads/zenodo_4628934_poultry_fecal/content (2)/imgSegmentation/cocci/cocci.2041.json,cocci.2041.jpg,coccidiosis,0,train,1
../../Data/downloads/zenodo_4628934_poultry_fecal/content (2)/imgSegmentation/cocci/cocci.2042.json,cocci.2042.jpg,coccidiosis,0,test,1
../../Data/downloads/zenodo_4628934_poultry_fecal/content (2)/imgSegmentation/cocci/cocci.2043.json,cocci.2043.jpg,coccidiosis,0,train,1
../../Data/downloads/zenodo_4628934_poultry_fecal/content (2)/imgSegmentation/cocci/cocci.2044.json,cocci.2044.jpg,coccidiosis,0,train,1
../../Data/downloads/zenodo_4628934_poultry_fecal/content (2)/imgSegmentation/cocci/cocci.2045.json,cocci.2045.jpg,coccidiosis,0,test,1
../../Data/downloads/zenodo_4628934_poultry_fecal/content (2)/imgSegmentation/cocci/cocci.2046.json,cocci.2046.jpg,coccidiosis,0,train,1
../../Data/downloads/zenodo_4628934_poultry_fecal/content (2)/imgSegmentation/cocci/cocci.2047.json,cocci.2047.jpg,coccidiosis,0,train,1
../../Data/downloads/zenodo_4628934_poultry_fecal/content (2)/imgSegmentation/cocci/cocci.2048.json,cocci.2048.jpg,coccidiosis,0,test,1
../../Data/downloads/zenodo_4628934_poultry_fecal/content (2)/imgSegmentation/cocci/cocci.2049.json,cocci.2049.jpg,coccidiosis,0,val,1
../../Data/downloads/zenodo_4628934_poultry_fecal/content (2)/imgSegmentation/cocci/cocci.205.json,cocci.205.jpg,coccidiosis,0,train,1
../../Data/downloads/zenodo_4628934_poultry_fecal/content (2)/imgSegmentation/cocci/cocci.2050.json,cocci.2050.jpg,coccidiosis,0,train,1
../../Data/downloads/zenodo_4628934_poultry_fecal/content (2)/imgSegmentation/cocci/cocci.2051.json,cocci.2051.jpg,coccidiosis,0,train,1
../../Data/downloads/zenodo_4628934_poultry_fecal/content (2)/imgSegmentation/cocci/cocci.2052.json,cocci.2052.jpg,coccidiosis,0,train,1
../../Data/downloads/zenodo_4628934_poultry_fecal/content (2)/imgSegmentation/cocci/cocci.2053.json,cocci.2053.jpg,coccidiosis,0,train,1
../../Data/downloads/zenodo_4628934_poultry_fecal/content (2)/imgSegmentation/cocci/cocci.2054.json,cocci.2054.jpg,coccidiosis,0,test,1
../../Data/downloads/zenodo_4628934_poultry_fecal/content (2)/imgSegmentation/cocci/cocci.2055.json,cocci.2055.jpg,coccidiosis,0,train,1
../../Data/downloads/zenodo_4628934_poultry_fecal/content (2)/imgSegmentation/cocci/cocci.2056.json,cocci.2056.jpg,coccidiosis,0,train,1
../../Data/downloads/zenodo_4628934_poultry_fecal/content (2)/imgSegmentation/cocci/cocci.2057.json,cocci.2057.jpg,coccidiosis,0,train,1
../../Data/downloads/zenodo_4628934_poultry_fecal/content (2)/imgSegmentation/cocci/cocci.2058.json,cocci.2058.jpg,coccidiosis,0,train,1
../../Data/downloads/zenodo_4628934_poultry_fecal/content (2)/imgSegmentation/cocci/cocci.2059.json,cocci.2059.jpg,coccidiosis,0,test,1
../../Data/downloads/zenodo_4628934_poultry_fecal/content (2)/imgSegmentation/cocci/cocci.206.json,cocci.206.jpg,coccidiosis,0,val,1
../../Data/downloads/zenodo_4628934_poultry_fecal/content (2)/imgSegmentation/cocci/cocci.2060.json,cocci.2060.jpg,coccidiosis,0,train,1
../../Data/downloads/zenodo_4628934_poultry_fecal/content (2)/imgSegmentation/cocci/cocci.2061.json,cocci.2061.jpg,coccidiosis,0,val,1
../../Data/downloads/zenodo_4628934_poultry_fecal/content (2)/imgSegmentation/cocci/cocci.2062.json,cocci.2062.jpg,coccidiosis,0,train,1
../../Data/downloads/zenodo_4628934_poultry_fecal/content (2)/imgSegmentation/cocci/cocci.2063.json,cocci.2063.jpg,coccidiosis,0,train,1
../../Data/downloads/zenodo_4628934_poultry_fecal/content (2)/imgSegmentation/cocci/cocci.2064.json,cocci.2064.jpg,coccidiosis,0,test,1
../../Data/downloads/zenodo_4628934_poultry_fecal/content (2)/imgSegmentation/cocci/cocci.2065.json,cocci.2065.jpg,coccidiosis,0,train,1
../../Data/downloads/zenodo_4628934_poultry_fecal/content (2)/imgSegmentation/cocci/cocci.2066.json,cocci.2066.jpg,coccidiosis,0,test,1
../../Data/downloads/zenodo_4628934_poultry_fecal/content (2)/imgSegmentation/cocci/cocci.2067.json,cocci.2067.jpg,coccidiosis,0,train,1
../../Data/downloads/zenodo_4628934_poultry_fecal/content (2)/imgSegmentation/cocci/cocci.2068.json,cocci.2068.jpg,coccidiosis,0,train,1
../../Data/downloads/zenodo_4628934_poultry_fecal/content (2)/imgSegmentation/cocci/cocci.2069.json,cocci.2069.jpg,coccidiosis,0,train,1
../../Data/downloads/zenodo_4628934_poultry_fecal/content (2)/imgSegmentation/cocci/cocci.207.json,cocci.207.jpg,coccidiosis,0,test,1
../../Data/downloads/zenodo_4628934_poultry_fecal/content (2)/imgSegmentation/cocci/cocci.2070.json,cocci.2070.jpg,coccidiosis,0,test,1
../../Data/downloads/zenodo_4628934_poultry_fecal/content (2)/imgSegmentation/cocci/cocci.2071.json,cocci.2071.jpg,coccidiosis,0,train,1
../../Data/downloads/zenodo_4628934_poultry_fecal/content (2)/imgSegmentation/cocci/cocci.2072.json,cocci.2072.jpg,coccidiosis,0,train,1
../../Data/downloads/zenodo_4628934_poultry_fecal/content (2)/imgSegmentation/cocci/cocci.2073.json,cocci.2073.jpg,coccidiosis,0,val,1
../../Data/downloads/zenodo_4628934_poultry_fecal/content (2)/imgSegmentation/cocci/cocci.2074.json,cocci.2074.jpg,coccidiosis,0,train,1
../../Data/downloads/zenodo_4628934_poultry_fecal/content (2)/imgSegmentation/cocci/cocci.2075.json,cocci.2075.jpg,coccidiosis,0,train,1
../../Data/downloads/zenodo_4628934_poultry_fecal/content (2)/imgSegmentation/cocci/cocci.2076.json,cocci.2076.jpg,coccidiosis,0,test,1
../../Data/downloads/zenodo_4628934_poultry_fecal/content (2)/imgSegmentation/cocci/cocci.2077.json,cocci.2077.jpg,coccidiosis,0,val,1
../../Data/downloads/zenodo_4628934_poultry_fecal/content (2)/imgSegmentation/cocci/cocci.2078.json,cocci.2078.jpg,coccidiosis,0,train,1
../../Data/downloads/zenodo_4628934_poultry_fecal/content (2)/imgSegmentation/cocci/cocci.2079.json,cocci.2079.jpg,coccidiosis,0,val,1
../../Data/downloads/zenodo_4628934_poultry_fecal/content (2)/imgSegmentation/cocci/cocci.208.json,cocci.208.jpg,coccidiosis,0,test,1
../../Data/downloads/zenodo_4628934_poultry_fecal/content (2)/imgSegmentation/cocci/cocci.2080.json,cocci.2080.jpg,coccidiosis,0,val,1
../../Data/downloads/zenodo_4628934_poultry_fecal/content (2)/imgSegmentation/cocci/cocci.2081.json,cocci.2081.jpg,coccidiosis,0,train,1
../../Data/downloads/zenodo_4628934_poultry_fecal/content (2)/imgSegmentation/cocci/cocci.2082.json,cocci.2082.jpg,coccidiosis,0,val,1
../../Data/downloads/zenodo_4628934_poultry_fecal/content (2)/imgSegmentation/cocci/cocci.2083.json,cocci.2083.jpg,coccidiosis,0,train,1
../../Data/downloads/zenodo_4628934_poultry_fecal/content (2)/imgSegmentation/cocci/cocci.2084.json,cocci.2084.jpg,coccidiosis,0,test,1
../../Data/downloads/zenodo_4628934_poultry_fecal/content (2)/imgSegmentation/cocci/cocci.2085.json,cocci.2085.jpg,coccidiosis,0,train,1
../../Data/downloads/zenodo_4628934_poultry_fecal/content (2)/imgSegmentation/cocci/cocci.2086.json,cocci.2086.jpg,coccidiosis,0,train,1
../../Data/downloads/zenodo_4628934_poultry_fecal/content (2)/imgSegmentation/cocci/cocci.2087.json,cocci.2087.jpg,coccidiosis,0,train,1
../../Data/downloads/zenodo_4628934_poultry_fecal/content (2)/imgSegmentation/cocci/cocci.2088.json,cocci.2088.jpg,coccidiosis,0,train,1
../../Data/downloads/zenodo_4628934_poultry_fecal/content (2)/imgSegmentation/cocci/cocci.2089.json,cocci.2089.jpg,coccidiosis,0,test,1
../../Data/downloads/zenodo_4628934_poultry_fecal/content (2)/imgSegmentation/cocci/cocci.209.json,cocci.209.jpg,coccidiosis,0,test,1
../../Data/downloads/zenodo_4628934_poultry_fecal/content (2)/imgSegmentation/cocci/cocci.2090.json,cocci.2090.jpg,coccidiosis,0,train,1
../../Data/downloads/zenodo_4628934_poultry_fecal/content (2)/imgSegmentation/cocci/cocci.2091.json,cocci.2091.jpg,coccidiosis,0,train,1
../../Data/downloads/zenodo_4628934_poultry_fecal/content (2)/imgSegmentation/cocci/cocci.2092.json,cocci.2092.jpg,coccidiosis,0,test,1
../../Data/downloads/zenodo_4628934_poultry_fecal/content (2)/imgSegmentation/cocci/cocci.2093.json,cocci.2093.jpg,coccidiosis,0,val,1
../../Data/downloads/zenodo_4628934_poultry_fecal/content (2)/imgSegmentation/cocci/cocci.2094.json,cocci.2094.jpg,coccidiosis,0,train,1
../../Data/downloads/zenodo_4628934_poultry_fecal/content (2)/imgSegmentation/cocci/cocci.2095.json,cocci.2095.jpg,coccidiosis,0,train,1
../../Data/downloads/zenodo_4628934_poultry_fecal/content (2)/imgSegmentation/cocci/cocci.2096.json,cocci.2096.jpg,coccidiosis,0,test,1
../../Data/downloads/zenodo_4628934_poultry_fecal/content (2)/imgSegmentation/cocci/cocci.2097.json,cocci.2097.jpg,coccidiosis,0,train,1
../../Data/downloads/zenodo_4628934_poultry_fecal/content (2)/imgSegmentation/cocci/cocci.2098.json,cocci.2098.jpg,coccidiosis,0,train,1
../../Data/downloads/zenodo_4628934_poultry_fecal/content (2)/imgSegmentation/cocci/cocci.2099.json,cocci.2099.jpg,coccidiosis,0,train,1
../../Data/downloads/zenodo_4628934_poultry_fecal/content (2)/imgSegmentation/cocci/cocci.21.json,cocci.21.jpg,coccidiosis,0,test,1
../../Data/downloads/zenodo_4628934_poultry_fecal/content (2)/imgSegmentation/cocci/cocci.210.json,cocci.210.jpg,coccidiosis,0,test,1
../../Data/downloads/zenodo_4628934_poultry_fecal/content (2)/imgSegmentation/cocci/cocci.2100.json,cocci.2100.jpg,coccidiosis,0,test,1
../../Data/downloads/zenodo_4628934_poultry_fecal/content (2)/imgSegmentation/cocci/cocci.2101.json,cocci.2101.jpg,coccidiosis,0,val,1
../../Data/downloads/zenodo_4628934_poultry_fecal/content (2)/imgSegmentation/cocci/cocci.2102.json,cocci.2102.jpg,coccidiosis,0,train,1
../../Data/downloads/zenodo_4628934_poultry_fecal/content (2)/imgSegmentation/cocci/cocci.211.json,cocci.211.jpg,coccidiosis,0,train,1
../../Data/downloads/zenodo_4628934_poultry_fecal/content (2)/imgSegmentation/cocci/cocci.212.json,cocci.212.jpg,coccidiosis,0,train,1
../../Data/downloads/zenodo_4628934_poultry_fecal/content (2)/imgSegmentation/cocci/cocci.213.json,cocci.213.jpg,coccidiosis,0,train,1
../../Data/downloads/zenodo_4628934_poultry_fecal/content (2)/imgSegmentation/cocci/cocci.214.json,cocci.214.jpg,coccidiosis,0,train,1
../../Data/downloads/zenodo_4628934_poultry_fecal/content (2)/imgSegmentation/cocci/cocci.215.json,cocci.215.jpg,coccidiosis,0,train,1
../../Data/downloads/zenodo_4628934_poultry_fecal/content (2)/imgSegmentation/cocci/cocci.216.json,cocci.216.jpg,coccidiosis,0,test,1
../../Data/downloads/zenodo_4628934_poultry_fecal/content (2)/imgSegmentation/cocci/cocci.217.json,cocci.217.jpg,coccidiosis,0,train,1
../../Data/downloads/zenodo_4628934_poultry_fecal/content (2)/imgSegmentation/cocci/cocci.218.json,cocci.218.jpg,coccidiosis,0,train,1
../../Data/downloads/zenodo_4628934_poultry_fecal/content (2)/imgSegmentation/cocci/cocci.219.json,cocci.219.jpg,coccidiosis,0,train,1
../../Data/downloads/zenodo_4628934_poultry_fecal/content (2)/imgSegmentation/cocci/cocci.22.json,cocci.22.jpg,coccidiosis,0,test,1
../../Data/downloads/zenodo_4628934_poultry_fecal/content (2)/imgSegmentation/cocci/cocci.220.json,cocci.220.jpg,coccidiosis,0,val,1
../../Data/downloads/zenodo_4628934_poultry_fecal/content (2)/imgSegmentation/cocci/cocci.221.json,cocci.221.jpg,coccidiosis,0,train,1
../../Data/downloads/zenodo_4628934_poultry_fecal/content (2)/imgSegmentation/cocci/cocci.222.json,cocci.222.jpg,coccidiosis,0,train,1
../../Data/downloads/zenodo_4628934_poultry_fecal/content (2)/imgSegmentation/cocci/cocci.223.json,cocci.223.jpg,coccidiosis,0,train,1
../../Data/downloads/zenodo_4628934_poultry_fecal/content (2)/imgSegmentation/cocci/cocci.224.json,cocci.224.jpg,coccidiosis,0,val,1
../../Data/downloads/zenodo_4628934_poultry_fecal/content (2)/imgSegmentation/cocci/cocci.225.json,cocci.225.jpg,coccidiosis,0,train,1
../../Data/downloads/zenodo_4628934_poultry_fecal/content (2)/imgSegmentation/cocci/cocci.226.json,cocci.226.jpg,coccidiosis,0,train,1
../../Data/downloads/zenodo_4628934_poultry_fecal/content (2)/imgSegmentation/cocci/cocci.227.json,cocci.227.jpg,coccidiosis,0,train,1
../../Data/downloads/zenodo_4628934_poultry_fecal/content (2)/imgSegmentation/cocci/cocci.228.json,cocci.228.jpg,coccidiosis,0,train,1
../../Data/downloads/zenodo_4628934_poultry_fecal/content (2)/imgSegmentation/cocci/cocci.229.json,cocci.229.jpg,coccidiosis,0,train,1
../../Data/downloads/zenodo_4628934_poultry_fecal/content (2)/imgSegmentation/cocci/cocci.23.json,cocci.23.jpg,coccidiosis,0,test,1
../../Data/downloads/zenodo_4628934_poultry_fecal/content (2)/imgSegmentation/cocci/cocci.230.json,cocci.230.jpg,coccidiosis,0,train,1
../../Data/downloads/zenodo_4628934_poultry_fecal/content (2)/imgSegmentation/cocci/cocci.231.json,cocci.231.jpg,coccidiosis,0,test,1
../../Data/downloads/zenodo_4628934_poultry_fecal/content (2)/imgSegmentation/cocci/cocci.232.json,cocci.232.jpg,coccidiosis,0,train,1
../../Data/downloads/zenodo_4628934_poultry_fecal/content (2)/imgSegmentation/cocci/cocci.233.json,cocci.233.jpg,coccidiosis,0,train,1
../../Data/downloads/zenodo_4628934_poultry_fecal/content (2)/imgSegmentation/cocci/cocci.234.json,cocci.234.jpg,coccidiosis,0,train,1
../../Data/downloads/zenodo_4628934_poultry_fecal/content (2)/imgSegmentation/cocci/cocci.235.json,cocci.235.jpg,coccidiosis,0,train,1
../../Data/downloads/zenodo_4628934_poultry_fecal/content (2)/imgSegmentation/cocci/cocci.236.json,cocci.236.jpg,coccidiosis,0,train,1
../../Data/downloads/zenodo_4628934_poultry_fecal/content (2)/imgSegmentation/cocci/cocci.237.json,cocci.237.jpg,coccidiosis,0,train,1
../../Data/downloads/zenodo_4628934_poultry_fecal/content (2)/imgSegmentation/cocci/cocci.238.json,cocci.238.jpg,coccidiosis,0,val,1
../../Data/downloads/zenodo_4628934_poultry_fecal/content (2)/imgSegmentation/cocci/cocci.239.json,cocci.239.jpg,coccidiosis,0,val,1
../../Data/downloads/zenodo_4628934_poultry_fecal/content (2)/imgSegmentation/cocci/cocci.24.json,cocci.24.jpg,coccidiosis,0,train,1
../../Data/downloads/zenodo_4628934_poultry_fecal/content (2)/imgSegmentation/cocci/cocci.240.json,cocci.240.jpg,coccidiosis,0,test,1
../../Data/downloads/zenodo_4628934_poultry_fecal/content (2)/imgSegmentation/cocci/cocci.241.json,cocci.241.jpg,coccidiosis,0,train,1
../../Data/downloads/zenodo_4628934_poultry_fecal/content (2)/imgSegmentation/cocci/cocci.242.json,cocci.242.jpg,coccidiosis,0,train,1
../../Data/downloads/zenodo_4628934_poultry_fecal/content (2)/imgSegmentation/cocci/cocci.243.json,cocci.243.jpg,coccidiosis,0,val,1
../../Data/downloads/zenodo_4628934_poultry_fecal/content (2)/imgSegmentation/cocci/cocci.244.json,cocci.244.jpg,coccidiosis,0,val,1
../../Data/downloads/zenodo_4628934_poultry_fecal/content (2)/imgSegmentation/cocci/cocci.245.json,cocci.245.jpg,coccidiosis,0,val,1
../../Data/downloads/zenodo_4628934_poultry_fecal/content (2)/imgSegmentation/cocci/cocci.246.json,cocci.246.jpg,coccidiosis,0,train,1
../../Data/downloads/zenodo_4628934_poultry_fecal/content (2)/imgSegmentation/cocci/cocci.247.json,cocci.247.jpg,coccidiosis,0,test,1
../../Data/downloads/zenodo_4628934_poultry_fecal/content (2)/imgSegmentation/cocci/cocci.248.json,cocci.248.jpg,coccidiosis,0,train,1
../../Data/downloads/zenodo_4628934_poultry_fecal/content (2)/imgSegmentation/cocci/cocci.249.json,cocci.249.jpg,coccidiosis,0,train,1
../../Data/downloads/zenodo_4628934_poultry_fecal/content (2)/imgSegmentation/cocci/cocci.25.json,cocci.25.jpg,coccidiosis,0,train,1
../../Data/downloads/zenodo_4628934_poultry_fecal/content (2)/imgSegmentation/cocci/cocci.250.json,cocci.250.jpg,coccidiosis,0,train,1
../../Data/downloads/zenodo_4628934_poultry_fecal/content (2)/imgSegmentation/cocci/cocci.251.json,cocci.251.jpg,coccidiosis,0,train,1
../../Data/downloads/zenodo_4628934_poultry_fecal/content (2)/imgSegmentation/cocci/cocci.252.json,cocci.252.jpg,coccidiosis,0,train,1
../../Data/downloads/zenodo_4628934_poultry_fecal/content (2)/imgSegmentation/cocci/cocci.253.json,cocci.253.jpg,coccidiosis,0,train,1
../../Data/downloads/zenodo_4628934_poultry_fecal/content (2)/imgSegmentation/cocci/cocci.254.json,cocci.254.jpg,coccidiosis,0,test,1
../../Data/downloads/zenodo_4628934_poultry_fecal/content (2)/imgSegmentation/cocci/cocci.255.json,cocci.255.jpg,coccidiosis,0,train,1
../../Data/downloads/zenodo_4628934_poultry_fecal/content (2)/imgSegmentation/cocci/cocci.256.json,cocci.256.jpg,coccidiosis,0,train,1
../../Data/downloads/zenodo_4628934_poultry_fecal/content (2)/imgSegmentation/cocci/cocci.257.json,cocci.257.jpg,coccidiosis,0,train,1
../../Data/downloads/zenodo_4628934_poultry_fecal/content (2)/imgSegmentation/cocci/cocci.258.json,cocci.258.jpg,coccidiosis,0,train,1
../../Data/downloads/zenodo_4628934_poultry_fecal/content (2)/imgSegmentation/cocci/cocci.259.json,cocci.259.jpg,coccidiosis,0,train,1
../../Data/downloads/zenodo_4628934_poultry_fecal/content (2)/imgSegmentation/cocci/cocci.26.json,cocci.26.jpg,coccidiosis,0,train,1
../../Data/downloads/zenodo_4628934_poultry_fecal/content (2)/imgSegmentation/cocci/cocci.260.json,cocci.260.jpg,coccidiosis,0,train,1
../../Data/downloads/zenodo_4628934_poultry_fecal/content (2)/imgSegmentation/cocci/cocci.261.json,cocci.261.jpg,coccidiosis,0,train,1
../../Data/downloads/zenodo_4628934_poultry_fecal/content (2)/imgSegmentation/cocci/cocci.262.json,cocci.262.jpg,coccidiosis,0,test,1
../../Data/downloads/zenodo_4628934_poultry_fecal/content (2)/imgSegmentation/cocci/cocci.263.json,cocci.263.jpg,coccidiosis,0,train,1
../../Data/downloads/zenodo_4628934_poultry_fecal/content (2)/imgSegmentation/cocci/cocci.264.json,cocci.264.jpg,coccidiosis,0,train,1
../../Data/downloads/zenodo_4628934_poultry_fecal/content (2)/imgSegmentation/cocci/cocci.265.json,cocci.265.jpg,coccidiosis,0,train,1
../../Data/downloads/zenodo_4628934_poultry_fecal/content (2)/imgSegmentation/cocci/cocci.266.json,cocci.266.jpg,coccidiosis,0,train,1
../../Data/downloads/zenodo_4628934_poultry_fecal/content (2)/imgSegmentation/cocci/cocci.267.json,cocci.267.jpg,coccidiosis,0,test,1
../../Data/downloads/zenodo_4628934_poultry_fecal/content (2)/imgSegmentation/cocci/cocci.268.json,cocci.268.jpg,coccidiosis,0,train,1
../../Data/downloads/zenodo_4628934_poultry_fecal/content (2)/imgSegmentation/cocci/cocci.269.json,cocci.269.jpg,coccidiosis,0,train,1
../../Data/downloads/zenodo_4628934_poultry_fecal/content (2)/imgSegmentation/cocci/cocci.27.json,cocci.27.jpg,coccidiosis,0,train,1
../../Data/downloads/zenodo_4628934_poultry_fecal/content (2)/imgSegmentation/cocci/cocci.270.json,cocci.270.jpg,coccidiosis,0,train,1
../../Data/downloads/zenodo_4628934_poultry_fecal/content (2)/imgSegmentation/cocci/cocci.271.json,cocci.271.jpg,coccidiosis,0,test,1
../../Data/downloads/zenodo_4628934_poultry_fecal/content (2)/imgSegmentation/cocci/cocci.272.json,cocci.272.jpg,coccidiosis,0,val,1
../../Data/downloads/zenodo_4628934_poultry_fecal/content (2)/imgSegmentation/cocci/cocci.273.json,cocci.273.jpg,coccidiosis,0,train,1
../../Data/downloads/zenodo_4628934_poultry_fecal/content (2)/imgSegmentation/cocci/cocci.274.json,cocci.274.jpg,coccidiosis,0,train,1
../../Data/downloads/zenodo_4628934_poultry_fecal/content (2)/imgSegmentation/cocci/cocci.275.json,cocci.275.jpg,coccidiosis,0,train,1
../../Data/downloads/zenodo_4628934_poultry_fecal/content (2)/imgSegmentation/cocci/cocci.276.json,cocci.276.jpg,coccidiosis,0,train,1
../../Data/downloads/zenodo_4628934_poultry_fecal/content (2)/imgSegmentation/cocci/cocci.277.json,cocci.277.jpg,coccidiosis,0,train,1
../../Data/downloads/zenodo_4628934_poultry_fecal/content (2)/imgSegmentation/cocci/cocci.278.json,cocci.278.jpg,coccidiosis,0,val,1
../../Data/downloads/zenodo_4628934_poultry_fecal/content (2)/imgSegmentation/cocci/cocci.279.json,cocci.279.jpg,coccidiosis,0,train,1
../../Data/downloads/zenodo_4628934_poultry_fecal/content (2)/imgSegmentation/cocci/cocci.28.json,cocci.28.jpg,coccidiosis,0,val,1
../../Data/downloads/zenodo_4628934_poultry_fecal/content (2)/imgSegmentation/cocci/cocci.280.json,cocci.280.jpg,coccidiosis,0,train,1
../../Data/downloads/zenodo_4628934_poultry_fecal/content (2)/imgSegmentation/cocci/cocci.281.json,cocci.281.jpg,coccidiosis,0,val,1
../../Data/downloads/zenodo_4628934_poultry_fecal/content (2)/imgSegmentation/cocci/cocci.282.json,cocci.282.jpg,coccidiosis,0,test,1
../../Data/downloads/zenodo_4628934_poultry_fecal/content (2)/imgSegmentation/cocci/cocci.283.json,cocci.283.jpg,coccidiosis,0,train,1
../../Data/downloads/zenodo_4628934_poultry_fecal/content (2)/imgSegmentation/cocci/cocci.284.json,cocci.284.jpg,coccidiosis,0,train,1
../../Data/downloads/zenodo_4628934_poultry_fecal/content (2)/imgSegmentation/cocci/cocci.285.json,cocci.285.jpg,coccidiosis,0,test,1
../../Data/downloads/zenodo_4628934_poultry_fecal/content (2)/imgSegmentation/cocci/cocci.286.json,cocci.286.jpg,coccidiosis,0,test,1
../../Data/downloads/zenodo_4628934_poultry_fecal/content (2)/imgSegmentation/cocci/cocci.287.json,cocci.287.jpg,coccidiosis,0,val,1
../../Data/downloads/zenodo_4628934_poultry_fecal/content (2)/imgSegmentation/cocci/cocci.288.json,cocci.288.jpg,coccidiosis,0,train,1
../../Data/downloads/zenodo_4628934_poultry_fecal/content (2)/imgSegmentation/cocci/cocci.289.json,cocci.289.jpg,coccidiosis,0,train,1
../../Data/downloads/zenodo_4628934_poultry_fecal/content (2)/imgSegmentation/cocci/cocci.29.json,cocci.29.jpg,coccidiosis,0,train,1
../../Data/downloads/zenodo_4628934_poultry_fecal/content (2)/imgSegmentation/cocci/cocci.290.json,cocci.290.jpg,coccidiosis,0,train,1
../../Data/downloads/zenodo_4628934_poultry_fecal/content (2)/imgSegmentation/cocci/cocci.291.json,cocci.291.jpg,coccidiosis,0,val,1
../../Data/downloads/zenodo_4628934_poultry_fecal/content (2)/imgSegmentation/cocci/cocci.292.json,cocci.292.jpg,coccidiosis,0,train,1
../../Data/downloads/zenodo_4628934_poultry_fecal/content (2)/imgSegmentation/cocci/cocci.293.json,cocci.293.jpg,coccidiosis,0,train,1
../../Data/downloads/zenodo_4628934_poultry_fecal/content (2)/imgSegmentation/cocci/cocci.294.json,cocci.294.jpg,coccidiosis,0,train,1
../../Data/downloads/zenodo_4628934_poultry_fecal/content (2)/imgSegmentation/cocci/cocci.295.json,cocci.295.jpg,coccidiosis,0,train,1
../../Data/downloads/zenodo_4628934_poultry_fecal/content (2)/imgSegmentation/cocci/cocci.296.json,cocci.296.jpg,coccidiosis,0,test,1
../../Data/downloads/zenodo_4628934_poultry_fecal/content (2)/imgSegmentation/cocci/cocci.297.json,cocci.297.jpg,coccidiosis,0,val,1
../../Data/downloads/zenodo_4628934_poultry_fecal/content (2)/imgSegmentation/cocci/cocci.298.json,cocci.298.jpg,coccidiosis,0,train,1
../../Data/downloads/zenodo_4628934_poultry_fecal/content (2)/imgSegmentation/cocci/cocci.299.json,cocci.299.jpg,coccidiosis,0,test,1
../../Data/downloads/zenodo_4628934_poultry_fecal/content (2)/imgSegmentation/cocci/cocci.3.json,cocci.3.jpg,coccidiosis,0,train,1
../../Data/downloads/zenodo_4628934_poultry_fecal/content (2)/imgSegmentation/cocci/cocci.30.json,cocci.30.jpg,coccidiosis,0,train,1
../../Data/downloads/zenodo_4628934_poultry_fecal/content (2)/imgSegmentation/cocci/cocci.300.json,cocci.300.jpg,coccidiosis,0,train,1
../../Data/downloads/zenodo_4628934_poultry_fecal/content (2)/imgSegmentation/cocci/cocci.301.json,cocci.301.jpg,coccidiosis,0,test,1
../../Data/downloads/zenodo_4628934_poultry_fecal/content (2)/imgSegmentation/cocci/cocci.302.json,cocci.302.jpg,coccidiosis,0,train,1
../../Data/downloads/zenodo_4628934_poultry_fecal/content (2)/imgSegmentation/cocci/cocci.303.json,cocci.303.jpg,coccidiosis,0,train,1
../../Data/downloads/zenodo_4628934_poultry_fecal/content (2)/imgSegmentation/cocci/cocci.304.json,cocci.304.jpg,coccidiosis,0,train,1
../../Data/downloads/zenodo_4628934_poultry_fecal/content (2)/imgSegmentation/cocci/cocci.305.json,cocci.305.jpg,coccidiosis,0,train,1
../../Data/downloads/zenodo_4628934_poultry_fecal/content (2)/imgSegmentation/cocci/cocci.306.json,cocci.306.jpg,coccidiosis,0,train,1
../../Data/downloads/zenodo_4628934_poultry_fecal/content (2)/imgSegmentation/cocci/cocci.307.json,cocci.307.jpg,coccidiosis,0,val,1
../../Data/downloads/zenodo_4628934_poultry_fecal/content (2)/imgSegmentation/cocci/cocci.308.json,cocci.308.jpg,coccidiosis,0,train,1
../../Data/downloads/zenodo_4628934_poultry_fecal/content (2)/imgSegmentation/cocci/cocci.309.json,cocci.309.jpg,coccidiosis,0,train,1
../../Data/downloads/zenodo_4628934_poultry_fecal/content (2)/imgSegmentation/cocci/cocci.31.json,cocci.31.jpg,coccidiosis,0,train,1
../../Data/downloads/zenodo_4628934_poultry_fecal/content (2)/imgSegmentation/cocci/cocci.310.json,cocci.310.jpg,coccidiosis,0,train,1
../../Data/downloads/zenodo_4628934_poultry_fecal/content (2)/imgSegmentation/cocci/cocci.311.json,cocci.311.jpg,coccidiosis,0,test,1
../../Data/downloads/zenodo_4628934_poultry_fecal/content (2)/imgSegmentation/cocci/cocci.312.json,cocci.312.jpg,coccidiosis,0,train,1
../../Data/downloads/zenodo_4628934_poultry_fecal/content (2)/imgSegmentation/cocci/cocci.313.json,cocci.313.jpg,coccidiosis,0,train,1
../../Data/downloads/zenodo_4628934_poultry_fecal/content (2)/imgSegmentation/cocci/cocci.314.json,cocci.314.jpg,coccidiosis,0,train,1
../../Data/downloads/zenodo_4628934_poultry_fecal/content (2)/imgSegmentation/cocci/cocci.315.json,cocci.315.jpg,coccidiosis,0,train,1
../../Data/downloads/zenodo_4628934_poultry_fecal/content (2)/imgSegmentation/cocci/cocci.316.json,cocci.316.jpg,coccidiosis,0,train,1
../../Data/downloads/zenodo_4628934_poultry_fecal/content (2)/imgSegmentation/cocci/cocci.317.json,cocci.317.jpg,coccidiosis,0,train,1
../../Data/downloads/zenodo_4628934_poultry_fecal/content (2)/imgSegmentation/cocci/cocci.318.json,cocci.318.jpg,coccidiosis,0,train,1
../../Data/downloads/zenodo_4628934_poultry_fecal/content (2)/imgSegmentation/cocci/cocci.319.json,cocci.319.jpg,coccidiosis,0,train,1
../../Data/downloads/zenodo_4628934_poultry_fecal/content (2)/imgSegmentation/cocci/cocci.32.json,cocci.32.jpg,coccidiosis,0,train,1
../../Data/downloads/zenodo_4628934_poultry_fecal/content (2)/imgSegmentation/cocci/cocci.320.json,cocci.320.jpg,coccidiosis,0,train,1
../../Data/downloads/zenodo_4628934_poultry_fecal/content (2)/imgSegmentation/cocci/cocci.321.json,cocci.321.jpg,coccidiosis,0,train,1
../../Data/downloads/zenodo_4628934_poultry_fecal/content (2)/imgSegmentation/cocci/cocci.322.json,cocci.322.jpg,coccidiosis,0,val,1
../../Data/downloads/zenodo_4628934_poultry_fecal/content (2)/imgSegmentation/cocci/cocci.323.json,cocci.323.jpg,coccidiosis,0,train,1
../../Data/downloads/zenodo_4628934_poultry_fecal/content (2)/imgSegmentation/cocci/cocci.324.json,cocci.324.jpg,coccidiosis,0,train,1
../../Data/downloads/zenodo_4628934_poultry_fecal/content (2)/imgSegmentation/cocci/cocci.325.json,cocci.325.jpg,coccidiosis,0,train,1
../../Data/downloads/zenodo_4628934_poultry_fecal/content (2)/imgSegmentation/cocci/cocci.326.json,cocci.326.jpg,coccidiosis,0,test,1
../../Data/downloads/zenodo_4628934_poultry_fecal/content (2)/imgSegmentation/cocci/cocci.327.json,cocci.327.jpg,coccidiosis,0,train,1
../../Data/downloads/zenodo_4628934_poultry_fecal/content (2)/imgSegmentation/cocci/cocci.328.json,cocci.328.jpg,coccidiosis,0,train,1
../../Data/downloads/zenodo_4628934_poultry_fecal/content (2)/imgSegmentation/cocci/cocci.329.json,cocci.329.jpg,coccidiosis,0,val,1
../../Data/downloads/zenodo_4628934_poultry_fecal/content (2)/imgSegmentation/cocci/cocci.33.json,cocci.33.jpg,coccidiosis,0,train,1
../../Data/downloads/zenodo_4628934_poultry_fecal/content (2)/imgSegmentation/cocci/cocci.330.json,cocci.330.jpg,coccidiosis,0,train,1
../../Data/downloads/zenodo_4628934_poultry_fecal/content (2)/imgSegmentation/cocci/cocci.331.json,cocci.331.jpg,coccidiosis,0,train,1
../../Data/downloads/zenodo_4628934_poultry_fecal/content (2)/imgSegmentation/cocci/cocci.332.json,cocci.332.jpg,coccidiosis,0,train,1
../../Data/downloads/zenodo_4628934_poultry_fecal/content (2)/imgSegmentation/cocci/cocci.333.json,cocci.333.jpg,coccidiosis,0,train,1
../../Data/downloads/zenodo_4628934_poultry_fecal/content (2)/imgSegmentation/cocci/cocci.334.json,cocci.334.jpg,coccidiosis,0,train,1
../../Data/downloads/zenodo_4628934_poultry_fecal/content (2)/imgSegmentation/cocci/cocci.335.json,cocci.335.jpg,coccidiosis,0,train,1
../../Data/downloads/zenodo_4628934_poultry_fecal/content (2)/imgSegmentation/cocci/cocci.336.json,cocci.336.jpg,coccidiosis,0,test,1
../../Data/downloads/zenodo_4628934_poultry_fecal/content (2)/imgSegmentation/cocci/cocci.337.json,cocci.337.jpg,coccidiosis,0,train,1
../../Data/downloads/zenodo_4628934_poultry_fecal/content (2)/imgSegmentation/cocci/cocci.338.json,cocci.338.jpg,coccidiosis,0,train,1
../../Data/downloads/zenodo_4628934_poultry_fecal/content (2)/imgSegmentation/cocci/cocci.339.json,cocci.339.jpg,coccidiosis,0,test,1
../../Data/downloads/zenodo_4628934_poultry_fecal/content (2)/imgSegmentation/cocci/cocci.34.json,cocci.34.jpg,coccidiosis,0,train,1
../../Data/downloads/zenodo_4628934_poultry_fecal/content (2)/imgSegmentation/cocci/cocci.340.json,cocci.340.jpg,coccidiosis,0,train,1
../../Data/downloads/zenodo_4628934_poultry_fecal/content (2)/imgSegmentation/cocci/cocci.341.json,cocci.341.jpg,coccidiosis,0,train,1
../../Data/downloads/zenodo_4628934_poultry_fecal/content (2)/imgSegmentation/cocci/cocci.342.json,cocci.342.jpg,coccidiosis,0,train,1
../../Data/downloads/zenodo_4628934_poultry_fecal/content (2)/imgSegmentation/cocci/cocci.343.json,cocci.343.jpg,coccidiosis,0,train,1
../../Data/downloads/zenodo_4628934_poultry_fecal/content (2)/imgSegmentation/cocci/cocci.344.json,cocci.344.jpg,coccidiosis,0,train,1
../../Data/downloads/zenodo_4628934_poultry_fecal/content (2)/imgSegmentation/cocci/cocci.345.json,cocci.345.jpg,coccidiosis,0,train,1
../../Data/downloads/zenodo_4628934_poultry_fecal/content (2)/imgSegmentation/cocci/cocci.346.json,cocci.346.jpg,coccidiosis,0,train,1
../../Data/downloads/zenodo_4628934_poultry_fecal/content (2)/imgSegmentation/cocci/cocci.347.json,cocci.347.jpg,coccidiosis,0,train,1
../../Data/downloads/zenodo_4628934_poultry_fecal/content (2)/imgSegmentation/cocci/cocci.348.json,cocci.348.jpg,coccidiosis,0,train,1
../../Data/downloads/zenodo_4628934_poultry_fecal/content (2)/imgSegmentation/cocci/cocci.349.json,cocci.349.jpg,coccidiosis,0,train,1
../../Data/downloads/zenodo_4628934_poultry_fecal/content (2)/imgSegmentation/cocci/cocci.35.json,cocci.35.jpg,coccidiosis,0,train,1
../../Data/downloads/zenodo_4628934_poultry_fecal/content (2)/imgSegmentation/cocci/cocci.350.json,cocci.350.jpg,coccidiosis,0,train,1
../../Data/downloads/zenodo_4628934_poultry_fecal/content (2)/imgSegmentation/cocci/cocci.351.json,cocci.351.jpg,coccidiosis,0,train,1
../../Data/downloads/zenodo_4628934_poultry_fecal/content (2)/imgSegmentation/cocci/cocci.352.json,cocci.352.jpg,coccidiosis,0,test,1
../../Data/downloads/zenodo_4628934_poultry_fecal/content (2)/imgSegmentation/cocci/cocci.353.json,cocci.353.jpg,coccidiosis,0,train,1
../../Data/downloads/zenodo_4628934_poultry_fecal/content (2)/imgSegmentation/cocci/cocci.354.json,cocci.354.jpg,coccidiosis,0,train,1
../../Data/downloads/zenodo_4628934_poultry_fecal/content (2)/imgSegmentation/cocci/cocci.355.json,cocci.355.jpg,coccidiosis,0,train,1
../../Data/downloads/zenodo_4628934_poultry_fecal/content (2)/imgSegmentation/cocci/cocci.356.json,cocci.356.jpg,coccidiosis,0,train,1
../../Data/downloads/zenodo_4628934_poultry_fecal/content (2)/imgSegmentation/cocci/cocci.357.json,cocci.357.jpg,coccidiosis,0,train,1
../../Data/downloads/zenodo_4628934_poultry_fecal/content (2)/imgSegmentation/cocci/cocci.358.json,cocci.358.jpg,coccidiosis,0,train,1
../../Data/downloads/zenodo_4628934_poultry_fecal/content (2)/imgSegmentation/cocci/cocci.359.json,cocci.359.jpg,coccidiosis,0,train,1
../../Data/downloads/zenodo_4628934_poultry_fecal/content (2)/imgSegmentation/cocci/cocci.36.json,cocci.36.jpg,coccidiosis,0,train,1
../../Data/downloads/zenodo_4628934_poultry_fecal/content (2)/imgSegmentation/cocci/cocci.360.json,cocci.360.jpg,coccidiosis,0,test,1
../../Data/downloads/zenodo_4628934_poultry_fecal/content (2)/imgSegmentation/cocci/cocci.361.json,cocci.361.jpg,coccidiosis,0,train,1
../../Data/downloads/zenodo_4628934_poultry_fecal/content (2)/imgSegmentation/cocci/cocci.362.json,cocci.362.jpg,coccidiosis,0,val,1
../../Data/downloads/zenodo_4628934_poultry_fecal/content (2)/imgSegmentation/cocci/cocci.363.json,cocci.363.jpg,coccidiosis,0,train,1
../../Data/downloads/zenodo_4628934_poultry_fecal/content (2)/imgSegmentation/cocci/cocci.364.json,cocci.364.jpg,coccidiosis,0,val,1
../../Data/downloads/zenodo_4628934_poultry_fecal/content (2)/imgSegmentation/cocci/cocci.365.json,cocci.365.jpg,coccidiosis,0,test,1
../../Data/downloads/zenodo_4628934_poultry_fecal/content (2)/imgSegmentation/cocci/cocci.366.json,cocci.366.jpg,coccidiosis,0,val,1
../../Data/downloads/zenodo_4628934_poultry_fecal/content (2)/imgSegmentation/cocci/cocci.367.json,cocci.367.jpg,coccidiosis,0,test,1
../../Data/downloads/zenodo_4628934_poultry_fecal/content (2)/imgSegmentation/cocci/cocci.368.json,cocci.368.jpg,coccidiosis,0,train,1
../../Data/downloads/zenodo_4628934_poultry_fecal/content (2)/imgSegmentation/cocci/cocci.369.json,cocci.369.jpg,coccidiosis,0,train,1
../../Data/downloads/zenodo_4628934_poultry_fecal/content (2)/imgSegmentation/cocci/cocci.37.json,cocci.37.jpg,coccidiosis,0,train,1
../../Data/downloads/zenodo_4628934_poultry_fecal/content (2)/imgSegmentation/cocci/cocci.370.json,cocci.370.jpg,coccidiosis,0,train,1
../../Data/downloads/zenodo_4628934_poultry_fecal/content (2)/imgSegmentation/cocci/cocci.371.json,cocci.371.jpg,coccidiosis,0,train,1
../../Data/downloads/zenodo_4628934_poultry_fecal/content (2)/imgSegmentation/cocci/cocci.372.json,cocci.372.jpg,coccidiosis,0,val,1
../../Data/downloads/zenodo_4628934_poultry_fecal/content (2)/imgSegmentation/cocci/cocci.373.json,cocci.373.jpg,coccidiosis,0,test,1
../../Data/downloads/zenodo_4628934_poultry_fecal/content (2)/imgSegmentation/cocci/cocci.374.json,cocci.374.jpg,coccidiosis,0,test,1
../../Data/downloads/zenodo_4628934_poultry_fecal/content (2)/imgSegmentation/cocci/cocci.375.json,cocci.375.jpg,coccidiosis,0,train,1
../../Data/downloads/zenodo_4628934_poultry_fecal/content (2)/imgSegmentation/cocci/cocci.376.json,cocci.376.jpg,coccidiosis,0,train,1
../../Data/downloads/zenodo_4628934_poultry_fecal/content (2)/imgSegmentation/cocci/cocci.377.json,cocci.377.jpg,coccidiosis,0,train,1
../../Data/downloads/zenodo_4628934_poultry_fecal/content (2)/imgSegmentation/cocci/cocci.378.json,cocci.378.jpg,coccidiosis,0,test,1
../../Data/downloads/zenodo_4628934_poultry_fecal/content (2)/imgSegmentation/cocci/cocci.379.json,cocci.379.jpg,coccidiosis,0,train,1
../../Data/downloads/zenodo_4628934_poultry_fecal/content (2)/imgSegmentation/cocci/cocci.38.json,cocci.38.jpg,coccidiosis,0,test,1
../../Data/downloads/zenodo_4628934_poultry_fecal/content (2)/imgSegmentation/cocci/cocci.380.json,cocci.380.jpg,coccidiosis,0,train,1
../../Data/downloads/zenodo_4628934_poultry_fecal/content (2)/imgSegmentation/cocci/cocci.381.json,cocci.381.jpg,coccidiosis,0,test,1
../../Data/downloads/zenodo_4628934_poultry_fecal/content (2)/imgSegmentation/cocci/cocci.382.json,cocci.382.jpg,coccidiosis,0,train,1
../../Data/downloads/zenodo_4628934_poultry_fecal/content (2)/imgSegmentation/cocci/cocci.383.json,cocci.383.jpg,coccidiosis,0,test,1
../../Data/downloads/zenodo_4628934_poultry_fecal/content (2)/imgSegmentation/cocci/cocci.384.json,cocci.384.jpg,coccidiosis,0,train,1
../../Data/downloads/zenodo_4628934_poultry_fecal/content (2)/imgSegmentation/cocci/cocci.385.json,cocci.385.jpg,coccidiosis,0,train,1
../../Data/downloads/zenodo_4628934_poultry_fecal/content (2)/imgSegmentation/cocci/cocci.386.json,cocci.386.jpg,coccidiosis,0,train,1
../../Data/downloads/zenodo_4628934_poultry_fecal/content (2)/imgSegmentation/cocci/cocci.387.json,cocci.387.jpg,coccidiosis,0,train,1
../../Data/downloads/zenodo_4628934_poultry_fecal/content (2)/imgSegmentation/cocci/cocci.388.json,cocci.388.jpg,coccidiosis,0,train,1
../../Data/downloads/zenodo_4628934_poultry_fecal/content (2)/imgSegmentation/cocci/cocci.389.json,cocci.389.jpg,coccidiosis,0,train,1
../../Data/downloads/zenodo_4628934_poultry_fecal/content (2)/imgSegmentation/cocci/cocci.39.json,cocci.39.jpg,coccidiosis,0,train,1
../../Data/downloads/zenodo_4628934_poultry_fecal/content (2)/imgSegmentation/cocci/cocci.390.json,cocci.390.jpg,coccidiosis,0,val,1
../../Data/downloads/zenodo_4628934_poultry_fecal/content (2)/imgSegmentation/cocci/cocci.391.json,cocci.391.jpg,coccidiosis,0,train,1
../../Data/downloads/zenodo_4628934_poultry_fecal/content (2)/imgSegmentation/cocci/cocci.392.json,cocci.392.jpg,coccidiosis,0,val,1
../../Data/downloads/zenodo_4628934_poultry_fecal/content (2)/imgSegmentation/cocci/cocci.393.json,cocci.393.jpg,coccidiosis,0,train,1
../../Data/downloads/zenodo_4628934_poultry_fecal/content (2)/imgSegmentation/cocci/cocci.394.json,cocci.394.jpg,coccidiosis,0,train,1
../../Data/downloads/zenodo_4628934_poultry_fecal/content (2)/imgSegmentation/cocci/cocci.395.json,cocci.395.jpg,coccidiosis,0,test,1
../../Data/downloads/zenodo_4628934_poultry_fecal/content (2)/imgSegmentation/cocci/cocci.396.json,cocci.396.jpg,coccidiosis,0,train,1
../../Data/downloads/zenodo_4628934_poultry_fecal/content (2)/imgSegmentation/cocci/cocci.397.json,cocci.397.jpg,coccidiosis,0,train,1
../../Data/downloads/zenodo_4628934_poultry_fecal/content (2)/imgSegmentation/cocci/cocci.398.json,cocci.398.jpg,coccidiosis,0,train,1
../../Data/downloads/zenodo_4628934_poultry_fecal/content (2)/imgSegmentation/cocci/cocci.399.json,cocci.399.jpg,coccidiosis,0,train,1
../../Data/downloads/zenodo_4628934_poultry_fecal/content (2)/imgSegmentation/cocci/cocci.4.json,cocci.4.jpg,coccidiosis,0,train,1
../../Data/downloads/zenodo_4628934_poultry_fecal/content (2)/imgSegmentation/cocci/cocci.40.json,cocci.40.jpg,coccidiosis,0,val,1
../../Data/downloads/zenodo_4628934_poultry_fecal/content (2)/imgSegmentation/cocci/cocci.400.json,cocci.400.jpg,coccidiosis,0,train,1
../../Data/downloads/zenodo_4628934_poultry_fecal/content (2)/imgSegmentation/cocci/cocci.401.json,cocci.401.jpg,coccidiosis,0,train,1
../../Data/downloads/zenodo_4628934_poultry_fecal/content (2)/imgSegmentation/cocci/cocci.402.json,cocci.402.jpg,coccidiosis,0,train,1
../../Data/downloads/zenodo_4628934_poultry_fecal/content (2)/imgSegmentation/cocci/cocci.403.json,cocci.403.jpg,coccidiosis,0,train,1
../../Data/downloads/zenodo_4628934_poultry_fecal/content (2)/imgSegmentation/cocci/cocci.404.json,cocci.404.jpg,coccidiosis,0,val,1
../../Data/downloads/zenodo_4628934_poultry_fecal/content (2)/imgSegmentation/cocci/cocci.405.json,cocci.405.jpg,coccidiosis,0,train,1
../../Data/downloads/zenodo_4628934_poultry_fecal/content (2)/imgSegmentation/cocci/cocci.406.json,cocci.406.jpg,coccidiosis,0,train,1
../../Data/downloads/zenodo_4628934_poultry_fecal/content (2)/imgSegmentation/cocci/cocci.407.json,cocci.407.jpg,coccidiosis,0,test,1
../../Data/downloads/zenodo_4628934_poultry_fecal/content (2)/imgSegmentation/cocci/cocci.408.json,cocci.408.jpg,coccidiosis,0,val,1
../../Data/downloads/zenodo_4628934_poultry_fecal/content (2)/imgSegmentation/cocci/cocci.409.json,cocci.409.jpg,coccidiosis,0,train,1
../../Data/downloads/zenodo_4628934_poultry_fecal/content (2)/imgSegmentation/cocci/cocci.41.json,cocci.41.jpg,coccidiosis,0,val,1
../../Data/downloads/zenodo_4628934_poultry_fecal/content (2)/imgSegmentation/cocci/cocci.410.json,cocci.410.jpg,coccidiosis,0,train,1
../../Data/downloads/zenodo_4628934_poultry_fecal/content (2)/imgSegmentation/cocci/cocci.411.json,cocci.411.jpg,coccidiosis,0,train,1
../../Data/downloads/zenodo_4628934_poultry_fecal/content (2)/imgSegmentation/cocci/cocci.412.json,cocci.412.jpg,coccidiosis,0,train,1
../../Data/downloads/zenodo_4628934_poultry_fecal/content (2)/imgSegmentation/cocci/cocci.413.json,cocci.413.jpg,coccidiosis,0,test,1
../../Data/downloads/zenodo_4628934_poultry_fecal/content (2)/imgSegmentation/cocci/cocci.414.json,cocci.414.jpg,coccidiosis,0,train,1
../../Data/downloads/zenodo_4628934_poultry_fecal/content (2)/imgSegmentation/cocci/cocci.415.json,cocci.415.jpg,coccidiosis,0,train,1
../../Data/downloads/zenodo_4628934_poultry_fecal/content (2)/imgSegmentation/cocci/cocci.416.json,cocci.416.jpg,coccidiosis,0,val,1
../../Data/downloads/zenodo_4628934_poultry_fecal/content (2)/imgSegmentation/cocci/cocci.417.json,cocci.417.jpg,coccidiosis,0,train,1
../../Data/downloads/zenodo_4628934_poultry_fecal/content (2)/imgSegmentation/cocci/cocci.418.json,cocci.418.jpg,coccidiosis,0,train,1
../../Data/downloads/zenodo_4628934_poultry_fecal/content (2)/imgSegmentation/cocci/cocci.419.json,cocci.419.jpg,coccidiosis,0,test,1
../../Data/downloads/zenodo_4628934_poultry_fecal/content (2)/imgSegmentation/cocci/cocci.42.json,cocci.42.jpg,coccidiosis,0,train,1
../../Data/downloads/zenodo_4628934_poultry_fecal/content (2)/imgSegmentation/cocci/cocci.420.json,cocci.420.jpg,coccidiosis,0,train,1
../../Data/downloads/zenodo_4628934_poultry_fecal/content (2)/imgSegmentation/cocci/cocci.421.json,cocci.421.jpg,coccidiosis,0,train,1
../../Data/downloads/zenodo_4628934_poultry_fecal/content (2)/imgSegmentation/cocci/cocci.422.json,cocci.422.jpg,coccidiosis,0,val,1
../../Data/downloads/zenodo_4628934_poultry_fecal/content (2)/imgSegmentation/cocci/cocci.423.json,cocci.423.jpg,coccidiosis,0,val,1
../../Data/downloads/zenodo_4628934_poultry_fecal/content (2)/imgSegmentation/cocci/cocci.424.json,cocci.424.jpg,coccidiosis,0,train,1
../../Data/downloads/zenodo_4628934_poultry_fecal/content (2)/imgSegmentation/cocci/cocci.425.json,cocci.425.jpg,coccidiosis,0,train,1
../../Data/downloads/zenodo_4628934_poultry_fecal/content (2)/imgSegmentation/cocci/cocci.426.json,cocci.426.jpg,coccidiosis,0,train,1
../../Data/downloads/zenodo_4628934_poultry_fecal/content (2)/imgSegmentation/cocci/cocci.427.json,cocci.427.jpg,coccidiosis,0,train,1
../../Data/downloads/zenodo_4628934_poultry_fecal/content (2)/imgSegmentation/cocci/cocci.428.json,cocci.428.jpg,coccidiosis,0,train,1
../../Data/downloads/zenodo_4628934_poultry_fecal/content (2)/imgSegmentation/cocci/cocci.429.json,cocci.429.jpg,coccidiosis,0,train,1
../../Data/downloads/zenodo_4628934_poultry_fecal/content (2)/imgSegmentation/cocci/cocci.43.json,cocci.43.jpg,coccidiosis,0,train,1
../../Data/downloads/zenodo_4628934_poultry_fecal/content (2)/imgSegmentation/cocci/cocci.430.json,cocci.430.jpg,coccidiosis,0,train,1
../../Data/downloads/zenodo_4628934_poultry_fecal/content (2)/imgSegmentation/cocci/cocci.431.json,cocci.431.jpg,coccidiosis,0,val,1
../../Data/downloads/zenodo_4628934_poultry_fecal/content (2)/imgSegmentation/cocci/cocci.432.json,cocci.432.jpg,coccidiosis,0,train,1
../../Data/downloads/zenodo_4628934_poultry_fecal/content (2)/imgSegmentation/cocci/cocci.433.json,cocci.433.jpg,coccidiosis,0,train,1
../../Data/downloads/zenodo_4628934_poultry_fecal/content (2)/imgSegmentation/cocci/cocci.434.json,cocci.434.jpg,coccidiosis,0,train,1
../../Data/downloads/zenodo_4628934_poultry_fecal/content (2)/imgSegmentation/cocci/cocci.435.json,cocci.435.jpg,coccidiosis,0,val,1
../../Data/downloads/zenodo_4628934_poultry_fecal/content (2)/imgSegmentation/cocci/cocci.436.json,cocci.436.jpg,coccidiosis,0,train,1
../../Data/downloads/zenodo_4628934_poultry_fecal/content (2)/imgSegmentation/cocci/cocci.437.json,cocci.437.jpg,coccidiosis,0,test,1
../../Data/downloads/zenodo_4628934_poultry_fecal/content (2)/imgSegmentation/cocci/cocci.438.json,cocci.438.jpg,coccidiosis,0,train,1
../../Data/downloads/zenodo_4628934_poultry_fecal/content (2)/imgSegmentation/cocci/cocci.439.json,cocci.439.jpg,coccidiosis,0,val,1
../../Data/downloads/zenodo_4628934_poultry_fecal/content (2)/imgSegmentation/cocci/cocci.44.json,cocci.44.jpg,coccidiosis,0,train,1
../../Data/downloads/zenodo_4628934_poultry_fecal/content (2)/imgSegmentation/cocci/cocci.440.json,cocci.440.jpg,coccidiosis,0,train,1
../../Data/downloads/zenodo_4628934_poultry_fecal/content (2)/imgSegmentation/cocci/cocci.441.json,cocci.441.jpg,coccidiosis,0,train,1
../../Data/downloads/zenodo_4628934_poultry_fecal/content (2)/imgSegmentation/cocci/cocci.442.json,cocci.442.jpg,coccidiosis,0,train,1
../../Data/downloads/zenodo_4628934_poultry_fecal/content (2)/imgSegmentation/cocci/cocci.443.json,cocci.443.jpg,coccidiosis,0,train,1
../../Data/downloads/zenodo_4628934_poultry_fecal/content (2)/imgSegmentation/cocci/cocci.444.json,cocci.444.jpg,coccidiosis,0,train,1
../../Data/downloads/zenodo_4628934_poultry_fecal/content (2)/imgSegmentation/cocci/cocci.445.json,cocci.445.jpg,coccidiosis,0,train,1
../../Data/downloads/zenodo_4628934_poultry_fecal/content (2)/imgSegmentation/cocci/cocci.446.json,cocci.446.jpg,coccidiosis,0,train,1
../../Data/downloads/zenodo_4628934_poultry_fecal/content (2)/imgSegmentation/cocci/cocci.447.json,cocci.447.jpg,coccidiosis,0,train,1
../../Data/downloads/zenodo_4628934_poultry_fecal/content (2)/imgSegmentation/cocci/cocci.448.json,cocci.448.jpg,coccidiosis,0,train,1
../../Data/downloads/zenodo_4628934_poultry_fecal/content (2)/imgSegmentation/cocci/cocci.449.json,cocci.449.jpg,coccidiosis,0,train,1
../../Data/downloads/zenodo_4628934_poultry_fecal/content (2)/imgSegmentation/cocci/cocci.45.json,cocci.45.jpg,coccidiosis,0,train,1
../../Data/downloads/zenodo_4628934_poultry_fecal/content (2)/imgSegmentation/cocci/cocci.450.json,cocci.450.jpg,coccidiosis,0,val,1
../../Data/downloads/zenodo_4628934_poultry_fecal/content (2)/imgSegmentation/cocci/cocci.451.json,cocci.451.jpg,coccidiosis,0,train,1
../../Data/downloads/zenodo_4628934_poultry_fecal/content (2)/imgSegmentation/cocci/cocci.452.json,cocci.452.jpg,coccidiosis,0,train,1
../../Data/downloads/zenodo_4628934_poultry_fecal/content (2)/imgSegmentation/cocci/cocci.453.json,cocci.453.jpg,coccidiosis,0,train,1
../../Data/downloads/zenodo_4628934_poultry_fecal/content (2)/imgSegmentation/cocci/cocci.454.json,cocci.454.jpg,coccidiosis,0,train,1
../../Data/downloads/zenodo_4628934_poultry_fecal/content (2)/imgSegmentation/cocci/cocci.455.json,cocci.455.jpg,coccidiosis,0,train,1
../../Data/downloads/zenodo_4628934_poultry_fecal/content (2)/imgSegmentation/cocci/cocci.456.json,cocci.456.jpg,coccidiosis,0,train,1
../../Data/downloads/zenodo_4628934_poultry_fecal/content (2)/imgSegmentation/cocci/cocci.457.json,cocci.457.jpg,coccidiosis,0,train,1
../../Data/downloads/zenodo_4628934_poultry_fecal/content (2)/imgSegmentation/cocci/cocci.458.json,cocci.458.jpg,coccidiosis,0,train,1
../../Data/downloads/zenodo_4628934_poultry_fecal/content (2)/imgSegmentation/cocci/cocci.459.json,cocci.459.jpg,coccidiosis,0,val,1
../../Data/downloads/zenodo_4628934_poultry_fecal/content (2)/imgSegmentation/cocci/cocci.46.json,cocci.46.jpg,coccidiosis,0,train,1
../../Data/downloads/zenodo_4628934_poultry_fecal/content (2)/imgSegmentation/cocci/cocci.460.json,cocci.460.jpg,coccidiosis,0,train,1
../../Data/downloads/zenodo_4628934_poultry_fecal/content (2)/imgSegmentation/cocci/cocci.461.json,cocci.461.jpg,coccidiosis,0,test,1
../../Data/downloads/zenodo_4628934_poultry_fecal/content (2)/imgSegmentation/cocci/cocci.462.json,cocci.462.jpg,coccidiosis,0,train,1
../../Data/downloads/zenodo_4628934_poultry_fecal/content (2)/imgSegmentation/cocci/cocci.463.json,cocci.463.jpg,coccidiosis,0,val,1
../../Data/downloads/zenodo_4628934_poultry_fecal/content (2)/imgSegmentation/cocci/cocci.464.json,cocci.464.jpg,coccidiosis,0,train,1
../../Data/downloads/zenodo_4628934_poultry_fecal/content (2)/imgSegmentation/cocci/cocci.465.json,cocci.465.jpg,coccidiosis,0,test,1
../../Data/downloads/zenodo_4628934_poultry_fecal/content (2)/imgSegmentation/cocci/cocci.466.json,cocci.466.jpg,coccidiosis,0,val,1
../../Data/downloads/zenodo_4628934_poultry_fecal/content (2)/imgSegmentation/cocci/cocci.467.json,cocci.467.jpg,coccidiosis,0,test,1
../../Data/downloads/zenodo_4628934_poultry_fecal/content (2)/imgSegmentation/cocci/cocci.468.json,cocci.468.jpg,coccidiosis,0,train,1
../../Data/downloads/zenodo_4628934_poultry_fecal/content (2)/imgSegmentation/cocci/cocci.469.json,cocci.469.jpg,coccidiosis,0,train,1
../../Data/downloads/zenodo_4628934_poultry_fecal/content (2)/imgSegmentation/cocci/cocci.47.json,cocci.47.jpg,coccidiosis,0,test,1
../../Data/downloads/zenodo_4628934_poultry_fecal/content (2)/imgSegmentation/cocci/cocci.470.json,cocci.470.jpg,coccidiosis,0,train,1
../../Data/downloads/zenodo_4628934_poultry_fecal/content (2)/imgSegmentation/cocci/cocci.471.json,cocci.471.jpg,coccidiosis,0,test,1
../../Data/downloads/zenodo_4628934_poultry_fecal/content (2)/imgSegmentation/cocci/cocci.472.json,cocci.472.jpg,coccidiosis,0,val,1
../../Data/downloads/zenodo_4628934_poultry_fecal/content (2)/imgSegmentation/cocci/cocci.473.json,cocci.473.jpg,coccidiosis,0,train,1
../../Data/downloads/zenodo_4628934_poultry_fecal/content (2)/imgSegmentation/cocci/cocci.474.json,cocci.474.jpg,coccidiosis,0,train,1
../../Data/downloads/zenodo_4628934_poultry_fecal/content (2)/imgSegmentation/cocci/cocci.475.json,cocci.475.jpg,coccidiosis,0,train,1
../../Data/downloads/zenodo_4628934_poultry_fecal/content (2)/imgSegmentation/cocci/cocci.476.json,cocci.476.jpg,coccidiosis,0,train,1
../../Data/downloads/zenodo_4628934_poultry_fecal/content (2)/imgSegmentation/cocci/cocci.477.json,cocci.477.jpg,coccidiosis,0,val,1
../../Data/downloads/zenodo_4628934_poultry_fecal/content (2)/imgSegmentation/cocci/cocci.478.json,cocci.478.jpg,coccidiosis,0,val,1
../../Data/downloads/zenodo_4628934_poultry_fecal/content (2)/imgSegmentation/cocci/cocci.479.json,cocci.479.jpg,coccidiosis,0,test,1
../../Data/downloads/zenodo_4628934_poultry_fecal/content (2)/imgSegmentation/cocci/cocci.48.json,cocci.48.jpg,coccidiosis,0,train,1
../../Data/downloads/zenodo_4628934_poultry_fecal/content (2)/imgSegmentation/cocci/cocci.480.json,cocci.480.jpg,coccidiosis,0,train,1
../../Data/downloads/zenodo_4628934_poultry_fecal/content (2)/imgSegmentation/cocci/cocci.481.json,cocci.481.jpg,coccidiosis,0,train,1
../../Data/downloads/zenodo_4628934_poultry_fecal/content (2)/imgSegmentation/cocci/cocci.482.json,cocci.482.jpg,coccidiosis,0,train,1
../../Data/downloads/zenodo_4628934_poultry_fecal/content (2)/imgSegmentation/cocci/cocci.483.json,cocci.483.jpg,coccidiosis,0,train,1
../../Data/downloads/zenodo_4628934_poultry_fecal/content (2)/imgSegmentation/cocci/cocci.484.json,cocci.484.jpg,coccidiosis,0,test,1
../../Data/downloads/zenodo_4628934_poultry_fecal/content (2)/imgSegmentation/cocci/cocci.485.json,cocci.485.jpg,coccidiosis,0,test,1
../../Data/downloads/zenodo_4628934_poultry_fecal/content (2)/imgSegmentation/cocci/cocci.486.json,cocci.486.jpg,coccidiosis,0,test,1
../../Data/downloads/zenodo_4628934_poultry_fecal/content (2)/imgSegmentation/cocci/cocci.487.json,cocci.487.jpg,coccidiosis,0,test,1
../../Data/downloads/zenodo_4628934_poultry_fecal/content (2)/imgSegmentation/cocci/cocci.488.json,cocci.488.jpg,coccidiosis,0,val,1
../../Data/downloads/zenodo_4628934_poultry_fecal/content (2)/imgSegmentation/cocci/cocci.489.json,cocci.489.jpg,coccidiosis,0,val,1
../../Data/downloads/zenodo_4628934_poultry_fecal/content (2)/imgSegmentation/cocci/cocci.49.json,cocci.49.jpg,coccidiosis,0,train,1
../../Data/downloads/zenodo_4628934_poultry_fecal/content (2)/imgSegmentation/cocci/cocci.490.json,cocci.490.jpg,coccidiosis,0,train,1
../../Data/downloads/zenodo_4628934_poultry_fecal/content (2)/imgSegmentation/cocci/cocci.491.json,cocci.491.jpg,coccidiosis,0,train,1
../../Data/downloads/zenodo_4628934_poultry_fecal/content (2)/imgSegmentation/cocci/cocci.492.json,cocci.492.jpg,coccidiosis,0,test,1
../../Data/downloads/zenodo_4628934_poultry_fecal/content (2)/imgSegmentation/cocci/cocci.493.json,cocci.493.jpg,coccidiosis,0,test,1
../../Data/downloads/zenodo_4628934_poultry_fecal/content (2)/imgSegmentation/cocci/cocci.494.json,cocci.494.jpg,coccidiosis,0,val,1
../../Data/downloads/zenodo_4628934_poultry_fecal/content (2)/imgSegmentation/cocci/cocci.495.json,cocci.495.jpg,coccidiosis,0,test,1
../../Data/downloads/zenodo_4628934_poultry_fecal/content (2)/imgSegmentation/cocci/cocci.496.json,cocci.496.jpg,coccidiosis,0,train,1
../../Data/downloads/zenodo_4628934_poultry_fecal/content (2)/imgSegmentation/cocci/cocci.497.json,cocci.497.jpg,coccidiosis,0,train,1
../../Data/downloads/zenodo_4628934_poultry_fecal/content (2)/imgSegmentation/cocci/cocci.498.json,cocci.498.jpg,coccidiosis,0,train,1
../../Data/downloads/zenodo_4628934_poultry_fecal/content (2)/imgSegmentation/cocci/cocci.499.json,cocci.499.jpg,coccidiosis,0,val,1
../../Data/downloads/zenodo_4628934_poultry_fecal/content (2)/imgSegmentation/cocci/cocci.5.json,cocci.5.jpg,coccidiosis,0,val,1
../../Data/downloads/zenodo_4628934_poultry_fecal/content (2)/imgSegmentation/cocci/cocci.50.json,cocci.50.jpg,coccidiosis,0,train,1
../../Data/downloads/zenodo_4628934_poultry_fecal/content (2)/imgSegmentation/cocci/cocci.500.json,cocci.500.jpg,coccidiosis,0,train,1
../../Data/downloads/zenodo_4628934_poultry_fecal/content (2)/imgSegmentation/cocci/cocci.501.json,cocci.501.jpg,coccidiosis,0,test,1
../../Data/downloads/zenodo_4628934_poultry_fecal/content (2)/imgSegmentation/cocci/cocci.502.json,cocci.502.jpg,coccidiosis,0,test,1
../../Data/downloads/zenodo_4628934_poultry_fecal/content (2)/imgSegmentation/cocci/cocci.503.json,cocci.503.jpg,coccidiosis,0,train,1
../../Data/downloads/zenodo_4628934_poultry_fecal/content (2)/imgSegmentation/cocci/cocci.504.json,cocci.504.jpg,coccidiosis,0,val,1
../../Data/downloads/zenodo_4628934_poultry_fecal/content (2)/imgSegmentation/cocci/cocci.505.json,cocci.505.jpg,coccidiosis,0,train,1
../../Data/downloads/zenodo_4628934_poultry_fecal/content (2)/imgSegmentation/cocci/cocci.506.json,cocci.506.jpg,coccidiosis,0,val,1
../../Data/downloads/zenodo_4628934_poultry_fecal/content (2)/imgSegmentation/cocci/cocci.507.json,cocci.507.jpg,coccidiosis,0,train,1
../../Data/downloads/zenodo_4628934_poultry_fecal/content (2)/imgSegmentation/cocci/cocci.508.json,cocci.508.jpg,coccidiosis,0,train,1
../../Data/downloads/zenodo_4628934_poultry_fecal/content (2)/imgSegmentation/cocci/cocci.509.json,cocci.509.jpg,coccidiosis,0,test,1
../../Data/downloads/zenodo_4628934_poultry_fecal/content (2)/imgSegmentation/cocci/cocci.51.json,cocci.51.jpg,coccidiosis,0,val,1
../../Data/downloads/zenodo_4628934_poultry_fecal/content (2)/imgSegmentation/cocci/cocci.510.json,cocci.510.jpg,coccidiosis,0,train,1
../../Data/downloads/zenodo_4628934_poultry_fecal/content (2)/imgSegmentation/cocci/cocci.511.json,cocci.511.jpg,coccidiosis,0,train,1
../../Data/downloads/zenodo_4628934_poultry_fecal/content (2)/imgSegmentation/cocci/cocci.512.json,cocci.512.jpg,coccidiosis,0,train,1
../../Data/downloads/zenodo_4628934_poultry_fecal/content (2)/imgSegmentation/cocci/cocci.513.json,cocci.513.jpg,coccidiosis,0,val,1
../../Data/downloads/zenodo_4628934_poultry_fecal/content (2)/imgSegmentation/cocci/cocci.514.json,cocci.514.jpg,coccidiosis,0,train,1
../../Data/downloads/zenodo_4628934_poultry_fecal/content (2)/imgSegmentation/cocci/cocci.515.json,cocci.515.jpg,coccidiosis,0,test,1
../../Data/downloads/zenodo_4628934_poultry_fecal/content (2)/imgSegmentation/cocci/cocci.516.json,cocci.516.jpg,coccidiosis,0,test,1
../../Data/downloads/zenodo_4628934_poultry_fecal/content (2)/imgSegmentation/cocci/cocci.517.json,cocci.517.jpg,coccidiosis,0,train,1
../../Data/downloads/zenodo_4628934_poultry_fecal/content (2)/imgSegmentation/cocci/cocci.518.json,cocci.518.jpg,coccidiosis,0,train,1
../../Data/downloads/zenodo_4628934_poultry_fecal/content (2)/imgSegmentation/cocci/cocci.519.json,cocci.519.jpg,coccidiosis,0,train,1
../../Data/downloads/zenodo_4628934_poultry_fecal/content (2)/imgSegmentation/cocci/cocci.52.json,cocci.52.jpg,coccidiosis,0,val,1
../../Data/downloads/zenodo_4628934_poultry_fecal/content (2)/imgSegmentation/cocci/cocci.520.json,cocci.520.jpg,coccidiosis,0,test,1
../../Data/downloads/zenodo_4628934_poultry_fecal/content (2)/imgSegmentation/cocci/cocci.521.json,cocci.521.jpg,coccidiosis,0,train,1
../../Data/downloads/zenodo_4628934_poultry_fecal/content (2)/imgSegmentation/cocci/cocci.522.json,cocci.522.jpg,coccidiosis,0,val,1
../../Data/downloads/zenodo_4628934_poultry_fecal/content (2)/imgSegmentation/cocci/cocci.523.json,cocci.523.jpg,coccidiosis,0,train,1
../../Data/downloads/zenodo_4628934_poultry_fecal/content (2)/imgSegmentation/cocci/cocci.524.json,cocci.524.jpg,coccidiosis,0,test,1
../../Data/downloads/zenodo_4628934_poultry_fecal/content (2)/imgSegmentation/cocci/cocci.525.json,cocci.525.jpg,coccidiosis,0,train,1
../../Data/downloads/zenodo_4628934_poultry_fecal/content (2)/imgSegmentation/cocci/cocci.526.json,cocci.526.jpg,coccidiosis,0,train,1
../../Data/downloads/zenodo_4628934_poultry_fecal/content (2)/imgSegmentation/cocci/cocci.527.json,cocci.527.jpg,coccidiosis,0,test,1
../../Data/downloads/zenodo_4628934_poultry_fecal/content (2)/imgSegmentation/cocci/cocci.528.json,cocci.528.jpg,coccidiosis,0,test,1
../../Data/downloads/zenodo_4628934_poultry_fecal/content (2)/imgSegmentation/cocci/cocci.529.json,cocci.529.jpg,coccidiosis,0,train,1
../../Data/downloads/zenodo_4628934_poultry_fecal/content (2)/imgSegmentation/cocci/cocci.53.json,cocci.53.jpg,coccidiosis,0,train,1
../../Data/downloads/zenodo_4628934_poultry_fecal/content (2)/imgSegmentation/cocci/cocci.530.json,cocci.530.jpg,coccidiosis,0,train,1
../../Data/downloads/zenodo_4628934_poultry_fecal/content (2)/imgSegmentation/cocci/cocci.531.json,cocci.531.jpg,coccidiosis,0,train,1
../../Data/downloads/zenodo_4628934_poultry_fecal/content (2)/imgSegmentation/cocci/cocci.532.json,cocci.532.jpg,coccidiosis,0,train,1
../../Data/downloads/zenodo_4628934_poultry_fecal/content (2)/imgSegmentation/cocci/cocci.533.json,cocci.533.jpg,coccidiosis,0,test,1
../../Data/downloads/zenodo_4628934_poultry_fecal/content (2)/imgSegmentation/cocci/cocci.534.json,cocci.534.jpg,coccidiosis,0,train,1
../../Data/downloads/zenodo_4628934_poultry_fecal/content (2)/imgSegmentation/cocci/cocci.535.json,cocci.535.jpg,coccidiosis,0,train,1
../../Data/downloads/zenodo_4628934_poultry_fecal/content (2)/imgSegmentation/cocci/cocci.536.json,cocci.536.jpg,coccidiosis,0,train,1
../../Data/downloads/zenodo_4628934_poultry_fecal/content (2)/imgSegmentation/cocci/cocci.537.json,cocci.537.jpg,coccidiosis,0,train,1
../../Data/downloads/zenodo_4628934_poultry_fecal/content (2)/imgSegmentation/cocci/cocci.538.json,cocci.538.jpg,coccidiosis,0,train,1
../../Data/downloads/zenodo_4628934_poultry_fecal/content (2)/imgSegmentation/cocci/cocci.539.json,cocci.539.jpg,coccidiosis,0,train,1
../../Data/downloads/zenodo_4628934_poultry_fecal/content (2)/imgSegmentation/cocci/cocci.54.json,cocci.54.jpg,coccidiosis,0,test,1
../../Data/downloads/zenodo_4628934_poultry_fecal/content (2)/imgSegmentation/cocci/cocci.540.json,cocci.540.jpg,coccidiosis,0,val,1
../../Data/downloads/zenodo_4628934_poultry_fecal/content (2)/imgSegmentation/cocci/cocci.541.json,cocci.541.jpg,coccidiosis,0,test,1
../../Data/downloads/zenodo_4628934_poultry_fecal/content (2)/imgSegmentation/cocci/cocci.542.json,cocci.542.jpg,coccidiosis,0,train,1
../../Data/downloads/zenodo_4628934_poultry_fecal/content (2)/imgSegmentation/cocci/cocci.543.json,cocci.543.jpg,coccidiosis,0,train,1
../../Data/downloads/zenodo_4628934_poultry_fecal/content (2)/imgSegmentation/cocci/cocci.544.json,cocci.544.jpg,coccidiosis,0,test,1
../../Data/downloads/zenodo_4628934_poultry_fecal/content (2)/imgSegmentation/cocci/cocci.545.json,cocci.545.jpg,coccidiosis,0,train,1
../../Data/downloads/zenodo_4628934_poultry_fecal/content (2)/imgSegmentation/cocci/cocci.546.json,cocci.546.jpg,coccidiosis,0,train,1
../../Data/downloads/zenodo_4628934_poultry_fecal/content (2)/imgSegmentation/cocci/cocci.547.json,cocci.547.jpg,coccidiosis,0,val,1
../../Data/downloads/zenodo_4628934_poultry_fecal/content (2)/imgSegmentation/cocci/cocci.548.json,cocci.548.jpg,coccidiosis,0,val,1
../../Data/downloads/zenodo_4628934_poultry_fecal/content (2)/imgSegmentation/cocci/cocci.549.json,cocci.549.jpg,coccidiosis,0,train,1
../../Data/downloads/zenodo_4628934_poultry_fecal/content (2)/imgSegmentation/cocci/cocci.55.json,cocci.55.jpg,coccidiosis,0,test,1
../../Data/downloads/zenodo_4628934_poultry_fecal/content (2)/imgSegmentation/cocci/cocci.550.json,cocci.550.jpg,coccidiosis,0,test,1
../../Data/downloads/zenodo_4628934_poultry_fecal/content (2)/imgSegmentation/cocci/cocci.551.json,cocci.551.jpg,coccidiosis,0,val,1
../../Data/downloads/zenodo_4628934_poultry_fecal/content (2)/imgSegmentation/cocci/cocci.552.json,cocci.552.jpg,coccidiosis,0,train,1
../../Data/downloads/zenodo_4628934_poultry_fecal/content (2)/imgSegmentation/cocci/cocci.553.json,cocci.553.jpg,coccidiosis,0,train,1
../../Data/downloads/zenodo_4628934_poultry_fecal/content (2)/imgSegmentation/cocci/cocci.554.json,cocci.554.jpg,coccidiosis,0,train,1
../../Data/downloads/zenodo_4628934_poultry_fecal/content (2)/imgSegmentation/cocci/cocci.555.json,cocci.555.jpg,coccidiosis,0,train,1
../../Data/downloads/zenodo_4628934_poultry_fecal/content (2)/imgSegmentation/cocci/cocci.556.json,cocci.556.jpg,coccidiosis,0,train,1
../../Data/downloads/zenodo_4628934_poultry_fecal/content (2)/imgSegmentation/cocci/cocci.557.json,cocci.557.jpg,coccidiosis,0,train,1
../../Data/downloads/zenodo_4628934_poultry_fecal/content (2)/imgSegmentation/cocci/cocci.558.json,cocci.558.jpg,coccidiosis,0,test,1
../../Data/downloads/zenodo_4628934_poultry_fecal/content (2)/imgSegmentation/cocci/cocci.559.json,cocci.559.jpg,coccidiosis,0,train,1
../../Data/downloads/zenodo_4628934_poultry_fecal/content (2)/imgSegmentation/cocci/cocci.56.json,cocci.56.jpg,coccidiosis,0,train,1
../../Data/downloads/zenodo_4628934_poultry_fecal/content (2)/imgSegmentation/cocci/cocci.560.json,cocci.560.jpg,coccidiosis,0,train,1
../../Data/downloads/zenodo_4628934_poultry_fecal/content (2)/imgSegmentation/cocci/cocci.561.json,cocci.561.jpg,coccidiosis,0,train,1
../../Data/downloads/zenodo_4628934_poultry_fecal/content (2)/imgSegmentation/cocci/cocci.562.json,cocci.562.jpg,coccidiosis,0,train,1
../../Data/downloads/zenodo_4628934_poultry_fecal/content (2)/imgSegmentation/cocci/cocci.563.json,cocci.563.jpg,coccidiosis,0,val,1
../../Data/downloads/zenodo_4628934_poultry_fecal/content (2)/imgSegmentation/cocci/cocci.564.json,cocci.564.jpg,coccidiosis,0,train,1
../../Data/downloads/zenodo_4628934_poultry_fecal/content (2)/imgSegmentation/cocci/cocci.565.json,cocci.565.jpg,coccidiosis,0,val,1
../../Data/downloads/zenodo_4628934_poultry_fecal/content (2)/imgSegmentation/cocci/cocci.566.json,cocci.566.jpg,coccidiosis,0,test,1
../../Data/downloads/zenodo_4628934_poultry_fecal/content (2)/imgSegmentation/cocci/cocci.567.json,cocci.567.jpg,coccidiosis,0,train,1
../../Data/downloads/zenodo_4628934_poultry_fecal/content (2)/imgSegmentation/cocci/cocci.568.json,cocci.568.jpg,coccidiosis,0,train,1
../../Data/downloads/zenodo_4628934_poultry_fecal/content (2)/imgSegmentation/cocci/cocci.569.json,cocci.569.jpg,coccidiosis,0,train,1
../../Data/downloads/zenodo_4628934_poultry_fecal/content (2)/imgSegmentation/cocci/cocci.57.json,cocci.57.jpg,coccidiosis,0,train,1
../../Data/downloads/zenodo_4628934_poultry_fecal/content (2)/imgSegmentation/cocci/cocci.570.json,cocci.570.jpg,coccidiosis,0,train,1
../../Data/downloads/zenodo_4628934_poultry_fecal/content (2)/imgSegmentation/cocci/cocci.571.json,cocci.571.jpg,coccidiosis,0,test,1
../../Data/downloads/zenodo_4628934_poultry_fecal/content (2)/imgSegmentation/cocci/cocci.572.json,cocci.572.jpg,coccidiosis,0,train,1
../../Data/downloads/zenodo_4628934_poultry_fecal/content (2)/imgSegmentation/cocci/cocci.573.json,cocci.573.jpg,coccidiosis,0,train,1
../../Data/downloads/zenodo_4628934_poultry_fecal/content (2)/imgSegmentation/cocci/cocci.574.json,cocci.574.jpg,coccidiosis,0,test,1
../../Data/downloads/zenodo_4628934_poultry_fecal/content (2)/imgSegmentation/cocci/cocci.575.json,cocci.575.jpg,coccidiosis,0,train,1
../../Data/downloads/zenodo_4628934_poultry_fecal/content (2)/imgSegmentation/cocci/cocci.576.json,cocci.576.jpg,coccidiosis,0,test,1
../../Data/downloads/zenodo_4628934_poultry_fecal/content (2)/imgSegmentation/cocci/cocci.577.json,cocci.577.jpg,coccidiosis,0,train,1
../../Data/downloads/zenodo_4628934_poultry_fecal/content (2)/imgSegmentation/cocci/cocci.578.json,cocci.578.jpg,coccidiosis,0,train,1
../../Data/downloads/zenodo_4628934_poultry_fecal/content (2)/imgSegmentation/cocci/cocci.579.json,cocci.579.jpg,coccidiosis,0,test,1
../../Data/downloads/zenodo_4628934_poultry_fecal/content (2)/imgSegmentation/cocci/cocci.58.json,cocci.58.jpg,coccidiosis,0,train,1
../../Data/downloads/zenodo_4628934_poultry_fecal/content (2)/imgSegmentation/cocci/cocci.580.json,cocci.580.jpg,coccidiosis,0,train,1
../../Data/downloads/zenodo_4628934_poultry_fecal/content (2)/imgSegmentation/cocci/cocci.581.json,cocci.581.jpg,coccidiosis,0,val,1
../../Data/downloads/zenodo_4628934_poultry_fecal/content (2)/imgSegmentation/cocci/cocci.582.json,cocci.582.jpg,coccidiosis,0,train,1
../../Data/downloads/zenodo_4628934_poultry_fecal/content (2)/imgSegmentation/cocci/cocci.583.json,cocci.583.jpg,coccidiosis,0,val,1
../../Data/downloads/zenodo_4628934_poultry_fecal/content (2)/imgSegmentation/cocci/cocci.584.json,cocci.584.jpg,coccidiosis,0,train,1
../../Data/downloads/zenodo_4628934_poultry_fecal/content (2)/imgSegmentation/cocci/cocci.585.json,cocci.585.jpg,coccidiosis,0,train,1
../../Data/downloads/zenodo_4628934_poultry_fecal/content (2)/imgSegmentation/cocci/cocci.586.json,cocci.586.jpg,coccidiosis,0,train,1
../../Data/downloads/zenodo_4628934_poultry_fecal/content (2)/imgSegmentation/cocci/cocci.587.json,cocci.587.jpg,coccidiosis,0,train,1
../../Data/downloads/zenodo_4628934_poultry_fecal/content (2)/imgSegmentation/cocci/cocci.588.json,cocci.588.jpg,coccidiosis,0,train,1
../../Data/downloads/zenodo_4628934_poultry_fecal/content (2)/imgSegmentation/cocci/cocci.589.json,cocci.589.jpg,coccidiosis,0,train,1
../../Data/downloads/zenodo_4628934_poultry_fecal/content (2)/imgSegmentation/cocci/cocci.59.json,cocci.59.jpg,coccidiosis,0,train,1
../../Data/downloads/zenodo_4628934_poultry_fecal/content (2)/imgSegmentation/cocci/cocci.590.json,cocci.590.jpg,coccidiosis,0,train,1
../../Data/downloads/zenodo_4628934_poultry_fecal/content (2)/imgSegmentation/cocci/cocci.591.json,cocci.591.jpg,coccidiosis,0,train,1
../../Data/downloads/zenodo_4628934_poultry_fecal/content (2)/imgSegmentation/cocci/cocci.592.json,cocci.592.jpg,coccidiosis,0,test,1
../../Data/downloads/zenodo_4628934_poultry_fecal/content (2)/imgSegmentation/cocci/cocci.593.json,cocci.593.jpg,coccidiosis,0,train,1
../../Data/downloads/zenodo_4628934_poultry_fecal/content (2)/imgSegmentation/cocci/cocci.594.json,cocci.594.jpg,coccidiosis,0,train,1
../../Data/downloads/zenodo_4628934_poultry_fecal/content (2)/imgSegmentation/cocci/cocci.595.json,cocci.595.jpg,coccidiosis,0,train,1
../../Data/downloads/zenodo_4628934_poultry_fecal/content (2)/imgSegmentation/cocci/cocci.596.json,cocci.596.jpg,coccidiosis,0,train,1
../../Data/downloads/zenodo_4628934_poultry_fecal/content (2)/imgSegmentation/cocci/cocci.597.json,cocci.597.jpg,coccidiosis,0,train,1
../../Data/downloads/zenodo_4628934_poultry_fecal/content (2)/imgSegmentation/cocci/cocci.598.json,cocci.598.jpg,coccidiosis,0,train,1
../../Data/downloads/zenodo_4628934_poultry_fecal/content (2)/imgSegmentation/cocci/cocci.599.json,cocci.599.jpg,coccidiosis,0,train,1
../../Data/downloads/zenodo_4628934_poultry_fecal/content (2)/imgSegmentation/cocci/cocci.6.json,cocci.6.jpg,coccidiosis,0,test,1
../../Data/downloads/zenodo_4628934_poultry_fecal/content (2)/imgSegmentation/cocci/cocci.60.json,cocci.60.jpg,coccidiosis,0,train,1
../../Data/downloads/zenodo_4628934_poultry_fecal/content (2)/imgSegmentation/cocci/cocci.600.json,cocci.600.jpg,coccidiosis,0,train,1
../../Data/downloads/zenodo_4628934_poultry_fecal/content (2)/imgSegmentation/cocci/cocci.601.json,cocci.601.jpg,coccidiosis,0,train,1
../../Data/downloads/zenodo_4628934_poultry_fecal/content (2)/imgSegmentation/cocci/cocci.602.json,cocci.602.jpg,coccidiosis,0,test,1
../../Data/downloads/zenodo_4628934_poultry_fecal/content (2)/imgSegmentation/cocci/cocci.603.json,cocci.603.jpg,coccidiosis,0,train,1
../../Data/downloads/zenodo_4628934_poultry_fecal/content (2)/imgSegmentation/cocci/cocci.604.json,cocci.604.jpg,coccidiosis,0,val,1
../../Data/downloads/zenodo_4628934_poultry_fecal/content (2)/imgSegmentation/cocci/cocci.605.json,cocci.605.jpg,coccidiosis,0,train,1
../../Data/downloads/zenodo_4628934_poultry_fecal/content (2)/imgSegmentation/cocci/cocci.606.json,cocci.606.jpg,coccidiosis,0,train,1
../../Data/downloads/zenodo_4628934_poultry_fecal/content (2)/imgSegmentation/cocci/cocci.607.json,cocci.607.jpg,coccidiosis,0,train,1
../../Data/downloads/zenodo_4628934_poultry_fecal/content (2)/imgSegmentation/cocci/cocci.608.json,cocci.608.jpg,coccidiosis,0,test,1
../../Data/downloads/zenodo_4628934_poultry_fecal/content (2)/imgSegmentation/cocci/cocci.609.json,cocci.609.jpg,coccidiosis,0,train,1
../../Data/downloads/zenodo_4628934_poultry_fecal/content (2)/imgSegmentation/cocci/cocci.61.json,cocci.61.jpg,coccidiosis,0,test,1
../../Data/downloads/zenodo_4628934_poultry_fecal/content (2)/imgSegmentation/cocci/cocci.610.json,cocci.610.jpg,coccidiosis,0,val,1
../../Data/downloads/zenodo_4628934_poultry_fecal/content (2)/imgSegmentation/cocci/cocci.611.json,cocci.611.jpg,coccidiosis,0,train,1
../../Data/downloads/zenodo_4628934_poultry_fecal/content (2)/imgSegmentation/cocci/cocci.612.json,cocci.612.jpg,coccidiosis,0,train,1
../../Data/downloads/zenodo_4628934_poultry_fecal/content (2)/imgSegmentation/cocci/cocci.613.json,cocci.613.jpg,coccidiosis,0,train,1
../../Data/downloads/zenodo_4628934_poultry_fecal/content (2)/imgSegmentation/cocci/cocci.614.json,cocci.614.jpg,coccidiosis,0,train,1
../../Data/downloads/zenodo_4628934_poultry_fecal/content (2)/imgSegmentation/cocci/cocci.615.json,cocci.615.jpg,coccidiosis,0,train,1
../../Data/downloads/zenodo_4628934_poultry_fecal/content (2)/imgSegmentation/cocci/cocci.616.json,cocci.616.jpg,coccidiosis,0,test,1
../../Data/downloads/zenodo_4628934_poultry_fecal/content (2)/imgSegmentation/cocci/cocci.617.json,cocci.617.jpg,coccidiosis,0,train,1
../../Data/downloads/zenodo_4628934_poultry_fecal/content (2)/imgSegmentation/cocci/cocci.618.json,cocci.618.jpg,coccidiosis,0,train,1
../../Data/downloads/zenodo_4628934_poultry_fecal/content (2)/imgSegmentation/cocci/cocci.619.json,cocci.619.jpg,coccidiosis,0,train,1
../../Data/downloads/zenodo_4628934_poultry_fecal/content (2)/imgSegmentation/cocci/cocci.62.json,cocci.62.jpg,coccidiosis,0,train,1
../../Data/downloads/zenodo_4628934_poultry_fecal/content (2)/imgSegmentation/cocci/cocci.620.json,cocci.620.jpg,coccidiosis,0,val,1
../../Data/downloads/zenodo_4628934_poultry_fecal/content (2)/imgSegmentation/cocci/cocci.621.json,cocci.621.jpg,coccidiosis,0,train,1
../../Data/downloads/zenodo_4628934_poultry_fecal/content (2)/imgSegmentation/cocci/cocci.622.json,cocci.622.jpg,coccidiosis,0,train,1
../../Data/downloads/zenodo_4628934_poultry_fecal/content (2)/imgSegmentation/cocci/cocci.623.json,cocci.623.jpg,coccidiosis,0,train,1
../../Data/downloads/zenodo_4628934_poultry_fecal/content (2)/imgSegmentation/cocci/cocci.624.json,cocci.624.jpg,coccidiosis,0,test,1
../../Data/downloads/zenodo_4628934_poultry_fecal/content (2)/imgSegmentation/cocci/cocci.625.json,cocci.625.jpg,coccidiosis,0,train,1
../../Data/downloads/zenodo_4628934_poultry_fecal/content (2)/imgSegmentation/cocci/cocci.626.json,cocci.626.jpg,coccidiosis,0,train,1
../../Data/downloads/zenodo_4628934_poultry_fecal/content (2)/imgSegmentation/cocci/cocci.627.json,cocci.627.jpg,coccidiosis,0,train,1
../../Data/downloads/zenodo_4628934_poultry_fecal/content (2)/imgSegmentation/cocci/cocci.628.json,cocci.628.jpg,coccidiosis,0,train,1
../../Data/downloads/zenodo_4628934_poultry_fecal/content (2)/imgSegmentation/cocci/cocci.629.json,cocci.629.jpg,coccidiosis,0,val,1
../../Data/downloads/zenodo_4628934_poultry_fecal/content (2)/imgSegmentation/cocci/cocci.63.json,cocci.63.jpg,coccidiosis,0,train,1
../../Data/downloads/zenodo_4628934_poultry_fecal/content (2)/imgSegmentation/cocci/cocci.630.json,cocci.630.jpg,coccidiosis,0,val,1
../../Data/downloads/zenodo_4628934_poultry_fecal/content (2)/imgSegmentation/cocci/cocci.631.json,cocci.631.jpg,coccidiosis,0,train,1
../../Data/downloads/zenodo_4628934_poultry_fecal/content (2)/imgSegmentation/cocci/cocci.632.json,cocci.632.jpg,coccidiosis,0,test,1
../../Data/downloads/zenodo_4628934_poultry_fecal/content (2)/imgSegmentation/cocci/cocci.633.json,cocci.633.jpg,coccidiosis,0,test,1
../../Data/downloads/zenodo_4628934_poultry_fecal/content (2)/imgSegmentation/cocci/cocci.634.json,cocci.634.jpg,coccidiosis,0,train,1
../../Data/downloads/zenodo_4628934_poultry_fecal/content (2)/imgSegmentation/cocci/cocci.635.json,cocci.635.jpg,coccidiosis,0,train,1
../../Data/downloads/zenodo_4628934_poultry_fecal/content (2)/imgSegmentation/cocci/cocci.636.json,cocci.636.jpg,coccidiosis,0,train,1
../../Data/downloads/zenodo_4628934_poultry_fecal/content (2)/imgSegmentation/cocci/cocci.637.json,cocci.637.jpg,coccidiosis,0,train,1
../../Data/downloads/zenodo_4628934_poultry_fecal/content (2)/imgSegmentation/cocci/cocci.638.json,cocci.638.jpg,coccidiosis,0,train,1
../../Data/downloads/zenodo_4628934_poultry_fecal/content (2)/imgSegmentation/cocci/cocci.639.json,cocci.639.jpg,coccidiosis,0,test,1
../../Data/downloads/zenodo_4628934_poultry_fecal/content (2)/imgSegmentation/cocci/cocci.64.json,cocci.64.jpg,coccidiosis,0,train,1
../../Data/downloads/zenodo_4628934_poultry_fecal/content (2)/imgSegmentation/cocci/cocci.640.json,cocci.640.jpg,coccidiosis,0,train,1
../../Data/downloads/zenodo_4628934_poultry_fecal/content (2)/imgSegmentation/cocci/cocci.641.json,cocci.641.jpg,coccidiosis,0,val,1
../../Data/downloads/zenodo_4628934_poultry_fecal/content (2)/imgSegmentation/cocci/cocci.642.json,cocci.642.jpg,coccidiosis,0,train,1
../../Data/downloads/zenodo_4628934_poultry_fecal/content (2)/imgSegmentation/cocci/cocci.643.json,cocci.643.jpg,coccidiosis,0,train,1
../../Data/downloads/zenodo_4628934_poultry_fecal/content (2)/imgSegmentation/cocci/cocci.644.json,cocci.644.jpg,coccidiosis,0,train,1
../../Data/downloads/zenodo_4628934_poultry_fecal/content (2)/imgSegmentation/cocci/cocci.645.json,cocci.645.jpg,coccidiosis,0,train,1
../../Data/downloads/zenodo_4628934_poultry_fecal/content (2)/imgSegmentation/cocci/cocci.646.json,cocci.646.jpg,coccidiosis,0,val,1
../../Data/downloads/zenodo_4628934_poultry_fecal/content (2)/imgSegmentation/cocci/cocci.647.json,cocci.647.jpg,coccidiosis,0,train,1
../../Data/downloads/zenodo_4628934_poultry_fecal/content (2)/imgSegmentation/cocci/cocci.648.json,cocci.648.jpg,coccidiosis,0,val,1
../../Data/downloads/zenodo_4628934_poultry_fecal/content (2)/imgSegmentation/cocci/cocci.649.json,cocci.649.jpg,coccidiosis,0,train,1
../../Data/downloads/zenodo_4628934_poultry_fecal/content (2)/imgSegmentation/cocci/cocci.65.json,cocci.65.jpg,coccidiosis,0,train,1
../../Data/downloads/zenodo_4628934_poultry_fecal/content (2)/imgSegmentation/cocci/cocci.650.json,cocci.650.jpg,coccidiosis,0,train,1
../../Data/downloads/zenodo_4628934_poultry_fecal/content (2)/imgSegmentation/cocci/cocci.651.json,cocci.651.jpg,coccidiosis,0,val,1
../../Data/downloads/zenodo_4628934_poultry_fecal/content (2)/imgSegmentation/cocci/cocci.652.json,cocci.652.jpg,coccidiosis,0,val,1
../../Data/downloads/zenodo_4628934_poultry_fecal/content (2)/imgSegmentation/cocci/cocci.653.json,cocci.653.jpg,coccidiosis,0,train,1
../../Data/downloads/zenodo_4628934_poultry_fecal/content (2)/imgSegmentation/cocci/cocci.654.json,cocci.654.jpg,coccidiosis,0,train,1
../../Data/downloads/zenodo_4628934_poultry_fecal/content (2)/imgSegmentation/cocci/cocci.655.json,cocci.655.jpg,coccidiosis,0,train,1
../../Data/downloads/zenodo_4628934_poultry_fecal/content (2)/imgSegmentation/cocci/cocci.656.json,cocci.656.jpg,coccidiosis,0,train,1
../../Data/downloads/zenodo_4628934_poultry_fecal/content (2)/imgSegmentation/cocci/cocci.657.json,cocci.657.jpg,coccidiosis,0,train,1
../../Data/downloads/zenodo_4628934_poultry_fecal/content (2)/imgSegmentation/cocci/cocci.658.json,cocci.658.jpg,coccidiosis,0,train,1
../../Data/downloads/zenodo_4628934_poultry_fecal/content (2)/imgSegmentation/cocci/cocci.659.json,cocci.659.jpg,coccidiosis,0,test,1
../../Data/downloads/zenodo_4628934_poultry_fecal/content (2)/imgSegmentation/cocci/cocci.66.json,cocci.66.jpg,coccidiosis,0,test,1
../../Data/downloads/zenodo_4628934_poultry_fecal/content (2)/imgSegmentation/cocci/cocci.660.json,cocci.660.jpg,coccidiosis,0,val,1
../../Data/downloads/zenodo_4628934_poultry_fecal/content (2)/imgSegmentation/cocci/cocci.661.json,cocci.661.jpg,coccidiosis,0,train,1
../../Data/downloads/zenodo_4628934_poultry_fecal/content (2)/imgSegmentation/cocci/cocci.662.json,cocci.662.jpg,coccidiosis,0,train,1
../../Data/downloads/zenodo_4628934_poultry_fecal/content (2)/imgSegmentation/cocci/cocci.663.json,cocci.663.jpg,coccidiosis,0,train,1
../../Data/downloads/zenodo_4628934_poultry_fecal/content (2)/imgSegmentation/cocci/cocci.664.json,cocci.664.jpg,coccidiosis,0,train,1
../../Data/downloads/zenodo_4628934_poultry_fecal/content (2)/imgSegmentation/cocci/cocci.665.json,cocci.665.jpg,coccidiosis,0,train,1
../../Data/downloads/zenodo_4628934_poultry_fecal/content (2)/imgSegmentation/cocci/cocci.666.json,cocci.666.jpg,coccidiosis,0,train,1
../../Data/downloads/zenodo_4628934_poultry_fecal/content (2)/imgSegmentation/cocci/cocci.667.json,cocci.667.jpg,coccidiosis,0,train,1
../../Data/downloads/zenodo_4628934_poultry_fecal/content (2)/imgSegmentation/cocci/cocci.668.json,cocci.668.jpg,coccidiosis,0,train,1
../../Data/downloads/zenodo_4628934_poultry_fecal/content (2)/imgSegmentation/cocci/cocci.669.json,cocci.669.jpg,coccidiosis,0,val,1
../../Data/downloads/zenodo_4628934_poultry_fecal/content (2)/imgSegmentation/cocci/cocci.67.json,cocci.67.jpg,coccidiosis,0,train,1
../../Data/downloads/zenodo_4628934_poultry_fecal/content (2)/imgSegmentation/cocci/cocci.670.json,cocci.670.jpg,coccidiosis,0,train,1
../../Data/downloads/zenodo_4628934_poultry_fecal/content (2)/imgSegmentation/cocci/cocci.671.json,cocci.671.jpg,coccidiosis,0,test,1
../../Data/downloads/zenodo_4628934_poultry_fecal/content (2)/imgSegmentation/cocci/cocci.672.json,cocci.672.jpg,coccidiosis,0,test,1
../../Data/downloads/zenodo_4628934_poultry_fecal/content (2)/imgSegmentation/cocci/cocci.673.json,cocci.673.jpg,coccidiosis,0,train,1
../../Data/downloads/zenodo_4628934_poultry_fecal/content (2)/imgSegmentation/cocci/cocci.674.json,cocci.674.jpg,coccidiosis,0,train,1
../../Data/downloads/zenodo_4628934_poultry_fecal/content (2)/imgSegmentation/cocci/cocci.675.json,cocci.675.jpg,coccidiosis,0,train,1
../../Data/downloads/zenodo_4628934_poultry_fecal/content (2)/imgSegmentation/cocci/cocci.676.json,cocci.676.jpg,coccidiosis,0,train,1
../../Data/downloads/zenodo_4628934_poultry_fecal/content (2)/imgSegmentation/cocci/cocci.677.json,cocci.677.jpg,coccidiosis,0,train,1
../../Data/downloads/zenodo_4628934_poultry_fecal/content (2)/imgSegmentation/cocci/cocci.678.json,cocci.678.jpg,coccidiosis,0,train,1
../../Data/downloads/zenodo_4628934_poultry_fecal/content (2)/imgSegmentation/cocci/cocci.679.json,cocci.679.jpg,coccidiosis,0,train,1
../../Data/downloads/zenodo_4628934_poultry_fecal/content (2)/imgSegmentation/cocci/cocci.68.json,cocci.68.jpg,coccidiosis,0,train,1
../../Data/downloads/zenodo_4628934_poultry_fecal/content (2)/imgSegmentation/cocci/cocci.680.json,cocci.680.jpg,coccidiosis,0,val,1
../../Data/downloads/zenodo_4628934_poultry_fecal/content (2)/imgSegmentation/cocci/cocci.681.json,cocci.681.jpg,coccidiosis,0,val,1
../../Data/downloads/zenodo_4628934_poultry_fecal/content (2)/imgSegmentation/cocci/cocci.682.json,cocci.682.jpg,coccidiosis,0,train,1
../../Data/downloads/zenodo_4628934_poultry_fecal/content (2)/imgSegmentation/cocci/cocci.683.json,cocci.683.jpg,coccidiosis,0,train,1
../../Data/downloads/zenodo_4628934_poultry_fecal/content (2)/imgSegmentation/cocci/cocci.684.json,cocci.684.jpg,coccidiosis,0,train,1
../../Data/downloads/zenodo_4628934_poultry_fecal/content (2)/imgSegmentation/cocci/cocci.685.json,cocci.685.jpg,coccidiosis,0,test,1
../../Data/downloads/zenodo_4628934_poultry_fecal/content (2)/imgSegmentation/cocci/cocci.686.json,cocci.686.jpg,coccidiosis,0,test,1
../../Data/downloads/zenodo_4628934_poultry_fecal/content (2)/imgSegmentation/cocci/cocci.687.json,cocci.687.jpg,coccidiosis,0,train,1
../../Data/downloads/zenodo_4628934_poultry_fecal/content (2)/imgSegmentation/cocci/cocci.688.json,cocci.688.jpg,coccidiosis,0,train,1
../../Data/downloads/zenodo_4628934_poultry_fecal/content (2)/imgSegmentation/cocci/cocci.689.json,cocci.689.jpg,coccidiosis,0,train,1
../../Data/downloads/zenodo_4628934_poultry_fecal/content (2)/imgSegmentation/cocci/cocci.69.json,cocci.69.jpg,coccidiosis,0,train,1
../../Data/downloads/zenodo_4628934_poultry_fecal/content (2)/imgSegmentation/cocci/cocci.690.json,cocci.690.jpg,coccidiosis,0,test,1
../../Data/downloads/zenodo_4628934_poultry_fecal/content (2)/imgSegmentation/cocci/cocci.691.json,cocci.691.jpg,coccidiosis,0,train,1
../../Data/downloads/zenodo_4628934_poultry_fecal/content (2)/imgSegmentation/cocci/cocci.692.json,cocci.692.jpg,coccidiosis,0,test,1
../../Data/downloads/zenodo_4628934_poultry_fecal/content (2)/imgSegmentation/cocci/cocci.693.json,cocci.693.jpg,coccidiosis,0,train,1
../../Data/downloads/zenodo_4628934_poultry_fecal/content (2)/imgSegmentation/cocci/cocci.694.json,cocci.694.jpg,coccidiosis,0,train,1
../../Data/downloads/zenodo_4628934_poultry_fecal/content (2)/imgSegmentation/cocci/cocci.695.json,cocci.695.jpg,coccidiosis,0,train,1
../../Data/downloads/zenodo_4628934_poultry_fecal/content (2)/imgSegmentation/cocci/cocci.696.json,cocci.696.jpg,coccidiosis,0,train,1
../../Data/downloads/zenodo_4628934_poultry_fecal/content (2)/imgSegmentation/cocci/cocci.697.json,cocci.697.jpg,coccidiosis,0,train,1
../../Data/downloads/zenodo_4628934_poultry_fecal/content (2)/imgSegmentation/cocci/cocci.698.json,cocci.698.jpg,coccidiosis,0,test,1
../../Data/downloads/zenodo_4628934_poultry_fecal/content (2)/imgSegmentation/cocci/cocci.699.json,cocci.699.jpg,coccidiosis,0,train,1
../../Data/downloads/zenodo_4628934_poultry_fecal/content (2)/imgSegmentation/cocci/cocci.7.json,cocci.7.jpg,coccidiosis,0,test,1
../../Data/downloads/zenodo_4628934_poultry_fecal/content (2)/imgSegmentation/cocci/cocci.70.json,cocci.70.jpg,coccidiosis,0,train,1
../../Data/downloads/zenodo_4628934_poultry_fecal/content (2)/imgSegmentation/cocci/cocci.700.json,cocci.700.jpg,coccidiosis,0,train,1
../../Data/downloads/zenodo_4628934_poultry_fecal/content (2)/imgSegmentation/cocci/cocci.701.json,cocci.701.jpg,coccidiosis,0,train,1
../../Data/downloads/zenodo_4628934_poultry_fecal/content (2)/imgSegmentation/cocci/cocci.702.json,cocci.702.jpg,coccidiosis,0,train,1
../../Data/downloads/zenodo_4628934_poultry_fecal/content (2)/imgSegmentation/cocci/cocci.703.json,cocci.703.jpg,coccidiosis,0,train,1
../../Data/downloads/zenodo_4628934_poultry_fecal/content (2)/imgSegmentation/cocci/cocci.704.json,cocci.704.jpg,coccidiosis,0,val,1
../../Data/downloads/zenodo_4628934_poultry_fecal/content (2)/imgSegmentation/cocci/cocci.705.json,cocci.705.jpg,coccidiosis,0,test,1
../../Data/downloads/zenodo_4628934_poultry_fecal/content (2)/imgSegmentation/cocci/cocci.706.json,cocci.706.jpg,coccidiosis,0,train,1
../../Data/downloads/zenodo_4628934_poultry_fecal/content (2)/imgSegmentation/cocci/cocci.707.json,cocci.707.jpg,coccidiosis,0,train,1
../../Data/downloads/zenodo_4628934_poultry_fecal/content (2)/imgSegmentation/cocci/cocci.708.json,cocci.708.jpg,coccidiosis,0,train,1
../../Data/downloads/zenodo_4628934_poultry_fecal/content (2)/imgSegmentation/cocci/cocci.709.json,cocci.709.jpg,coccidiosis,0,val,1
../../Data/downloads/zenodo_4628934_poultry_fecal/content (2)/imgSegmentation/cocci/cocci.71.json,cocci.71.jpg,coccidiosis,0,test,1
../../Data/downloads/zenodo_4628934_poultry_fecal/content (2)/imgSegmentation/cocci/cocci.710.json,cocci.710.jpg,coccidiosis,0,train,1
../../Data/downloads/zenodo_4628934_poultry_fecal/content (2)/imgSegmentation/cocci/cocci.711.json,cocci.711.jpg,coccidiosis,0,train,1
../../Data/downloads/zenodo_4628934_poultry_fecal/content (2)/imgSegmentation/cocci/cocci.712.json,cocci.712.jpg,coccidiosis,0,train,1
../../Data/downloads/zenodo_4628934_poultry_fecal/content (2)/imgSegmentation/cocci/cocci.713.json,cocci.713.jpg,coccidiosis,0,train,1
../../Data/downloads/zenodo_4628934_poultry_fecal/content (2)/imgSegmentation/cocci/cocci.714.json,cocci.714.jpg,coccidiosis,0,test,1
../../Data/downloads/zenodo_4628934_poultry_fecal/content (2)/imgSegmentation/cocci/cocci.715.json,cocci.715.jpg,coccidiosis,0,val,1
../../Data/downloads/zenodo_4628934_poultry_fecal/content (2)/imgSegmentation/cocci/cocci.716.json,cocci.716.jpg,coccidiosis,0,val,1
../../Data/downloads/zenodo_4628934_poultry_fecal/content (2)/imgSegmentation/cocci/cocci.717.json,cocci.717.jpg,coccidiosis,0,train,1
../../Data/downloads/zenodo_4628934_poultry_fecal/content (2)/imgSegmentation/cocci/cocci.718.json,cocci.718.jpg,coccidiosis,0,train,1
../../Data/downloads/zenodo_4628934_poultry_fecal/content (2)/imgSegmentation/cocci/cocci.719.json,cocci.719.jpg,coccidiosis,0,train,1
../../Data/downloads/zenodo_4628934_poultry_fecal/content (2)/imgSegmentation/cocci/cocci.72.json,cocci.72.jpg,coccidiosis,0,test,1
../../Data/downloads/zenodo_4628934_poultry_fecal/content (2)/imgSegmentation/cocci/cocci.720.json,cocci.720.jpg,coccidiosis,0,train,1
../../Data/downloads/zenodo_4628934_poultry_fecal/content (2)/imgSegmentation/cocci/cocci.721.json,cocci.721.jpg,coccidiosis,0,train,1
../../Data/downloads/zenodo_4628934_poultry_fecal/content (2)/imgSegmentation/cocci/cocci.722.json,cocci.722.jpg,coccidiosis,0,test,1
../../Data/downloads/zenodo_4628934_poultry_fecal/content (2)/imgSegmentation/cocci/cocci.723.json,cocci.723.jpg,coccidiosis,0,test,1
../../Data/downloads/zenodo_4628934_poultry_fecal/content (2)/imgSegmentation/cocci/cocci.724.json,cocci.724.jpg,coccidiosis,0,test,1
../../Data/downloads/zenodo_4628934_poultry_fecal/content (2)/imgSegmentation/cocci/cocci.725.json,cocci.725.jpg,coccidiosis,0,train,1
../../Data/downloads/zenodo_4628934_poultry_fecal/content (2)/imgSegmentation/cocci/cocci.726.json,cocci.726.jpg,coccidiosis,0,train,1
../../Data/downloads/zenodo_4628934_poultry_fecal/content (2)/imgSegmentation/cocci/cocci.727.json,cocci.727.jpg,coccidiosis,0,train,1
../../Data/downloads/zenodo_4628934_poultry_fecal/content (2)/imgSegmentation/cocci/cocci.728.json,cocci.728.jpg,coccidiosis,0,train,1
../../Data/downloads/zenodo_4628934_poultry_fecal/content (2)/imgSegmentation/cocci/cocci.729.json,cocci.729.jpg,coccidiosis,0,test,1
../../Data/downloads/zenodo_4628934_poultry_fecal/content (2)/imgSegmentation/cocci/cocci.73.json,cocci.73.jpg,coccidiosis,0,train,1
../../Data/downloads/zenodo_4628934_poultry_fecal/content (2)/imgSegmentation/cocci/cocci.730.json,cocci.730.jpg,coccidiosis,0,train,1
../../Data/downloads/zenodo_4628934_poultry_fecal/content (2)/imgSegmentation/cocci/cocci.731.json,cocci.731.jpg,coccidiosis,0,train,1
../../Data/downloads/zenodo_4628934_poultry_fecal/content (2)/imgSegmentation/cocci/cocci.732.json,cocci.732.jpg,coccidiosis,0,train,1
../../Data/downloads/zenodo_4628934_poultry_fecal/content (2)/imgSegmentation/cocci/cocci.733.json,cocci.733.jpg,coccidiosis,0,val,1
../../Data/downloads/zenodo_4628934_poultry_fecal/content (2)/imgSegmentation/cocci/cocci.734.json,cocci.734.jpg,coccidiosis,0,train,1
../../Data/downloads/zenodo_4628934_poultry_fecal/content (2)/imgSegmentation/cocci/cocci.735.json,cocci.735.jpg,coccidiosis,0,val,1
../../Data/downloads/zenodo_4628934_poultry_fecal/content (2)/imgSegmentation/cocci/cocci.736.json,cocci.736.jpg,coccidiosis,0,train,1
../../Data/downloads/zenodo_4628934_poultry_fecal/content (2)/imgSegmentation/cocci/cocci.737.json,cocci.737.jpg,coccidiosis,0,train,1
../../Data/downloads/zenodo_4628934_poultry_fecal/content (2)/imgSegmentation/cocci/cocci.738.json,cocci.738.jpg,coccidiosis,0,train,1
../../Data/downloads/zenodo_4628934_poultry_fecal/content (2)/imgSegmentation/cocci/cocci.739.json,cocci.739.jpg,coccidiosis,0,train,1
../../Data/downloads/zenodo_4628934_poultry_fecal/content (2)/imgSegmentation/cocci/cocci.74.json,cocci.74.jpg,coccidiosis,0,train,1
../../Data/downloads/zenodo_4628934_poultry_fecal/content (2)/imgSegmentation/cocci/cocci.740.json,cocci.740.jpg,coccidiosis,0,test,1
../../Data/downloads/zenodo_4628934_poultry_fecal/content (2)/imgSegmentation/cocci/cocci.741.json,cocci.741.jpg,coccidiosis,0,train,1
../../Data/downloads/zenodo_4628934_poultry_fecal/content (2)/imgSegmentation/cocci/cocci.742.json,cocci.742.jpg,coccidiosis,0,train,1
../../Data/downloads/zenodo_4628934_poultry_fecal/content (2)/imgSegmentation/cocci/cocci.743.json,cocci.743.jpg,coccidiosis,0,train,1
../../Data/downloads/zenodo_4628934_poultry_fecal/content (2)/imgSegmentation/cocci/cocci.744.json,cocci.744.jpg,coccidiosis,0,train,1
../../Data/downloads/zenodo_4628934_poultry_fecal/content (2)/imgSegmentation/cocci/cocci.745.json,cocci.745.jpg,coccidiosis,0,val,1
../../Data/downloads/zenodo_4628934_poultry_fecal/content (2)/imgSegmentation/cocci/cocci.746.json,cocci.746.jpg,coccidiosis,0,train,1
../../Data/downloads/zenodo_4628934_poultry_fecal/content (2)/imgSegmentation/cocci/cocci.747.json,cocci.747.jpg,coccidiosis,0,train,1
../../Data/downloads/zenodo_4628934_poultry_fecal/content (2)/imgSegmentation/cocci/cocci.748.json,cocci.748.jpg,coccidiosis,0,train,1
../../Data/downloads/zenodo_4628934_poultry_fecal/content (2)/imgSegmentation/cocci/cocci.749.json,cocci.749.jpg,coccidiosis,0,train,1
../../Data/downloads/zenodo_4628934_poultry_fecal/content (2)/imgSegmentation/cocci/cocci.75.json,cocci.75.jpg,coccidiosis,0,val,1
../../Data/downloads/zenodo_4628934_poultry_fecal/content (2)/imgSegmentation/cocci/cocci.750.json,cocci.750.jpg,coccidiosis,0,train,1
../../Data/downloads/zenodo_4628934_poultry_fecal/content (2)/imgSegmentation/cocci/cocci.751.json,cocci.751.jpg,coccidiosis,0,train,1
../../Data/downloads/zenodo_4628934_poultry_fecal/content (2)/imgSegmentation/cocci/cocci.752.json,cocci.752.jpg,coccidiosis,0,train,1
../../Data/downloads/zenodo_4628934_poultry_fecal/content (2)/imgSegmentation/cocci/cocci.753.json,cocci.753.jpg,coccidiosis,0,train,1
../../Data/downloads/zenodo_4628934_poultry_fecal/content (2)/imgSegmentation/cocci/cocci.754.json,cocci.754.jpg,coccidiosis,0,test,1
../../Data/downloads/zenodo_4628934_poultry_fecal/content (2)/imgSegmentation/cocci/cocci.755.json,cocci.755.jpg,coccidiosis,0,train,1
../../Data/downloads/zenodo_4628934_poultry_fecal/content (2)/imgSegmentation/cocci/cocci.756.json,cocci.756.jpg,coccidiosis,0,val,1
../../Data/downloads/zenodo_4628934_poultry_fecal/content (2)/imgSegmentation/cocci/cocci.757.json,cocci.757.jpg,coccidiosis,0,train,1
../../Data/downloads/zenodo_4628934_poultry_fecal/content (2)/imgSegmentation/cocci/cocci.758.json,cocci.758.jpg,coccidiosis,0,train,1
../../Data/downloads/zenodo_4628934_poultry_fecal/content (2)/imgSegmentation/cocci/cocci.759.json,cocci.759.jpg,coccidiosis,0,train,1
../../Data/downloads/zenodo_4628934_poultry_fecal/content (2)/imgSegmentation/cocci/cocci.76.json,cocci.76.jpg,coccidiosis,0,train,1
../../Data/downloads/zenodo_4628934_poultry_fecal/content (2)/imgSegmentation/cocci/cocci.760.json,cocci.760.jpg,coccidiosis,0,train,1
../../Data/downloads/zenodo_4628934_poultry_fecal/content (2)/imgSegmentation/cocci/cocci.761.json,cocci.761.jpg,coccidiosis,0,train,1
../../Data/downloads/zenodo_4628934_poultry_fecal/content (2)/imgSegmentation/cocci/cocci.762.json,cocci.762.jpg,coccidiosis,0,train,1
../../Data/downloads/zenodo_4628934_poultry_fecal/content (2)/imgSegmentation/cocci/cocci.763.json,cocci.763.jpg,coccidiosis,0,train,1
../../Data/downloads/zenodo_4628934_poultry_fecal/content (2)/imgSegmentation/cocci/cocci.764.json,cocci.764.jpg,coccidiosis,0,train,1
../../Data/downloads/zenodo_4628934_poultry_fecal/content (2)/imgSegmentation/cocci/cocci.765.json,cocci.765.jpg,coccidiosis,0,train,1
../../Data/downloads/zenodo_4628934_poultry_fecal/content (2)/imgSegmentation/cocci/cocci.766.json,cocci.766.jpg,coccidiosis,0,train,1
../../Data/downloads/zenodo_4628934_poultry_fecal/content (2)/imgSegmentation/cocci/cocci.767.json,cocci.767.jpg,coccidiosis,0,train,1
../../Data/downloads/zenodo_4628934_poultry_fecal/content (2)/imgSegmentation/cocci/cocci.768.json,cocci.768.jpg,coccidiosis,0,train,1
../../Data/downloads/zenodo_4628934_poultry_fecal/content (2)/imgSegmentation/cocci/cocci.769.json,cocci.769.jpg,coccidiosis,0,train,1
../../Data/downloads/zenodo_4628934_poultry_fecal/content (2)/imgSegmentation/cocci/cocci.77.json,cocci.77.jpg,coccidiosis,0,train,1
../../Data/downloads/zenodo_4628934_poultry_fecal/content (2)/imgSegmentation/cocci/cocci.770.json,cocci.770.jpg,coccidiosis,0,train,1
../../Data/downloads/zenodo_4628934_poultry_fecal/content (2)/imgSegmentation/cocci/cocci.771.json,cocci.771.jpg,coccidiosis,0,test,1
../../Data/downloads/zenodo_4628934_poultry_fecal/content (2)/imgSegmentation/cocci/cocci.772.json,cocci.772.jpg,coccidiosis,0,train,1
../../Data/downloads/zenodo_4628934_poultry_fecal/content (2)/imgSegmentation/cocci/cocci.773.json,cocci.773.jpg,coccidiosis,0,test,1
../../Data/downloads/zenodo_4628934_poultry_fecal/content (2)/imgSegmentation/cocci/cocci.774.json,cocci.774.jpg,coccidiosis,0,train,1
../../Data/downloads/zenodo_4628934_poultry_fecal/content (2)/imgSegmentation/cocci/cocci.775.json,cocci.775.jpg,coccidiosis,0,train,1
../../Data/downloads/zenodo_4628934_poultry_fecal/content (2)/imgSegmentation/cocci/cocci.776.json,cocci.776.jpg,coccidiosis,0,train,1
../../Data/downloads/zenodo_4628934_poultry_fecal/content (2)/imgSegmentation/cocci/cocci.777.json,cocci.777.jpg,coccidiosis,0,train,1
../../Data/downloads/zenodo_4628934_poultry_fecal/content (2)/imgSegmentation/cocci/cocci.778.json,cocci.778.jpg,coccidiosis,0,train,1
../../Data/downloads/zenodo_4628934_poultry_fecal/content (2)/imgSegmentation/cocci/cocci.779.json,cocci.779.jpg,coccidiosis,0,train,1
../../Data/downloads/zenodo_4628934_poultry_fecal/content (2)/imgSegmentation/cocci/cocci.78.json,cocci.78.jpg,coccidiosis,0,test,1
../../Data/downloads/zenodo_4628934_poultry_fecal/content (2)/imgSegmentation/cocci/cocci.780.json,cocci.780.jpg,coccidiosis,0,train,1
../../Data/downloads/zenodo_4628934_poultry_fecal/content (2)/imgSegmentation/cocci/cocci.781.json,cocci.781.jpg,coccidiosis,0,train,1
../../Data/downloads/zenodo_4628934_poultry_fecal/content (2)/imgSegmentation/cocci/cocci.782.json,cocci.782.jpg,coccidiosis,0,train,1
../../Data/downloads/zenodo_4628934_poultry_fecal/content (2)/imgSegmentation/cocci/cocci.783.json,cocci.783.jpg,coccidiosis,0,train,1
../../Data/downloads/zenodo_4628934_poultry_fecal/content (2)/imgSegmentation/cocci/cocci.784.json,cocci.784.jpg,coccidiosis,0,train,1
../../Data/downloads/zenodo_4628934_poultry_fecal/content (2)/imgSegmentation/cocci/cocci.785.json,cocci.785.jpg,coccidiosis,0,val,1
../../Data/downloads/zenodo_4628934_poultry_fecal/content (2)/imgSegmentation/cocci/cocci.786.json,cocci.786.jpg,coccidiosis,0,test,1
../../Data/downloads/zenodo_4628934_poultry_fecal/content (2)/imgSegmentation/cocci/cocci.787.json,cocci.787.jpg,coccidiosis,0,train,1
../../Data/downloads/zenodo_4628934_poultry_fecal/content (2)/imgSegmentation/cocci/cocci.788.json,cocci.788.jpg,coccidiosis,0,test,1
../../Data/downloads/zenodo_4628934_poultry_fecal/content (2)/imgSegmentation/cocci/cocci.789.json,cocci.789.jpg,coccidiosis,0,train,1
../../Data/downloads/zenodo_4628934_poultry_fecal/content (2)/imgSegmentation/cocci/cocci.79.json,cocci.79.jpg,coccidiosis,0,train,1
../../Data/downloads/zenodo_4628934_poultry_fecal/content (2)/imgSegmentation/cocci/cocci.790.json,cocci.790.jpg,coccidiosis,0,train,1
../../Data/downloads/zenodo_4628934_poultry_fecal/content (2)/imgSegmentation/cocci/cocci.791.json,cocci.791.jpg,coccidiosis,0,train,1
../../Data/downloads/zenodo_4628934_poultry_fecal/content (2)/imgSegmentation/cocci/cocci.792.json,cocci.792.jpg,coccidiosis,0,train,1
../../Data/downloads/zenodo_4628934_poultry_fecal/content (2)/imgSegmentation/cocci/cocci.793.json,cocci.793.jpg,coccidiosis,0,train,1
../../Data/downloads/zenodo_4628934_poultry_fecal/content (2)/imgSegmentation/cocci/cocci.794.json,cocci.794.jpg,coccidiosis,0,val,1
../../Data/downloads/zenodo_4628934_poultry_fecal/content (2)/imgSegmentation/cocci/cocci.795.json,cocci.795.jpg,coccidiosis,0,test,1
../../Data/downloads/zenodo_4628934_poultry_fecal/content (2)/imgSegmentation/cocci/cocci.796.json,cocci.796.jpg,coccidiosis,0,train,1
../../Data/downloads/zenodo_4628934_poultry_fecal/content (2)/imgSegmentation/cocci/cocci.797.json,cocci.797.jpg,coccidiosis,0,val,1
../../Data/downloads/zenodo_4628934_poultry_fecal/content (2)/imgSegmentation/cocci/cocci.798.json,cocci.798.jpg,coccidiosis,0,train,1
../../Data/downloads/zenodo_4628934_poultry_fecal/content (2)/imgSegmentation/cocci/cocci.799.json,cocci.799.jpg,coccidiosis,0,test,1
../../Data/downloads/zenodo_4628934_poultry_fecal/content (2)/imgSegmentation/cocci/cocci.8.json,cocci.8.jpg,coccidiosis,0,train,1
../../Data/downloads/zenodo_4628934_poultry_fecal/content (2)/imgSegmentation/cocci/cocci.80.json,cocci.80.jpg,coccidiosis,0,train,1
../../Data/downloads/zenodo_4628934_poultry_fecal/content (2)/imgSegmentation/cocci/cocci.800.json,cocci.800.jpg,coccidiosis,0,train,1
../../Data/downloads/zenodo_4628934_poultry_fecal/content (2)/imgSegmentation/cocci/cocci.801.json,cocci.801.jpg,coccidiosis,0,test,1
../../Data/downloads/zenodo_4628934_poultry_fecal/content (2)/imgSegmentation/cocci/cocci.802.json,cocci.802.jpg,coccidiosis,0,val,1
../../Data/downloads/zenodo_4628934_poultry_fecal/content (2)/imgSegmentation/cocci/cocci.803.json,cocci.803.jpg,coccidiosis,0,train,1
../../Data/downloads/zenodo_4628934_poultry_fecal/content (2)/imgSegmentation/cocci/cocci.804.json,cocci.804.jpg,coccidiosis,0,train,1
../../Data/downloads/zenodo_4628934_poultry_fecal/content (2)/imgSegmentation/cocci/cocci.805.json,cocci.805.jpg,coccidiosis,0,train,1
../../Data/downloads/zenodo_4628934_poultry_fecal/content (2)/imgSegmentation/cocci/cocci.806.json,cocci.806.jpg,coccidiosis,0,train,1
../../Data/downloads/zenodo_4628934_poultry_fecal/content (2)/imgSegmentation/cocci/cocci.807.json,cocci.807.jpg,coccidiosis,0,train,1
../../Data/downloads/zenodo_4628934_poultry_fecal/content (2)/imgSegmentation/cocci/cocci.808.json,cocci.808.jpg,coccidiosis,0,test,1
../../Data/downloads/zenodo_4628934_poultry_fecal/content (2)/imgSegmentation/cocci/cocci.809.json,cocci.809.jpg,coccidiosis,0,train,1
../../Data/downloads/zenodo_4628934_poultry_fecal/content (2)/imgSegmentation/cocci/cocci.81.json,cocci.81.jpg,coccidiosis,0,train,1
../../Data/downloads/zenodo_4628934_poultry_fecal/content (2)/imgSegmentation/cocci/cocci.810.json,cocci.810.jpg,coccidiosis,0,train,1
../../Data/downloads/zenodo_4628934_poultry_fecal/content (2)/imgSegmentation/cocci/cocci.811.json,cocci.811.jpg,coccidiosis,0,train,1
../../Data/downloads/zenodo_4628934_poultry_fecal/content (2)/imgSegmentation/cocci/cocci.812.json,cocci.812.jpg,coccidiosis,0,train,1
../../Data/downloads/zenodo_4628934_poultry_fecal/content (2)/imgSegmentation/cocci/cocci.813.json,cocci.813.jpg,coccidiosis,0,val,1
../../Data/downloads/zenodo_4628934_poultry_fecal/content (2)/imgSegmentation/cocci/cocci.814.json,cocci.814.jpg,coccidiosis,0,val,1
../../Data/downloads/zenodo_4628934_poultry_fecal/content (2)/imgSegmentation/cocci/cocci.815.json,cocci.815.jpg,coccidiosis,0,train,1
../../Data/downloads/zenodo_4628934_poultry_fecal/content (2)/imgSegmentation/cocci/cocci.816.json,cocci.816.jpg,coccidiosis,0,train,1
../../Data/downloads/zenodo_4628934_poultry_fecal/content (2)/imgSegmentation/cocci/cocci.817.json,cocci.817.jpg,coccidiosis,0,train,1
../../Data/downloads/zenodo_4628934_poultry_fecal/content (2)/imgSegmentation/cocci/cocci.818.json,cocci.818.jpg,coccidiosis,0,train,1
../../Data/downloads/zenodo_4628934_poultry_fecal/content (2)/imgSegmentation/cocci/cocci.819.json,cocci.819.jpg,coccidiosis,0,train,1
../../Data/downloads/zenodo_4628934_poultry_fecal/content (2)/imgSegmentation/cocci/cocci.82.json,cocci.82.jpg,coccidiosis,0,val,1
../../Data/downloads/zenodo_4628934_poultry_fecal/content (2)/imgSegmentation/cocci/cocci.820.json,cocci.820.jpg,coccidiosis,0,train,1
../../Data/downloads/zenodo_4628934_poultry_fecal/content (2)/imgSegmentation/cocci/cocci.821.json,cocci.821.jpg,coccidiosis,0,train,1
../../Data/downloads/zenodo_4628934_poultry_fecal/content (2)/imgSegmentation/cocci/cocci.822.json,cocci.822.jpg,coccidiosis,0,train,1
../../Data/downloads/zenodo_4628934_poultry_fecal/content (2)/imgSegmentation/cocci/cocci.823.json,cocci.823.jpg,coccidiosis,0,train,1
../../Data/downloads/zenodo_4628934_poultry_fecal/content (2)/imgSegmentation/cocci/cocci.824.json,cocci.824.jpg,coccidiosis,0,train,1
../../Data/downloads/zenodo_4628934_poultry_fecal/content (2)/imgSegmentation/cocci/cocci.825.json,cocci.825.jpg,coccidiosis,0,train,1
../../Data/downloads/zenodo_4628934_poultry_fecal/content (2)/imgSegmentation/cocci/cocci.826.json,cocci.826.jpg,coccidiosis,0,train,1
../../Data/downloads/zenodo_4628934_poultry_fecal/content (2)/imgSegmentation/cocci/cocci.827.json,cocci.827.jpg,coccidiosis,0,test,1
../../Data/downloads/zenodo_4628934_poultry_fecal/content (2)/imgSegmentation/cocci/cocci.828.json,cocci.828.jpg,coccidiosis,0,train,1
../../Data/downloads/zenodo_4628934_poultry_fecal/content (2)/imgSegmentation/cocci/cocci.829.json,cocci.829.jpg,coccidiosis,0,test,1
../../Data/downloads/zenodo_4628934_poultry_fecal/content (2)/imgSegmentation/cocci/cocci.83.json,cocci.83.jpg,coccidiosis,0,train,1
../../Data/downloads/zenodo_4628934_poultry_fecal/content (2)/imgSegmentation/cocci/cocci.830.json,cocci.830.jpg,coccidiosis,0,train,1
../../Data/downloads/zenodo_4628934_poultry_fecal/content (2)/imgSegmentation/cocci/cocci.831.json,cocci.831.jpg,coccidiosis,0,train,1
../../Data/downloads/zenodo_4628934_poultry_fecal/content (2)/imgSegmentation/cocci/cocci.832.json,cocci.832.jpg,coccidiosis,0,train,1
../../Data/downloads/zenodo_4628934_poultry_fecal/content (2)/imgSegmentation/cocci/cocci.833.json,cocci.833.jpg,coccidiosis,0,val,1
../../Data/downloads/zenodo_4628934_poultry_fecal/content (2)/imgSegmentation/cocci/cocci.834.json,cocci.834.jpg,coccidiosis,0,train,1
../../Data/downloads/zenodo_4628934_poultry_fecal/content (2)/imgSegmentation/cocci/cocci.835.json,cocci.835.jpg,coccidiosis,0,train,1
../../Data/downloads/zenodo_4628934_poultry_fecal/content (2)/imgSegmentation/cocci/cocci.836.json,cocci.836.jpg,coccidiosis,0,train,1
../../Data/downloads/zenodo_4628934_poultry_fecal/content (2)/imgSegmentation/cocci/cocci.837.json,cocci.837.jpg,coccidiosis,0,train,1
../../Data/downloads/zenodo_4628934_poultry_fecal/content (2)/imgSegmentation/cocci/cocci.838.json,cocci.838.jpg,coccidiosis,0,test,1
../../Data/downloads/zenodo_4628934_poultry_fecal/content (2)/imgSegmentation/cocci/cocci.839.json,cocci.839.jpg,coccidiosis,0,train,1
../../Data/downloads/zenodo_4628934_poultry_fecal/content (2)/imgSegmentation/cocci/cocci.84.json,cocci.84.jpg,coccidiosis,0,val,1
../../Data/downloads/zenodo_4628934_poultry_fecal/content (2)/imgSegmentation/cocci/cocci.840.json,cocci.840.jpg,coccidiosis,0,val,1
../../Data/downloads/zenodo_4628934_poultry_fecal/content (2)/imgSegmentation/cocci/cocci.841.json,cocci.841.jpg,coccidiosis,0,train,1
../../Data/downloads/zenodo_4628934_poultry_fecal/content (2)/imgSegmentation/cocci/cocci.842.json,cocci.842.jpg,coccidiosis,0,train,1
../../Data/downloads/zenodo_4628934_poultry_fecal/content (2)/imgSegmentation/cocci/cocci.843.json,cocci.843.jpg,coccidiosis,0,train,1
../../Data/downloads/zenodo_4628934_poultry_fecal/content (2)/imgSegmentation/cocci/cocci.844.json,cocci.844.jpg,coccidiosis,0,train,1
../../Data/downloads/zenodo_4628934_poultry_fecal/content (2)/imgSegmentation/cocci/cocci.845.json,cocci.845.jpg,coccidiosis,0,test,1
../../Data/downloads/zenodo_4628934_poultry_fecal/content (2)/imgSegmentation/cocci/cocci.846.json,cocci.846.jpg,coccidiosis,0,test,1
../../Data/downloads/zenodo_4628934_poultry_fecal/content (2)/imgSegmentation/cocci/cocci.847.json,cocci.847.jpg,coccidiosis,0,train,1
../../Data/downloads/zenodo_4628934_poultry_fecal/content (2)/imgSegmentation/cocci/cocci.848.json,cocci.848.jpg,coccidiosis,0,train,1
../../Data/downloads/zenodo_4628934_poultry_fecal/content (2)/imgSegmentation/cocci/cocci.849.json,cocci.849.jpg,coccidiosis,0,train,1
../../Data/downloads/zenodo_4628934_poultry_fecal/content (2)/imgSegmentation/cocci/cocci.85.json,cocci.85.jpg,coccidiosis,0,train,1
../../Data/downloads/zenodo_4628934_poultry_fecal/content (2)/imgSegmentation/cocci/cocci.850.json,cocci.850.jpg,coccidiosis,0,test,1
../../Data/downloads/zenodo_4628934_poultry_fecal/content (2)/imgSegmentation/cocci/cocci.851.json,cocci.851.jpg,coccidiosis,0,val,1
../../Data/downloads/zenodo_4628934_poultry_fecal/content (2)/imgSegmentation/cocci/cocci.852.json,cocci.852.jpg,coccidiosis,0,val,1
../../Data/downloads/zenodo_4628934_poultry_fecal/content (2)/imgSegmentation/cocci/cocci.853.json,cocci.853.jpg,coccidiosis,0,val,1
../../Data/downloads/zenodo_4628934_poultry_fecal/content (2)/imgSegmentation/cocci/cocci.854.json,cocci.854.jpg,coccidiosis,0,val,1
../../Data/downloads/zenodo_4628934_poultry_fecal/content (2)/imgSegmentation/cocci/cocci.855.json,cocci.855.jpg,coccidiosis,0,test,1
../../Data/downloads/zenodo_4628934_poultry_fecal/content (2)/imgSegmentation/cocci/cocci.856.json,cocci.856.jpg,coccidiosis,0,train,1
../../Data/downloads/zenodo_4628934_poultry_fecal/content (2)/imgSegmentation/cocci/cocci.857.json,cocci.857.jpg,coccidiosis,0,train,1
../../Data/downloads/zenodo_4628934_poultry_fecal/content (2)/imgSegmentation/cocci/cocci.858.json,cocci.858.jpg,coccidiosis,0,val,1
../../Data/downloads/zenodo_4628934_poultry_fecal/content (2)/imgSegmentation/cocci/cocci.859.json,cocci.859.jpg,coccidiosis,0,train,1
../../Data/downloads/zenodo_4628934_poultry_fecal/content (2)/imgSegmentation/cocci/cocci.86.json,cocci.86.jpg,coccidiosis,0,val,1
../../Data/downloads/zenodo_4628934_poultry_fecal/content (2)/imgSegmentation/cocci/cocci.860.json,cocci.860.jpg,coccidiosis,0,test,1
../../Data/downloads/zenodo_4628934_poultry_fecal/content (2)/imgSegmentation/cocci/cocci.861.json,cocci.861.jpg,coccidiosis,0,train,1
../../Data/downloads/zenodo_4628934_poultry_fecal/content (2)/imgSegmentation/cocci/cocci.862.json,cocci.862.jpg,coccidiosis,0,train,1
../../Data/downloads/zenodo_4628934_poultry_fecal/content (2)/imgSegmentation/cocci/cocci.863.json,cocci.863.jpg,coccidiosis,0,train,1
../../Data/downloads/zenodo_4628934_poultry_fecal/content (2)/imgSegmentation/cocci/cocci.864.json,cocci.864.jpg,coccidiosis,0,train,1
../../Data/downloads/zenodo_4628934_poultry_fecal/content (2)/imgSegmentation/cocci/cocci.865.json,cocci.865.jpg,coccidiosis,0,train,1
../../Data/downloads/zenodo_4628934_poultry_fecal/content (2)/imgSegmentation/cocci/cocci.866.json,cocci.866.jpg,coccidiosis,0,train,1
../../Data/downloads/zenodo_4628934_poultry_fecal/content (2)/imgSegmentation/cocci/cocci.867.json,cocci.867.jpg,coccidiosis,0,val,1
../../Data/downloads/zenodo_4628934_poultry_fecal/content (2)/imgSegmentation/cocci/cocci.868.json,cocci.868.jpg,coccidiosis,0,train,1
../../Data/downloads/zenodo_4628934_poultry_fecal/content (2)/imgSegmentation/cocci/cocci.869.json,cocci.869.jpg,coccidiosis,0,train,1
../../Data/downloads/zenodo_4628934_poultry_fecal/content (2)/imgSegmentation/cocci/cocci.87.json,cocci.87.jpg,coccidiosis,0,train,1
../../Data/downloads/zenodo_4628934_poultry_fecal/content (2)/imgSegmentation/cocci/cocci.870.json,cocci.870.jpg,coccidiosis,0,val,1
../../Data/downloads/zenodo_4628934_poultry_fecal/content (2)/imgSegmentation/cocci/cocci.871.json,cocci.871.jpg,coccidiosis,0,train,1
../../Data/downloads/zenodo_4628934_poultry_fecal/content (2)/imgSegmentation/cocci/cocci.872.json,cocci.872.jpg,coccidiosis,0,train,1
../../Data/downloads/zenodo_4628934_poultry_fecal/content (2)/imgSegmentation/cocci/cocci.873.json,cocci.873.jpg,coccidiosis,0,train,1
../../Data/downloads/zenodo_4628934_poultry_fecal/content (2)/imgSegmentation/cocci/cocci.874.json,cocci.874.jpg,coccidiosis,0,train,1
../../Data/downloads/zenodo_4628934_poultry_fecal/content (2)/imgSegmentation/cocci/cocci.875.json,cocci.875.jpg,coccidiosis,0,train,1
../../Data/downloads/zenodo_4628934_poultry_fecal/content (2)/imgSegmentation/cocci/cocci.876.json,cocci.876.jpg,coccidiosis,0,train,1
../../Data/downloads/zenodo_4628934_poultry_fecal/content (2)/imgSegmentation/cocci/cocci.877.json,cocci.877.jpg,coccidiosis,0,test,1
../../Data/downloads/zenodo_4628934_poultry_fecal/content (2)/imgSegmentation/cocci/cocci.878.json,cocci.878.jpg,coccidiosis,0,train,1
../../Data/downloads/zenodo_4628934_poultry_fecal/content (2)/imgSegmentation/cocci/cocci.879.json,cocci.879.jpg,coccidiosis,0,val,1
../../Data/downloads/zenodo_4628934_poultry_fecal/content (2)/imgSegmentation/cocci/cocci.88.json,cocci.88.jpg,coccidiosis,0,train,1
../../Data/downloads/zenodo_4628934_poultry_fecal/content (2)/imgSegmentation/cocci/cocci.880.json,cocci.880.jpg,coccidiosis,0,train,1
../../Data/downloads/zenodo_4628934_poultry_fecal/content (2)/imgSegmentation/cocci/cocci.881.json,cocci.881.jpg,coccidiosis,0,train,1
../../Data/downloads/zenodo_4628934_poultry_fecal/content (2)/imgSegmentation/cocci/cocci.882.json,cocci.882.jpg,coccidiosis,0,train,1
../../Data/downloads/zenodo_4628934_poultry_fecal/content (2)/imgSegmentation/cocci/cocci.883.json,cocci.883.jpg,coccidiosis,0,test,1
../../Data/downloads/zenodo_4628934_poultry_fecal/content (2)/imgSegmentation/cocci/cocci.884.json,cocci.884.jpg,coccidiosis,0,train,1
../../Data/downloads/zenodo_4628934_poultry_fecal/content (2)/imgSegmentation/cocci/cocci.885.json,cocci.885.jpg,coccidiosis,0,test,1
../../Data/downloads/zenodo_4628934_poultry_fecal/content (2)/imgSegmentation/cocci/cocci.886.json,cocci.886.jpg,coccidiosis,0,val,1
../../Data/downloads/zenodo_4628934_poultry_fecal/content (2)/imgSegmentation/cocci/cocci.887.json,cocci.887.jpg,coccidiosis,0,train,1
../../Data/downloads/zenodo_4628934_poultry_fecal/content (2)/imgSegmentation/cocci/cocci.888.json,cocci.888.jpg,coccidiosis,0,train,1
../../Data/downloads/zenodo_4628934_poultry_fecal/content (2)/imgSegmentation/cocci/cocci.889.json,cocci.889.jpg,coccidiosis,0,train,1
../../Data/downloads/zenodo_4628934_poultry_fecal/content (2)/imgSegmentation/cocci/cocci.89.json,cocci.89.jpg,coccidiosis,0,train,1
../../Data/downloads/zenodo_4628934_poultry_fecal/content (2)/imgSegmentation/cocci/cocci.890.json,cocci.890.jpg,coccidiosis,0,train,1
../../Data/downloads/zenodo_4628934_poultry_fecal/content (2)/imgSegmentation/cocci/cocci.891.json,cocci.891.jpg,coccidiosis,0,val,1
../../Data/downloads/zenodo_4628934_poultry_fecal/content (2)/imgSegmentation/cocci/cocci.892.json,cocci.892.jpg,coccidiosis,0,train,1
../../Data/downloads/zenodo_4628934_poultry_fecal/content (2)/imgSegmentation/cocci/cocci.893.json,cocci.893.jpg,coccidiosis,0,train,1
../../Data/downloads/zenodo_4628934_poultry_fecal/content (2)/imgSegmentation/cocci/cocci.894.json,cocci.894.jpg,coccidiosis,0,test,1
../../Data/downloads/zenodo_4628934_poultry_fecal/content (2)/imgSegmentation/cocci/cocci.895.json,cocci.895.jpg,coccidiosis,0,train,1
../../Data/downloads/zenodo_4628934_poultry_fecal/content (2)/imgSegmentation/cocci/cocci.896.json,cocci.896.jpg,coccidiosis,0,val,1
../../Data/downloads/zenodo_4628934_poultry_fecal/content (2)/imgSegmentation/cocci/cocci.897.json,cocci.897.jpg,coccidiosis,0,train,1
../../Data/downloads/zenodo_4628934_poultry_fecal/content (2)/imgSegmentation/cocci/cocci.898.json,cocci.898.jpg,coccidiosis,0,test,1
../../Data/downloads/zenodo_4628934_poultry_fecal/content (2)/imgSegmentation/cocci/cocci.899.json,cocci.899.jpg,coccidiosis,0,val,1
../../Data/downloads/zenodo_4628934_poultry_fecal/content (2)/imgSegmentation/cocci/cocci.9.json,cocci.9.jpg,coccidiosis,0,test,1
../../Data/downloads/zenodo_4628934_poultry_fecal/content (2)/imgSegmentation/cocci/cocci.90.json,cocci.90.jpg,coccidiosis,0,train,1
../../Data/downloads/zenodo_4628934_poultry_fecal/content (2)/imgSegmentation/cocci/cocci.900.json,cocci.900.jpg,coccidiosis,0,test,1
../../Data/downloads/zenodo_4628934_poultry_fecal/content (2)/imgSegmentation/cocci/cocci.901.json,cocci.901.jpg,coccidiosis,0,train,1
../../Data/downloads/zenodo_4628934_poultry_fecal/content (2)/imgSegmentation/cocci/cocci.902.json,cocci.902.jpg,coccidiosis,0,train,1
../../Data/downloads/zenodo_4628934_poultry_fecal/content (2)/imgSegmentation/cocci/cocci.903.json,cocci.903.jpg,coccidiosis,0,test,1
../../Data/downloads/zenodo_4628934_poultry_fecal/content (2)/imgSegmentation/cocci/cocci.904.json,cocci.904.jpg,coccidiosis,0,test,1
../../Data/downloads/zenodo_4628934_poultry_fecal/content (2)/imgSegmentation/cocci/cocci.905.json,cocci.905.jpg,coccidiosis,0,train,1
../../Data/downloads/zenodo_4628934_poultry_fecal/content (2)/imgSegmentation/cocci/cocci.906.json,cocci.906.jpg,coccidiosis,0,train,1
../../Data/downloads/zenodo_4628934_poultry_fecal/content (2)/imgSegmentation/cocci/cocci.907.json,cocci.907.jpg,coccidiosis,0,train,1
../../Data/downloads/zenodo_4628934_poultry_fecal/content (2)/imgSegmentation/cocci/cocci.908.json,cocci.908.jpg,coccidiosis,0,test,1
../../Data/downloads/zenodo_4628934_poultry_fecal/content (2)/imgSegmentation/cocci/cocci.909.json,cocci.909.jpg,coccidiosis,0,train,1
../../Data/downloads/zenodo_4628934_poultry_fecal/content (2)/imgSegmentation/cocci/cocci.91.json,cocci.91.jpg,coccidiosis,0,train,1
../../Data/downloads/zenodo_4628934_poultry_fecal/content (2)/imgSegmentation/cocci/cocci.910.json,cocci.910.jpg,coccidiosis,0,train,1
../../Data/downloads/zenodo_4628934_poultry_fecal/content (2)/imgSegmentation/cocci/cocci.911.json,cocci.911.jpg,coccidiosis,0,val,1
../../Data/downloads/zenodo_4628934_poultry_fecal/content (2)/imgSegmentation/cocci/cocci.912.json,cocci.912.jpg,coccidiosis,0,train,1
../../Data/downloads/zenodo_4628934_poultry_fecal/content (2)/imgSegmentation/cocci/cocci.913.json,cocci.913.jpg,coccidiosis,0,train,1
../../Data/downloads/zenodo_4628934_poultry_fecal/content (2)/imgSegmentation/cocci/cocci.914.json,cocci.914.jpg,coccidiosis,0,test,1
../../Data/downloads/zenodo_4628934_poultry_fecal/content (2)/imgSegmentation/cocci/cocci.915.json,cocci.915.jpg,coccidiosis,0,test,1
../../Data/downloads/zenodo_4628934_poultry_fecal/content (2)/imgSegmentation/cocci/cocci.916.json,cocci.916.jpg,coccidiosis,0,train,1
../../Data/downloads/zenodo_4628934_poultry_fecal/content (2)/imgSegmentation/cocci/cocci.917.json,cocci.917.jpg,coccidiosis,0,train,1
../../Data/downloads/zenodo_4628934_poultry_fecal/content (2)/imgSegmentation/cocci/cocci.918.json,cocci.918.jpg,coccidiosis,0,train,1
../../Data/downloads/zenodo_4628934_poultry_fecal/content (2)/imgSegmentation/cocci/cocci.919.json,cocci.919.jpg,coccidiosis,0,train,1
../../Data/downloads/zenodo_4628934_poultry_fecal/content (2)/imgSegmentation/cocci/cocci.92.json,cocci.92.jpg,coccidiosis,0,train,1
../../Data/downloads/zenodo_4628934_poultry_fecal/content (2)/imgSegmentation/cocci/cocci.920.json,cocci.920.jpg,coccidiosis,0,val,1
../../Data/downloads/zenodo_4628934_poultry_fecal/content (2)/imgSegmentation/cocci/cocci.921.json,cocci.921.jpg,coccidiosis,0,test,1
../../Data/downloads/zenodo_4628934_poultry_fecal/content (2)/imgSegmentation/cocci/cocci.922.json,cocci.922.jpg,coccidiosis,0,test,1
../../Data/downloads/zenodo_4628934_poultry_fecal/content (2)/imgSegmentation/cocci/cocci.923.json,cocci.923.jpg,coccidiosis,0,val,1
../../Data/downloads/zenodo_4628934_poultry_fecal/content (2)/imgSegmentation/cocci/cocci.924.json,cocci.924.jpg,coccidiosis,0,test,1
../../Data/downloads/zenodo_4628934_poultry_fecal/content (2)/imgSegmentation/cocci/cocci.925.json,cocci.925.jpg,coccidiosis,0,val,1
../../Data/downloads/zenodo_4628934_poultry_fecal/content (2)/imgSegmentation/cocci/cocci.926.json,cocci.926.jpg,coccidiosis,0,train,1
../../Data/downloads/zenodo_4628934_poultry_fecal/content (2)/imgSegmentation/cocci/cocci.927.json,cocci.927.jpg,coccidiosis,0,test,1
../../Data/downloads/zenodo_4628934_poultry_fecal/content (2)/imgSegmentation/cocci/cocci.928.json,cocci.928.jpg,coccidiosis,0,train,1
../../Data/downloads/zenodo_4628934_poultry_fecal/content (2)/imgSegmentation/cocci/cocci.929.json,cocci.929.jpg,coccidiosis,0,test,1
../../Data/downloads/zenodo_4628934_poultry_fecal/content (2)/imgSegmentation/cocci/cocci.93.json,cocci.93.jpg,coccidiosis,0,test,1
../../Data/downloads/zenodo_4628934_poultry_fecal/content (2)/imgSegmentation/cocci/cocci.930.json,cocci.930.jpg,coccidiosis,0,train,1
../../Data/downloads/zenodo_4628934_poultry_fecal/content (2)/imgSegmentation/cocci/cocci.931.json,cocci.931.jpg,coccidiosis,0,train,1
../../Data/downloads/zenodo_4628934_poultry_fecal/content (2)/imgSegmentation/cocci/cocci.932.json,cocci.932.jpg,coccidiosis,0,train,1
../../Data/downloads/zenodo_4628934_poultry_fecal/content (2)/imgSegmentation/cocci/cocci.933.json,cocci.933.jpg,coccidiosis,0,val,1
../../Data/downloads/zenodo_4628934_poultry_fecal/content (2)/imgSegmentation/cocci/cocci.934.json,cocci.934.jpg,coccidiosis,0,train,1
../../Data/downloads/zenodo_4628934_poultry_fecal/content (2)/imgSegmentation/cocci/cocci.935.json,cocci.935.jpg,coccidiosis,0,train,1
../../Data/downloads/zenodo_4628934_poultry_fecal/content (2)/imgSegmentation/cocci/cocci.936.json,cocci.936.jpg,coccidiosis,0,train,1
../../Data/downloads/zenodo_4628934_poultry_fecal/content (2)/imgSegmentation/cocci/cocci.937.json,cocci.937.jpg,coccidiosis,0,train,1
../../Data/downloads/zenodo_4628934_poultry_fecal/content (2)/imgSegmentation/cocci/cocci.938.json,cocci.938.jpg,coccidiosis,0,train,1
../../Data/downloads/zenodo_4628934_poultry_fecal/content (2)/imgSegmentation/cocci/cocci.939.json,cocci.939.jpg,coccidiosis,0,test,1
../../Data/downloads/zenodo_4628934_poultry_fecal/content (2)/imgSegmentation/cocci/cocci.94.json,cocci.94.jpg,coccidiosis,0,train,1
../../Data/downloads/zenodo_4628934_poultry_fecal/content (2)/imgSegmentation/cocci/cocci.940.json,cocci.940.jpg,coccidiosis,0,val,1
../../Data/downloads/zenodo_4628934_poultry_fecal/content (2)/imgSegmentation/cocci/cocci.941.json,cocci.941.jpg,coccidiosis,0,train,1
../../Data/downloads/zenodo_4628934_poultry_fecal/content (2)/imgSegmentation/cocci/cocci.942.json,cocci.942.jpg,coccidiosis,0,test,1
../../Data/downloads/zenodo_4628934_poultry_fecal/content (2)/imgSegmentation/cocci/cocci.943.json,cocci.943.jpg,coccidiosis,0,train,1
../../Data/downloads/zenodo_4628934_poultry_fecal/content (2)/imgSegmentation/cocci/cocci.944.json,cocci.944.jpg,coccidiosis,0,train,1
../../Data/downloads/zenodo_4628934_poultry_fecal/content (2)/imgSegmentation/cocci/cocci.945.json,cocci.945.jpg,coccidiosis,0,train,1
../../Data/downloads/zenodo_4628934_poultry_fecal/content (2)/imgSegmentation/cocci/cocci.946.json,cocci.946.jpg,coccidiosis,0,train,1
../../Data/downloads/zenodo_4628934_poultry_fecal/content (2)/imgSegmentation/cocci/cocci.947.json,cocci.947.jpg,coccidiosis,0,val,1
../../Data/downloads/zenodo_4628934_poultry_fecal/content (2)/imgSegmentation/cocci/cocci.948.json,cocci.948.jpg,coccidiosis,0,train,1
../../Data/downloads/zenodo_4628934_poultry_fecal/content (2)/imgSegmentation/cocci/cocci.949.json,cocci.949.jpg,coccidiosis,0,train,1
../../Data/downloads/zenodo_4628934_poultry_fecal/content (2)/imgSegmentation/cocci/cocci.95.json,cocci.95.jpg,coccidiosis,0,train,1
../../Data/downloads/zenodo_4628934_poultry_fecal/content (2)/imgSegmentation/cocci/cocci.950.json,cocci.950.jpg,coccidiosis,0,train,1
../../Data/downloads/zenodo_4628934_poultry_fecal/content (2)/imgSegmentation/cocci/cocci.951.json,cocci.951.jpg,coccidiosis,0,test,1
../../Data/downloads/zenodo_4628934_poultry_fecal/content (2)/imgSegmentation/cocci/cocci.952.json,cocci.952.jpg,coccidiosis,0,test,1
../../Data/downloads/zenodo_4628934_poultry_fecal/content (2)/imgSegmentation/cocci/cocci.953.json,cocci.953.jpg,coccidiosis,0,train,1
../../Data/downloads/zenodo_4628934_poultry_fecal/content (2)/imgSegmentation/cocci/cocci.954.json,cocci.954.jpg,coccidiosis,0,test,1
../../Data/downloads/zenodo_4628934_poultry_fecal/content (2)/imgSegmentation/cocci/cocci.955.json,cocci.955.jpg,coccidiosis,0,train,1
../../Data/downloads/zenodo_4628934_poultry_fecal/content (2)/imgSegmentation/cocci/cocci.956.json,cocci.956.jpg,coccidiosis,0,train,1
../../Data/downloads/zenodo_4628934_poultry_fecal/content (2)/imgSegmentation/cocci/cocci.957.json,cocci.957.jpg,coccidiosis,0,val,1
../../Data/downloads/zenodo_4628934_poultry_fecal/content (2)/imgSegmentation/cocci/cocci.958.json,cocci.958.jpg,coccidiosis,0,val,1
../../Data/downloads/zenodo_4628934_poultry_fecal/content (2)/imgSegmentation/cocci/cocci.959.json,cocci.959.jpg,coccidiosis,0,train,1
../../Data/downloads/zenodo_4628934_poultry_fecal/content (2)/imgSegmentation/cocci/cocci.96.json,cocci.96.jpg,coccidiosis,0,train,1
../../Data/downloads/zenodo_4628934_poultry_fecal/content (2)/imgSegmentation/cocci/cocci.960.json,cocci.960.jpg,coccidiosis,0,train,1
../../Data/downloads/zenodo_4628934_poultry_fecal/content (2)/imgSegmentation/cocci/cocci.961.json,cocci.961.jpg,coccidiosis,0,train,1
../../Data/downloads/zenodo_4628934_poultry_fecal/content (2)/imgSegmentation/cocci/cocci.962.json,cocci.962.jpg,coccidiosis,0,train,1
../../Data/downloads/zenodo_4628934_poultry_fecal/content (2)/imgSegmentation/cocci/cocci.963.json,cocci.963.jpg,coccidiosis,0,train,1
../../Data/downloads/zenodo_4628934_poultry_fecal/content (2)/imgSegmentation/cocci/cocci.964.json,cocci.964.jpg,coccidiosis,0,val,1
../../Data/downloads/zenodo_4628934_poultry_fecal/content (2)/imgSegmentation/cocci/cocci.965.json,cocci.965.jpg,coccidiosis,0,test,1
../../Data/downloads/zenodo_4628934_poultry_fecal/content (2)/imgSegmentation/cocci/cocci.966.json,cocci.966.jpg,coccidiosis,0,train,1
../../Data/downloads/zenodo_4628934_poultry_fecal/content (2)/imgSegmentation/cocci/cocci.967.json,cocci.967.jpg,coccidiosis,0,test,1
../../Data/downloads/zenodo_4628934_poultry_fecal/content (2)/imgSegmentation/cocci/cocci.968.json,cocci.968.jpg,coccidiosis,0,train,1
../../Data/downloads/zenodo_4628934_poultry_fecal/content (2)/imgSegmentation/cocci/cocci.969.json,cocci.969.jpg,coccidiosis,0,train,1
../../Data/downloads/zenodo_4628934_poultry_fecal/content (2)/imgSegmentation/cocci/cocci.97.json,cocci.97.jpg,coccidiosis,0,test,1
../../Data/downloads/zenodo_4628934_poultry_fecal/content (2)/imgSegmentation/cocci/cocci.970.json,cocci.970.jpg,coccidiosis,0,train,1
../../Data/downloads/zenodo_4628934_poultry_fecal/content (2)/imgSegmentation/cocci/cocci.971.json,cocci.971.jpg,coccidiosis,0,train,1
../../Data/downloads/zenodo_4628934_poultry_fecal/content (2)/imgSegmentation/cocci/cocci.972.json,cocci.972.jpg,coccidiosis,0,train,1
../../Data/downloads/zenodo_4628934_poultry_fecal/content (2)/imgSegmentation/cocci/cocci.973.json,cocci.973.jpg,coccidiosis,0,train,1
../../Data/downloads/zenodo_4628934_poultry_fecal/content (2)/imgSegmentation/cocci/cocci.974.json,cocci.974.jpg,coccidiosis,0,train,1
../../Data/downloads/zenodo_4628934_poultry_fecal/content (2)/imgSegmentation/cocci/cocci.975.json,cocci.975.jpg,coccidiosis,0,train,1
../../Data/downloads/zenodo_4628934_poultry_fecal/content (2)/imgSegmentation/cocci/cocci.976.json,cocci.976.jpg,coccidiosis,0,val,1
../../Data/downloads/zenodo_4628934_poultry_fecal/content (2)/imgSegmentation/cocci/cocci.977.json,cocci.977.jpg,coccidiosis,0,val,1
../../Data/downloads/zenodo_4628934_poultry_fecal/content (2)/imgSegmentation/cocci/cocci.978.json,cocci.978.jpg,coccidiosis,0,train,1
../../Data/downloads/zenodo_4628934_poultry_fecal/content (2)/imgSegmentation/cocci/cocci.979.json,cocci.979.jpg,coccidiosis,0,train,1
../../Data/downloads/zenodo_4628934_poultry_fecal/content (2)/imgSegmentation/cocci/cocci.98.json,cocci.98.jpg,coccidiosis,0,train,1
../../Data/downloads/zenodo_4628934_poultry_fecal/content (2)/imgSegmentation/cocci/cocci.980.json,cocci.980.jpg,coccidiosis,0,train,1
../../Data/downloads/zenodo_4628934_poultry_fecal/content (2)/imgSegmentation/cocci/cocci.981.json,cocci.981.jpg,coccidiosis,0,train,1
../../Data/downloads/zenodo_4628934_poultry_fecal/content (2)/imgSegmentation/cocci/cocci.982.json,cocci.982.jpg,coccidiosis,0,train,1
../../Data/downloads/zenodo_4628934_poultry_fecal/content (2)/imgSegmentation/cocci/cocci.983.json,cocci.983.jpg,coccidiosis,0,train,1
../../Data/downloads/zenodo_4628934_poultry_fecal/content (2)/imgSegmentation/cocci/cocci.984.json,cocci.984.jpg,coccidiosis,0,train,1
../../Data/downloads/zenodo_4628934_poultry_fecal/content (2)/imgSegmentation/cocci/cocci.985.json,cocci.985.jpg,coccidiosis,0,train,1
../../Data/downloads/zenodo_4628934_poultry_fecal/content (2)/imgSegmentation/cocci/cocci.986.json,cocci.986.jpg,coccidiosis,0,train,1
../../Data/downloads/zenodo_4628934_poultry_fecal/content (2)/imgSegmentation/cocci/cocci.987.json,cocci.987.jpg,coccidiosis,0,test,1
../../Data/downloads/zenodo_4628934_poultry_fecal/content (2)/imgSegmentation/cocci/cocci.988.json,cocci.988.jpg,coccidiosis,0,train,1
../../Data/downloads/zenodo_4628934_poultry_fecal/content (2)/imgSegmentation/cocci/cocci.989.json,cocci.989.jpg,coccidiosis,0,val,1
../../Data/downloads/zenodo_4628934_poultry_fecal/content (2)/imgSegmentation/cocci/cocci.99.json,cocci.99.jpg,coccidiosis,0,test,1
../../Data/downloads/zenodo_4628934_poultry_fecal/content (2)/imgSegmentation/cocci/cocci.990.json,cocci.990.jpg,coccidiosis,0,train,1
../../Data/downloads/zenodo_4628934_poultry_fecal/content (2)/imgSegmentation/cocci/cocci.991.json,cocci.991.jpg,coccidiosis,0,train,1
../../Data/downloads/zenodo_4628934_poultry_fecal/content (2)/imgSegmentation/cocci/cocci.992.json,cocci.992.jpg,coccidiosis,0,train,1
../../Data/downloads/zenodo_4628934_poultry_fecal/content (2)/imgSegmentation/cocci/cocci.993.json,cocci.993.jpg,coccidiosis,0,val,1
../../Data/downloads/zenodo_4628934_poultry_fecal/content (2)/imgSegmentation/cocci/cocci.994.json,cocci.994.jpg,coccidiosis,0,train,1
../../Data/downloads/zenodo_4628934_poultry_fecal/content (2)/imgSegmentation/cocci/cocci.995.json,cocci.995.jpg,coccidiosis,0,test,1
../../Data/downloads/zenodo_4628934_poultry_fecal/content (2)/imgSegmentation/cocci/cocci.996.json,cocci.996.jpg,coccidiosis,0,train,1
../../Data/downloads/zenodo_4628934_poultry_fecal/content (2)/imgSegmentation/cocci/cocci.997.json,cocci.997.jpg,coccidiosis,0,train,1
../../Data/downloads/zenodo_4628934_poultry_fecal/content (2)/imgSegmentation/cocci/cocci.998.json,cocci.998.jpg,coccidiosis,0,test,1
../../Data/downloads/zenodo_4628934_poultry_fecal/content (2)/imgSegmentation/cocci/cocci.999.json,cocci.999.jpg,coccidiosis,0,train,1
../../Data/downloads/zenodo_4628934_poultry_fecal/content (2)/imgSegmentation/healthy/healthy.0.json,healthy.0.jpg,healthy,1,test,1
../../Data/downloads/zenodo_4628934_poultry_fecal/content (2)/imgSegmentation/healthy/healthy.1.json,healthy.1.jpg,healthy,1,train,1
../../Data/downloads/zenodo_4628934_poultry_fecal/content (2)/imgSegmentation/healthy/healthy.10.json,healthy.10.jpg,healthy,1,train,1
../../Data/downloads/zenodo_4628934_poultry_fecal/content (2)/imgSegmentation/healthy/healthy.100.json,healthy.100.jpg,healthy,1,train,1
../../Data/downloads/zenodo_4628934_poultry_fecal/content (2)/imgSegmentation/healthy/healthy.1000.json,healthy.1000.jpg,healthy,1,train,1
../../Data/downloads/zenodo_4628934_poultry_fecal/content (2)/imgSegmentation/healthy/healthy.1001.json,healthy.1001.jpg,healthy,1,train,1
../../Data/downloads/zenodo_4628934_poultry_fecal/content (2)/imgSegmentation/healthy/healthy.1002.json,healthy.1002.jpg,healthy,1,train,1
../../Data/downloads/zenodo_4628934_poultry_fecal/content (2)/imgSegmentation/healthy/healthy.1003.json,healthy.1003.jpg,healthy,1,train,1
../../Data/downloads/zenodo_4628934_poultry_fecal/content (2)/imgSegmentation/healthy/healthy.1004.json,healthy.1004.jpg,healthy,1,test,1
../../Data/downloads/zenodo_4628934_poultry_fecal/content (2)/imgSegmentation/healthy/healthy.1005.json,healthy.1005.jpg,healthy,1,train,1
../../Data/downloads/zenodo_4628934_poultry_fecal/content (2)/imgSegmentation/healthy/healthy.1006.json,healthy.1006.jpg,healthy,1,train,1
../../Data/downloads/zenodo_4628934_poultry_fecal/content (2)/imgSegmentation/healthy/healthy.1007.json,healthy.1007.jpg,healthy,1,test,1
../../Data/downloads/zenodo_4628934_poultry_fecal/content (2)/imgSegmentation/healthy/healthy.1008.json,healthy.1008.jpg,healthy,1,train,1
../../Data/downloads/zenodo_4628934_poultry_fecal/content (2)/imgSegmentation/healthy/healthy.1009.json,healthy.1009.jpg,healthy,1,val,1
../../Data/downloads/zenodo_4628934_poultry_fecal/content (2)/imgSegmentation/healthy/healthy.101.json,healthy.101.jpg,healthy,1,val,1
../../Data/downloads/zenodo_4628934_poultry_fecal/content (2)/imgSegmentation/healthy/healthy.1010.json,healthy.1010.jpg,healthy,1,train,1
../../Data/downloads/zenodo_4628934_poultry_fecal/content (2)/imgSegmentation/healthy/healthy.1011.json,healthy.1011.jpg,healthy,1,test,1
../../Data/downloads/zenodo_4628934_poultry_fecal/content (2)/imgSegmentation/healthy/healthy.1012.json,healthy.1012.jpg,healthy,1,test,1
../../Data/downloads/zenodo_4628934_poultry_fecal/content (2)/imgSegmentation/healthy/healthy.1013.json,healthy.1013.jpg,healthy,1,train,1
../../Data/downloads/zenodo_4628934_poultry_fecal/content (2)/imgSegmentation/healthy/healthy.1014.json,healthy.1014.jpg,healthy,1,train,1
../../Data/downloads/zenodo_4628934_poultry_fecal/content (2)/imgSegmentation/healthy/healthy.1015.json,healthy.1015.jpg,healthy,1,test,1
../../Data/downloads/zenodo_4628934_poultry_fecal/content (2)/imgSegmentation/healthy/healthy.1016.json,healthy.1016.jpg,healthy,1,train,1
../../Data/downloads/zenodo_4628934_poultry_fecal/content (2)/imgSegmentation/healthy/healthy.1017.json,healthy.1017.jpg,healthy,1,train,1
../../Data/downloads/zenodo_4628934_poultry_fecal/content (2)/imgSegmentation/healthy/healthy.1018.json,healthy.1018.jpg,healthy,1,val,1
../../Data/downloads/zenodo_4628934_poultry_fecal/content (2)/imgSegmentation/healthy/healthy.1019.json,healthy.1019.jpg,healthy,1,train,1
../../Data/downloads/zenodo_4628934_poultry_fecal/content (2)/imgSegmentation/healthy/healthy.102.json,healthy.102.jpg,healthy,1,train,1
../../Data/downloads/zenodo_4628934_poultry_fecal/content (2)/imgSegmentation/healthy/healthy.1020.json,healthy.1020.jpg,healthy,1,train,1
../../Data/downloads/zenodo_4628934_poultry_fecal/content (2)/imgSegmentation/healthy/healthy.1021.json,healthy.1021.jpg,healthy,1,train,1
../../Data/downloads/zenodo_4628934_poultry_fecal/content (2)/imgSegmentation/healthy/healthy.1022.json,healthy.1022.jpg,healthy,1,train,1
../../Data/downloads/zenodo_4628934_poultry_fecal/content (2)/imgSegmentation/healthy/healthy.1023.json,healthy.1023.jpg,healthy,1,train,1
../../Data/downloads/zenodo_4628934_poultry_fecal/content (2)/imgSegmentation/healthy/healthy.1024.json,healthy.1024.jpg,healthy,1,train,1
../../Data/downloads/zenodo_4628934_poultry_fecal/content (2)/imgSegmentation/healthy/healthy.1025.json,healthy.1025.jpg,healthy,1,test,1
../../Data/downloads/zenodo_4628934_poultry_fecal/content (2)/imgSegmentation/healthy/healthy.1026.json,healthy.1026.jpg,healthy,1,train,1
../../Data/downloads/zenodo_4628934_poultry_fecal/content (2)/imgSegmentation/healthy/healthy.1027.json,healthy.1027.jpg,healthy,1,train,1
../../Data/downloads/zenodo_4628934_poultry_fecal/content (2)/imgSegmentation/healthy/healthy.1028.json,healthy.1028.jpg,healthy,1,train,1
../../Data/downloads/zenodo_4628934_poultry_fecal/content (2)/imgSegmentation/healthy/healthy.1029.json,healthy.1029.jpg,healthy,1,train,1
../../Data/downloads/zenodo_4628934_poultry_fecal/content (2)/imgSegmentation/healthy/healthy.103.json,healthy.103.jpg,healthy,1,train,1
../../Data/downloads/zenodo_4628934_poultry_fecal/content (2)/imgSegmentation/healthy/healthy.1030.json,healthy.1030.jpg,healthy,1,val,1
../../Data/downloads/zenodo_4628934_poultry_fecal/content (2)/imgSegmentation/healthy/healthy.1031.json,healthy.1031.jpg,healthy,1,train,1
../../Data/downloads/zenodo_4628934_poultry_fecal/content (2)/imgSegmentation/healthy/healthy.1032.json,healthy.1032.jpg,healthy,1,test,1
../../Data/downloads/zenodo_4628934_poultry_fecal/content (2)/imgSegmentation/healthy/healthy.1033.json,healthy.1033.jpg,healthy,1,train,1
../../Data/downloads/zenodo_4628934_poultry_fecal/content (2)/imgSegmentation/healthy/healthy.1034.json,healthy.1034.jpg,healthy,1,train,1
../../Data/downloads/zenodo_4628934_poultry_fecal/content (2)/imgSegmentation/healthy/healthy.1035.json,healthy.1035.jpg,healthy,1,train,1
../../Data/downloads/zenodo_4628934_poultry_fecal/content (2)/imgSegmentation/healthy/healthy.1036.json,healthy.1036.jpg,healthy,1,train,1
../../Data/downloads/zenodo_4628934_poultry_fecal/content (2)/imgSegmentation/healthy/healthy.1037.json,healthy.1037.jpg,healthy,1,train,1
../../Data/downloads/zenodo_4628934_poultry_fecal/content (2)/imgSegmentation/healthy/healthy.1038.json,healthy.1038.jpg,healthy,1,train,1
../../Data/downloads/zenodo_4628934_poultry_fecal/content (2)/imgSegmentation/healthy/healthy.1039.json,healthy.1039.jpg,healthy,1,train,1
../../Data/downloads/zenodo_4628934_poultry_fecal/content (2)/imgSegmentation/healthy/healthy.104.json,healthy.104.jpg,healthy,1,test,1
../../Data/downloads/zenodo_4628934_poultry_fecal/content (2)/imgSegmentation/healthy/healthy.1040.json,healthy.1040.jpg,healthy,1,train,1
../../Data/downloads/zenodo_4628934_poultry_fecal/content (2)/imgSegmentation/healthy/healthy.1041.json,healthy.1041.jpg,healthy,1,train,1
../../Data/downloads/zenodo_4628934_poultry_fecal/content (2)/imgSegmentation/healthy/healthy.1042.json,healthy.1042.jpg,healthy,1,train,1
../../Data/downloads/zenodo_4628934_poultry_fecal/content (2)/imgSegmentation/healthy/healthy.1043.json,healthy.1043.jpg,healthy,1,train,1
../../Data/downloads/zenodo_4628934_poultry_fecal/content (2)/imgSegmentation/healthy/healthy.1044.json,healthy.1044.jpg,healthy,1,train,1
../../Data/downloads/zenodo_4628934_poultry_fecal/content (2)/imgSegmentation/healthy/healthy.1045.json,healthy.1045.jpg,healthy,1,train,1
../../Data/downloads/zenodo_4628934_poultry_fecal/content (2)/imgSegmentation/healthy/healthy.1046.json,healthy.1046.jpg,healthy,1,train,1
../../Data/downloads/zenodo_4628934_poultry_fecal/content (2)/imgSegmentation/healthy/healthy.1047.json,healthy.1047.jpg,healthy,1,train,1
../../Data/downloads/zenodo_4628934_poultry_fecal/content (2)/imgSegmentation/healthy/healthy.1048.json,healthy.1048.jpg,healthy,1,val,1
../../Data/downloads/zenodo_4628934_poultry_fecal/content (2)/imgSegmentation/healthy/healthy.1049.json,healthy.1049.jpg,healthy,1,train,1
../../Data/downloads/zenodo_4628934_poultry_fecal/content (2)/imgSegmentation/healthy/healthy.105.json,healthy.105.jpg,healthy,1,test,1
../../Data/downloads/zenodo_4628934_poultry_fecal/content (2)/imgSegmentation/healthy/healthy.1050.json,healthy.1050.jpg,healthy,1,train,1
../../Data/downloads/zenodo_4628934_poultry_fecal/content (2)/imgSegmentation/healthy/healthy.1051.json,healthy.1051.jpg,healthy,1,train,1
../../Data/downloads/zenodo_4628934_poultry_fecal/content (2)/imgSegmentation/healthy/healthy.1052.json,healthy.1052.jpg,healthy,1,train,1
../../Data/downloads/zenodo_4628934_poultry_fecal/content (2)/imgSegmentation/healthy/healthy.1053.json,healthy.1053.jpg,healthy,1,val,1
../../Data/downloads/zenodo_4628934_poultry_fecal/content (2)/imgSegmentation/healthy/healthy.1054.json,healthy.1054.jpg,healthy,1,test,1
../../Data/downloads/zenodo_4628934_poultry_fecal/content (2)/imgSegmentation/healthy/healthy.1055.json,healthy.1055.jpg,healthy,1,train,1
../../Data/downloads/zenodo_4628934_poultry_fecal/content (2)/imgSegmentation/healthy/healthy.1056.json,healthy.1056.jpg,healthy,1,test,1
../../Data/downloads/zenodo_4628934_poultry_fecal/content (2)/imgSegmentation/healthy/healthy.1057.json,healthy.1057.jpg,healthy,1,train,1
../../Data/downloads/zenodo_4628934_poultry_fecal/content (2)/imgSegmentation/healthy/healthy.1058.json,healthy.1058.jpg,healthy,1,train,1
../../Data/downloads/zenodo_4628934_poultry_fecal/content (2)/imgSegmentation/healthy/healthy.1059.json,healthy.1059.jpg,healthy,1,train,1
../../Data/downloads/zenodo_4628934_poultry_fecal/content (2)/imgSegmentation/healthy/healthy.106.json,healthy.106.jpg,healthy,1,train,1
../../Data/downloads/zenodo_4628934_poultry_fecal/content (2)/imgSegmentation/healthy/healthy.1060.json,healthy.1060.jpg,healthy,1,val,1
../../Data/downloads/zenodo_4628934_poultry_fecal/content (2)/imgSegmentation/healthy/healthy.1061.json,healthy.1061.jpg,healthy,1,val,1
../../Data/downloads/zenodo_4628934_poultry_fecal/content (2)/imgSegmentation/healthy/healthy.1062.json,healthy.1062.jpg,healthy,1,train,1
../../Data/downloads/zenodo_4628934_poultry_fecal/content (2)/imgSegmentation/healthy/healthy.1063.json,healthy.1063.jpg,healthy,1,train,1
../../Data/downloads/zenodo_4628934_poultry_fecal/content (2)/imgSegmentation/healthy/healthy.1064.json,healthy.1064.jpg,healthy,1,train,1
../../Data/downloads/zenodo_4628934_poultry_fecal/content (2)/imgSegmentation/healthy/healthy.1065.json,healthy.1065.jpg,healthy,1,train,1
../../Data/downloads/zenodo_4628934_poultry_fecal/content (2)/imgSegmentation/healthy/healthy.1066.json,healthy.1066.jpg,healthy,1,val,1
../../Data/downloads/zenodo_4628934_poultry_fecal/content (2)/imgSegmentation/healthy/healthy.1067.json,healthy.1067.jpg,healthy,1,train,1
../../Data/downloads/zenodo_4628934_poultry_fecal/content (2)/imgSegmentation/healthy/healthy.1068.json,healthy.1068.jpg,healthy,1,train,1
../../Data/downloads/zenodo_4628934_poultry_fecal/content (2)/imgSegmentation/healthy/healthy.1069.json,healthy.1069.jpg,healthy,1,train,1
../../Data/downloads/zenodo_4628934_poultry_fecal/content (2)/imgSegmentation/healthy/healthy.107.json,healthy.107.jpg,healthy,1,test,1
../../Data/downloads/zenodo_4628934_poultry_fecal/content (2)/imgSegmentation/healthy/healthy.1070.json,healthy.1070.jpg,healthy,1,val,1
../../Data/downloads/zenodo_4628934_poultry_fecal/content (2)/imgSegmentation/healthy/healthy.1071.json,healthy.1071.jpg,healthy,1,train,1
../../Data/downloads/zenodo_4628934_poultry_fecal/content (2)/imgSegmentation/healthy/healthy.1072.json,healthy.1072.jpg,healthy,1,train,1
../../Data/downloads/zenodo_4628934_poultry_fecal/content (2)/imgSegmentation/healthy/healthy.1073.json,healthy.1073.jpg,healthy,1,val,1
../../Data/downloads/zenodo_4628934_poultry_fecal/content (2)/imgSegmentation/healthy/healthy.1074.json,healthy.1074.jpg,healthy,1,train,1
../../Data/downloads/zenodo_4628934_poultry_fecal/content (2)/imgSegmentation/healthy/healthy.1075.json,healthy.1075.jpg,healthy,1,val,1
../../Data/downloads/zenodo_4628934_poultry_fecal/content (2)/imgSegmentation/healthy/healthy.1076.json,healthy.1076.jpg,healthy,1,train,1
../../Data/downloads/zenodo_4628934_poultry_fecal/content (2)/imgSegmentation/healthy/healthy.1077.json,healthy.1077.jpg,healthy,1,test,1
../../Data/downloads/zenodo_4628934_poultry_fecal/content (2)/imgSegmentation/healthy/healthy.1078.json,healthy.1078.jpg,healthy,1,train,1
../../Data/downloads/zenodo_4628934_poultry_fecal/content (2)/imgSegmentation/healthy/healthy.1079.json,healthy.1079.jpg,healthy,1,test,1
../../Data/downloads/zenodo_4628934_poultry_fecal/content (2)/imgSegmentation/healthy/healthy.108.json,healthy.108.jpg,healthy,1,train,1
../../Data/downloads/zenodo_4628934_poultry_fecal/content (2)/imgSegmentation/healthy/healthy.1080.json,healthy.1080.jpg,healthy,1,train,1
../../Data/downloads/zenodo_4628934_poultry_fecal/content (2)/imgSegmentation/healthy/healthy.1081.json,healthy.1081.jpg,healthy,1,train,1
../../Data/downloads/zenodo_4628934_poultry_fecal/content (2)/imgSegmentation/healthy/healthy.1082.json,healthy.1082.jpg,healthy,1,train,1
../../Data/downloads/zenodo_4628934_poultry_fecal/content (2)/imgSegmentation/healthy/healthy.1083.json,healthy.1083.jpg,healthy,1,test,1
../../Data/downloads/zenodo_4628934_poultry_fecal/content (2)/imgSegmentation/healthy/healthy.1084.json,healthy.1084.jpg,healthy,1,test,1
../../Data/downloads/zenodo_4628934_poultry_fecal/content (2)/imgSegmentation/healthy/healthy.1085.json,healthy.1085.jpg,healthy,1,train,1
../../Data/downloads/zenodo_4628934_poultry_fecal/content (2)/imgSegmentation/healthy/healthy.1086.json,healthy.1086.jpg,healthy,1,test,1
../../Data/downloads/zenodo_4628934_poultry_fecal/content (2)/imgSegmentation/healthy/healthy.1087.json,healthy.1087.jpg,healthy,1,test,1
../../Data/downloads/zenodo_4628934_poultry_fecal/content (2)/imgSegmentation/healthy/healthy.1088.json,healthy.1088.jpg,healthy,1,val,1
../../Data/downloads/zenodo_4628934_poultry_fecal/content (2)/imgSegmentation/healthy/healthy.1089.json,healthy.1089.jpg,healthy,1,train,1
../../Data/downloads/zenodo_4628934_poultry_fecal/content (2)/imgSegmentation/healthy/healthy.109.json,healthy.109.jpg,healthy,1,test,1
../../Data/downloads/zenodo_4628934_poultry_fecal/content (2)/imgSegmentation/healthy/healthy.1090.json,healthy.1090.jpg,healthy,1,train,1
../../Data/downloads/zenodo_4628934_poultry_fecal/content (2)/imgSegmentation/healthy/healthy.1091.json,healthy.1091.jpg,healthy,1,train,1
../../Data/downloads/zenodo_4628934_poultry_fecal/content (2)/imgSegmentation/healthy/healthy.1092.json,healthy.1092.jpg,healthy,1,train,1
../../Data/downloads/zenodo_4628934_poultry_fecal/content (2)/imgSegmentation/healthy/healthy.1093.json,healthy.1093.jpg,healthy,1,val,1
../../Data/downloads/zenodo_4628934_poultry_fecal/content (2)/imgSegmentation/healthy/healthy.1094.json,healthy.1094.jpg,healthy,1,val,1
../../Data/downloads/zenodo_4628934_poultry_fecal/content (2)/imgSegmentation/healthy/healthy.1095.json,healthy.1095.jpg,healthy,1,val,1
../../Data/downloads/zenodo_4628934_poultry_fecal/content (2)/imgSegmentation/healthy/healthy.1096.json,healthy.1096.jpg,healthy,1,train,1
../../Data/downloads/zenodo_4628934_poultry_fecal/content (2)/imgSegmentation/healthy/healthy.1097.json,healthy.1097.jpg,healthy,1,train,1
../../Data/downloads/zenodo_4628934_poultry_fecal/content (2)/imgSegmentation/healthy/healthy.1098.json,healthy.1098.jpg,healthy,1,train,1
../../Data/downloads/zenodo_4628934_poultry_fecal/content (2)/imgSegmentation/healthy/healthy.1099.json,healthy.1099.jpg,healthy,1,val,1
../../Data/downloads/zenodo_4628934_poultry_fecal/content (2)/imgSegmentation/healthy/healthy.11.json,health.11.jpg,healthy,1,train,0
../../Data/downloads/zenodo_4628934_poultry_fecal/content (2)/imgSegmentation/healthy/healthy.110.json,healthy.110.jpg,healthy,1,train,1
../../Data/downloads/zenodo_4628934_poultry_fecal/content (2)/imgSegmentation/healthy/healthy.1100.json,healthy.1100.jpg,healthy,1,train,1
../../Data/downloads/zenodo_4628934_poultry_fecal/content (2)/imgSegmentation/healthy/healthy.1101.json,healthy.1101.jpg,healthy,1,train,1
../../Data/downloads/zenodo_4628934_poultry_fecal/content (2)/imgSegmentation/healthy/healthy.1102.json,healthy.1102.jpg,healthy,1,val,1
../../Data/downloads/zenodo_4628934_poultry_fecal/content (2)/imgSegmentation/healthy/healthy.1103.json,healthy.1103.jpg,healthy,1,val,1
../../Data/downloads/zenodo_4628934_poultry_fecal/content (2)/imgSegmentation/healthy/healthy.1104.json,healthy.1104.jpg,healthy,1,train,1
../../Data/downloads/zenodo_4628934_poultry_fecal/content (2)/imgSegmentation/healthy/healthy.1105.json,healthy.1105.jpg,healthy,1,train,1
../../Data/downloads/zenodo_4628934_poultry_fecal/content (2)/imgSegmentation/healthy/healthy.1106.json,healthy.1106.jpg,healthy,1,train,1
../../Data/downloads/zenodo_4628934_poultry_fecal/content (2)/imgSegmentation/healthy/healthy.1107.json,healthy.1107.jpg,healthy,1,val,1
../../Data/downloads/zenodo_4628934_poultry_fecal/content (2)/imgSegmentation/healthy/healthy.1108.json,healthy.1108.jpg,healthy,1,train,1
../../Data/downloads/zenodo_4628934_poultry_fecal/content (2)/imgSegmentation/healthy/healthy.1109.json,healthy.1109.jpg,healthy,1,train,1
../../Data/downloads/zenodo_4628934_poultry_fecal/content (2)/imgSegmentation/healthy/healthy.111.json,healthy.111.jpg,healthy,1,train,1
../../Data/downloads/zenodo_4628934_poultry_fecal/content (2)/imgSegmentation/healthy/healthy.1110.json,healthy.1110.jpg,healthy,1,train,1
../../Data/downloads/zenodo_4628934_poultry_fecal/content (2)/imgSegmentation/healthy/healthy.1111.json,healthy.1111.jpg,healthy,1,val,1
../../Data/downloads/zenodo_4628934_poultry_fecal/content (2)/imgSegmentation/healthy/healthy.1112.json,healthy.1112.jpg,healthy,1,train,1
../../Data/downloads/zenodo_4628934_poultry_fecal/content (2)/imgSegmentation/healthy/healthy.1113.json,healthy.1113.jpg,healthy,1,test,1
../../Data/downloads/zenodo_4628934_poultry_fecal/content (2)/imgSegmentation/healthy/healthy.1114.json,healthy.1114.jpg,healthy,1,test,1
../../Data/downloads/zenodo_4628934_poultry_fecal/content (2)/imgSegmentation/healthy/healthy.1115.json,healthy.1115.jpg,healthy,1,train,1
../../Data/downloads/zenodo_4628934_poultry_fecal/content (2)/imgSegmentation/healthy/healthy.1116.json,healthy.1116.jpg,healthy,1,train,1
../../Data/downloads/zenodo_4628934_poultry_fecal/content (2)/imgSegmentation/healthy/healthy.1117.json,healthy.1117.jpg,healthy,1,train,1
../../Data/downloads/zenodo_4628934_poultry_fecal/content (2)/imgSegmentation/healthy/healthy.1118.json,healthy.1118.jpg,healthy,1,test,1
../../Data/downloads/zenodo_4628934_poultry_fecal/content (2)/imgSegmentation/healthy/healthy.1119.json,healthy.1119.jpg,healthy,1,train,1
../../Data/downloads/zenodo_4628934_poultry_fecal/content (2)/imgSegmentation/healthy/healthy.112.json,healthy.112.jpg,healthy,1,train,1
../../Data/downloads/zenodo_4628934_poultry_fecal/content (2)/imgSegmentation/healthy/healthy.1120.json,healthy.1120.jpg,healthy,1,train,1
../../Data/downloads/zenodo_4628934_poultry_fecal/content (2)/imgSegmentation/healthy/healthy.1121.json,healthy.1121.jpg,healthy,1,train,1
../../Data/downloads/zenodo_4628934_poultry_fecal/content (2)/imgSegmentation/healthy/healthy.1122.json,healthy.1122.jpg,healthy,1,train,1
../../Data/downloads/zenodo_4628934_poultry_fecal/content (2)/imgSegmentation/healthy/healthy.1123.json,healthy.1123.jpg,healthy,1,train,1
../../Data/downloads/zenodo_4628934_poultry_fecal/content (2)/imgSegmentation/healthy/healthy.1124.json,healthy.1124.jpg,healthy,1,train,1
../../Data/downloads/zenodo_4628934_poultry_fecal/content (2)/imgSegmentation/healthy/healthy.1125.json,healthy.1125.jpg,healthy,1,train,1
../../Data/downloads/zenodo_4628934_poultry_fecal/content (2)/imgSegmentation/healthy/healthy.1126.json,healthy.1126.jpg,healthy,1,test,1
../../Data/downloads/zenodo_4628934_poultry_fecal/content (2)/imgSegmentation/healthy/healthy.1127.json,healthy.1127.jpg,healthy,1,train,1
../../Data/downloads/zenodo_4628934_poultry_fecal/content (2)/imgSegmentation/healthy/healthy.1128.json,healthy.1128.jpg,healthy,1,train,1
../../Data/downloads/zenodo_4628934_poultry_fecal/content (2)/imgSegmentation/healthy/healthy.1129.json,healthy.1129.jpg,healthy,1,train,1
../../Data/downloads/zenodo_4628934_poultry_fecal/content (2)/imgSegmentation/healthy/healthy.113.json,healthy.113.jpg,healthy,1,train,1
../../Data/downloads/zenodo_4628934_poultry_fecal/content (2)/imgSegmentation/healthy/healthy.1130.json,healthy.1130.jpg,healthy,1,train,1
../../Data/downloads/zenodo_4628934_poultry_fecal/content (2)/imgSegmentation/healthy/healthy.1131.json,healthy.1131.jpg,healthy,1,train,1
../../Data/downloads/zenodo_4628934_poultry_fecal/content (2)/imgSegmentation/healthy/healthy.1132.json,healthy.1132.jpg,healthy,1,val,1
../../Data/downloads/zenodo_4628934_poultry_fecal/content (2)/imgSegmentation/healthy/healthy.1133.json,healthy.1133.jpg,healthy,1,train,1
../../Data/downloads/zenodo_4628934_poultry_fecal/content (2)/imgSegmentation/healthy/healthy.1134.json,healthy.1134.jpg,healthy,1,train,1
../../Data/downloads/zenodo_4628934_poultry_fecal/content (2)/imgSegmentation/healthy/healthy.1135.json,healthy.1135.jpg,healthy,1,train,1
../../Data/downloads/zenodo_4628934_poultry_fecal/content (2)/imgSegmentation/healthy/healthy.1136.json,healthy.1136.jpg,healthy,1,train,1
../../Data/downloads/zenodo_4628934_poultry_fecal/content (2)/imgSegmentation/healthy/healthy.1137.json,healthy.1137.jpg,healthy,1,train,1
../../Data/downloads/zenodo_4628934_poultry_fecal/content (2)/imgSegmentation/healthy/healthy.1138.json,healthy.1138.jpg,healthy,1,test,1
../../Data/downloads/zenodo_4628934_poultry_fecal/content (2)/imgSegmentation/healthy/healthy.1139.json,healthy.1139.jpg,healthy,1,train,1
../../Data/downloads/zenodo_4628934_poultry_fecal/content (2)/imgSegmentation/healthy/healthy.114.json,healthy.114.jpg,healthy,1,test,1
../../Data/downloads/zenodo_4628934_poultry_fecal/content (2)/imgSegmentation/healthy/healthy.1140.json,healthy.1140.jpg,healthy,1,train,1
../../Data/downloads/zenodo_4628934_poultry_fecal/content (2)/imgSegmentation/healthy/healthy.1141.json,healthy.1141.jpg,healthy,1,train,1
../../Data/downloads/zenodo_4628934_poultry_fecal/content (2)/imgSegmentation/healthy/healthy.1142.json,healthy.1142.jpg,healthy,1,test,1
../../Data/downloads/zenodo_4628934_poultry_fecal/content (2)/imgSegmentation/healthy/healthy.1143.json,healthy.1143.jpg,healthy,1,val,1
../../Data/downloads/zenodo_4628934_poultry_fecal/content (2)/imgSegmentation/healthy/healthy.1144.json,healthy.1144.jpg,healthy,1,train,1
../../Data/downloads/zenodo_4628934_poultry_fecal/content (2)/imgSegmentation/healthy/healthy.1145.json,healthy.1145.jpg,healthy,1,train,1
../../Data/downloads/zenodo_4628934_poultry_fecal/content (2)/imgSegmentation/healthy/healthy.1146.json,healthy.1146.jpg,healthy,1,train,1
../../Data/downloads/zenodo_4628934_poultry_fecal/content (2)/imgSegmentation/healthy/healthy.1147.json,healthy.1147.jpg,healthy,1,train,1
../../Data/downloads/zenodo_4628934_poultry_fecal/content (2)/imgSegmentation/healthy/healthy.1148.json,healthy.1148.jpg,healthy,1,train,1
../../Data/downloads/zenodo_4628934_poultry_fecal/content (2)/imgSegmentation/healthy/healthy.1149.json,healthy.1149.jpg,healthy,1,train,1
../../Data/downloads/zenodo_4628934_poultry_fecal/content (2)/imgSegmentation/healthy/healthy.115.json,healthy.115.jpg,healthy,1,test,1
../../Data/downloads/zenodo_4628934_poultry_fecal/content (2)/imgSegmentation/healthy/healthy.1150.json,healthy.1150.jpg,healthy,1,train,1
../../Data/downloads/zenodo_4628934_poultry_fecal/content (2)/imgSegmentation/healthy/healthy.1151.json,healthy.1151.jpg,healthy,1,train,1
../../Data/downloads/zenodo_4628934_poultry_fecal/content (2)/imgSegmentation/healthy/healthy.1152.json,healthy.1152.jpg,healthy,1,train,1
../../Data/downloads/zenodo_4628934_poultry_fecal/content (2)/imgSegmentation/healthy/healthy.1153.json,healthy.1153.jpg,healthy,1,train,1
../../Data/downloads/zenodo_4628934_poultry_fecal/content (2)/imgSegmentation/healthy/healthy.1154.json,healthy.1154.jpg,healthy,1,test,1
../../Data/downloads/zenodo_4628934_poultry_fecal/content (2)/imgSegmentation/healthy/healthy.1155.json,healthy.1155.jpg,healthy,1,train,1
../../Data/downloads/zenodo_4628934_poultry_fecal/content (2)/imgSegmentation/healthy/healthy.1156.json,healthy.1156.jpg,healthy,1,val,1
../../Data/downloads/zenodo_4628934_poultry_fecal/content (2)/imgSegmentation/healthy/healthy.1157.json,healthy.1157.jpg,healthy,1,train,1
../../Data/downloads/zenodo_4628934_poultry_fecal/content (2)/imgSegmentation/healthy/healthy.1158.json,healthy.1158.jpg,healthy,1,train,1
../../Data/downloads/zenodo_4628934_poultry_fecal/content (2)/imgSegmentation/healthy/healthy.1159.json,healthy.1159.jpg,healthy,1,train,1
../../Data/downloads/zenodo_4628934_poultry_fecal/content (2)/imgSegmentation/healthy/healthy.116.json,healthy.116.jpg,healthy,1,train,1
../../Data/downloads/zenodo_4628934_poultry_fecal/content (2)/imgSegmentation/healthy/healthy.1160.json,healthy.1160.jpg,healthy,1,test,1
../../Data/downloads/zenodo_4628934_poultry_fecal/content (2)/imgSegmentation/healthy/healthy.1161.json,healthy.1161.jpg,healthy,1,train,1
../../Data/downloads/zenodo_4628934_poultry_fecal/content (2)/imgSegmentation/healthy/healthy.1162.json,healthy.1162.jpg,healthy,1,train,1
../../Data/downloads/zenodo_4628934_poultry_fecal/content (2)/imgSegmentation/healthy/healthy.1163.json,healthy.1163.jpg,healthy,1,train,1
../../Data/downloads/zenodo_4628934_poultry_fecal/content (2)/imgSegmentation/healthy/healthy.1164.json,healthy.1164.jpg,healthy,1,val,1
../../Data/downloads/zenodo_4628934_poultry_fecal/content (2)/imgSegmentation/healthy/healthy.1165.json,healthy.1165.jpg,healthy,1,train,1
../../Data/downloads/zenodo_4628934_poultry_fecal/content (2)/imgSegmentation/healthy/healthy.1166.json,healthy.1166.jpg,healthy,1,train,1
../../Data/downloads/zenodo_4628934_poultry_fecal/content (2)/imgSegmentation/healthy/healthy.1167.json,healthy.1167.jpg,healthy,1,train,1
../../Data/downloads/zenodo_4628934_poultry_fecal/content (2)/imgSegmentation/healthy/healthy.1168.json,healthy.1168.jpg,healthy,1,test,1
../../Data/downloads/zenodo_4628934_poultry_fecal/content (2)/imgSegmentation/healthy/healthy.1169.json,healthy.1169.jpg,healthy,1,train,1
../../Data/downloads/zenodo_4628934_poultry_fecal/content (2)/imgSegmentation/healthy/healthy.117.json,healthy.117.jpg,healthy,1,train,1
../../Data/downloads/zenodo_4628934_poultry_fecal/content (2)/imgSegmentation/healthy/healthy.1170.json,healthy.1170.jpg,healthy,1,train,1
../../Data/downloads/zenodo_4628934_poultry_fecal/content (2)/imgSegmentation/healthy/healthy.1171.json,healthy.1171.jpg,healthy,1,train,1
../../Data/downloads/zenodo_4628934_poultry_fecal/content (2)/imgSegmentation/healthy/healthy.1172.json,healthy.1172.jpg,healthy,1,train,1
../../Data/downloads/zenodo_4628934_poultry_fecal/content (2)/imgSegmentation/healthy/healthy.1173.json,healthy.1173.jpg,healthy,1,test,1
../../Data/downloads/zenodo_4628934_poultry_fecal/content (2)/imgSegmentation/healthy/healthy.1174.json,healthy.1174.jpg,healthy,1,train,1
../../Data/downloads/zenodo_4628934_poultry_fecal/content (2)/imgSegmentation/healthy/healthy.1175.json,healthy.1175.jpg,healthy,1,train,1
../../Data/downloads/zenodo_4628934_poultry_fecal/content (2)/imgSegmentation/healthy/healthy.1176.json,healthy.1176.jpg,healthy,1,val,1
../../Data/downloads/zenodo_4628934_poultry_fecal/content (2)/imgSegmentation/healthy/healthy.1177.json,healthy.1177.jpg,healthy,1,train,1
../../Data/downloads/zenodo_4628934_poultry_fecal/content (2)/imgSegmentation/healthy/healthy.1178.json,healthy.1178.jpg,healthy,1,val,1
../../Data/downloads/zenodo_4628934_poultry_fecal/content (2)/imgSegmentation/healthy/healthy.1179.json,healthy.1179.jpg,healthy,1,test,1
../../Data/downloads/zenodo_4628934_poultry_fecal/content (2)/imgSegmentation/healthy/healthy.118.json,healthy.118.jpg,healthy,1,train,1
../../Data/downloads/zenodo_4628934_poultry_fecal/content (2)/imgSegmentation/healthy/healthy.1180.json,healthy.1180.jpg,healthy,1,train,1
../../Data/downloads/zenodo_4628934_poultry_fecal/content (2)/imgSegmentation/healthy/healthy.1181.json,healthy.1181.jpg,healthy,1,train,1
../../Data/downloads/zenodo_4628934_poultry_fecal/content (2)/imgSegmentation/healthy/healthy.1182.json,healthy.1182.jpg,healthy,1,train,1
../../Data/downloads/zenodo_4628934_poultry_fecal/content (2)/imgSegmentation/healthy/healthy.1183.json,healthy.1183.jpg,healthy,1,val,1
../../Data/downloads/zenodo_4628934_poultry_fecal/content (2)/imgSegmentation/healthy/healthy.1184.json,healthy.1184.jpg,healthy,1,train,1
../../Data/downloads/zenodo_4628934_poultry_fecal/content (2)/imgSegmentation/healthy/healthy.1185.json,healthy.1185.jpg,healthy,1,val,1
../../Data/downloads/zenodo_4628934_poultry_fecal/content (2)/imgSegmentation/healthy/healthy.1186.json,healthy.1186.jpg,healthy,1,train,1
../../Data/downloads/zenodo_4628934_poultry_fecal/content (2)/imgSegmentation/healthy/healthy.1187.json,healthy.1187.jpg,healthy,1,val,1
../../Data/downloads/zenodo_4628934_poultry_fecal/content (2)/imgSegmentation/healthy/healthy.1188.json,healthy.1188.jpg,healthy,1,val,1
../../Data/downloads/zenodo_4628934_poultry_fecal/content (2)/imgSegmentation/healthy/healthy.1189.json,healthy.1189.jpg,healthy,1,train,1
../../Data/downloads/zenodo_4628934_poultry_fecal/content (2)/imgSegmentation/healthy/healthy.119.json,healthy.119.jpg,healthy,1,train,1
../../Data/downloads/zenodo_4628934_poultry_fecal/content (2)/imgSegmentation/healthy/healthy.1190.json,healthy.1190.jpg,healthy,1,train,1
../../Data/downloads/zenodo_4628934_poultry_fecal/content (2)/imgSegmentation/healthy/healthy.1191.json,healthy.1191.jpg,healthy,1,train,1
../../Data/downloads/zenodo_4628934_poultry_fecal/content (2)/imgSegmentation/healthy/healthy.1192.json,healthy.1192.jpg,healthy,1,train,1
../../Data/downloads/zenodo_4628934_poultry_fecal/content (2)/imgSegmentation/healthy/healthy.1193.json,healthy.1193.jpg,healthy,1,train,1
../../Data/downloads/zenodo_4628934_poultry_fecal/content (2)/imgSegmentation/healthy/healthy.1194.json,healthy.1194.jpg,healthy,1,train,1
../../Data/downloads/zenodo_4628934_poultry_fecal/content (2)/imgSegmentation/healthy/healthy.1195.json,healthy.1195.jpg,healthy,1,train,1
../../Data/downloads/zenodo_4628934_poultry_fecal/content (2)/imgSegmentation/healthy/healthy.1196.json,healthy.1196.jpg,healthy,1,train,1
../../Data/downloads/zenodo_4628934_poultry_fecal/content (2)/imgSegmentation/healthy/healthy.1197.json,healthy.1197.jpg,healthy,1,train,1
../../Data/downloads/zenodo_4628934_poultry_fecal/content (2)/imgSegmentation/healthy/healthy.1198.json,healthy.1198.jpg,healthy,1,train,1
../../Data/downloads/zenodo_4628934_poultry_fecal/content (2)/imgSegmentation/healthy/healthy.1199.json,healthy.1199.jpg,healthy,1,test,1
../../Data/downloads/zenodo_4628934_poultry_fecal/content (2)/imgSegmentation/healthy/healthy.12.json,healthy.12.jpg,healthy,1,train,1
../../Data/downloads/zenodo_4628934_poultry_fecal/content (2)/imgSegmentation/healthy/healthy.120.json,healthy.120.jpg,healthy,1,train,1
../../Data/downloads/zenodo_4628934_poultry_fecal/content (2)/imgSegmentation/healthy/healthy.1200.json,healthy.1200.jpg,healthy,1,train,1
../../Data/downloads/zenodo_4628934_poultry_fecal/content (2)/imgSegmentation/healthy/healthy.1201.json,healthy.1201.jpg,healthy,1,train,1
../../Data/downloads/zenodo_4628934_poultry_fecal/content (2)/imgSegmentation/healthy/healthy.1202.json,healthy.1202.jpg,healthy,1,train,1
../../Data/downloads/zenodo_4628934_poultry_fecal/content (2)/imgSegmentation/healthy/healthy.1203.json,healthy.1203.jpg,healthy,1,train,1
../../Data/downloads/zenodo_4628934_poultry_fecal/content (2)/imgSegmentation/healthy/healthy.1204.json,healthy.1204.jpg,healthy,1,train,1
../../Data/downloads/zenodo_4628934_poultry_fecal/content (2)/imgSegmentation/healthy/healthy.1205.json,healthy.1205.jpg,healthy,1,train,1
../../Data/downloads/zenodo_4628934_poultry_fecal/content (2)/imgSegmentation/healthy/healthy.1206.json,healthy.1206.jpg,healthy,1,train,1
../../Data/downloads/zenodo_4628934_poultry_fecal/content (2)/imgSegmentation/healthy/healthy.1207.json,healthy.1207.jpg,healthy,1,test,1
../../Data/downloads/zenodo_4628934_poultry_fecal/content (2)/imgSegmentation/healthy/healthy.1208.json,healthy.1208.jpg,healthy,1,val,1
../../Data/downloads/zenodo_4628934_poultry_fecal/content (2)/imgSegmentation/healthy/healthy.1209.json,healthy.1209.jpg,healthy,1,val,1
../../Data/downloads/zenodo_4628934_poultry_fecal/content (2)/imgSegmentation/healthy/healthy.121.json,healthy.121.jpg,healthy,1,train,1
../../Data/downloads/zenodo_4628934_poultry_fecal/content (2)/imgSegmentation/healthy/healthy.1210.json,healthy.1210.jpg,healthy,1,train,1
../../Data/downloads/zenodo_4628934_poultry_fecal/content (2)/imgSegmentation/healthy/healthy.1211.json,healthy.1211.jpg,healthy,1,train,1
../../Data/downloads/zenodo_4628934_poultry_fecal/content (2)/imgSegmentation/healthy/healthy.1212.json,healthy.1212.jpg,healthy,1,train,1
../../Data/downloads/zenodo_4628934_poultry_fecal/content (2)/imgSegmentation/healthy/healthy.1213.json,healthy.1213.jpg,healthy,1,test,1
../../Data/downloads/zenodo_4628934_poultry_fecal/content (2)/imgSegmentation/healthy/healthy.1214.json,healthy.1214.jpg,healthy,1,train,1
../../Data/downloads/zenodo_4628934_poultry_fecal/content (2)/imgSegmentation/healthy/healthy.1215.json,healthy.1215.jpg,healthy,1,train,1
../../Data/downloads/zenodo_4628934_poultry_fecal/content (2)/imgSegmentation/healthy/healthy.1216.json,healthy.1216.jpg,healthy,1,train,1
../../Data/downloads/zenodo_4628934_poultry_fecal/content (2)/imgSegmentation/healthy/healthy.1217.json,healthy.1217.jpg,healthy,1,train,1
../../Data/downloads/zenodo_4628934_poultry_fecal/content (2)/imgSegmentation/healthy/healthy.1218.json,healthy.1218.jpg,healthy,1,test,1
../../Data/downloads/zenodo_4628934_poultry_fecal/content (2)/imgSegmentation/healthy/healthy.1219.json,healthy.1219.jpg,healthy,1,test,1
../../Data/downloads/zenodo_4628934_poultry_fecal/content (2)/imgSegmentation/healthy/healthy.122.json,healthy.122.jpg,healthy,1,train,1
../../Data/downloads/zenodo_4628934_poultry_fecal/content (2)/imgSegmentation/healthy/healthy.1220.json,healthy.1220.jpg,healthy,1,val,1
../../Data/downloads/zenodo_4628934_poultry_fecal/content (2)/imgSegmentation/healthy/healthy.1221.json,healthy.1221.jpg,healthy,1,train,1
../../Data/downloads/zenodo_4628934_poultry_fecal/content (2)/imgSegmentation/healthy/healthy.1222.json,healthy.1222.jpg,healthy,1,train,1
../../Data/downloads/zenodo_4628934_poultry_fecal/content (2)/imgSegmentation/healthy/healthy.1223.json,healthy.1223.jpg,healthy,1,train,1
../../Data/downloads/zenodo_4628934_poultry_fecal/content (2)/imgSegmentation/healthy/healthy.1224.json,healthy.1224.jpg,healthy,1,val,1
../../Data/downloads/zenodo_4628934_poultry_fecal/content (2)/imgSegmentation/healthy/healthy.1225.json,healthy.1225.jpg,healthy,1,train,1
../../Data/downloads/zenodo_4628934_poultry_fecal/content (2)/imgSegmentation/healthy/healthy.1226.json,healthy.1226.jpg,healthy,1,train,1
../../Data/downloads/zenodo_4628934_poultry_fecal/content (2)/imgSegmentation/healthy/healthy.1227.json,healthy.1227.jpg,healthy,1,val,1
../../Data/downloads/zenodo_4628934_poultry_fecal/content (2)/imgSegmentation/healthy/healthy.1228.json,healthy.1228.jpg,healthy,1,train,1
../../Data/downloads/zenodo_4628934_poultry_fecal/content (2)/imgSegmentation/healthy/healthy.1229.json,healthy.1229.jpg,healthy,1,val,1
../../Data/downloads/zenodo_4628934_poultry_fecal/content (2)/imgSegmentation/healthy/healthy.123.json,healthy.123.jpg,healthy,1,train,1
../../Data/downloads/zenodo_4628934_poultry_fecal/content (2)/imgSegmentation/healthy/healthy.1230.json,healthy.1230.jpg,healthy,1,train,1
../../Data/downloads/zenodo_4628934_poultry_fecal/content (2)/imgSegmentation/healthy/healthy.1231.json,healthy.1231.jpg,healthy,1,train,1
../../Data/downloads/zenodo_4628934_poultry_fecal/content (2)/imgSegmentation/healthy/healthy.1232.json,healthy.1232.jpg,healthy,1,val,1
../../Data/downloads/zenodo_4628934_poultry_fecal/content (2)/imgSegmentation/healthy/healthy.1233.json,healthy.1233.jpg,healthy,1,test,1
../../Data/downloads/zenodo_4628934_poultry_fecal/content (2)/imgSegmentation/healthy/healthy.1234.json,healthy.1234.jpg,healthy,1,train,1
../../Data/downloads/zenodo_4628934_poultry_fecal/content (2)/imgSegmentation/healthy/healthy.1235.json,healthy.1235.jpg,healthy,1,train,1
../../Data/downloads/zenodo_4628934_poultry_fecal/content (2)/imgSegmentation/healthy/healthy.1236.json,healthy.1236.jpg,healthy,1,train,1
../../Data/downloads/zenodo_4628934_poultry_fecal/content (2)/imgSegmentation/healthy/healthy.1237.json,healthy.1237.jpg,healthy,1,train,1
../../Data/downloads/zenodo_4628934_poultry_fecal/content (2)/imgSegmentation/healthy/healthy.1238.json,healthy.1238.jpg,healthy,1,train,1
../../Data/downloads/zenodo_4628934_poultry_fecal/content (2)/imgSegmentation/healthy/healthy.1239.json,healthy.1239.jpg,healthy,1,train,1
../../Data/downloads/zenodo_4628934_poultry_fecal/content (2)/imgSegmentation/healthy/healthy.124.json,healthy.124.jpg,healthy,1,train,1
../../Data/downloads/zenodo_4628934_poultry_fecal/content (2)/imgSegmentation/healthy/healthy.1240.json,healthy.1240.jpg,healthy,1,val,1
../../Data/downloads/zenodo_4628934_poultry_fecal/content (2)/imgSegmentation/healthy/healthy.1241.json,healthy.1241.jpg,healthy,1,train,1
../../Data/downloads/zenodo_4628934_poultry_fecal/content (2)/imgSegmentation/healthy/healthy.1242.json,healthy.1242.jpg,healthy,1,val,1
../../Data/downloads/zenodo_4628934_poultry_fecal/content (2)/imgSegmentation/healthy/healthy.1243.json,healthy.1243.jpg,healthy,1,train,1
../../Data/downloads/zenodo_4628934_poultry_fecal/content (2)/imgSegmentation/healthy/healthy.1244.json,healthy.1244.jpg,healthy,1,train,1
../../Data/downloads/zenodo_4628934_poultry_fecal/content (2)/imgSegmentation/healthy/healthy.1245.json,healthy.1245.jpg,healthy,1,test,1
../../Data/downloads/zenodo_4628934_poultry_fecal/content (2)/imgSegmentation/healthy/healthy.1246.json,healthy.1246.jpg,healthy,1,test,1
../../Data/downloads/zenodo_4628934_poultry_fecal/content (2)/imgSegmentation/healthy/healthy.1247.json,healthy.1247.jpg,healthy,1,val,1
../../Data/downloads/zenodo_4628934_poultry_fecal/content (2)/imgSegmentation/healthy/healthy.1248.json,healthy.1248.jpg,healthy,1,val,1
../../Data/downloads/zenodo_4628934_poultry_fecal/content (2)/imgSegmentation/healthy/healthy.1249.json,healthy.1249.jpg,healthy,1,train,1
../../Data/downloads/zenodo_4628934_poultry_fecal/content (2)/imgSegmentation/healthy/healthy.125.json,healthy.125.jpg,healthy,1,train,1
../../Data/downloads/zenodo_4628934_poultry_fecal/content (2)/imgSegmentation/healthy/healthy.1250.json,healthy.1250.jpg,healthy,1,train,1
../../Data/downloads/zenodo_4628934_poultry_fecal/content (2)/imgSegmentation/healthy/healthy.1251.json,healthy.1251.jpg,healthy,1,train,1
../../Data/downloads/zenodo_4628934_poultry_fecal/content (2)/imgSegmentation/healthy/healthy.1252.json,healthy.1252.jpg,healthy,1,train,1
../../Data/downloads/zenodo_4628934_poultry_fecal/content (2)/imgSegmentation/healthy/healthy.1253.json,healthy.1253.jpg,healthy,1,train,1
../../Data/downloads/zenodo_4628934_poultry_fecal/content (2)/imgSegmentation/healthy/healthy.1254.json,healthy.1254.jpg,healthy,1,test,1
../../Data/downloads/zenodo_4628934_poultry_fecal/content (2)/imgSegmentation/healthy/healthy.1255.json,healthy.1255.jpg,healthy,1,val,1
../../Data/downloads/zenodo_4628934_poultry_fecal/content (2)/imgSegmentation/healthy/healthy.1256.json,healthy.1256.jpg,healthy,1,val,1
../../Data/downloads/zenodo_4628934_poultry_fecal/content (2)/imgSegmentation/healthy/healthy.1257.json,healthy.1257.jpg,healthy,1,train,1
../../Data/downloads/zenodo_4628934_poultry_fecal/content (2)/imgSegmentation/healthy/healthy.1258.json,healthy.1258.jpg,healthy,1,train,1
../../Data/downloads/zenodo_4628934_poultry_fecal/content (2)/imgSegmentation/healthy/healthy.1259.json,healthy.1259.jpg,healthy,1,val,1
../../Data/downloads/zenodo_4628934_poultry_fecal/content (2)/imgSegmentation/healthy/healthy.126.json,healthy.126.jpg,healthy,1,train,1
../../Data/downloads/zenodo_4628934_poultry_fecal/content (2)/imgSegmentation/healthy/healthy.1260.json,healthy.1260.jpg,healthy,1,train,1
../../Data/downloads/zenodo_4628934_poultry_fecal/content (2)/imgSegmentation/healthy/healthy.1261.json,healthy.1261.jpg,healthy,1,test,1
../../Data/downloads/zenodo_4628934_poultry_fecal/content (2)/imgSegmentation/healthy/healthy.1262.json,healthy.1262.jpg,healthy,1,train,1
../../Data/downloads/zenodo_4628934_poultry_fecal/content (2)/imgSegmentation/healthy/healthy.1263.json,healthy.1263.jpg,healthy,1,train,1
../../Data/downloads/zenodo_4628934_poultry_fecal/content (2)/imgSegmentation/healthy/healthy.1264.json,healthy.1264.jpg,healthy,1,train,1
../../Data/downloads/zenodo_4628934_poultry_fecal/content (2)/imgSegmentation/healthy/healthy.1265.json,healthy.1265.jpg,healthy,1,train,1
../../Data/downloads/zenodo_4628934_poultry_fecal/content (2)/imgSegmentation/healthy/healthy.1266.json,healthy.1266.jpg,healthy,1,train,1
../../Data/downloads/zenodo_4628934_poultry_fecal/content (2)/imgSegmentation/healthy/healthy.1267.json,healthy.1267.jpg,healthy,1,train,1
../../Data/downloads/zenodo_4628934_poultry_fecal/content (2)/imgSegmentation/healthy/healthy.1268.json,healthy.1268.jpg,healthy,1,test,1
../../Data/downloads/zenodo_4628934_poultry_fecal/content (2)/imgSegmentation/healthy/healthy.1269.json,healthy.1269.jpg,healthy,1,test,1
../../Data/downloads/zenodo_4628934_poultry_fecal/content (2)/imgSegmentation/healthy/healthy.127.json,healthy.127.jpg,healthy,1,val,1
../../Data/downloads/zenodo_4628934_poultry_fecal/content (2)/imgSegmentation/healthy/healthy.1270.json,healthy.1270.jpg,healthy,1,val,1
../../Data/downloads/zenodo_4628934_poultry_fecal/content (2)/imgSegmentation/healthy/healthy.1271.json,healthy.1271.jpg,healthy,1,train,1
../../Data/downloads/zenodo_4628934_poultry_fecal/content (2)/imgSegmentation/healthy/healthy.1272.json,healthy.1272.jpg,healthy,1,train,1
../../Data/downloads/zenodo_4628934_poultry_fecal/content (2)/imgSegmentation/healthy/healthy.1273.json,healthy.1273.jpg,healthy,1,train,1
../../Data/downloads/zenodo_4628934_poultry_fecal/content (2)/imgSegmentation/healthy/healthy.1274.json,healthy.1274.jpg,healthy,1,train,1
../../Data/downloads/zenodo_4628934_poultry_fecal/content (2)/imgSegmentation/healthy/healthy.1275.json,healthy.1275.jpg,healthy,1,val,1
../../Data/downloads/zenodo_4628934_poultry_fecal/content (2)/imgSegmentation/healthy/healthy.1276.json,healthy.1276.jpg,healthy,1,train,1
../../Data/downloads/zenodo_4628934_poultry_fecal/content (2)/imgSegmentation/healthy/healthy.1277.json,healthy.1277.jpg,healthy,1,train,1
../../Data/downloads/zenodo_4628934_poultry_fecal/content (2)/imgSegmentation/healthy/healthy.1278.json,healthy.1278.jpg,healthy,1,train,1
../../Data/downloads/zenodo_4628934_poultry_fecal/content (2)/imgSegmentation/healthy/healthy.1279.json,healthy.1279.jpg,healthy,1,train,1
../../Data/downloads/zenodo_4628934_poultry_fecal/content (2)/imgSegmentation/healthy/healthy.128.json,healthy.128.jpg,healthy,1,train,1
../../Data/downloads/zenodo_4628934_poultry_fecal/content (2)/imgSegmentation/healthy/healthy.1280.json,healthy.1280.jpg,healthy,1,train,1
../../Data/downloads/zenodo_4628934_poultry_fecal/content (2)/imgSegmentation/healthy/healthy.1281.json,healthy.1281.jpg,healthy,1,test,1
../../Data/downloads/zenodo_4628934_poultry_fecal/content (2)/imgSegmentation/healthy/healthy.1282.json,healthy.1282.jpg,healthy,1,val,1
../../Data/downloads/zenodo_4628934_poultry_fecal/content (2)/imgSegmentation/healthy/healthy.1283.json,healthy.1283.jpg,healthy,1,train,1
../../Data/downloads/zenodo_4628934_poultry_fecal/content (2)/imgSegmentation/healthy/healthy.1284.json,healthy.1284.jpg,healthy,1,train,1
../../Data/downloads/zenodo_4628934_poultry_fecal/content (2)/imgSegmentation/healthy/healthy.1285.json,healthy.1285.jpg,healthy,1,train,1
../../Data/downloads/zenodo_4628934_poultry_fecal/content (2)/imgSegmentation/healthy/healthy.1286.json,healthy.1286.jpg,healthy,1,train,1
../../Data/downloads/zenodo_4628934_poultry_fecal/content (2)/imgSegmentation/healthy/healthy.1287.json,healthy.1287.jpg,healthy,1,train,1
../../Data/downloads/zenodo_4628934_poultry_fecal/content (2)/imgSegmentation/healthy/healthy.1288.json,healthy.1288.jpg,healthy,1,train,1
../../Data/downloads/zenodo_4628934_poultry_fecal/content (2)/imgSegmentation/healthy/healthy.1289.json,healthy.1289.jpg,healthy,1,train,1
../../Data/downloads/zenodo_4628934_poultry_fecal/content (2)/imgSegmentation/healthy/healthy.129.json,healthy.129.jpg,healthy,1,train,1
../../Data/downloads/zenodo_4628934_poultry_fecal/content (2)/imgSegmentation/healthy/healthy.1290.json,healthy.1290.jpg,healthy,1,train,1
../../Data/downloads/zenodo_4628934_poultry_fecal/content (2)/imgSegmentation/healthy/healthy.1291.json,healthy.1291.jpg,healthy,1,val,1
../../Data/downloads/zenodo_4628934_poultry_fecal/content (2)/imgSegmentation/healthy/healthy.1292.json,healthy.1292.jpg,healthy,1,train,1
../../Data/downloads/zenodo_4628934_poultry_fecal/content (2)/imgSegmentation/healthy/healthy.1293.json,healthy.1293.jpg,healthy,1,test,1
../../Data/downloads/zenodo_4628934_poultry_fecal/content (2)/imgSegmentation/healthy/healthy.1294.json,healthy.1294.jpg,healthy,1,test,1
../../Data/downloads/zenodo_4628934_poultry_fecal/content (2)/imgSegmentation/healthy/healthy.1295.json,healthy.1295.jpg,healthy,1,test,1
../../Data/downloads/zenodo_4628934_poultry_fecal/content (2)/imgSegmentation/healthy/healthy.1296.json,healthy.1296.jpg,healthy,1,train,1
../../Data/downloads/zenodo_4628934_poultry_fecal/content (2)/imgSegmentation/healthy/healthy.1297.json,healthy.1297.jpg,healthy,1,train,1
../../Data/downloads/zenodo_4628934_poultry_fecal/content (2)/imgSegmentation/healthy/healthy.1298.json,healthy.1298.jpg,healthy,1,train,1
../../Data/downloads/zenodo_4628934_poultry_fecal/content (2)/imgSegmentation/healthy/healthy.1299.json,healthy.1299.jpg,healthy,1,train,1
../../Data/downloads/zenodo_4628934_poultry_fecal/content (2)/imgSegmentation/healthy/healthy.13.json,healthy.13.jpg,healthy,1,val,1
../../Data/downloads/zenodo_4628934_poultry_fecal/content (2)/imgSegmentation/healthy/healthy.130.json,healthy.130.jpg,healthy,1,test,1
../../Data/downloads/zenodo_4628934_poultry_fecal/content (2)/imgSegmentation/healthy/healthy.1300.json,healthy.1300.jpg,healthy,1,test,1
../../Data/downloads/zenodo_4628934_poultry_fecal/content (2)/imgSegmentation/healthy/healthy.1301.json,healthy.1301.jpg,healthy,1,train,1
../../Data/downloads/zenodo_4628934_poultry_fecal/content (2)/imgSegmentation/healthy/healthy.1302.json,healthy.1302.jpg,healthy,1,train,1
../../Data/downloads/zenodo_4628934_poultry_fecal/content (2)/imgSegmentation/healthy/healthy.1303.json,healthy.1303.jpg,healthy,1,train,1
../../Data/downloads/zenodo_4628934_poultry_fecal/content (2)/imgSegmentation/healthy/healthy.1304.json,healthy.1304.jpg,healthy,1,train,1
../../Data/downloads/zenodo_4628934_poultry_fecal/content (2)/imgSegmentation/healthy/healthy.1305.json,healthy.1305.jpg,healthy,1,train,1
../../Data/downloads/zenodo_4628934_poultry_fecal/content (2)/imgSegmentation/healthy/healthy.1306.json,healthy.1306.jpg,healthy,1,train,1
../../Data/downloads/zenodo_4628934_poultry_fecal/content (2)/imgSegmentation/healthy/healthy.1307.json,healthy.1307.jpg,healthy,1,train,1
../../Data/downloads/zenodo_4628934_poultry_fecal/content (2)/imgSegmentation/healthy/healthy.1308.json,healthy.1308.jpg,healthy,1,train,1
../../Data/downloads/zenodo_4628934_poultry_fecal/content (2)/imgSegmentation/healthy/healthy.1309.json,healthy.1309.jpg,healthy,1,train,1
../../Data/downloads/zenodo_4628934_poultry_fecal/content (2)/imgSegmentation/healthy/healthy.131.json,healthy.131.jpg,healthy,1,train,1
../../Data/downloads/zenodo_4628934_poultry_fecal/content (2)/imgSegmentation/healthy/healthy.1310.json,healthy.1310.jpg,healthy,1,train,1
../../Data/downloads/zenodo_4628934_poultry_fecal/content (2)/imgSegmentation/healthy/healthy.1311.json,healthy.1311.jpg,healthy,1,test,1
../../Data/downloads/zenodo_4628934_poultry_fecal/content (2)/imgSegmentation/healthy/healthy.1312.json,healthy.1312.jpg,healthy,1,test,1
../../Data/downloads/zenodo_4628934_poultry_fecal/content (2)/imgSegmentation/healthy/healthy.1313.json,healthy.1313.jpg,healthy,1,test,1
../../Data/downloads/zenodo_4628934_poultry_fecal/content (2)/imgSegmentation/healthy/healthy.1314.json,healthy.1314.jpg,healthy,1,val,1
../../Data/downloads/zenodo_4628934_poultry_fecal/content (2)/imgSegmentation/healthy/healthy.1315.json,healthy.1315.jpg,healthy,1,train,1
../../Data/downloads/zenodo_4628934_poultry_fecal/content (2)/imgSegmentation/healthy/healthy.1316.json,healthy.1316.jpg,healthy,1,test,1
../../Data/downloads/zenodo_4628934_poultry_fecal/content (2)/imgSegmentation/healthy/healthy.1317.json,healthy.1317.jpg,healthy,1,train,1
../../Data/downloads/zenodo_4628934_poultry_fecal/content (2)/imgSegmentation/healthy/healthy.1318.json,healthy.1318.jpg,healthy,1,val,1
../../Data/downloads/zenodo_4628934_poultry_fecal/content (2)/imgSegmentation/healthy/healthy.1319.json,healthy.1319.jpg,healthy,1,train,1
../../Data/downloads/zenodo_4628934_poultry_fecal/content (2)/imgSegmentation/healthy/healthy.132.json,healthy.132.jpg,healthy,1,train,1
../../Data/downloads/zenodo_4628934_poultry_fecal/content (2)/imgSegmentation/healthy/healthy.1320.json,healthy.1320.jpg,healthy,1,test,1
../../Data/downloads/zenodo_4628934_poultry_fecal/content (2)/imgSegmentation/healthy/healthy.1321.json,healthy.1321.jpg,healthy,1,train,1
../../Data/downloads/zenodo_4628934_poultry_fecal/content (2)/imgSegmentation/healthy/healthy.1322.json,healthy.1322.jpg,healthy,1,test,1
../../Data/downloads/zenodo_4628934_poultry_fecal/content (2)/imgSegmentation/healthy/healthy.1323.json,healthy.1323.jpg,healthy,1,train,1
../../Data/downloads/zenodo_4628934_poultry_fecal/content (2)/imgSegmentation/healthy/healthy.1324.json,healthy.1324.jpg,healthy,1,train,1
../../Data/downloads/zenodo_4628934_poultry_fecal/content (2)/imgSegmentation/healthy/healthy.1325.json,healthy.1325.jpg,healthy,1,test,1
../../Data/downloads/zenodo_4628934_poultry_fecal/content (2)/imgSegmentation/healthy/healthy.1326.json,healthy.1326.jpg,healthy,1,test,1
../../Data/downloads/zenodo_4628934_poultry_fecal/content (2)/imgSegmentation/healthy/healthy.1327.json,healthy.1327.jpg,healthy,1,train,1
../../Data/downloads/zenodo_4628934_poultry_fecal/content (2)/imgSegmentation/healthy/healthy.1328.json,healthy.1328.jpg,healthy,1,test,1
../../Data/downloads/zenodo_4628934_poultry_fecal/content (2)/imgSegmentation/healthy/healthy.1329.json,healthy.1329.jpg,healthy,1,val,1
../../Data/downloads/zenodo_4628934_poultry_fecal/content (2)/imgSegmentation/healthy/healthy.133.json,healthy.133.jpg,healthy,1,train,1
../../Data/downloads/zenodo_4628934_poultry_fecal/content (2)/imgSegmentation/healthy/healthy.1330.json,healthy.1330.jpg,healthy,1,train,1
../../Data/downloads/zenodo_4628934_poultry_fecal/content (2)/imgSegmentation/healthy/healthy.1331.json,healthy.1331.jpg,healthy,1,train,1
../../Data/downloads/zenodo_4628934_poultry_fecal/content (2)/imgSegmentation/healthy/healthy.1332.json,healthy.1332.jpg,healthy,1,train,1
../../Data/downloads/zenodo_4628934_poultry_fecal/content (2)/imgSegmentation/healthy/healthy.1333.json,healthy.1333.jpg,healthy,1,train,1
../../Data/downloads/zenodo_4628934_poultry_fecal/content (2)/imgSegmentation/healthy/healthy.1334.json,healthy.1334.jpg,healthy,1,train,1
../../Data/downloads/zenodo_4628934_poultry_fecal/content (2)/imgSegmentation/healthy/healthy.1335.json,healthy.1335.jpg,healthy,1,train,1
../../Data/downloads/zenodo_4628934_poultry_fecal/content (2)/imgSegmentation/healthy/healthy.1336.json,healthy.1336.jpg,healthy,1,train,1
../../Data/downloads/zenodo_4628934_poultry_fecal/content (2)/imgSegmentation/healthy/healthy.1337.json,healthy.1337.jpg,healthy,1,val,1
../../Data/downloads/zenodo_4628934_poultry_fecal/content (2)/imgSegmentation/healthy/healthy.1338.json,healthy.1338.jpg,healthy,1,test,1
../../Data/downloads/zenodo_4628934_poultry_fecal/content (2)/imgSegmentation/healthy/healthy.1339.json,healthy.1339.jpg,healthy,1,train,1
../../Data/downloads/zenodo_4628934_poultry_fecal/content (2)/imgSegmentation/healthy/healthy.134.json,healthy.134.jpg,healthy,1,test,1
../../Data/downloads/zenodo_4628934_poultry_fecal/content (2)/imgSegmentation/healthy/healthy.1340.json,healthy.1340.jpg,healthy,1,val,1
../../Data/downloads/zenodo_4628934_poultry_fecal/content (2)/imgSegmentation/healthy/healthy.1341.json,healthy.1341.jpg,healthy,1,train,1
../../Data/downloads/zenodo_4628934_poultry_fecal/content (2)/imgSegmentation/healthy/healthy.1342.json,healthy.1342.jpg,healthy,1,test,1
../../Data/downloads/zenodo_4628934_poultry_fecal/content (2)/imgSegmentation/healthy/healthy.1343.json,healthy.1343.jpg,healthy,1,train,1
../../Data/downloads/zenodo_4628934_poultry_fecal/content (2)/imgSegmentation/healthy/healthy.1344.json,healthy.1344.jpg,healthy,1,val,1
../../Data/downloads/zenodo_4628934_poultry_fecal/content (2)/imgSegmentation/healthy/healthy.1345.json,healthy.1345.jpg,healthy,1,train,1
../../Data/downloads/zenodo_4628934_poultry_fecal/content (2)/imgSegmentation/healthy/healthy.1346.json,healthy.1346.jpg,healthy,1,test,1
../../Data/downloads/zenodo_4628934_poultry_fecal/content (2)/imgSegmentation/healthy/healthy.1347.json,healthy.1347.jpg,healthy,1,train,1
../../Data/downloads/zenodo_4628934_poultry_fecal/content (2)/imgSegmentation/healthy/healthy.1348.json,healthy.1348.jpg,healthy,1,train,1
../../Data/downloads/zenodo_4628934_poultry_fecal/content (2)/imgSegmentation/healthy/healthy.1349.json,healthy.1349.jpg,healthy,1,train,1
../../Data/downloads/zenodo_4628934_poultry_fecal/content (2)/imgSegmentation/healthy/healthy.135.json,healthy.135.jpg,healthy,1,train,1
../../Data/downloads/zenodo_4628934_poultry_fecal/content (2)/imgSegmentation/healthy/healthy.1350.json,healthy.1350.jpg,healthy,1,train,1
../../Data/downloads/zenodo_4628934_poultry_fecal/content (2)/imgSegmentation/healthy/healthy.1351.json,healthy.1351.jpg,healthy,1,train,1
../../Data/downloads/zenodo_4628934_poultry_fecal/content (2)/imgSegmentation/healthy/healthy.1352.json,healthy.1352.jpg,healthy,1,test,1
../../Data/downloads/zenodo_4628934_poultry_fecal/content (2)/imgSegmentation/healthy/healthy.1353.json,healthy.1353.jpg,healthy,1,train,1
../../Data/downloads/zenodo_4628934_poultry_fecal/content (2)/imgSegmentation/healthy/healthy.1354.json,healthy.1354.jpg,healthy,1,train,1
../../Data/downloads/zenodo_4628934_poultry_fecal/content (2)/imgSegmentation/healthy/healthy.1355.json,healthy.1355.jpg,healthy,1,train,1
../../Data/downloads/zenodo_4628934_poultry_fecal/content (2)/imgSegmentation/healthy/healthy.1356.json,healthy.1356.jpg,healthy,1,test,1
../../Data/downloads/zenodo_4628934_poultry_fecal/content (2)/imgSegmentation/healthy/healthy.1357.json,healthy.1357.jpg,healthy,1,train,1
../../Data/downloads/zenodo_4628934_poultry_fecal/content (2)/imgSegmentation/healthy/healthy.1358.json,healthy.1358.jpg,healthy,1,val,1
../../Data/downloads/zenodo_4628934_poultry_fecal/content (2)/imgSegmentation/healthy/healthy.1359.json,healthy.1359.jpg,healthy,1,train,1
../../Data/downloads/zenodo_4628934_poultry_fecal/content (2)/imgSegmentation/healthy/healthy.136.json,healthy.136.jpg,healthy,1,train,1
../../Data/downloads/zenodo_4628934_poultry_fecal/content (2)/imgSegmentation/healthy/healthy.1360.json,healthy.1360.jpg,healthy,1,train,1
../../Data/downloads/zenodo_4628934_poultry_fecal/content (2)/imgSegmentation/healthy/healthy.1361.json,healthy.1361.jpg,healthy,1,val,1
../../Data/downloads/zenodo_4628934_poultry_fecal/content (2)/imgSegmentation/healthy/healthy.1362.json,healthy.1362.jpg,healthy,1,train,1
../../Data/downloads/zenodo_4628934_poultry_fecal/content (2)/imgSegmentation/healthy/healthy.1363.json,healthy.1363.jpg,healthy,1,train,1
../../Data/downloads/zenodo_4628934_poultry_fecal/content (2)/imgSegmentation/healthy/healthy.1364.json,healthy.1364.jpg,healthy,1,train,1
../../Data/downloads/zenodo_4628934_poultry_fecal/content (2)/imgSegmentation/healthy/healthy.1365.json,healthy.1365.jpg,healthy,1,val,1
../../Data/downloads/zenodo_4628934_poultry_fecal/content (2)/imgSegmentation/healthy/healthy.1366.json,healthy.1366.jpg,healthy,1,train,1
../../Data/downloads/zenodo_4628934_poultry_fecal/content (2)/imgSegmentation/healthy/healthy.1367.json,healthy.1367.jpg,healthy,1,train,1
../../Data/downloads/zenodo_4628934_poultry_fecal/content (2)/imgSegmentation/healthy/healthy.1368.json,healthy.1368.jpg,healthy,1,train,1
../../Data/downloads/zenodo_4628934_poultry_fecal/content (2)/imgSegmentation/healthy/healthy.1369.json,healthy.1369.jpg,healthy,1,train,1
../../Data/downloads/zenodo_4628934_poultry_fecal/content (2)/imgSegmentation/healthy/healthy.137.json,healthy.137.jpg,healthy,1,train,1
../../Data/downloads/zenodo_4628934_poultry_fecal/content (2)/imgSegmentation/healthy/healthy.1370.json,healthy.1370.jpg,healthy,1,train,1
../../Data/downloads/zenodo_4628934_poultry_fecal/content (2)/imgSegmentation/healthy/healthy.1371.json,healthy.1371.jpg,healthy,1,train,1
../../Data/downloads/zenodo_4628934_poultry_fecal/content (2)/imgSegmentation/healthy/healthy.1372.json,healthy.1372.jpg,healthy,1,test,1
../../Data/downloads/zenodo_4628934_poultry_fecal/content (2)/imgSegmentation/healthy/healthy.1373.json,healthy.1373.jpg,healthy,1,test,1
../../Data/downloads/zenodo_4628934_poultry_fecal/content (2)/imgSegmentation/healthy/healthy.1374.json,healthy.1374.jpg,healthy,1,train,1
../../Data/downloads/zenodo_4628934_poultry_fecal/content (2)/imgSegmentation/healthy/healthy.1375.json,healthy.1375.jpg,healthy,1,val,1
../../Data/downloads/zenodo_4628934_poultry_fecal/content (2)/imgSegmentation/healthy/healthy.1376.json,healthy.1376.jpg,healthy,1,train,1
../../Data/downloads/zenodo_4628934_poultry_fecal/content (2)/imgSegmentation/healthy/healthy.1377.json,healthy.1377.jpg,healthy,1,train,1
../../Data/downloads/zenodo_4628934_poultry_fecal/content (2)/imgSegmentation/healthy/healthy.1378.json,healthy.1378.jpg,healthy,1,train,1
../../Data/downloads/zenodo_4628934_poultry_fecal/content (2)/imgSegmentation/healthy/healthy.1379.json,healthy.1379.jpg,healthy,1,train,1
../../Data/downloads/zenodo_4628934_poultry_fecal/content (2)/imgSegmentation/healthy/healthy.138.json,healthy.138.jpg,healthy,1,train,1
../../Data/downloads/zenodo_4628934_poultry_fecal/content (2)/imgSegmentation/healthy/healthy.1380.json,healthy.1380.jpg,healthy,1,train,1
../../Data/downloads/zenodo_4628934_poultry_fecal/content (2)/imgSegmentation/healthy/healthy.1381.json,healthy.1381.jpg,healthy,1,test,1
../../Data/downloads/zenodo_4628934_poultry_fecal/content (2)/imgSegmentation/healthy/healthy.1382.json,healthy.1382.jpg,healthy,1,train,1
../../Data/downloads/zenodo_4628934_poultry_fecal/content (2)/imgSegmentation/healthy/healthy.1383.json,healthy.1383.jpg,healthy,1,train,1
../../Data/downloads/zenodo_4628934_poultry_fecal/content (2)/imgSegmentation/healthy/healthy.1384.json,healthy.1384.jpg,healthy,1,test,1
../../Data/downloads/zenodo_4628934_poultry_fecal/content (2)/imgSegmentation/healthy/healthy.1385.json,healthy.1385.jpg,healthy,1,test,1
../../Data/downloads/zenodo_4628934_poultry_fecal/content (2)/imgSegmentation/healthy/healthy.1386.json,healthy.1386.jpg,healthy,1,train,1
../../Data/downloads/zenodo_4628934_poultry_fecal/content (2)/imgSegmentation/healthy/healthy.1387.json,healthy.1387.jpg,healthy,1,train,1
../../Data/downloads/zenodo_4628934_poultry_fecal/content (2)/imgSegmentation/healthy/healthy.1388.json,healthy.1388.jpg,healthy,1,test,1
../../Data/downloads/zenodo_4628934_poultry_fecal/content (2)/imgSegmentation/healthy/healthy.1389.json,healthy.1389.jpg,healthy,1,train,1
../../Data/downloads/zenodo_4628934_poultry_fecal/content (2)/imgSegmentation/healthy/healthy.139.json,healthy.139.jpg,healthy,1,train,1
../../Data/downloads/zenodo_4628934_poultry_fecal/content (2)/imgSegmentation/healthy/healthy.1390.json,healthy.1390.jpg,healthy,1,train,1
../../Data/downloads/zenodo_4628934_poultry_fecal/content (2)/imgSegmentation/healthy/healthy.1391.json,healthy.1391.jpg,healthy,1,train,1
../../Data/downloads/zenodo_4628934_poultry_fecal/content (2)/imgSegmentation/healthy/healthy.1392.json,healthy.1392.jpg,healthy,1,train,1
../../Data/downloads/zenodo_4628934_poultry_fecal/content (2)/imgSegmentation/healthy/healthy.1393.json,healthy.1393.jpg,healthy,1,train,1
../../Data/downloads/zenodo_4628934_poultry_fecal/content (2)/imgSegmentation/healthy/healthy.1394.json,healthy.1394.jpg,healthy,1,train,1
../../Data/downloads/zenodo_4628934_poultry_fecal/content (2)/imgSegmentation/healthy/healthy.1395.json,healthy.1395.jpg,healthy,1,train,1
../../Data/downloads/zenodo_4628934_poultry_fecal/content (2)/imgSegmentation/healthy/healthy.1396.json,healthy.1396.jpg,healthy,1,train,1
../../Data/downloads/zenodo_4628934_poultry_fecal/content (2)/imgSegmentation/healthy/healthy.1397.json,healthy.1397.jpg,healthy,1,train,1
../../Data/downloads/zenodo_4628934_poultry_fecal/content (2)/imgSegmentation/healthy/healthy.1398.json,healthy.1398.jpg,healthy,1,train,1
../../Data/downloads/zenodo_4628934_poultry_fecal/content (2)/imgSegmentation/healthy/healthy.1399.json,healthy.1399.jpg,healthy,1,train,1
../../Data/downloads/zenodo_4628934_poultry_fecal/content (2)/imgSegmentation/healthy/healthy.14.json,healthy.14.jpg,healthy,1,train,1
../../Data/downloads/zenodo_4628934_poultry_fecal/content (2)/imgSegmentation/healthy/healthy.140.json,healthy.140.jpg,healthy,1,train,1
../../Data/downloads/zenodo_4628934_poultry_fecal/content (2)/imgSegmentation/healthy/healthy.1400.json,healthy.1400.jpg,healthy,1,train,1
../../Data/downloads/zenodo_4628934_poultry_fecal/content (2)/imgSegmentation/healthy/healthy.1401.json,healthy.1401.jpg,healthy,1,train,1
../../Data/downloads/zenodo_4628934_poultry_fecal/content (2)/imgSegmentation/healthy/healthy.1402.json,healthy.1402.jpg,healthy,1,train,1
../../Data/downloads/zenodo_4628934_poultry_fecal/content (2)/imgSegmentation/healthy/healthy.1403.json,healthy.1403.jpg,healthy,1,val,1
../../Data/downloads/zenodo_4628934_poultry_fecal/content (2)/imgSegmentation/healthy/healthy.1404.json,healthy.1404.jpg,healthy,1,val,1
../../Data/downloads/zenodo_4628934_poultry_fecal/content (2)/imgSegmentation/healthy/healthy.1405.json,healthy.1405.jpg,healthy,1,train,1
../../Data/downloads/zenodo_4628934_poultry_fecal/content (2)/imgSegmentation/healthy/healthy.1406.json,healthy.1406.jpg,healthy,1,train,1
../../Data/downloads/zenodo_4628934_poultry_fecal/content (2)/imgSegmentation/healthy/healthy.1407.json,healthy.1407.jpg,healthy,1,val,1
../../Data/downloads/zenodo_4628934_poultry_fecal/content (2)/imgSegmentation/healthy/healthy.1408.json,healthy.1408.jpg,healthy,1,test,1
../../Data/downloads/zenodo_4628934_poultry_fecal/content (2)/imgSegmentation/healthy/healthy.1409.json,healthy.1409.jpg,healthy,1,test,1
../../Data/downloads/zenodo_4628934_poultry_fecal/content (2)/imgSegmentation/healthy/healthy.141.json,healthy.141.jpg,healthy,1,val,1
../../Data/downloads/zenodo_4628934_poultry_fecal/content (2)/imgSegmentation/healthy/healthy.1410.json,healthy.1410.jpg,healthy,1,train,1
../../Data/downloads/zenodo_4628934_poultry_fecal/content (2)/imgSegmentation/healthy/healthy.1411.json,healthy.1411.jpg,healthy,1,train,1
../../Data/downloads/zenodo_4628934_poultry_fecal/content (2)/imgSegmentation/healthy/healthy.1412.json,healthy.1412.jpg,healthy,1,train,1
../../Data/downloads/zenodo_4628934_poultry_fecal/content (2)/imgSegmentation/healthy/healthy.1413.json,healthy.1413.jpg,healthy,1,train,1
../../Data/downloads/zenodo_4628934_poultry_fecal/content (2)/imgSegmentation/healthy/healthy.1414.json,healthy.1414.jpg,healthy,1,train,1
../../Data/downloads/zenodo_4628934_poultry_fecal/content (2)/imgSegmentation/healthy/healthy.1415.json,healthy.1415.jpg,healthy,1,test,1
../../Data/downloads/zenodo_4628934_poultry_fecal/content (2)/imgSegmentation/healthy/healthy.1416.json,healthy.1416.jpg,healthy,1,train,1
../../Data/downloads/zenodo_4628934_poultry_fecal/content (2)/imgSegmentation/healthy/healthy.1417.json,healthy.1417.jpg,healthy,1,test,1
../../Data/downloads/zenodo_4628934_poultry_fecal/content (2)/imgSegmentation/healthy/healthy.1418.json,healthy.1418.jpg,healthy,1,train,1
../../Data/downloads/zenodo_4628934_poultry_fecal/content (2)/imgSegmentation/healthy/healthy.1419.json,healthy.1419.jpg,healthy,1,test,1
../../Data/downloads/zenodo_4628934_poultry_fecal/content (2)/imgSegmentation/healthy/healthy.142.json,healthy.142.jpg,healthy,1,train,1
../../Data/downloads/zenodo_4628934_poultry_fecal/content (2)/imgSegmentation/healthy/healthy.1420.json,healthy.1420.jpg,healthy,1,val,1
../../Data/downloads/zenodo_4628934_poultry_fecal/content (2)/imgSegmentation/healthy/healthy.1421.json,healthy.1421.jpg,healthy,1,train,1
../../Data/downloads/zenodo_4628934_poultry_fecal/content (2)/imgSegmentation/healthy/healthy.1422.json,healthy.1422.jpg,healthy,1,train,1
../../Data/downloads/zenodo_4628934_poultry_fecal/content (2)/imgSegmentation/healthy/healthy.1423.json,healthy.1423.jpg,healthy,1,train,1
../../Data/downloads/zenodo_4628934_poultry_fecal/content (2)/imgSegmentation/healthy/healthy.1424.json,healthy.1424.jpg,healthy,1,test,1
../../Data/downloads/zenodo_4628934_poultry_fecal/content (2)/imgSegmentation/healthy/healthy.1425.json,healthy.1425.jpg,healthy,1,val,1
../../Data/downloads/zenodo_4628934_poultry_fecal/content (2)/imgSegmentation/healthy/healthy.1426.json,healthy.1426.jpg,healthy,1,train,1
../../Data/downloads/zenodo_4628934_poultry_fecal/content (2)/imgSegmentation/healthy/healthy.1427.json,healthy.1427.jpg,healthy,1,test,1
../../Data/downloads/zenodo_4628934_poultry_fecal/content (2)/imgSegmentation/healthy/healthy.1428.json,healthy.1428.jpg,healthy,1,train,1
../../Data/downloads/zenodo_4628934_poultry_fecal/content (2)/imgSegmentation/healthy/healthy.1429.json,healthy.1429.jpg,healthy,1,train,1
../../Data/downloads/zenodo_4628934_poultry_fecal/content (2)/imgSegmentation/healthy/healthy.143.json,healthy.143.jpg,healthy,1,train,1
../../Data/downloads/zenodo_4628934_poultry_fecal/content (2)/imgSegmentation/healthy/healthy.1430.json,healthy.1430.jpg,healthy,1,train,1
../../Data/downloads/zenodo_4628934_poultry_fecal/content (2)/imgSegmentation/healthy/healthy.1431.json,healthy.1431.jpg,healthy,1,train,1
../../Data/downloads/zenodo_4628934_poultry_fecal/content (2)/imgSegmentation/healthy/healthy.1432.json,healthy.1432.jpg,healthy,1,train,1
../../Data/downloads/zenodo_4628934_poultry_fecal/content (2)/imgSegmentation/healthy/healthy.1433.json,healthy.1433.jpg,healthy,1,train,1
../../Data/downloads/zenodo_4628934_poultry_fecal/content (2)/imgSegmentation/healthy/healthy.1434.json,healthy.1434.jpg,healthy,1,train,1
../../Data/downloads/zenodo_4628934_poultry_fecal/content (2)/imgSegmentation/healthy/healthy.1435.json,healthy.1435.jpg,healthy,1,train,1
../../Data/downloads/zenodo_4628934_poultry_fecal/content (2)/imgSegmentation/healthy/healthy.1436.json,healthy.1436.jpg,healthy,1,train,1
../../Data/downloads/zenodo_4628934_poultry_fecal/content (2)/imgSegmentation/healthy/healthy.1437.json,healthy.1437.jpg,healthy,1,train,1
../../Data/downloads/zenodo_4628934_poultry_fecal/content (2)/imgSegmentation/healthy/healthy.1438.json,healthy.1438.jpg,healthy,1,train,1
../../Data/downloads/zenodo_4628934_poultry_fecal/content (2)/imgSegmentation/healthy/healthy.1439.json,healthy.1439.jpg,healthy,1,val,1
../../Data/downloads/zenodo_4628934_poultry_fecal/content (2)/imgSegmentation/healthy/healthy.144.json,healthy.144.jpg,healthy,1,train,1
../../Data/downloads/zenodo_4628934_poultry_fecal/content (2)/imgSegmentation/healthy/healthy.1440.json,healthy.1440.jpg,healthy,1,train,1
../../Data/downloads/zenodo_4628934_poultry_fecal/content (2)/imgSegmentation/healthy/healthy.1441.json,healthy.1441.jpg,healthy,1,val,1
../../Data/downloads/zenodo_4628934_poultry_fecal/content (2)/imgSegmentation/healthy/healthy.1442.json,healthy.1442.jpg,healthy,1,val,1
../../Data/downloads/zenodo_4628934_poultry_fecal/content (2)/imgSegmentation/healthy/healthy.1443.json,healthy.1443.jpg,healthy,1,train,1
../../Data/downloads/zenodo_4628934_poultry_fecal/content (2)/imgSegmentation/healthy/healthy.1444.json,healthy.1444.jpg,healthy,1,train,1
../../Data/downloads/zenodo_4628934_poultry_fecal/content (2)/imgSegmentation/healthy/healthy.1445.json,healthy.1445.jpg,healthy,1,val,1
../../Data/downloads/zenodo_4628934_poultry_fecal/content (2)/imgSegmentation/healthy/healthy.1446.json,healthy.1446.jpg,healthy,1,train,1
../../Data/downloads/zenodo_4628934_poultry_fecal/content (2)/imgSegmentation/healthy/healthy.1447.json,healthy.1447.jpg,healthy,1,val,1
../../Data/downloads/zenodo_4628934_poultry_fecal/content (2)/imgSegmentation/healthy/healthy.1448.json,healthy.1448.jpg,healthy,1,train,1
../../Data/downloads/zenodo_4628934_poultry_fecal/content (2)/imgSegmentation/healthy/healthy.1449.json,healthy.1449.jpg,healthy,1,train,1
../../Data/downloads/zenodo_4628934_poultry_fecal/content (2)/imgSegmentation/healthy/healthy.145.json,healthy.145.jpg,healthy,1,test,1
../../Data/downloads/zenodo_4628934_poultry_fecal/content (2)/imgSegmentation/healthy/healthy.1450.json,healthy.1450.jpg,healthy,1,train,1
../../Data/downloads/zenodo_4628934_poultry_fecal/content (2)/imgSegmentation/healthy/healthy.1451.json,healthy.1451.jpg,healthy,1,test,1
../../Data/downloads/zenodo_4628934_poultry_fecal/content (2)/imgSegmentation/healthy/healthy.1452.json,healthy.1452.jpg,healthy,1,val,1
../../Data/downloads/zenodo_4628934_poultry_fecal/content (2)/imgSegmentation/healthy/healthy.1453.json,healthy.1453.jpg,healthy,1,train,1
../../Data/downloads/zenodo_4628934_poultry_fecal/content (2)/imgSegmentation/healthy/healthy.1454.json,healthy.1454.jpg,healthy,1,train,1
../../Data/downloads/zenodo_4628934_poultry_fecal/content (2)/imgSegmentation/healthy/healthy.1455.json,healthy.1455.jpg,healthy,1,train,1
../../Data/downloads/zenodo_4628934_poultry_fecal/content (2)/imgSegmentation/healthy/healthy.1456.json,healthy.1456.jpg,healthy,1,train,1
../../Data/downloads/zenodo_4628934_poultry_fecal/content (2)/imgSegmentation/healthy/healthy.1457.json,healthy.1457.jpg,healthy,1,train,1
../../Data/downloads/zenodo_4628934_poultry_fecal/content (2)/imgSegmentation/healthy/healthy.1458.json,healthy.1458.jpg,healthy,1,train,1
../../Data/downloads/zenodo_4628934_poultry_fecal/content (2)/imgSegmentation/healthy/healthy.1459.json,healthy.1459.jpg,healthy,1,val,1
../../Data/downloads/zenodo_4628934_poultry_fecal/content (2)/imgSegmentation/healthy/healthy.146.json,healthy.146.jpg,healthy,1,train,1
../../Data/downloads/zenodo_4628934_poultry_fecal/content (2)/imgSegmentation/healthy/healthy.1460.json,healthy.1460.jpg,healthy,1,train,1
../../Data/downloads/zenodo_4628934_poultry_fecal/content (2)/imgSegmentation/healthy/healthy.1461.json,healthy.1461.jpg,healthy,1,val,1
../../Data/downloads/zenodo_4628934_poultry_fecal/content (2)/imgSegmentation/healthy/healthy.1462.json,healthy.1462.jpg,healthy,1,train,1
../../Data/downloads/zenodo_4628934_poultry_fecal/content (2)/imgSegmentation/healthy/healthy.1463.json,healthy.1463.jpg,healthy,1,test,1
../../Data/downloads/zenodo_4628934_poultry_fecal/content (2)/imgSegmentation/healthy/healthy.1464.json,healthy.1464.jpg,healthy,1,train,1
../../Data/downloads/zenodo_4628934_poultry_fecal/content (2)/imgSegmentation/healthy/healthy.1465.json,healthy.1465.jpg,healthy,1,val,1
../../Data/downloads/zenodo_4628934_poultry_fecal/content (2)/imgSegmentation/healthy/healthy.1466.json,healthy.1466.jpg,healthy,1,train,1
../../Data/downloads/zenodo_4628934_poultry_fecal/content (2)/imgSegmentation/healthy/healthy.1467.json,healthy.1467.jpg,healthy,1,train,1
../../Data/downloads/zenodo_4628934_poultry_fecal/content (2)/imgSegmentation/healthy/healthy.1468.json,healthy.1468.jpg,healthy,1,val,1
../../Data/downloads/zenodo_4628934_poultry_fecal/content (2)/imgSegmentation/healthy/healthy.1469.json,healthy.1469.jpg,healthy,1,train,1
../../Data/downloads/zenodo_4628934_poultry_fecal/content (2)/imgSegmentation/healthy/healthy.147.json,healthy.147.jpg,healthy,1,train,1
../../Data/downloads/zenodo_4628934_poultry_fecal/content (2)/imgSegmentation/healthy/healthy.1470.json,healthy.1470.jpg,healthy,1,train,1
../../Data/downloads/zenodo_4628934_poultry_fecal/content (2)/imgSegmentation/healthy/healthy.1471.json,healthy.1471.jpg,healthy,1,train,1
../../Data/downloads/zenodo_4628934_poultry_fecal/content (2)/imgSegmentation/healthy/healthy.1472.json,healthy.1472.jpg,healthy,1,train,1
../../Data/downloads/zenodo_4628934_poultry_fecal/content (2)/imgSegmentation/healthy/healthy.1473.json,healthy.1473.jpg,healthy,1,test,1
../../Data/downloads/zenodo_4628934_poultry_fecal/content (2)/imgSegmentation/healthy/healthy.1474.json,healthy.1474.jpg,healthy,1,train,1
../../Data/downloads/zenodo_4628934_poultry_fecal/content (2)/imgSegmentation/healthy/healthy.1475.json,healthy.1475.jpg,healthy,1,test,1
../../Data/downloads/zenodo_4628934_poultry_fecal/content (2)/imgSegmentation/healthy/healthy.1476.json,healthy.1476.jpg,healthy,1,train,1
../../Data/downloads/zenodo_4628934_poultry_fecal/content (2)/imgSegmentation/healthy/healthy.1477.json,healthy.1477.jpg,healthy,1,train,1
../../Data/downloads/zenodo_4628934_poultry_fecal/content (2)/imgSegmentation/healthy/healthy.1478.json,healthy.1478.jpg,healthy,1,train,1
../../Data/downloads/zenodo_4628934_poultry_fecal/content (2)/imgSegmentation/healthy/healthy.1479.json,healthy.1479.jpg,healthy,1,test,1
../../Data/downloads/zenodo_4628934_poultry_fecal/content (2)/imgSegmentation/healthy/healthy.148.json,healthy.148.jpg,healthy,1,val,1
../../Data/downloads/zenodo_4628934_poultry_fecal/content (2)/imgSegmentation/healthy/healthy.1480.json,healthy.1480.jpg,healthy,1,train,1
../../Data/downloads/zenodo_4628934_poultry_fecal/content (2)/imgSegmentation/healthy/healthy.1481.json,healthy.1481.jpg,healthy,1,val,1
../../Data/downloads/zenodo_4628934_poultry_fecal/content (2)/imgSegmentation/healthy/healthy.1482.json,healthy.1482.jpg,healthy,1,train,1
../../Data/downloads/zenodo_4628934_poultry_fecal/content (2)/imgSegmentation/healthy/healthy.1483.json,healthy.1483.jpg,healthy,1,train,1
../../Data/downloads/zenodo_4628934_poultry_fecal/content (2)/imgSegmentation/healthy/healthy.1484.json,healthy.1484.jpg,healthy,1,val,1
../../Data/downloads/zenodo_4628934_poultry_fecal/content (2)/imgSegmentation/healthy/healthy.1485.json,healthy.1485.jpg,healthy,1,train,1
../../Data/downloads/zenodo_4628934_poultry_fecal/content (2)/imgSegmentation/healthy/healthy.1486.json,healthy.1486.jpg,healthy,1,test,1
../../Data/downloads/zenodo_4628934_poultry_fecal/content (2)/imgSegmentation/healthy/healthy.1487.json,healthy.1487.jpg,healthy,1,train,1
../../Data/downloads/zenodo_4628934_poultry_fecal/content (2)/imgSegmentation/healthy/healthy.1488.json,healthy.1488.jpg,healthy,1,train,1
../../Data/downloads/zenodo_4628934_poultry_fecal/content (2)/imgSegmentation/healthy/healthy.1489.json,healthy.1489.jpg,healthy,1,train,1
../../Data/downloads/zenodo_4628934_poultry_fecal/content (2)/imgSegmentation/healthy/healthy.149.json,healthy.149.jpg,healthy,1,val,1
../../Data/downloads/zenodo_4628934_poultry_fecal/content (2)/imgSegmentation/healthy/healthy.1490.json,healthy.1490.jpg,healthy,1,train,1
../../Data/downloads/zenodo_4628934_poultry_fecal/content (2)/imgSegmentation/healthy/healthy.1491.json,healthy.1491.jpg,healthy,1,train,1
../../Data/downloads/zenodo_4628934_poultry_fecal/content (2)/imgSegmentation/healthy/healthy.1492.json,healthy.1492.jpg,healthy,1,train,1
../../Data/downloads/zenodo_4628934_poultry_fecal/content (2)/imgSegmentation/healthy/healthy.1493.json,healthy.1493.jpg,healthy,1,train,1
../../Data/downloads/zenodo_4628934_poultry_fecal/content (2)/imgSegmentation/healthy/healthy.1494.json,healthy.1494.jpg,healthy,1,train,1
../../Data/downloads/zenodo_4628934_poultry_fecal/content (2)/imgSegmentation/healthy/healthy.1495.json,healthy.1495.jpg,healthy,1,train,1
../../Data/downloads/zenodo_4628934_poultry_fecal/content (2)/imgSegmentation/healthy/healthy.1496.json,healthy.1496.jpg,healthy,1,val,1
../../Data/downloads/zenodo_4628934_poultry_fecal/content (2)/imgSegmentation/healthy/healthy.1497.json,healthy.1497.jpg,healthy,1,train,1
../../Data/downloads/zenodo_4628934_poultry_fecal/content (2)/imgSegmentation/healthy/healthy.1498.json,healthy.1498.jpg,healthy,1,val,1
../../Data/downloads/zenodo_4628934_poultry_fecal/content (2)/imgSegmentation/healthy/healthy.1499.json,healthy.1499.jpg,healthy,1,train,1
../../Data/downloads/zenodo_4628934_poultry_fecal/content (2)/imgSegmentation/healthy/healthy.15.json,healthy.15.jpg,healthy,1,test,1
../../Data/downloads/zenodo_4628934_poultry_fecal/content (2)/imgSegmentation/healthy/healthy.150.json,healthy.150.jpg,healthy,1,val,1
../../Data/downloads/zenodo_4628934_poultry_fecal/content (2)/imgSegmentation/healthy/healthy.1500.json,healthy.1500.jpg,healthy,1,train,1
../../Data/downloads/zenodo_4628934_poultry_fecal/content (2)/imgSegmentation/healthy/healthy.1501.json,healthy.1501.jpg,healthy,1,val,1
../../Data/downloads/zenodo_4628934_poultry_fecal/content (2)/imgSegmentation/healthy/healthy.1502.json,healthy.1502.jpg,healthy,1,train,1
../../Data/downloads/zenodo_4628934_poultry_fecal/content (2)/imgSegmentation/healthy/healthy.1503.json,healthy.1503.jpg,healthy,1,val,1
../../Data/downloads/zenodo_4628934_poultry_fecal/content (2)/imgSegmentation/healthy/healthy.1504.json,healthy.1504.jpg,healthy,1,train,1
../../Data/downloads/zenodo_4628934_poultry_fecal/content (2)/imgSegmentation/healthy/healthy.1505.json,healthy.1505.jpg,healthy,1,train,1
../../Data/downloads/zenodo_4628934_poultry_fecal/content (2)/imgSegmentation/healthy/healthy.1506.json,healthy.1506.jpg,healthy,1,train,1
../../Data/downloads/zenodo_4628934_poultry_fecal/content (2)/imgSegmentation/healthy/healthy.1507.json,healthy.1507.jpg,healthy,1,val,1
../../Data/downloads/zenodo_4628934_poultry_fecal/content (2)/imgSegmentation/healthy/healthy.1508.json,healthy.1508.jpg,healthy,1,train,1
../../Data/downloads/zenodo_4628934_poultry_fecal/content (2)/imgSegmentation/healthy/healthy.1509.json,healthy.1509.jpg,healthy,1,train,1
../../Data/downloads/zenodo_4628934_poultry_fecal/content (2)/imgSegmentation/healthy/healthy.151.json,healthy.151.jpg,healthy,1,train,1
../../Data/downloads/zenodo_4628934_poultry_fecal/content (2)/imgSegmentation/healthy/healthy.1510.json,healthy.1510.jpg,healthy,1,train,1
../../Data/downloads/zenodo_4628934_poultry_fecal/content (2)/imgSegmentation/healthy/healthy.1511.json,healthy.1511.jpg,healthy,1,test,1
../../Data/downloads/zenodo_4628934_poultry_fecal/content (2)/imgSegmentation/healthy/healthy.1512.json,healthy.1512.jpg,healthy,1,train,1
../../Data/downloads/zenodo_4628934_poultry_fecal/content (2)/imgSegmentation/healthy/healthy.1513.json,healthy.1513.jpg,healthy,1,val,1
../../Data/downloads/zenodo_4628934_poultry_fecal/content (2)/imgSegmentation/healthy/healthy.1514.json,healthy.1514.jpg,healthy,1,train,1
../../Data/downloads/zenodo_4628934_poultry_fecal/content (2)/imgSegmentation/healthy/healthy.1515.json,healthy.1515.jpg,healthy,1,train,1
../../Data/downloads/zenodo_4628934_poultry_fecal/content (2)/imgSegmentation/healthy/healthy.1516.json,healthy.1516.jpg,healthy,1,train,1
../../Data/downloads/zenodo_4628934_poultry_fecal/content (2)/imgSegmentation/healthy/healthy.1517.json,healthy.1517.jpg,healthy,1,train,1
../../Data/downloads/zenodo_4628934_poultry_fecal/content (2)/imgSegmentation/healthy/healthy.1518.json,healthy.1518.jpg,healthy,1,train,1
../../Data/downloads/zenodo_4628934_poultry_fecal/content (2)/imgSegmentation/healthy/healthy.1519.json,healthy.1519.jpg,healthy,1,val,1
../../Data/downloads/zenodo_4628934_poultry_fecal/content (2)/imgSegmentation/healthy/healthy.152.json,healthy.152.jpg,healthy,1,val,1
../../Data/downloads/zenodo_4628934_poultry_fecal/content (2)/imgSegmentation/healthy/healthy.1520.json,healthy.1520.jpg,healthy,1,train,1
../../Data/downloads/zenodo_4628934_poultry_fecal/content (2)/imgSegmentation/healthy/healthy.1521.json,healthy.1521.jpg,healthy,1,train,1
../../Data/downloads/zenodo_4628934_poultry_fecal/content (2)/imgSegmentation/healthy/healthy.1522.json,healthy.1522.jpg,healthy,1,train,1
../../Data/downloads/zenodo_4628934_poultry_fecal/content (2)/imgSegmentation/healthy/healthy.1523.json,healthy.1523.jpg,healthy,1,train,1
../../Data/downloads/zenodo_4628934_poultry_fecal/content (2)/imgSegmentation/healthy/healthy.1524.json,healthy.1524.jpg,healthy,1,val,1
../../Data/downloads/zenodo_4628934_poultry_fecal/content (2)/imgSegmentation/healthy/healthy.1525.json,healthy.1525.jpg,healthy,1,train,1
../../Data/downloads/zenodo_4628934_poultry_fecal/content (2)/imgSegmentation/healthy/healthy.1526.json,healthy.1526.jpg,healthy,1,train,1
../../Data/downloads/zenodo_4628934_poultry_fecal/content (2)/imgSegmentation/healthy/healthy.1527.json,healthy.1527.jpg,healthy,1,train,1
../../Data/downloads/zenodo_4628934_poultry_fecal/content (2)/imgSegmentation/healthy/healthy.1528.json,healthy.1528.jpg,healthy,1,train,1
../../Data/downloads/zenodo_4628934_poultry_fecal/content (2)/imgSegmentation/healthy/healthy.1529.json,healthy.1529.jpg,healthy,1,test,1
../../Data/downloads/zenodo_4628934_poultry_fecal/content (2)/imgSegmentation/healthy/healthy.153.json,healthy.153.jpg,healthy,1,test,1
../../Data/downloads/zenodo_4628934_poultry_fecal/content (2)/imgSegmentation/healthy/healthy.1530.json,healthy.1530.jpg,healthy,1,val,1
../../Data/downloads/zenodo_4628934_poultry_fecal/content (2)/imgSegmentation/healthy/healthy.1531.json,healthy.1531.jpg,healthy,1,train,1
../../Data/downloads/zenodo_4628934_poultry_fecal/content (2)/imgSegmentation/healthy/healthy.1532.json,healthy.1532.jpg,healthy,1,train,1
../../Data/downloads/zenodo_4628934_poultry_fecal/content (2)/imgSegmentation/healthy/healthy.1533.json,healthy.1533.jpg,healthy,1,train,1
../../Data/downloads/zenodo_4628934_poultry_fecal/content (2)/imgSegmentation/healthy/healthy.1534.json,healthy.1534.jpg,healthy,1,train,1
../../Data/downloads/zenodo_4628934_poultry_fecal/content (2)/imgSegmentation/healthy/healthy.1535.json,healthy.1535.jpg,healthy,1,train,1
../../Data/downloads/zenodo_4628934_poultry_fecal/content (2)/imgSegmentation/healthy/healthy.1536.json,healthy.1536.jpg,healthy,1,train,1
../../Data/downloads/zenodo_4628934_poultry_fecal/content (2)/imgSegmentation/healthy/healthy.1537.json,healthy.1537.jpg,healthy,1,train,1
../../Data/downloads/zenodo_4628934_poultry_fecal/content (2)/imgSegmentation/healthy/healthy.1538.json,healthy.1538.jpg,healthy,1,test,1
../../Data/downloads/zenodo_4628934_poultry_fecal/content (2)/imgSegmentation/healthy/healthy.1539.json,healthy.1539.jpg,healthy,1,train,1
../../Data/downloads/zenodo_4628934_poultry_fecal/content (2)/imgSegmentation/healthy/healthy.154.json,healthy.154.jpg,healthy,1,train,1
../../Data/downloads/zenodo_4628934_poultry_fecal/content (2)/imgSegmentation/healthy/healthy.1540.json,healthy.1540.jpg,healthy,1,train,1
../../Data/downloads/zenodo_4628934_poultry_fecal/content (2)/imgSegmentation/healthy/healthy.1541.json,healthy.1541.jpg,healthy,1,test,1
../../Data/downloads/zenodo_4628934_poultry_fecal/content (2)/imgSegmentation/healthy/healthy.1542.json,healthy.1542.jpg,healthy,1,train,1
../../Data/downloads/zenodo_4628934_poultry_fecal/content (2)/imgSegmentation/healthy/healthy.1543.json,healthy.1543.jpg,healthy,1,test,1
../../Data/downloads/zenodo_4628934_poultry_fecal/content (2)/imgSegmentation/healthy/healthy.1544.json,healthy.1544.jpg,healthy,1,train,1
../../Data/downloads/zenodo_4628934_poultry_fecal/content (2)/imgSegmentation/healthy/healthy.1545.json,healthy.1545.jpg,healthy,1,val,1
../../Data/downloads/zenodo_4628934_poultry_fecal/content (2)/imgSegmentation/healthy/healthy.1546.json,healthy.1546.jpg,healthy,1,train,1
../../Data/downloads/zenodo_4628934_poultry_fecal/content (2)/imgSegmentation/healthy/healthy.1547.json,healthy.1547.jpg,healthy,1,test,1
../../Data/downloads/zenodo_4628934_poultry_fecal/content (2)/imgSegmentation/healthy/healthy.1548.json,healthy.1548.jpg,healthy,1,train,1
../../Data/downloads/zenodo_4628934_poultry_fecal/content (2)/imgSegmentation/healthy/healthy.1549.json,healthy.1549.jpg,healthy,1,train,1
../../Data/downloads/zenodo_4628934_poultry_fecal/content (2)/imgSegmentation/healthy/healthy.155.json,healthy.155.jpg,healthy,1,train,1
../../Data/downloads/zenodo_4628934_poultry_fecal/content (2)/imgSegmentation/healthy/healthy.1550.json,healthy.1550.jpg,healthy,1,val,1
../../Data/downloads/zenodo_4628934_poultry_fecal/content (2)/imgSegmentation/healthy/healthy.1551.json,healthy.1551.jpg,healthy,1,train,1
../../Data/downloads/zenodo_4628934_poultry_fecal/content (2)/imgSegmentation/healthy/healthy.1552.json,healthy.1552.jpg,healthy,1,train,1
../../Data/downloads/zenodo_4628934_poultry_fecal/content (2)/imgSegmentation/healthy/healthy.1553.json,healthy.1553.jpg,healthy,1,test,1
../../Data/downloads/zenodo_4628934_poultry_fecal/content (2)/imgSegmentation/healthy/healthy.1554.json,healthy.1554.jpg,healthy,1,test,1
../../Data/downloads/zenodo_4628934_poultry_fecal/content (2)/imgSegmentation/healthy/healthy.1555.json,healthy.1555.jpg,healthy,1,train,1
../../Data/downloads/zenodo_4628934_poultry_fecal/content (2)/imgSegmentation/healthy/healthy.1556.json,healthy.1556.jpg,healthy,1,train,1
../../Data/downloads/zenodo_4628934_poultry_fecal/content (2)/imgSegmentation/healthy/healthy.1557.json,healthy.1557.jpg,healthy,1,test,1
../../Data/downloads/zenodo_4628934_poultry_fecal/content (2)/imgSegmentation/healthy/healthy.1558.json,healthy.1558.jpg,healthy,1,train,1
../../Data/downloads/zenodo_4628934_poultry_fecal/content (2)/imgSegmentation/healthy/healthy.1559.json,healthy.1559.jpg,healthy,1,val,1
../../Data/downloads/zenodo_4628934_poultry_fecal/content (2)/imgSegmentation/healthy/healthy.156.json,healthy.156.jpg,healthy,1,test,1
../../Data/downloads/zenodo_4628934_poultry_fecal/content (2)/imgSegmentation/healthy/healthy.1560.json,healthy.1560.jpg,healthy,1,val,1
../../Data/downloads/zenodo_4628934_poultry_fecal/content (2)/imgSegmentation/healthy/healthy.1561.json,healthy.1561.jpg,healthy,1,train,1
../../Data/downloads/zenodo_4628934_poultry_fecal/content (2)/imgSegmentation/healthy/healthy.1562.json,healthy.1562.jpg,healthy,1,train,1
../../Data/downloads/zenodo_4628934_poultry_fecal/content (2)/imgSegmentation/healthy/healthy.1563.json,healthy.1563.jpg,healthy,1,test,1
../../Data/downloads/zenodo_4628934_poultry_fecal/content (2)/imgSegmentation/healthy/healthy.1564.json,healthy.1564.jpg,healthy,1,train,1
../../Data/downloads/zenodo_4628934_poultry_fecal/content (2)/imgSegmentation/healthy/healthy.1565.json,healthy.1565.jpg,healthy,1,test,1
../../Data/downloads/zenodo_4628934_poultry_fecal/content (2)/imgSegmentation/healthy/healthy.1566.json,healthy.1566.jpg,healthy,1,train,1
../../Data/downloads/zenodo_4628934_poultry_fecal/content (2)/imgSegmentation/healthy/healthy.1567.json,healthy.1567.jpg,healthy,1,train,1
../../Data/downloads/zenodo_4628934_poultry_fecal/content (2)/imgSegmentation/healthy/healthy.1568.json,healthy.1568.jpg,healthy,1,val,1
../../Data/downloads/zenodo_4628934_poultry_fecal/content (2)/imgSegmentation/healthy/healthy.1569.json,healthy.1569.jpg,healthy,1,test,1
../../Data/downloads/zenodo_4628934_poultry_fecal/content (2)/imgSegmentation/healthy/healthy.157.json,healthy.157.jpg,healthy,1,train,1
../../Data/downloads/zenodo_4628934_poultry_fecal/content (2)/imgSegmentation/healthy/healthy.1570.json,healthy.1570.jpg,healthy,1,val,1
../../Data/downloads/zenodo_4628934_poultry_fecal/content (2)/imgSegmentation/healthy/healthy.1571.json,healthy.1571.jpg,healthy,1,train,1
../../Data/downloads/zenodo_4628934_poultry_fecal/content (2)/imgSegmentation/healthy/healthy.1572.json,healthy.1572.jpg,healthy,1,val,1
../../Data/downloads/zenodo_4628934_poultry_fecal/content (2)/imgSegmentation/healthy/healthy.1573.json,healthy.1573.jpg,healthy,1,train,1
../../Data/downloads/zenodo_4628934_poultry_fecal/content (2)/imgSegmentation/healthy/healthy.1574.json,healthy.1574.jpg,healthy,1,train,1
../../Data/downloads/zenodo_4628934_poultry_fecal/content (2)/imgSegmentation/healthy/healthy.1575.json,healthy.1575.jpg,healthy,1,train,1
../../Data/downloads/zenodo_4628934_poultry_fecal/content (2)/imgSegmentation/healthy/healthy.1576.json,healthy.1576.jpg,healthy,1,train,1
../../Data/downloads/zenodo_4628934_poultry_fecal/content (2)/imgSegmentation/healthy/healthy.1577.json,healthy.1577.jpg,healthy,1,test,1
../../Data/downloads/zenodo_4628934_poultry_fecal/content (2)/imgSegmentation/healthy/healthy.1578.json,healthy.1578.jpg,healthy,1,train,1
../../Data/downloads/zenodo_4628934_poultry_fecal/content (2)/imgSegmentation/healthy/healthy.1579.json,healthy.1579.jpg,healthy,1,train,1
../../Data/downloads/zenodo_4628934_poultry_fecal/content (2)/imgSegmentation/healthy/healthy.158.json,healthy.158.jpg,healthy,1,val,1
../../Data/downloads/zenodo_4628934_poultry_fecal/content (2)/imgSegmentation/healthy/healthy.1580.json,healthy.1580.jpg,healthy,1,train,1
../../Data/downloads/zenodo_4628934_poultry_fecal/content (2)/imgSegmentation/healthy/healthy.1581.json,healthy.1581.jpg,healthy,1,train,1
../../Data/downloads/zenodo_4628934_poultry_fecal/content (2)/imgSegmentation/healthy/healthy.1582.json,healthy.1582.jpg,healthy,1,train,1
../../Data/downloads/zenodo_4628934_poultry_fecal/content (2)/imgSegmentation/healthy/healthy.1583.json,healthy.1583.jpg,healthy,1,train,1
../../Data/downloads/zenodo_4628934_poultry_fecal/content (2)/imgSegmentation/healthy/healthy.1584.json,healthy.1584.jpg,healthy,1,val,1
../../Data/downloads/zenodo_4628934_poultry_fecal/content (2)/imgSegmentation/healthy/healthy.1585.json,healthy.1585.jpg,healthy,1,train,1
../../Data/downloads/zenodo_4628934_poultry_fecal/content (2)/imgSegmentation/healthy/healthy.1586.json,healthy.1586.jpg,healthy,1,train,1
../../Data/downloads/zenodo_4628934_poultry_fecal/content (2)/imgSegmentation/healthy/healthy.1587.json,healthy.1587.jpg,healthy,1,test,1
../../Data/downloads/zenodo_4628934_poultry_fecal/content (2)/imgSegmentation/healthy/healthy.1588.json,healthy.1588.jpg,healthy,1,train,1
../../Data/downloads/zenodo_4628934_poultry_fecal/content (2)/imgSegmentation/healthy/healthy.1589.json,healthy.1589.jpg,healthy,1,val,1
../../Data/downloads/zenodo_4628934_poultry_fecal/content (2)/imgSegmentation/healthy/healthy.159.json,healthy.159.jpg,healthy,1,train,1
../../Data/downloads/zenodo_4628934_poultry_fecal/content (2)/imgSegmentation/healthy/healthy.1590.json,healthy.1590.jpg,healthy,1,train,1
../../Data/downloads/zenodo_4628934_poultry_fecal/content (2)/imgSegmentation/healthy/healthy.1591.json,healthy.1591.jpg,healthy,1,train,1
../../Data/downloads/zenodo_4628934_poultry_fecal/content (2)/imgSegmentation/healthy/healthy.1592.json,healthy.1592.jpg,healthy,1,test,1
../../Data/downloads/zenodo_4628934_poultry_fecal/content (2)/imgSegmentation/healthy/healthy.1593.json,healthy.1593.jpg,healthy,1,train,1
../../Data/downloads/zenodo_4628934_poultry_fecal/content (2)/imgSegmentation/healthy/healthy.1594.json,healthy.1594.jpg,healthy,1,train,1
../../Data/downloads/zenodo_4628934_poultry_fecal/content (2)/imgSegmentation/healthy/healthy.1595.json,healthy.1595.jpg,healthy,1,val,1
../../Data/downloads/zenodo_4628934_poultry_fecal/content (2)/imgSegmentation/healthy/healthy.1596.json,healthy.1596.jpg,healthy,1,train,1
../../Data/downloads/zenodo_4628934_poultry_fecal/content (2)/imgSegmentation/healthy/healthy.1597.json,healthy.1597.jpg,healthy,1,val,1
../../Data/downloads/zenodo_4628934_poultry_fecal/content (2)/imgSegmentation/healthy/healthy.1598.json,healthy.1598.jpg,healthy,1,train,1
../../Data/downloads/zenodo_4628934_poultry_fecal/content (2)/imgSegmentation/healthy/healthy.1599.json,healthy.1599.jpg,healthy,1,train,1
../../Data/downloads/zenodo_4628934_poultry_fecal/content (2)/imgSegmentation/healthy/healthy.16.json,healthy.16.jpg,healthy,1,train,1
../../Data/downloads/zenodo_4628934_poultry_fecal/content (2)/imgSegmentation/healthy/healthy.160.json,healthy.160.jpg,healthy,1,train,1
../../Data/downloads/zenodo_4628934_poultry_fecal/content (2)/imgSegmentation/healthy/healthy.1600.json,healthy.1600.jpg,healthy,1,train,1
../../Data/downloads/zenodo_4628934_poultry_fecal/content (2)/imgSegmentation/healthy/healthy.1601.json,healthy.1601.jpg,healthy,1,train,1
../../Data/downloads/zenodo_4628934_poultry_fecal/content (2)/imgSegmentation/healthy/healthy.1602.json,healthy.1602.jpg,healthy,1,test,1
../../Data/downloads/zenodo_4628934_poultry_fecal/content (2)/imgSegmentation/healthy/healthy.1603.json,healthy.1603.jpg,healthy,1,train,1
../../Data/downloads/zenodo_4628934_poultry_fecal/content (2)/imgSegmentation/healthy/healthy.1604.json,healthy.1604.jpg,healthy,1,train,1
../../Data/downloads/zenodo_4628934_poultry_fecal/content (2)/imgSegmentation/healthy/healthy.1605.json,healthy.1605.jpg,healthy,1,val,1
../../Data/downloads/zenodo_4628934_poultry_fecal/content (2)/imgSegmentation/healthy/healthy.1606.json,healthy.1606.jpg,healthy,1,train,1
../../Data/downloads/zenodo_4628934_poultry_fecal/content (2)/imgSegmentation/healthy/healthy.1607.json,healthy.1607.jpg,healthy,1,train,1
../../Data/downloads/zenodo_4628934_poultry_fecal/content (2)/imgSegmentation/healthy/healthy.1608.json,healthy.1608.jpg,healthy,1,train,1
../../Data/downloads/zenodo_4628934_poultry_fecal/content (2)/imgSegmentation/healthy/healthy.1609.json,healthy.1609.jpg,healthy,1,train,1
../../Data/downloads/zenodo_4628934_poultry_fecal/content (2)/imgSegmentation/healthy/healthy.161.json,healthy.161.jpg,healthy,1,test,1
../../Data/downloads/zenodo_4628934_poultry_fecal/content (2)/imgSegmentation/healthy/healthy.1610.json,healthy.1610.jpg,healthy,1,val,1
../../Data/downloads/zenodo_4628934_poultry_fecal/content (2)/imgSegmentation/healthy/healthy.1611.json,healthy.1611.jpg,healthy,1,test,1
../../Data/downloads/zenodo_4628934_poultry_fecal/content (2)/imgSegmentation/healthy/healthy.1612.json,healthy.1612.jpg,healthy,1,val,1
../../Data/downloads/zenodo_4628934_poultry_fecal/content (2)/imgSegmentation/healthy/healthy.1613.json,healthy.1613.jpg,healthy,1,test,1
../../Data/downloads/zenodo_4628934_poultry_fecal/content (2)/imgSegmentation/healthy/healthy.1614.json,healthy.1614.jpg,healthy,1,test,1
../../Data/downloads/zenodo_4628934_poultry_fecal/content (2)/imgSegmentation/healthy/healthy.1615.json,healthy.1615.jpg,healthy,1,train,1
../../Data/downloads/zenodo_4628934_poultry_fecal/content (2)/imgSegmentation/healthy/healthy.1616.json,healthy.1616.jpg,healthy,1,train,1
../../Data/downloads/zenodo_4628934_poultry_fecal/content (2)/imgSegmentation/healthy/healthy.1617.json,healthy.1617.jpg,healthy,1,train,1
../../Data/downloads/zenodo_4628934_poultry_fecal/content (2)/imgSegmentation/healthy/healthy.1618.json,healthy.1618.jpg,healthy,1,train,1
../../Data/downloads/zenodo_4628934_poultry_fecal/content (2)/imgSegmentation/healthy/healthy.1619.json,healthy.1619.jpg,healthy,1,train,1
../../Data/downloads/zenodo_4628934_poultry_fecal/content (2)/imgSegmentation/healthy/healthy.162.json,healthy.162.jpg,healthy,1,train,1
../../Data/downloads/zenodo_4628934_poultry_fecal/content (2)/imgSegmentation/healthy/healthy.1620.json,healthy.1620.jpg,healthy,1,train,1
../../Data/downloads/zenodo_4628934_poultry_fecal/content (2)/imgSegmentation/healthy/healthy.1621.json,healthy.1621.jpg,healthy,1,train,1
../../Data/downloads/zenodo_4628934_poultry_fecal/content (2)/imgSegmentation/healthy/healthy.1622.json,healthy.1622.jpg,healthy,1,train,1
../../Data/downloads/zenodo_4628934_poultry_fecal/content (2)/imgSegmentation/healthy/healthy.1623.json,healthy.1623.jpg,healthy,1,train,1
../../Data/downloads/zenodo_4628934_poultry_fecal/content (2)/imgSegmentation/healthy/healthy.1624.json,healthy.1624.jpg,healthy,1,train,1
../../Data/downloads/zenodo_4628934_poultry_fecal/content (2)/imgSegmentation/healthy/healthy.1625.json,healthy.1625.jpg,healthy,1,train,1
../../Data/downloads/zenodo_4628934_poultry_fecal/content (2)/imgSegmentation/healthy/healthy.1626.json,healthy.1626.jpg,healthy,1,test,1
../../Data/downloads/zenodo_4628934_poultry_fecal/content (2)/imgSegmentation/healthy/healthy.1627.json,healthy.1627.jpg,healthy,1,train,1
../../Data/downloads/zenodo_4628934_poultry_fecal/content (2)/imgSegmentation/healthy/healthy.1628.json,healthy.1628.jpg,healthy,1,train,1
../../Data/downloads/zenodo_4628934_poultry_fecal/content (2)/imgSegmentation/healthy/healthy.1629.json,healthy.1629.jpg,healthy,1,train,1
../../Data/downloads/zenodo_4628934_poultry_fecal/content (2)/imgSegmentation/healthy/healthy.163.json,healthy.163.jpg,healthy,1,train,1
../../Data/downloads/zenodo_4628934_poultry_fecal/content (2)/imgSegmentation/healthy/healthy.1630.json,healthy.1630.jpg,healthy,1,train,1
../../Data/downloads/zenodo_4628934_poultry_fecal/content (2)/imgSegmentation/healthy/healthy.1631.json,healthy.1631.jpg,healthy,1,train,1
../../Data/downloads/zenodo_4628934_poultry_fecal/content (2)/imgSegmentation/healthy/healthy.1632.json,healthy.1632.jpg,healthy,1,train,1
../../Data/downloads/zenodo_4628934_poultry_fecal/content (2)/imgSegmentation/healthy/healthy.1633.json,healthy.1633.jpg,healthy,1,train,1
../../Data/downloads/zenodo_4628934_poultry_fecal/content (2)/imgSegmentation/healthy/healthy.1634.json,healthy.1634.jpg,healthy,1,train,1
../../Data/downloads/zenodo_4628934_poultry_fecal/content (2)/imgSegmentation/healthy/healthy.1635.json,healthy.1635.jpg,healthy,1,train,1
../../Data/downloads/zenodo_4628934_poultry_fecal/content (2)/imgSegmentation/healthy/healthy.1636.json,healthy.1636.jpg,healthy,1,val,1
../../Data/downloads/zenodo_4628934_poultry_fecal/content (2)/imgSegmentation/healthy/healthy.1637.json,healthy.1637.jpg,healthy,1,train,1
../../Data/downloads/zenodo_4628934_poultry_fecal/content (2)/imgSegmentation/healthy/healthy.1638.json,healthy.1638.jpg,healthy,1,val,1
../../Data/downloads/zenodo_4628934_poultry_fecal/content (2)/imgSegmentation/healthy/healthy.1639.json,healthy.1639.jpg,healthy,1,val,1
../../Data/downloads/zenodo_4628934_poultry_fecal/content (2)/imgSegmentation/healthy/healthy.164.json,healthy.164.jpg,healthy,1,train,1
../../Data/downloads/zenodo_4628934_poultry_fecal/content (2)/imgSegmentation/healthy/healthy.1640.json,healthy.1640.jpg,healthy,1,train,1
../../Data/downloads/zenodo_4628934_poultry_fecal/content (2)/imgSegmentation/healthy/healthy.1641.json,healthy.1641.jpg,healthy,1,train,1
../../Data/downloads/zenodo_4628934_poultry_fecal/content (2)/imgSegmentation/healthy/healthy.1642.json,healthy.1642.jpg,healthy,1,train,1
../../Data/downloads/zenodo_4628934_poultry_fecal/content (2)/imgSegmentation/healthy/healthy.1643.json,healthy.1643.jpg,healthy,1,val,1
../../Data/downloads/zenodo_4628934_poultry_fecal/content (2)/imgSegmentation/healthy/healthy.1644.json,healthy.1644.jpg,healthy,1,train,1
../../Data/downloads/zenodo_4628934_poultry_fecal/content (2)/imgSegmentation/healthy/healthy.1645.json,healthy.1645.jpg,healthy,1,train,1
../../Data/downloads/zenodo_4628934_poultry_fecal/content (2)/imgSegmentation/healthy/healthy.1646.json,healthy.1646.jpg,healthy,1,test,1
../../Data/downloads/zenodo_4628934_poultry_fecal/content (2)/imgSegmentation/healthy/healthy.1647.json,healthy.1647.jpg,healthy,1,val,1
../../Data/downloads/zenodo_4628934_poultry_fecal/content (2)/imgSegmentation/healthy/healthy.1648.json,healthy.1648.jpg,healthy,1,val,1
../../Data/downloads/zenodo_4628934_poultry_fecal/content (2)/imgSegmentation/healthy/healthy.1649.json,healthy.1649.jpg,healthy,1,train,1
../../Data/downloads/zenodo_4628934_poultry_fecal/content (2)/imgSegmentation/healthy/healthy.165.json,healthy.165.jpg,healthy,1,test,1
../../Data/downloads/zenodo_4628934_poultry_fecal/content (2)/imgSegmentation/healthy/healthy.1650.json,healthy.1650.jpg,healthy,1,test,1
../../Data/downloads/zenodo_4628934_poultry_fecal/content (2)/imgSegmentation/healthy/healthy.1651.json,healthy.1651.jpg,healthy,1,train,1
../../Data/downloads/zenodo_4628934_poultry_fecal/content (2)/imgSegmentation/healthy/healthy.1652.json,healthy.1652.jpg,healthy,1,test,1
../../Data/downloads/zenodo_4628934_poultry_fecal/content (2)/imgSegmentation/healthy/healthy.1653.json,healthy.1653.jpg,healthy,1,train,1
../../Data/downloads/zenodo_4628934_poultry_fecal/content (2)/imgSegmentation/healthy/healthy.1654.json,healthy.1654.jpg,healthy,1,val,1
../../Data/downloads/zenodo_4628934_poultry_fecal/content (2)/imgSegmentation/healthy/healthy.1655.json,healthy.1655.jpg,healthy,1,val,1
../../Data/downloads/zenodo_4628934_poultry_fecal/content (2)/imgSegmentation/healthy/healthy.1656.json,healthy.1656.jpg,healthy,1,val,1
../../Data/downloads/zenodo_4628934_poultry_fecal/content (2)/imgSegmentation/healthy/healthy.1657.json,healthy.1657.jpg,healthy,1,train,1
../../Data/downloads/zenodo_4628934_poultry_fecal/content (2)/imgSegmentation/healthy/healthy.1658.json,healthy.1658.jpg,healthy,1,train,1
../../Data/downloads/zenodo_4628934_poultry_fecal/content (2)/imgSegmentation/healthy/healthy.1659.json,healthy.1659.jpg,healthy,1,val,1
../../Data/downloads/zenodo_4628934_poultry_fecal/content (2)/imgSegmentation/healthy/healthy.166.json,healthy.166.jpg,healthy,1,train,1
../../Data/downloads/zenodo_4628934_poultry_fecal/content (2)/imgSegmentation/healthy/healthy.1660.json,healthy.1660.jpg,healthy,1,test,1
../../Data/downloads/zenodo_4628934_poultry_fecal/content (2)/imgSegmentation/healthy/healthy.1661.json,healthy.1661.jpg,healthy,1,train,1
../../Data/downloads/zenodo_4628934_poultry_fecal/content (2)/imgSegmentation/healthy/healthy.1662.json,healthy.1662.jpg,healthy,1,train,1
../../Data/downloads/zenodo_4628934_poultry_fecal/content (2)/imgSegmentation/healthy/healthy.1663.json,healthy.1663.jpg,healthy,1,train,1
../../Data/downloads/zenodo_4628934_poultry_fecal/content (2)/imgSegmentation/healthy/healthy.1664.json,healthy.1664.jpg,healthy,1,train,1
../../Data/downloads/zenodo_4628934_poultry_fecal/content (2)/imgSegmentation/healthy/healthy.1665.json,healthy.1665.jpg,healthy,1,train,1
../../Data/downloads/zenodo_4628934_poultry_fecal/content (2)/imgSegmentation/healthy/healthy.1666.json,healthy.1666.jpg,healthy,1,train,1
../../Data/downloads/zenodo_4628934_poultry_fecal/content (2)/imgSegmentation/healthy/healthy.1667.json,healthy.1667.jpg,healthy,1,val,1
../../Data/downloads/zenodo_4628934_poultry_fecal/content (2)/imgSegmentation/healthy/healthy.1668.json,healthy.1668.jpg,healthy,1,train,1
../../Data/downloads/zenodo_4628934_poultry_fecal/content (2)/imgSegmentation/healthy/healthy.1669.json,healthy.1669.jpg,healthy,1,train,1
../../Data/downloads/zenodo_4628934_poultry_fecal/content (2)/imgSegmentation/healthy/healthy.167.json,healthy.167.jpg,healthy,1,val,1
../../Data/downloads/zenodo_4628934_poultry_fecal/content (2)/imgSegmentation/healthy/healthy.1670.json,healthy.1670.jpg,healthy,1,train,1
../../Data/downloads/zenodo_4628934_poultry_fecal/content (2)/imgSegmentation/healthy/healthy.1671.json,healthy.1671.jpg,healthy,1,train,1
../../Data/downloads/zenodo_4628934_poultry_fecal/content (2)/imgSegmentation/healthy/healthy.1672.json,healthy.1672.jpg,healthy,1,test,1
../../Data/downloads/zenodo_4628934_poultry_fecal/content (2)/imgSegmentation/healthy/healthy.1673.json,healthy.1673.jpg,healthy,1,train,1
../../Data/downloads/zenodo_4628934_poultry_fecal/content (2)/imgSegmentation/healthy/healthy.1674.json,healthy.1674.jpg,healthy,1,test,1
../../Data/downloads/zenodo_4628934_poultry_fecal/content (2)/imgSegmentation/healthy/healthy.1675.json,healthy.1675.jpg,healthy,1,train,1
../../Data/downloads/zenodo_4628934_poultry_fecal/content (2)/imgSegmentation/healthy/healthy.1676.json,healthy.1676.jpg,healthy,1,train,1
../../Data/downloads/zenodo_4628934_poultry_fecal/content (2)/imgSegmentation/healthy/healthy.1677.json,healthy.1677.jpg,healthy,1,train,1
../../Data/downloads/zenodo_4628934_poultry_fecal/content (2)/imgSegmentation/healthy/healthy.1678.json,healthy.1678.jpg,healthy,1,val,1
../../Data/downloads/zenodo_4628934_poultry_fecal/content (2)/imgSegmentation/healthy/healthy.1679.json,healthy.1679.jpg,healthy,1,train,1
../../Data/downloads/zenodo_4628934_poultry_fecal/content (2)/imgSegmentation/healthy/healthy.168.json,healthy.168.jpg,healthy,1,test,1
../../Data/downloads/zenodo_4628934_poultry_fecal/content (2)/imgSegmentation/healthy/healthy.1680.json,healthy.1680.jpg,healthy,1,train,1
../../Data/downloads/zenodo_4628934_poultry_fecal/content (2)/imgSegmentation/healthy/healthy.1681.json,healthy.1681.jpg,healthy,1,train,1
../../Data/downloads/zenodo_4628934_poultry_fecal/content (2)/imgSegmentation/healthy/healthy.1682.json,healthy.1682.jpg,healthy,1,train,1
../../Data/downloads/zenodo_4628934_poultry_fecal/content (2)/imgSegmentation/healthy/healthy.1683.json,healthy.1683.jpg,healthy,1,train,1
../../Data/downloads/zenodo_4628934_poultry_fecal/content (2)/imgSegmentation/healthy/healthy.1684.json,healthy.1684.jpg,healthy,1,train,1
../../Data/downloads/zenodo_4628934_poultry_fecal/content (2)/imgSegmentation/healthy/healthy.1685.json,healthy.1685.jpg,healthy,1,train,1
../../Data/downloads/zenodo_4628934_poultry_fecal/content (2)/imgSegmentation/healthy/healthy.1686.json,healthy.1686.jpg,healthy,1,train,1
../../Data/downloads/zenodo_4628934_poultry_fecal/content (2)/imgSegmentation/healthy/healthy.1687.json,healthy.1687.jpg,healthy,1,val,1
../../Data/downloads/zenodo_4628934_poultry_fecal/content (2)/imgSegmentation/healthy/healthy.1688.json,healthy.1688.jpg,healthy,1,train,1
../../Data/downloads/zenodo_4628934_poultry_fecal/content (2)/imgSegmentation/healthy/healthy.1689.json,healthy.1689.jpg,healthy,1,train,1
../../Data/downloads/zenodo_4628934_poultry_fecal/content (2)/imgSegmentation/healthy/healthy.169.json,healthy.169.jpg,healthy,1,train,1
../../Data/downloads/zenodo_4628934_poultry_fecal/content (2)/imgSegmentation/healthy/healthy.1690.json,healthy.1690.jpg,healthy,1,train,1
../../Data/downloads/zenodo_4628934_poultry_fecal/content (2)/imgSegmentation/healthy/healthy.1691.json,healthy.1691.jpg,healthy,1,val,1
../../Data/downloads/zenodo_4628934_poultry_fecal/content (2)/imgSegmentation/healthy/healthy.1692.json,healthy.1692.jpg,healthy,1,train,1
../../Data/downloads/zenodo_4628934_poultry_fecal/content (2)/imgSegmentation/healthy/healthy.1693.json,healthy.1693.jpg,healthy,1,train,1
../../Data/downloads/zenodo_4628934_poultry_fecal/content (2)/imgSegmentation/healthy/healthy.1694.json,healthy.1694.jpg,healthy,1,train,1
../../Data/downloads/zenodo_4628934_poultry_fecal/content (2)/imgSegmentation/healthy/healthy.1695.json,healthy.1695.jpg,healthy,1,val,1
../../Data/downloads/zenodo_4628934_poultry_fecal/content (2)/imgSegmentation/healthy/healthy.1696.json,healthy.1696.jpg,healthy,1,train,1
../../Data/downloads/zenodo_4628934_poultry_fecal/content (2)/imgSegmentation/healthy/healthy.1697.json,healthy.1697.jpg,healthy,1,train,1
../../Data/downloads/zenodo_4628934_poultry_fecal/content (2)/imgSegmentation/healthy/healthy.1698.json,healthy.1698.jpg,healthy,1,test,1
../../Data/downloads/zenodo_4628934_poultry_fecal/content (2)/imgSegmentation/healthy/healthy.1699.json,healthy.1699.jpg,healthy,1,train,1
../../Data/downloads/zenodo_4628934_poultry_fecal/content (2)/imgSegmentation/healthy/healthy.17.json,healthy.17.jpg,healthy,1,test,1
../../Data/downloads/zenodo_4628934_poultry_fecal/content (2)/imgSegmentation/healthy/healthy.170.json,healthy.170.jpg,healthy,1,train,1
../../Data/downloads/zenodo_4628934_poultry_fecal/content (2)/imgSegmentation/healthy/healthy.1700.json,healthy.1700.jpg,healthy,1,train,1
../../Data/downloads/zenodo_4628934_poultry_fecal/content (2)/imgSegmentation/healthy/healthy.1701.json,healthy.1701.jpg,healthy,1,train,1
../../Data/downloads/zenodo_4628934_poultry_fecal/content (2)/imgSegmentation/healthy/healthy.1702.json,healthy.1702.jpg,healthy,1,val,1
../../Data/downloads/zenodo_4628934_poultry_fecal/content (2)/imgSegmentation/healthy/healthy.1703.json,healthy.1703.jpg,healthy,1,train,1
../../Data/downloads/zenodo_4628934_poultry_fecal/content (2)/imgSegmentation/healthy/healthy.1704.json,healthy.1704.jpg,healthy,1,train,1
../../Data/downloads/zenodo_4628934_poultry_fecal/content (2)/imgSegmentation/healthy/healthy.1705.json,healthy.1705.jpg,healthy,1,train,1
../../Data/downloads/zenodo_4628934_poultry_fecal/content (2)/imgSegmentation/healthy/healthy.1706.json,healthy.1706.jpg,healthy,1,train,1
../../Data/downloads/zenodo_4628934_poultry_fecal/content (2)/imgSegmentation/healthy/healthy.1707.json,healthy.1707.jpg,healthy,1,train,1
../../Data/downloads/zenodo_4628934_poultry_fecal/content (2)/imgSegmentation/healthy/healthy.1708.json,healthy.1708.jpg,healthy,1,train,1
../../Data/downloads/zenodo_4628934_poultry_fecal/content (2)/imgSegmentation/healthy/healthy.1709.json,healthy.1709.jpg,healthy,1,train,1
../../Data/downloads/zenodo_4628934_poultry_fecal/content (2)/imgSegmentation/healthy/healthy.171.json,healthy.171.jpg,healthy,1,val,1
../../Data/downloads/zenodo_4628934_poultry_fecal/content (2)/imgSegmentation/healthy/healthy.1710.json,healthy.1710.jpg,healthy,1,val,1
../../Data/downloads/zenodo_4628934_poultry_fecal/content (2)/imgSegmentation/healthy/healthy.1711.json,healthy.1711.jpg,healthy,1,train,1
../../Data/downloads/zenodo_4628934_poultry_fecal/content (2)/imgSegmentation/healthy/healthy.1712.json,healthy.1712.jpg,healthy,1,train,1
../../Data/downloads/zenodo_4628934_poultry_fecal/content (2)/imgSegmentation/healthy/healthy.1713.json,healthy.1713.jpg,healthy,1,test,1
../../Data/downloads/zenodo_4628934_poultry_fecal/content (2)/imgSegmentation/healthy/healthy.1714.json,healthy.1714.jpg,healthy,1,train,1
../../Data/downloads/zenodo_4628934_poultry_fecal/content (2)/imgSegmentation/healthy/healthy.1715.json,healthy.1715.jpg,healthy,1,val,1
../../Data/downloads/zenodo_4628934_poultry_fecal/content (2)/imgSegmentation/healthy/healthy.1716.json,healthy.1716.jpg,healthy,1,train,1
../../Data/downloads/zenodo_4628934_poultry_fecal/content (2)/imgSegmentation/healthy/healthy.1717.json,healthy.1717.jpg,healthy,1,train,1
../../Data/downloads/zenodo_4628934_poultry_fecal/content (2)/imgSegmentation/healthy/healthy.1718.json,healthy.1718.jpg,healthy,1,val,1
../../Data/downloads/zenodo_4628934_poultry_fecal/content (2)/imgSegmentation/healthy/healthy.1719.json,healthy.1719.jpg,healthy,1,train,1
../../Data/downloads/zenodo_4628934_poultry_fecal/content (2)/imgSegmentation/healthy/healthy.172.json,healthy.172.jpg,healthy,1,val,1
../../Data/downloads/zenodo_4628934_poultry_fecal/content (2)/imgSegmentation/healthy/healthy.1720.json,healthy.1720.jpg,healthy,1,train,1
../../Data/downloads/zenodo_4628934_poultry_fecal/content (2)/imgSegmentation/healthy/healthy.1721.json,healthy.1721.jpg,healthy,1,train,1
../../Data/downloads/zenodo_4628934_poultry_fecal/content (2)/imgSegmentation/healthy/healthy.1722.json,healthy.1722.jpg,healthy,1,train,1
../../Data/downloads/zenodo_4628934_poultry_fecal/content (2)/imgSegmentation/healthy/healthy.1723.json,healthy.1723.jpg,healthy,1,train,1
../../Data/downloads/zenodo_4628934_poultry_fecal/content (2)/imgSegmentation/healthy/healthy.1724.json,healthy.1724.jpg,healthy,1,train,1
../../Data/downloads/zenodo_4628934_poultry_fecal/content (2)/imgSegmentation/healthy/healthy.1725.json,healthy.1725.jpg,healthy,1,train,1
../../Data/downloads/zenodo_4628934_poultry_fecal/content (2)/imgSegmentation/healthy/healthy.1726.json,healthy.1726.jpg,healthy,1,train,1
../../Data/downloads/zenodo_4628934_poultry_fecal/content (2)/imgSegmentation/healthy/healthy.1727.json,healthy.1727.jpg,healthy,1,train,1
../../Data/downloads/zenodo_4628934_poultry_fecal/content (2)/imgSegmentation/healthy/healthy.1728.json,healthy.1728.jpg,healthy,1,val,1
../../Data/downloads/zenodo_4628934_poultry_fecal/content (2)/imgSegmentation/healthy/healthy.1729.json,healthy.1729.jpg,healthy,1,train,1
../../Data/downloads/zenodo_4628934_poultry_fecal/content (2)/imgSegmentation/healthy/healthy.173.json,healthy.173.jpg,healthy,1,train,1
../../Data/downloads/zenodo_4628934_poultry_fecal/content (2)/imgSegmentation/healthy/healthy.1730.json,healthy.1730.jpg,healthy,1,val,1
../../Data/downloads/zenodo_4628934_poultry_fecal/content (2)/imgSegmentation/healthy/healthy.1731.json,healthy.1731.jpg,healthy,1,test,1
../../Data/downloads/zenodo_4628934_poultry_fecal/content (2)/imgSegmentation/healthy/healthy.1732.json,healthy.1732.jpg,healthy,1,train,1
../../Data/downloads/zenodo_4628934_poultry_fecal/content (2)/imgSegmentation/healthy/healthy.1733.json,healthy.1733.jpg,healthy,1,val,1
../../Data/downloads/zenodo_4628934_poultry_fecal/content (2)/imgSegmentation/healthy/healthy.1734.json,healthy.1734.jpg,healthy,1,train,1
../../Data/downloads/zenodo_4628934_poultry_fecal/content (2)/imgSegmentation/healthy/healthy.1735.json,healthy.1735.jpg,healthy,1,test,1
../../Data/downloads/zenodo_4628934_poultry_fecal/content (2)/imgSegmentation/healthy/healthy.1736.json,healthy.1736.jpg,healthy,1,test,1
../../Data/downloads/zenodo_4628934_poultry_fecal/content (2)/imgSegmentation/healthy/healthy.1737.json,healthy.1737.jpg,healthy,1,train,1
../../Data/downloads/zenodo_4628934_poultry_fecal/content (2)/imgSegmentation/healthy/healthy.1738.json,healthy.1738.jpg,healthy,1,train,1
../../Data/downloads/zenodo_4628934_poultry_fecal/content (2)/imgSegmentation/healthy/healthy.1739.json,healthy.1739.jpg,healthy,1,train,1
../../Data/downloads/zenodo_4628934_poultry_fecal/content (2)/imgSegmentation/healthy/healthy.174.json,healthy.174.jpg,healthy,1,train,1
../../Data/downloads/zenodo_4628934_poultry_fecal/content (2)/imgSegmentation/healthy/healthy.1740.json,healthy.1740.jpg,healthy,1,train,1
../../Data/downloads/zenodo_4628934_poultry_fecal/content (2)/imgSegmentation/healthy/healthy.1741.json,healthy.1741.jpg,healthy,1,train,1
../../Data/downloads/zenodo_4628934_poultry_fecal/content (2)/imgSegmentation/healthy/healthy.1742.json,healthy.1742.jpg,healthy,1,test,1
../../Data/downloads/zenodo_4628934_poultry_fecal/content (2)/imgSegmentation/healthy/healthy.1743.json,healthy.1743.jpg,healthy,1,test,1
../../Data/downloads/zenodo_4628934_poultry_fecal/content (2)/imgSegmentation/healthy/healthy.1744.json,healthy.1744.jpg,healthy,1,train,1
../../Data/downloads/zenodo_4628934_poultry_fecal/content (2)/imgSegmentation/healthy/healthy.1745.json,healthy.1745.jpg,healthy,1,val,1
../../Data/downloads/zenodo_4628934_poultry_fecal/content (2)/imgSegmentation/healthy/healthy.1746.json,healthy.1746.jpg,healthy,1,train,1
../../Data/downloads/zenodo_4628934_poultry_fecal/content (2)/imgSegmentation/healthy/healthy.1747.json,healthy.1747.jpg,healthy,1,val,1
../../Data/downloads/zenodo_4628934_poultry_fecal/content (2)/imgSegmentation/healthy/healthy.1748.json,healthy.1748.jpg,healthy,1,test,1
../../Data/downloads/zenodo_4628934_poultry_fecal/content (2)/imgSegmentation/healthy/healthy.1749.json,healthy.1749.jpg,healthy,1,val,1
../../Data/downloads/zenodo_4628934_poultry_fecal/content (2)/imgSegmentation/healthy/healthy.175.json,healthy.175.jpg,healthy,1,train,1
../../Data/downloads/zenodo_4628934_poultry_fecal/content (2)/imgSegmentation/healthy/healthy.1750.json,healthy.1750.jpg,healthy,1,test,1
../../Data/downloads/zenodo_4628934_poultry_fecal/content (2)/imgSegmentation/healthy/healthy.1751.json,healthy.1751.jpg,healthy,1,train,1
../../Data/downloads/zenodo_4628934_poultry_fecal/content (2)/imgSegmentation/healthy/healthy.1752.json,healthy.1752.jpg,healthy,1,test,1
../../Data/downloads/zenodo_4628934_poultry_fecal/content (2)/imgSegmentation/healthy/healthy.1753.json,healthy.1753.jpg,healthy,1,train,1
../../Data/downloads/zenodo_4628934_poultry_fecal/content (2)/imgSegmentation/healthy/healthy.1754.json,healthy.1754.jpg,healthy,1,train,1
../../Data/downloads/zenodo_4628934_poultry_fecal/content (2)/imgSegmentation/healthy/healthy.1755.json,healthy.1755.jpg,healthy,1,train,1
../../Data/downloads/zenodo_4628934_poultry_fecal/content (2)/imgSegmentation/healthy/healthy.1756.json,healthy.1756.jpg,healthy,1,train,1
../../Data/downloads/zenodo_4628934_poultry_fecal/content (2)/imgSegmentation/healthy/healthy.1757.json,healthy.1757.jpg,healthy,1,train,1
../../Data/downloads/zenodo_4628934_poultry_fecal/content (2)/imgSegmentation/healthy/healthy.1758.json,healthy.1758.jpg,healthy,1,train,1
../../Data/downloads/zenodo_4628934_poultry_fecal/content (2)/imgSegmentation/healthy/healthy.1759.json,healthy.1759.jpg,healthy,1,train,1
../../Data/downloads/zenodo_4628934_poultry_fecal/content (2)/imgSegmentation/healthy/healthy.176.json,healthy.176.jpg,healthy,1,val,1
../../Data/downloads/zenodo_4628934_poultry_fecal/content (2)/imgSegmentation/healthy/healthy.1760.json,healthy.1760.jpg,healthy,1,train,1
../../Data/downloads/zenodo_4628934_poultry_fecal/content (2)/imgSegmentation/healthy/healthy.1761.json,healthy.1761.jpg,healthy,1,train,1
../../Data/downloads/zenodo_4628934_poultry_fecal/content (2)/imgSegmentation/healthy/healthy.1762.json,healthy.1762.jpg,healthy,1,train,1
../../Data/downloads/zenodo_4628934_poultry_fecal/content (2)/imgSegmentation/healthy/healthy.1763.json,healthy.1763.jpg,healthy,1,test,1
../../Data/downloads/zenodo_4628934_poultry_fecal/content (2)/imgSegmentation/healthy/healthy.1764.json,healthy.1764.jpg,healthy,1,val,1
../../Data/downloads/zenodo_4628934_poultry_fecal/content (2)/imgSegmentation/healthy/healthy.1765.json,healthy.1765.jpg,healthy,1,train,1
../../Data/downloads/zenodo_4628934_poultry_fecal/content (2)/imgSegmentation/healthy/healthy.1766.json,healthy.1766.jpg,healthy,1,train,1
../../Data/downloads/zenodo_4628934_poultry_fecal/content (2)/imgSegmentation/healthy/healthy.1767.json,healthy.1767.jpg,healthy,1,val,1
../../Data/downloads/zenodo_4628934_poultry_fecal/content (2)/imgSegmentation/healthy/healthy.1768.json,healthy.1768.jpg,healthy,1,val,1
../../Data/downloads/zenodo_4628934_poultry_fecal/content (2)/imgSegmentation/healthy/healthy.1769.json,healthy.1769.jpg,healthy,1,train,1
../../Data/downloads/zenodo_4628934_poultry_fecal/content (2)/imgSegmentation/healthy/healthy.177.json,healthy.177.jpg,healthy,1,train,1
../../Data/downloads/zenodo_4628934_poultry_fecal/content (2)/imgSegmentation/healthy/healthy.1770.json,healthy.1770.jpg,healthy,1,train,1
../../Data/downloads/zenodo_4628934_poultry_fecal/content (2)/imgSegmentation/healthy/healthy.1771.json,healthy.1771.jpg,healthy,1,train,1
../../Data/downloads/zenodo_4628934_poultry_fecal/content (2)/imgSegmentation/healthy/healthy.1772.json,healthy.1772.jpg,healthy,1,train,1
../../Data/downloads/zenodo_4628934_poultry_fecal/content (2)/imgSegmentation/healthy/healthy.1773.json,healthy.1773.jpg,healthy,1,train,1
../../Data/downloads/zenodo_4628934_poultry_fecal/content (2)/imgSegmentation/healthy/healthy.1774.json,healthy.1774.jpg,healthy,1,train,1
../../Data/downloads/zenodo_4628934_poultry_fecal/content (2)/imgSegmentation/healthy/healthy.1775.json,healthy.1775.jpg,healthy,1,train,1
../../Data/downloads/zenodo_4628934_poultry_fecal/content (2)/imgSegmentation/healthy/healthy.1776.json,healthy.1776.jpg,healthy,1,val,1
../../Data/downloads/zenodo_4628934_poultry_fecal/content (2)/imgSegmentation/healthy/healthy.1777.json,healthy.1777.jpg,healthy,1,test,1
../../Data/downloads/zenodo_4628934_poultry_fecal/content (2)/imgSegmentation/healthy/healthy.1778.json,healthy.1778.jpg,healthy,1,test,1
../../Data/downloads/zenodo_4628934_poultry_fecal/content (2)/imgSegmentation/healthy/healthy.1779.json,healthy.1779.jpg,healthy,1,train,1
../../Data/downloads/zenodo_4628934_poultry_fecal/content (2)/imgSegmentation/healthy/healthy.178.json,healthy.178.jpg,healthy,1,train,1
../../Data/downloads/zenodo_4628934_poultry_fecal/content (2)/imgSegmentation/healthy/healthy.1780.json,healthy.1780.jpg,healthy,1,val,1
../../Data/downloads/zenodo_4628934_poultry_fecal/content (2)/imgSegmentation/healthy/healthy.1781.json,healthy.1781.jpg,healthy,1,train,1
../../Data/downloads/zenodo_4628934_poultry_fecal/content (2)/imgSegmentation/healthy/healthy.1782.json,healthy.1782.jpg,healthy,1,train,1
../../Data/downloads/zenodo_4628934_poultry_fecal/content (2)/imgSegmentation/healthy/healthy.1783.json,healthy.1783.jpg,healthy,1,train,1
../../Data/downloads/zenodo_4628934_poultry_fecal/content (2)/imgSegmentation/healthy/healthy.1784.json,healthy.1784.jpg,healthy,1,train,1
../../Data/downloads/zenodo_4628934_poultry_fecal/content (2)/imgSegmentation/healthy/healthy.1785.json,healthy.1785.jpg,healthy,1,train,1
../../Data/downloads/zenodo_4628934_poultry_fecal/content (2)/imgSegmentation/healthy/healthy.1786.json,healthy.1786.jpg,healthy,1,train,1
../../Data/downloads/zenodo_4628934_poultry_fecal/content (2)/imgSegmentation/healthy/healthy.1787.json,healthy.1787.jpg,healthy,1,test,1
../../Data/downloads/zenodo_4628934_poultry_fecal/content (2)/imgSegmentation/healthy/healthy.1788.json,healthy.1788.jpg,healthy,1,train,1
../../Data/downloads/zenodo_4628934_poultry_fecal/content (2)/imgSegmentation/healthy/healthy.1789.json,healthy.1789.jpg,healthy,1,train,1
../../Data/downloads/zenodo_4628934_poultry_fecal/content (2)/imgSegmentation/healthy/healthy.179.json,healthy.179.jpg,healthy,1,train,1
../../Data/downloads/zenodo_4628934_poultry_fecal/content (2)/imgSegmentation/healthy/healthy.1790.json,healthy.1790.jpg,healthy,1,train,1
../../Data/downloads/zenodo_4628934_poultry_fecal/content (2)/imgSegmentation/healthy/healthy.1791.json,healthy.1791.jpg,healthy,1,test,1
../../Data/downloads/zenodo_4628934_poultry_fecal/content (2)/imgSegmentation/healthy/healthy.1792.json,healthy.1792.jpg,healthy,1,test,1
../../Data/downloads/zenodo_4628934_poultry_fecal/content (2)/imgSegmentation/healthy/healthy.1793.json,healthy.1793.jpg,healthy,1,train,1
../../Data/downloads/zenodo_4628934_poultry_fecal/content (2)/imgSegmentation/healthy/healthy.1794.json,healthy.1794.jpg,healthy,1,test,1
../../Data/downloads/zenodo_4628934_poultry_fecal/content (2)/imgSegmentation/healthy/healthy.1795.json,healthy.1795.jpg,healthy,1,train,1
../../Data/downloads/zenodo_4628934_poultry_fecal/content (2)/imgSegmentation/healthy/healthy.1796.json,healthy.1796.jpg,healthy,1,train,1
../../Data/downloads/zenodo_4628934_poultry_fecal/content (2)/imgSegmentation/healthy/healthy.1797.json,healthy.1797.jpg,healthy,1,train,1
../../Data/downloads/zenodo_4628934_poultry_fecal/content (2)/imgSegmentation/healthy/healthy.1798.json,healthy.1798.jpg,healthy,1,train,1
../../Data/downloads/zenodo_4628934_poultry_fecal/content (2)/imgSegmentation/healthy/healthy.1799.json,healthy.1799.jpg,healthy,1,train,1
../../Data/downloads/zenodo_4628934_poultry_fecal/content (2)/imgSegmentation/healthy/healthy.18.json,healthy.18.jpg,healthy,1,train,1
../../Data/downloads/zenodo_4628934_poultry_fecal/content (2)/imgSegmentation/healthy/healthy.180.json,healthy.180.jpg,healthy,1,val,1
../../Data/downloads/zenodo_4628934_poultry_fecal/content (2)/imgSegmentation/healthy/healthy.1800.json,healthy.1800.jpg,healthy,1,train,1
../../Data/downloads/zenodo_4628934_poultry_fecal/content (2)/imgSegmentation/healthy/healthy.1801.json,healthy.1801.jpg,healthy,1,train,1
../../Data/downloads/zenodo_4628934_poultry_fecal/content (2)/imgSegmentation/healthy/healthy.1802.json,healthy.1802.jpg,healthy,1,train,1
../../Data/downloads/zenodo_4628934_poultry_fecal/content (2)/imgSegmentation/healthy/healthy.1803.json,healthy.1803.jpg,healthy,1,train,1
../../Data/downloads/zenodo_4628934_poultry_fecal/content (2)/imgSegmentation/healthy/healthy.1804.json,healthy.1804.jpg,healthy,1,train,1
../../Data/downloads/zenodo_4628934_poultry_fecal/content (2)/imgSegmentation/healthy/healthy.1805.json,healthy.1805.jpg,healthy,1,test,1
../../Data/downloads/zenodo_4628934_poultry_fecal/content (2)/imgSegmentation/healthy/healthy.1806.json,healthy.1806.jpg,healthy,1,train,1
../../Data/downloads/zenodo_4628934_poultry_fecal/content (2)/imgSegmentation/healthy/healthy.1807.json,healthy.1807.jpg,healthy,1,test,1
../../Data/downloads/zenodo_4628934_poultry_fecal/content (2)/imgSegmentation/healthy/healthy.1808.json,healthy.1808.jpg,healthy,1,val,1
../../Data/downloads/zenodo_4628934_poultry_fecal/content (2)/imgSegmentation/healthy/healthy.1809.json,healthy.1809.jpg,healthy,1,test,1
../../Data/downloads/zenodo_4628934_poultry_fecal/content (2)/imgSegmentation/healthy/healthy.181.json,healthy.181.jpg,healthy,1,train,1
../../Data/downloads/zenodo_4628934_poultry_fecal/content (2)/imgSegmentation/healthy/healthy.1810.json,healthy.1810.jpg,healthy,1,train,1
../../Data/downloads/zenodo_4628934_poultry_fecal/content (2)/imgSegmentation/healthy/healthy.1811.json,healthy.1811.jpg,healthy,1,train,1
../../Data/downloads/zenodo_4628934_poultry_fecal/content (2)/imgSegmentation/healthy/healthy.1812.json,healthy.1812.jpg,healthy,1,train,1
../../Data/downloads/zenodo_4628934_poultry_fecal/content (2)/imgSegmentation/healthy/healthy.1813.json,healthy.1813.jpg,healthy,1,train,1
../../Data/downloads/zenodo_4628934_poultry_fecal/content (2)/imgSegmentation/healthy/healthy.1814.json,healthy.1814.jpg,healthy,1,test,1
../../Data/downloads/zenodo_4628934_poultry_fecal/content (2)/imgSegmentation/healthy/healthy.1815.json,healthy.1815.jpg,healthy,1,train,1
../../Data/downloads/zenodo_4628934_poultry_fecal/content (2)/imgSegmentation/healthy/healthy.1816.json,healthy.1816.jpg,healthy,1,val,1
../../Data/downloads/zenodo_4628934_poultry_fecal/content (2)/imgSegmentation/healthy/healthy.1817.json,healthy.1817.jpg,healthy,1,train,1
../../Data/downloads/zenodo_4628934_poultry_fecal/content (2)/imgSegmentation/healthy/healthy.1818.json,healthy.1818.jpg,healthy,1,val,1
../../Data/downloads/zenodo_4628934_poultry_fecal/content (2)/imgSegmentation/healthy/healthy.1819.json,healthy.1819.jpg,healthy,1,train,1
../../Data/downloads/zenodo_4628934_poultry_fecal/content (2)/imgSegmentation/healthy/healthy.182.json,healthy.182.jpg,healthy,1,train,1
../../Data/downloads/zenodo_4628934_poultry_fecal/content (2)/imgSegmentation/healthy/healthy.1820.json,healthy.1820.jpg,healthy,1,train,1
../../Data/downloads/zenodo_4628934_poultry_fecal/content (2)/imgSegmentation/healthy/healthy.1821.json,healthy.1821.jpg,healthy,1,train,1
../../Data/downloads/zenodo_4628934_poultry_fecal/content (2)/imgSegmentation/healthy/healthy.1822.json,healthy.1822.jpg,healthy,1,train,1
../../Data/downloads/zenodo_4628934_poultry_fecal/content (2)/imgSegmentation/healthy/healthy.1823.json,healthy.1823.jpg,healthy,1,test,1
../../Data/downloads/zenodo_4628934_poultry_fecal/content (2)/imgSegmentation/healthy/healthy.1824.json,healthy.1824.jpg,healthy,1,train,1
../../Data/downloads/zenodo_4628934_poultry_fecal/content (2)/imgSegmentation/healthy/healthy.1825.json,healthy.1825.jpg,healthy,1,train,1
../../Data/downloads/zenodo_4628934_poultry_fecal/content (2)/imgSegmentation/healthy/healthy.1826.json,healthy.1826.jpg,healthy,1,train,1
../../Data/downloads/zenodo_4628934_poultry_fecal/content (2)/imgSegmentation/healthy/healthy.1827.json,healthy.1827.jpg,healthy,1,train,1
../../Data/downloads/zenodo_4628934_poultry_fecal/content (2)/imgSegmentation/healthy/healthy.1828.json,healthy.1828.jpg,healthy,1,train,1
../../Data/downloads/zenodo_4628934_poultry_fecal/content (2)/imgSegmentation/healthy/healthy.1829.json,healthy.1829.jpg,healthy,1,test,1
../../Data/downloads/zenodo_4628934_poultry_fecal/content (2)/imgSegmentation/healthy/healthy.183.json,healthy.183.jpg,healthy,1,test,1
../../Data/downloads/zenodo_4628934_poultry_fecal/content (2)/imgSegmentation/healthy/healthy.1830.json,healthy.1830.jpg,healthy,1,val,1
../../Data/downloads/zenodo_4628934_poultry_fecal/content (2)/imgSegmentation/healthy/healthy.1831.json,healthy.1831.jpg,healthy,1,train,1
../../Data/downloads/zenodo_4628934_poultry_fecal/content (2)/imgSegmentation/healthy/healthy.1832.json,healthy.1832.jpg,healthy,1,train,1
../../Data/downloads/zenodo_4628934_poultry_fecal/content (2)/imgSegmentation/healthy/healthy.1833.json,healthy.1833.jpg,healthy,1,train,1
../../Data/downloads/zenodo_4628934_poultry_fecal/content (2)/imgSegmentation/healthy/healthy.1834.json,healthy.1834.jpg,healthy,1,train,1
../../Data/downloads/zenodo_4628934_poultry_fecal/content (2)/imgSegmentation/healthy/healthy.1835.json,healthy.1835.jpg,healthy,1,train,1
../../Data/downloads/zenodo_4628934_poultry_fecal/content (2)/imgSegmentation/healthy/healthy.1836.json,healthy.1836.jpg,healthy,1,val,1
../../Data/downloads/zenodo_4628934_poultry_fecal/content (2)/imgSegmentation/healthy/healthy.1837.json,healthy.1837.jpg,healthy,1,train,1
../../Data/downloads/zenodo_4628934_poultry_fecal/content (2)/imgSegmentation/healthy/healthy.1838.json,healthy.1838.jpg,healthy,1,val,1
../../Data/downloads/zenodo_4628934_poultry_fecal/content (2)/imgSegmentation/healthy/healthy.1839.json,healthy.1839.jpg,healthy,1,train,1
../../Data/downloads/zenodo_4628934_poultry_fecal/content (2)/imgSegmentation/healthy/healthy.184.json,healthy.184.jpg,healthy,1,train,1
../../Data/downloads/zenodo_4628934_poultry_fecal/content (2)/imgSegmentation/healthy/healthy.1840.json,healthy.1840.jpg,healthy,1,val,1
../../Data/downloads/zenodo_4628934_poultry_fecal/content (2)/imgSegmentation/healthy/healthy.1841.json,healthy.1841.jpg,healthy,1,train,1
../../Data/downloads/zenodo_4628934_poultry_fecal/content (2)/imgSegmentation/healthy/healthy.1842.json,healthy.1842.jpg,healthy,1,train,1
../../Data/downloads/zenodo_4628934_poultry_fecal/content (2)/imgSegmentation/healthy/healthy.1843.json,healthy.1843.jpg,healthy,1,train,1
../../Data/downloads/zenodo_4628934_poultry_fecal/content (2)/imgSegmentation/healthy/healthy.1844.json,healthy.1844.jpg,healthy,1,train,1
../../Data/downloads/zenodo_4628934_poultry_fecal/content (2)/imgSegmentation/healthy/healthy.1845.json,healthy.1845.jpg,healthy,1,train,1
../../Data/downloads/zenodo_4628934_poultry_fecal/content (2)/imgSegmentation/healthy/healthy.1846.json,healthy.1846.jpg,healthy,1,train,1
../../Data/downloads/zenodo_4628934_poultry_fecal/content (2)/imgSegmentation/healthy/healthy.1847.json,healthy.1847.jpg,healthy,1,train,1
../../Data/downloads/zenodo_4628934_poultry_fecal/content (2)/imgSegmentation/healthy/healthy.1848.json,healthy.1848.jpg,healthy,1,test,1
../../Data/downloads/zenodo_4628934_poultry_fecal/content (2)/imgSegmentation/healthy/healthy.1849.json,healthy.1849.jpg,healthy,1,train,1
../../Data/downloads/zenodo_4628934_poultry_fecal/content (2)/imgSegmentation/healthy/healthy.185.json,healthy.185.jpg,healthy,1,train,1
../../Data/downloads/zenodo_4628934_poultry_fecal/content (2)/imgSegmentation/healthy/healthy.1850.json,healthy.1850.jpg,healthy,1,train,1
../../Data/downloads/zenodo_4628934_poultry_fecal/content (2)/imgSegmentation/healthy/healthy.1851.json,healthy.1851.jpg,healthy,1,train,1
../../Data/downloads/zenodo_4628934_poultry_fecal/content (2)/imgSegmentation/healthy/healthy.1852.json,healthy.1852.jpg,healthy,1,train,1
../../Data/downloads/zenodo_4628934_poultry_fecal/content (2)/imgSegmentation/healthy/healthy.1853.json,healthy.1853.jpg,healthy,1,train,1
../../Data/downloads/zenodo_4628934_poultry_fecal/content (2)/imgSegmentation/healthy/healthy.1854.json,healthy.1854.jpg,healthy,1,test,1
../../Data/downloads/zenodo_4628934_poultry_fecal/content (2)/imgSegmentation/healthy/healthy.1855.json,healthy.1855.jpg,healthy,1,train,1
../../Data/downloads/zenodo_4628934_poultry_fecal/content (2)/imgSegmentation/healthy/healthy.1856.json,healthy.1856.jpg,healthy,1,test,1
../../Data/downloads/zenodo_4628934_poultry_fecal/content (2)/imgSegmentation/healthy/healthy.1857.json,healthy.1857.jpg,healthy,1,test,1
../../Data/downloads/zenodo_4628934_poultry_fecal/content (2)/imgSegmentation/healthy/healthy.1858.json,healthy.1858.jpg,healthy,1,test,1
../../Data/downloads/zenodo_4628934_poultry_fecal/content (2)/imgSegmentation/healthy/healthy.1859.json,healthy.1859.jpg,healthy,1,train,1
../../Data/downloads/zenodo_4628934_poultry_fecal/content (2)/imgSegmentation/healthy/healthy.186.json,healthy.186.jpg,healthy,1,train,1
../../Data/downloads/zenodo_4628934_poultry_fecal/content (2)/imgSegmentation/healthy/healthy.1860.json,healthy.1860.jpg,healthy,1,test,1
../../Data/downloads/zenodo_4628934_poultry_fecal/content (2)/imgSegmentation/healthy/healthy.1861.json,healthy.1861.jpg,healthy,1,train,1
../../Data/downloads/zenodo_4628934_poultry_fecal/content (2)/imgSegmentation/healthy/healthy.1862.json,healthy.1862.jpg,healthy,1,test,1
../../Data/downloads/zenodo_4628934_poultry_fecal/content (2)/imgSegmentation/healthy/healthy.1863.json,healthy.1863.jpg,healthy,1,val,1
../../Data/downloads/zenodo_4628934_poultry_fecal/content (2)/imgSegmentation/healthy/healthy.1864.json,healthy.1864.jpg,healthy,1,train,1
../../Data/downloads/zenodo_4628934_poultry_fecal/content (2)/imgSegmentation/healthy/healthy.1865.json,healthy.1865.jpg,healthy,1,train,1
../../Data/downloads/zenodo_4628934_poultry_fecal/content (2)/imgSegmentation/healthy/healthy.1866.json,healthy.1866.jpg,healthy,1,train,1
../../Data/downloads/zenodo_4628934_poultry_fecal/content (2)/imgSegmentation/healthy/healthy.1867.json,healthy.1867.jpg,healthy,1,train,1
../../Data/downloads/zenodo_4628934_poultry_fecal/content (2)/imgSegmentation/healthy/healthy.1868.json,healthy.1868.jpg,healthy,1,train,1
../../Data/downloads/zenodo_4628934_poultry_fecal/content (2)/imgSegmentation/healthy/healthy.1869.json,healthy.1869.jpg,healthy,1,train,1
../../Data/downloads/zenodo_4628934_poultry_fecal/content (2)/imgSegmentation/healthy/healthy.187.json,healthy.187.jpg,healthy,1,test,1
../../Data/downloads/zenodo_4628934_poultry_fecal/content (2)/imgSegmentation/healthy/healthy.1870.json,healthy.1870.jpg,healthy,1,train,1
../../Data/downloads/zenodo_4628934_poultry_fecal/content (2)/imgSegmentation/healthy/healthy.1871.json,healthy.1871.jpg,healthy,1,test,1
../../Data/downloads/zenodo_4628934_poultry_fecal/content (2)/imgSegmentation/healthy/healthy.1872.json,healthy.1872.jpg,healthy,1,train,1
../../Data/downloads/zenodo_4628934_poultry_fecal/content (2)/imgSegmentation/healthy/healthy.1873.json,healthy.1873.jpg,healthy,1,train,1
../../Data/downloads/zenodo_4628934_poultry_fecal/content (2)/imgSegmentation/healthy/healthy.1874.json,healthy.1874.jpg,healthy,1,train,1
../../Data/downloads/zenodo_4628934_poultry_fecal/content (2)/imgSegmentation/healthy/healthy.1875.json,healthy.1875.jpg,healthy,1,val,1
../../Data/downloads/zenodo_4628934_poultry_fecal/content (2)/imgSegmentation/healthy/healthy.1876.json,healthy.1876.jpg,healthy,1,train,1
../../Data/downloads/zenodo_4628934_poultry_fecal/content (2)/imgSegmentation/healthy/healthy.1877.json,healthy.1877.jpg,healthy,1,val,1
../../Data/downloads/zenodo_4628934_poultry_fecal/content (2)/imgSegmentation/healthy/healthy.1878.json,healthy.1878.jpg,healthy,1,val,1
../../Data/downloads/zenodo_4628934_poultry_fecal/content (2)/imgSegmentation/healthy/healthy.1879.json,healthy.1879.jpg,healthy,1,train,1
../../Data/downloads/zenodo_4628934_poultry_fecal/content (2)/imgSegmentation/healthy/healthy.188.json,healthy.188.jpg,healthy,1,train,1
../../Data/downloads/zenodo_4628934_poultry_fecal/content (2)/imgSegmentation/healthy/healthy.1880.json,healthy.1880.jpg,healthy,1,val,1
../../Data/downloads/zenodo_4628934_poultry_fecal/content (2)/imgSegmentation/healthy/healthy.1881.json,healthy.1881.jpg,healthy,1,train,1
../../Data/downloads/zenodo_4628934_poultry_fecal/content (2)/imgSegmentation/healthy/healthy.1882.json,healthy.1882.jpg,healthy,1,train,1
../../Data/downloads/zenodo_4628934_poultry_fecal/content (2)/imgSegmentation/healthy/healthy.1883.json,healthy.1883.jpg,healthy,1,train,1
../../Data/downloads/zenodo_4628934_poultry_fecal/content (2)/imgSegmentation/healthy/healthy.1884.json,healthy.1884.jpg,healthy,1,val,1
../../Data/downloads/zenodo_4628934_poultry_fecal/content (2)/imgSegmentation/healthy/healthy.1885.json,healthy.1885.jpg,healthy,1,train,1
../../Data/downloads/zenodo_4628934_poultry_fecal/content (2)/imgSegmentation/healthy/healthy.1886.json,healthy.1886.jpg,healthy,1,train,1
../../Data/downloads/zenodo_4628934_poultry_fecal/content (2)/imgSegmentation/healthy/healthy.1887.json,healthy.1887.jpg,healthy,1,test,1
../../Data/downloads/zenodo_4628934_poultry_fecal/content (2)/imgSegmentation/healthy/healthy.1888.json,healthy.1888.jpg,healthy,1,train,1
../../Data/downloads/zenodo_4628934_poultry_fecal/content (2)/imgSegmentation/healthy/healthy.1889.json,healthy.1889.jpg,healthy,1,train,1
../../Data/downloads/zenodo_4628934_poultry_fecal/content (2)/imgSegmentation/healthy/healthy.189.json,healthy.189.jpg,healthy,1,val,1
../../Data/downloads/zenodo_4628934_poultry_fecal/content (2)/imgSegmentation/healthy/healthy.1890.json,healthy.1890.jpg,healthy,1,train,1
../../Data/downloads/zenodo_4628934_poultry_fecal/content (2)/imgSegmentation/healthy/healthy.1891.json,healthy.1891.jpg,healthy,1,train,1
../../Data/downloads/zenodo_4628934_poultry_fecal/content (2)/imgSegmentation/healthy/healthy.1892.json,healthy.1892.jpg,healthy,1,train,1
../../Data/downloads/zenodo_4628934_poultry_fecal/content (2)/imgSegmentation/healthy/healthy.1893.json,healthy.1893.jpg,healthy,1,train,1
../../Data/downloads/zenodo_4628934_poultry_fecal/content (2)/imgSegmentation/healthy/healthy.1894.json,healthy.1894.jpg,healthy,1,train,1
../../Data/downloads/zenodo_4628934_poultry_fecal/content (2)/imgSegmentation/healthy/healthy.1895.json,healthy.1895.jpg,healthy,1,val,1
../../Data/downloads/zenodo_4628934_poultry_fecal/content (2)/imgSegmentation/healthy/healthy.1896.json,healthy.1896.jpg,healthy,1,train,1
../../Data/downloads/zenodo_4628934_poultry_fecal/content (2)/imgSegmentation/healthy/healthy.1897.json,healthy.1897.jpg,healthy,1,train,1
../../Data/downloads/zenodo_4628934_poultry_fecal/content (2)/imgSegmentation/healthy/healthy.1898.json,healthy.1898.jpg,healthy,1,val,1
../../Data/downloads/zenodo_4628934_poultry_fecal/content (2)/imgSegmentation/healthy/healthy.1899.json,healthy.1899.jpg,healthy,1,val,1
../../Data/downloads/zenodo_4628934_poultry_fecal/content (2)/imgSegmentation/healthy/healthy.19.json,healthy.19.jpg,healthy,1,test,1
../../Data/downloads/zenodo_4628934_poultry_fecal/content (2)/imgSegmentation/healthy/healthy.190.json,healthy.190.jpg,healthy,1,val,1
../../Data/downloads/zenodo_4628934_poultry_fecal/content (2)/imgSegmentation/healthy/healthy.1900.json,healthy.1900.jpg,healthy,1,test,1
../../Data/downloads/zenodo_4628934_poultry_fecal/content (2)/imgSegmentation/healthy/healthy.1901.json,healthy.1901.jpg,healthy,1,train,1
../../Data/downloads/zenodo_4628934_poultry_fecal/content (2)/imgSegmentation/healthy/healthy.1902.json,healthy.1902.jpg,healthy,1,train,1
../../Data/downloads/zenodo_4628934_poultry_fecal/content (2)/imgSegmentation/healthy/healthy.1903.json,healthy.1903.jpg,healthy,1,train,1
../../Data/downloads/zenodo_4628934_poultry_fecal/content (2)/imgSegmentation/healthy/healthy.1904.json,healthy.1904.jpg,healthy,1,train,1
../../Data/downloads/zenodo_4628934_poultry_fecal/content (2)/imgSegmentation/healthy/healthy.1905.json,healthy.1905.jpg,healthy,1,val,1
../../Data/downloads/zenodo_4628934_poultry_fecal/content (2)/imgSegmentation/healthy/healthy.1906.json,healthy.1906.jpg,healthy,1,train,1
../../Data/downloads/zenodo_4628934_poultry_fecal/content (2)/imgSegmentation/healthy/healthy.1907.json,healthy.1907.jpg,healthy,1,test,1
../../Data/downloads/zenodo_4628934_poultry_fecal/content (2)/imgSegmentation/healthy/healthy.1908.json,healthy.1908.jpg,healthy,1,val,1
../../Data/downloads/zenodo_4628934_poultry_fecal/content (2)/imgSegmentation/healthy/healthy.1909.json,healthy.1909.jpg,healthy,1,train,1
../../Data/downloads/zenodo_4628934_poultry_fecal/content (2)/imgSegmentation/healthy/healthy.191.json,healthy.191.jpg,healthy,1,train,1
../../Data/downloads/zenodo_4628934_poultry_fecal/content (2)/imgSegmentation/healthy/healthy.1910.json,healthy.1910.jpg,healthy,1,test,1
../../Data/downloads/zenodo_4628934_poultry_fecal/content (2)/imgSegmentation/healthy/healthy.1911.json,healthy.1911.jpg,healthy,1,train,1
../../Data/downloads/zenodo_4628934_poultry_fecal/content (2)/imgSegmentation/healthy/healthy.1912.json,healthy.1912.jpg,healthy,1,train,1
../../Data/downloads/zenodo_4628934_poultry_fecal/content (2)/imgSegmentation/healthy/healthy.1913.json,healthy.1913.jpg,healthy,1,test,1
../../Data/downloads/zenodo_4628934_poultry_fecal/content (2)/imgSegmentation/healthy/healthy.1914.json,healthy.1914.jpg,healthy,1,train,1
../../Data/downloads/zenodo_4628934_poultry_fecal/content (2)/imgSegmentation/healthy/healthy.1915.json,healthy.1915.jpg,healthy,1,train,1
../../Data/downloads/zenodo_4628934_poultry_fecal/content (2)/imgSegmentation/healthy/healthy.1916.json,healthy.1916.jpg,healthy,1,test,1
../../Data/downloads/zenodo_4628934_poultry_fecal/content (2)/imgSegmentation/healthy/healthy.1917.json,healthy.1917.jpg,healthy,1,train,1
../../Data/downloads/zenodo_4628934_poultry_fecal/content (2)/imgSegmentation/healthy/healthy.1918.json,healthy.1918.jpg,healthy,1,test,1
../../Data/downloads/zenodo_4628934_poultry_fecal/content (2)/imgSegmentation/healthy/healthy.1919.json,healthy.1919.jpg,healthy,1,train,1
../../Data/downloads/zenodo_4628934_poultry_fecal/content (2)/imgSegmentation/healthy/healthy.192.json,healthy.192.jpg,healthy,1,train,1
../../Data/downloads/zenodo_4628934_poultry_fecal/content (2)/imgSegmentation/healthy/healthy.1920.json,healthy.1920.jpg,healthy,1,train,1
../../Data/downloads/zenodo_4628934_poultry_fecal/content (2)/imgSegmentation/healthy/healthy.1921.json,healthy.1921.jpg,healthy,1,train,1
../../Data/downloads/zenodo_4628934_poultry_fecal/content (2)/imgSegmentation/healthy/healthy.1922.json,healthy.1922.jpg,healthy,1,train,1
../../Data/downloads/zenodo_4628934_poultry_fecal/content (2)/imgSegmentation/healthy/healthy.1923.json,healthy.1923.jpg,healthy,1,train,1
../../Data/downloads/zenodo_4628934_poultry_fecal/content (2)/imgSegmentation/healthy/healthy.1924.json,healthy.1924.jpg,healthy,1,train,1
../../Data/downloads/zenodo_4628934_poultry_fecal/content (2)/imgSegmentation/healthy/healthy.1925.json,healthy.1925.jpg,healthy,1,train,1
../../Data/downloads/zenodo_4628934_poultry_fecal/content (2)/imgSegmentation/healthy/healthy.1926.json,healthy.1926.jpg,healthy,1,train,1
../../Data/downloads/zenodo_4628934_poultry_fecal/content (2)/imgSegmentation/healthy/healthy.1927.json,healthy.1927.jpg,healthy,1,val,1
../../Data/downloads/zenodo_4628934_poultry_fecal/content (2)/imgSegmentation/healthy/healthy.1928.json,healthy.1928.jpg,healthy,1,val,1
../../Data/downloads/zenodo_4628934_poultry_fecal/content (2)/imgSegmentation/healthy/healthy.1929.json,healthy.1929.jpg,healthy,1,train,1
../../Data/downloads/zenodo_4628934_poultry_fecal/content (2)/imgSegmentation/healthy/healthy.193.json,healthy.193.jpg,healthy,1,val,1
../../Data/downloads/zenodo_4628934_poultry_fecal/content (2)/imgSegmentation/healthy/healthy.1930.json,healthy.1930.jpg,healthy,1,train,1
../../Data/downloads/zenodo_4628934_poultry_fecal/content (2)/imgSegmentation/healthy/healthy.1931.json,healthy.1931.jpg,healthy,1,val,1
../../Data/downloads/zenodo_4628934_poultry_fecal/content (2)/imgSegmentation/healthy/healthy.1932.json,healthy.1932.jpg,healthy,1,val,1
../../Data/downloads/zenodo_4628934_poultry_fecal/content (2)/imgSegmentation/healthy/healthy.1933.json,healthy.1933.jpg,healthy,1,train,1
../../Data/downloads/zenodo_4628934_poultry_fecal/content (2)/imgSegmentation/healthy/healthy.1934.json,healthy.1934.jpg,healthy,1,test,1
../../Data/downloads/zenodo_4628934_poultry_fecal/content (2)/imgSegmentation/healthy/healthy.1935.json,healthy.1935.jpg,healthy,1,train,1
../../Data/downloads/zenodo_4628934_poultry_fecal/content (2)/imgSegmentation/healthy/healthy.1936.json,healthy.1936.jpg,healthy,1,train,1
../../Data/downloads/zenodo_4628934_poultry_fecal/content (2)/imgSegmentation/healthy/healthy.1937.json,healthy.1937.jpg,healthy,1,train,1
../../Data/downloads/zenodo_4628934_poultry_fecal/content (2)/imgSegmentation/healthy/healthy.1938.json,healthy.1938.jpg,healthy,1,train,1
../../Data/downloads/zenodo_4628934_poultry_fecal/content (2)/imgSegmentation/healthy/healthy.1939.json,healthy.1939.jpg,healthy,1,train,1
../../Data/downloads/zenodo_4628934_poultry_fecal/content (2)/imgSegmentation/healthy/healthy.194.json,healthy.194.jpg,healthy,1,train,1
../../Data/downloads/zenodo_4628934_poultry_fecal/content (2)/imgSegmentation/healthy/healthy.1940.json,healthy.1940.jpg,healthy,1,val,1
../../Data/downloads/zenodo_4628934_poultry_fecal/content (2)/imgSegmentation/healthy/healthy.1941.json,healthy.1941.jpg,healthy,1,train,1
../../Data/downloads/zenodo_4628934_poultry_fecal/content (2)/imgSegmentation/healthy/healthy.1942.json,healthy.1942.jpg,healthy,1,train,1
../../Data/downloads/zenodo_4628934_poultry_fecal/content (2)/imgSegmentation/healthy/healthy.1943.json,healthy.1943.jpg,healthy,1,train,1
../../Data/downloads/zenodo_4628934_poultry_fecal/content (2)/imgSegmentation/healthy/healthy.1944.json,healthy.1944.jpg,healthy,1,train,1
../../Data/downloads/zenodo_4628934_poultry_fecal/content (2)/imgSegmentation/healthy/healthy.1945.json,healthy.1945.jpg,healthy,1,train,1
../../Data/downloads/zenodo_4628934_poultry_fecal/content (2)/imgSegmentation/healthy/healthy.1946.json,healthy.1946.jpg,healthy,1,test,1
../../Data/downloads/zenodo_4628934_poultry_fecal/content (2)/imgSegmentation/healthy/healthy.1947.json,healthy.1947.jpg,healthy,1,train,1
../../Data/downloads/zenodo_4628934_poultry_fecal/content (2)/imgSegmentation/healthy/healthy.1948.json,healthy.1948.jpg,healthy,1,train,1
../../Data/downloads/zenodo_4628934_poultry_fecal/content (2)/imgSegmentation/healthy/healthy.1949.json,healthy.1949.jpg,healthy,1,val,1
../../Data/downloads/zenodo_4628934_poultry_fecal/content (2)/imgSegmentation/healthy/healthy.195.json,healthy.195.jpg,healthy,1,train,1
../../Data/downloads/zenodo_4628934_poultry_fecal/content (2)/imgSegmentation/healthy/healthy.1950.json,healthy.1950.jpg,healthy,1,train,1
../../Data/downloads/zenodo_4628934_poultry_fecal/content (2)/imgSegmentation/healthy/healthy.1951.json,healthy.1951.jpg,healthy,1,train,1
../../Data/downloads/zenodo_4628934_poultry_fecal/content (2)/imgSegmentation/healthy/healthy.1952.json,healthy.1952.jpg,healthy,1,train,1
../../Data/downloads/zenodo_4628934_poultry_fecal/content (2)/imgSegmentation/healthy/healthy.1953.json,healthy.1953.jpg,healthy,1,train,1
../../Data/downloads/zenodo_4628934_poultry_fecal/content (2)/imgSegmentation/healthy/healthy.1954.json,healthy.1954.jpg,healthy,1,train,1
../../Data/downloads/zenodo_4628934_poultry_fecal/content (2)/imgSegmentation/healthy/healthy.1955.json,healthy.1955.jpg,healthy,1,train,1
../../Data/downloads/zenodo_4628934_poultry_fecal/content (2)/imgSegmentation/healthy/healthy.1956.json,healthy.1956.jpg,healthy,1,test,1
../../Data/downloads/zenodo_4628934_poultry_fecal/content (2)/imgSegmentation/healthy/healthy.1957.json,healthy.1957.jpg,healthy,1,train,1
../../Data/downloads/zenodo_4628934_poultry_fecal/content (2)/imgSegmentation/healthy/healthy.1958.json,healthy.1958.jpg,healthy,1,train,1
../../Data/downloads/zenodo_4628934_poultry_fecal/content (2)/imgSegmentation/healthy/healthy.1959.json,healthy.1959.jpg,healthy,1,train,1
../../Data/downloads/zenodo_4628934_poultry_fecal/content (2)/imgSegmentation/healthy/healthy.196.json,healthy.196.jpg,healthy,1,train,1
../../Data/downloads/zenodo_4628934_poultry_fecal/content (2)/imgSegmentation/healthy/healthy.1960.json,healthy.1960.jpg,healthy,1,val,1
../../Data/downloads/zenodo_4628934_poultry_fecal/content (2)/imgSegmentation/healthy/healthy.1961.json,healthy.1961.jpg,healthy,1,train,1
../../Data/downloads/zenodo_4628934_poultry_fecal/content (2)/imgSegmentation/healthy/healthy.1962.json,healthy.1962.jpg,healthy,1,test,1
../../Data/downloads/zenodo_4628934_poultry_fecal/content (2)/imgSegmentation/healthy/healthy.1963.json,healthy.1963.jpg,healthy,1,train,1
../../Data/downloads/zenodo_4628934_poultry_fecal/content (2)/imgSegmentation/healthy/healthy.1964.json,healthy.1964.jpg,healthy,1,test,1
../../Data/downloads/zenodo_4628934_poultry_fecal/content (2)/imgSegmentation/healthy/healthy.1965.json,healthy.1965.jpg,healthy,1,train,1
../../Data/downloads/zenodo_4628934_poultry_fecal/content (2)/imgSegmentation/healthy/healthy.1966.json,healthy.1966.jpg,healthy,1,train,1
../../Data/downloads/zenodo_4628934_poultry_fecal/content (2)/imgSegmentation/healthy/healthy.1967.json,healthy.1967.jpg,healthy,1,train,1
../../Data/downloads/zenodo_4628934_poultry_fecal/content (2)/imgSegmentation/healthy/healthy.1968.json,healthy.1968.jpg,healthy,1,test,1
../../Data/downloads/zenodo_4628934_poultry_fecal/content (2)/imgSegmentation/healthy/healthy.1969.json,healthy.1969.jpg,healthy,1,train,1
../../Data/downloads/zenodo_4628934_poultry_fecal/content (2)/imgSegmentation/healthy/healthy.197.json,healthy.197.jpg,healthy,1,train,1
../../Data/downloads/zenodo_4628934_poultry_fecal/content (2)/imgSegmentation/healthy/healthy.1970.json,healthy.1970.jpg,healthy,1,val,1
../../Data/downloads/zenodo_4628934_poultry_fecal/content (2)/imgSegmentation/healthy/healthy.1971.json,healthy.1971.jpg,healthy,1,train,1
../../Data/downloads/zenodo_4628934_poultry_fecal/content (2)/imgSegmentation/healthy/healthy.1972.json,healthy.1972.jpg,healthy,1,train,1
../../Data/downloads/zenodo_4628934_poultry_fecal/content (2)/imgSegmentation/healthy/healthy.1973.json,healthy.1973.jpg,healthy,1,train,1
../../Data/downloads/zenodo_4628934_poultry_fecal/content (2)/imgSegmentation/healthy/healthy.1974.json,healthy.1974.jpg,healthy,1,train,1
../../Data/downloads/zenodo_4628934_poultry_fecal/content (2)/imgSegmentation/healthy/healthy.1975.json,healthy.1975.jpg,healthy,1,test,1
../../Data/downloads/zenodo_4628934_poultry_fecal/content (2)/imgSegmentation/healthy/healthy.1976.json,healthy.1976.jpg,healthy,1,test,1
../../Data/downloads/zenodo_4628934_poultry_fecal/content (2)/imgSegmentation/healthy/healthy.1977.json,healthy.1977.jpg,healthy,1,train,1
../../Data/downloads/zenodo_4628934_poultry_fecal/content (2)/imgSegmentation/healthy/healthy.1978.json,healthy.1978.jpg,healthy,1,test,1
../../Data/downloads/zenodo_4628934_poultry_fecal/content (2)/imgSegmentation/healthy/healthy.1979.json,healthy.1979.jpg,healthy,1,train,1
../../Data/downloads/zenodo_4628934_poultry_fecal/content (2)/imgSegmentation/healthy/healthy.198.json,healthy.198.jpg,healthy,1,train,1
../../Data/downloads/zenodo_4628934_poultry_fecal/content (2)/imgSegmentation/healthy/healthy.1980.json,healthy.1980.jpg,healthy,1,train,1
../../Data/downloads/zenodo_4628934_poultry_fecal/content (2)/imgSegmentation/healthy/healthy.1981.json,healthy.1981.jpg,healthy,1,train,1
../../Data/downloads/zenodo_4628934_poultry_fecal/content (2)/imgSegmentation/healthy/healthy.1982.json,healthy.1982.jpg,healthy,1,val,1
../../Data/downloads/zenodo_4628934_poultry_fecal/content (2)/imgSegmentation/healthy/healthy.1983.json,healthy.1983.jpg,healthy,1,test,1
../../Data/downloads/zenodo_4628934_poultry_fecal/content (2)/imgSegmentation/healthy/healthy.1984.json,healthy.1984.jpg,healthy,1,train,1
../../Data/downloads/zenodo_4628934_poultry_fecal/content (2)/imgSegmentation/healthy/healthy.1985.json,healthy.1985.jpg,healthy,1,train,1
../../Data/downloads/zenodo_4628934_poultry_fecal/content (2)/imgSegmentation/healthy/healthy.1986.json,healthy.1986.jpg,healthy,1,val,1
../../Data/downloads/zenodo_4628934_poultry_fecal/content (2)/imgSegmentation/healthy/healthy.1987.json,healthy.1987.jpg,healthy,1,train,1
../../Data/downloads/zenodo_4628934_poultry_fecal/content (2)/imgSegmentation/healthy/healthy.1988.json,healthy.1988.jpg,healthy,1,train,1
../../Data/downloads/zenodo_4628934_poultry_fecal/content (2)/imgSegmentation/healthy/healthy.1989.json,healthy.1989.jpg,healthy,1,val,1
../../Data/downloads/zenodo_4628934_poultry_fecal/content (2)/imgSegmentation/healthy/healthy.199.json,healthy.199.jpg,healthy,1,train,1
../../Data/downloads/zenodo_4628934_poultry_fecal/content (2)/imgSegmentation/healthy/healthy.1990.json,healthy.1990.jpg,healthy,1,train,1
../../Data/downloads/zenodo_4628934_poultry_fecal/content (2)/imgSegmentation/healthy/healthy.1991.json,healthy.1991.jpg,healthy,1,train,1
../../Data/downloads/zenodo_4628934_poultry_fecal/content (2)/imgSegmentation/healthy/healthy.1992.json,healthy.1992.jpg,healthy,1,train,1
../../Data/downloads/zenodo_4628934_poultry_fecal/content (2)/imgSegmentation/healthy/healthy.1993.json,healthy.1993.jpg,healthy,1,train,1
../../Data/downloads/zenodo_4628934_poultry_fecal/content (2)/imgSegmentation/healthy/healthy.1994.json,healthy.1994.jpg,healthy,1,val,1
../../Data/downloads/zenodo_4628934_poultry_fecal/content (2)/imgSegmentation/healthy/healthy.1995.json,healthy.1995.jpg,healthy,1,train,1
../../Data/downloads/zenodo_4628934_poultry_fecal/content (2)/imgSegmentation/healthy/healthy.1996.json,healthy.1996.jpg,healthy,1,val,1
../../Data/downloads/zenodo_4628934_poultry_fecal/content (2)/imgSegmentation/healthy/healthy.1997.json,healthy.1997.jpg,healthy,1,train,1
../../Data/downloads/zenodo_4628934_poultry_fecal/content (2)/imgSegmentation/healthy/healthy.1998.json,healthy.1998.jpg,healthy,1,val,1
../../Data/downloads/zenodo_4628934_poultry_fecal/content (2)/imgSegmentation/healthy/healthy.1999.json,healthy.1999.jpg,healthy,1,train,1
../../Data/downloads/zenodo_4628934_poultry_fecal/content (2)/imgSegmentation/healthy/healthy.2.json,healthy.2.jpg,healthy,1,val,1
../../Data/downloads/zenodo_4628934_poultry_fecal/content (2)/imgSegmentation/healthy/healthy.20.json,healthy.20.jpg,healthy,1,val,1
../../Data/downloads/zenodo_4628934_poultry_fecal/content (2)/imgSegmentation/healthy/healthy.200.json,healthy.200.jpg,healthy,1,test,1
../../Data/downloads/zenodo_4628934_poultry_fecal/content (2)/imgSegmentation/healthy/healthy.2000.json,healthy.2000.jpg,healthy,1,train,1
../../Data/downloads/zenodo_4628934_poultry_fecal/content (2)/imgSegmentation/healthy/healthy.2001.json,healthy.2001.jpg,healthy,1,train,1
../../Data/downloads/zenodo_4628934_poultry_fecal/content (2)/imgSegmentation/healthy/healthy.2002.json,healthy.2002.jpg,healthy,1,val,1
../../Data/downloads/zenodo_4628934_poultry_fecal/content (2)/imgSegmentation/healthy/healthy.2003.json,healthy.2003.jpg,healthy,1,train,1
../../Data/downloads/zenodo_4628934_poultry_fecal/content (2)/imgSegmentation/healthy/healthy.2004.json,healthy.2004.jpg,healthy,1,train,1
../../Data/downloads/zenodo_4628934_poultry_fecal/content (2)/imgSegmentation/healthy/healthy.2005.json,healthy.2005.jpg,healthy,1,val,1
../../Data/downloads/zenodo_4628934_poultry_fecal/content (2)/imgSegmentation/healthy/healthy.2006.json,healthy.2006.jpg,healthy,1,train,1
../../Data/downloads/zenodo_4628934_poultry_fecal/content (2)/imgSegmentation/healthy/healthy.2007.json,healthy.2007.jpg,healthy,1,train,1
../../Data/downloads/zenodo_4628934_poultry_fecal/content (2)/imgSegmentation/healthy/healthy.2008.json,healthy.2008.jpg,healthy,1,train,1
../../Data/downloads/zenodo_4628934_poultry_fecal/content (2)/imgSegmentation/healthy/healthy.2009.json,healthy.2009.jpg,healthy,1,train,1
../../Data/downloads/zenodo_4628934_poultry_fecal/content (2)/imgSegmentation/healthy/healthy.201.json,healthy.201.jpg,healthy,1,train,1
../../Data/downloads/zenodo_4628934_poultry_fecal/content (2)/imgSegmentation/healthy/healthy.2010.json,healthy.2010.jpg,healthy,1,test,1
../../Data/downloads/zenodo_4628934_poultry_fecal/content (2)/imgSegmentation/healthy/healthy.2011.json,healthy.2011.jpg,healthy,1,test,1
../../Data/downloads/zenodo_4628934_poultry_fecal/content (2)/imgSegmentation/healthy/healthy.2012.json,healthy.2012.jpg,healthy,1,val,1
../../Data/downloads/zenodo_4628934_poultry_fecal/content (2)/imgSegmentation/healthy/healthy.2013.json,healthy.2013.jpg,healthy,1,train,1
../../Data/downloads/zenodo_4628934_poultry_fecal/content (2)/imgSegmentation/healthy/healthy.2014.json,healthy.2014.jpg,healthy,1,test,1
../../Data/downloads/zenodo_4628934_poultry_fecal/content (2)/imgSegmentation/healthy/healthy.2015.json,healthy.2015.jpg,healthy,1,test,1
../../Data/downloads/zenodo_4628934_poultry_fecal/content (2)/imgSegmentation/healthy/healthy.2016.json,healthy.2016.jpg,healthy,1,test,1
../../Data/downloads/zenodo_4628934_poultry_fecal/content (2)/imgSegmentation/healthy/healthy.2017.json,healthy.2017.jpg,healthy,1,val,1
../../Data/downloads/zenodo_4628934_poultry_fecal/content (2)/imgSegmentation/healthy/healthy.2018.json,healthy.2018.jpg,healthy,1,train,1
../../Data/downloads/zenodo_4628934_poultry_fecal/content (2)/imgSegmentation/healthy/healthy.2019.json,healthy.2019.jpg,healthy,1,test,1
../../Data/downloads/zenodo_4628934_poultry_fecal/content (2)/imgSegmentation/healthy/healthy.202.json,healthy.202.jpg,healthy,1,train,1
../../Data/downloads/zenodo_4628934_poultry_fecal/content (2)/imgSegmentation/healthy/healthy.2020.json,healthy.2020.jpg,healthy,1,train,1
../../Data/downloads/zenodo_4628934_poultry_fecal/content (2)/imgSegmentation/healthy/healthy.2021.json,healthy.2021.jpg,healthy,1,train,1
../../Data/downloads/zenodo_4628934_poultry_fecal/content (2)/imgSegmentation/healthy/healthy.2022.json,healthy.2022.jpg,healthy,1,train,1
../../Data/downloads/zenodo_4628934_poultry_fecal/content (2)/imgSegmentation/healthy/healthy.2023.json,healthy.2023.jpg,healthy,1,train,1
../../Data/downloads/zenodo_4628934_poultry_fecal/content (2)/imgSegmentation/healthy/healthy.2024.json,healthy.2024.jpg,healthy,1,train,1
../../Data/downloads/zenodo_4628934_poultry_fecal/content (2)/imgSegmentation/healthy/healthy.2025.json,healthy.2025.jpg,healthy,1,train,1
../../Data/downloads/zenodo_4628934_poultry_fecal/content (2)/imgSegmentation/healthy/healthy.2026.json,healthy.2026.jpg,healthy,1,val,1
../../Data/downloads/zenodo_4628934_poultry_fecal/content (2)/imgSegmentation/healthy/healthy.2027.json,healthy.2027.jpg,healthy,1,train,1
../../Data/downloads/zenodo_4628934_poultry_fecal/content (2)/imgSegmentation/healthy/healthy.2028.json,healthy.2028.jpg,healthy,1,train,1
../../Data/downloads/zenodo_4628934_poultry_fecal/content (2)/imgSegmentation/healthy/healthy.2029.json,healthy.2029.jpg,healthy,1,train,1
../../Data/downloads/zenodo_4628934_poultry_fecal/content (2)/imgSegmentation/healthy/healthy.203.json,healthy.203.jpg,healthy,1,test,1
../../Data/downloads/zenodo_4628934_poultry_fecal/content (2)/imgSegmentation/healthy/healthy.2030.json,healthy.2030.jpg,healthy,1,val,1
../../Data/downloads/zenodo_4628934_poultry_fecal/content (2)/imgSegmentation/healthy/healthy.2031.json,healthy.2031.jpg,healthy,1,train,1
../../Data/downloads/zenodo_4628934_poultry_fecal/content (2)/imgSegmentation/healthy/healthy.2032.json,healthy.2032.jpg,healthy,1,train,1
../../Data/downloads/zenodo_4628934_poultry_fecal/content (2)/imgSegmentation/healthy/healthy.2033.json,healthy.2033.jpg,healthy,1,train,1
../../Data/downloads/zenodo_4628934_poultry_fecal/content (2)/imgSegmentation/healthy/healthy.2034.json,healthy.2034.jpg,healthy,1,train,1
../../Data/downloads/zenodo_4628934_poultry_fecal/content (2)/imgSegmentation/healthy/healthy.2035.json,healthy.2035.jpg,healthy,1,val,1
../../Data/downloads/zenodo_4628934_poultry_fecal/content (2)/imgSegmentation/healthy/healthy.2036.json,healthy.2036.jpg,healthy,1,train,1
../../Data/downloads/zenodo_4628934_poultry_fecal/content (2)/imgSegmentation/healthy/healthy.2037.json,healthy.2037.jpg,healthy,1,train,1
../../Data/downloads/zenodo_4628934_poultry_fecal/content (2)/imgSegmentation/healthy/healthy.2038.json,healthy.2038.jpg,healthy,1,test,1
../../Data/downloads/zenodo_4628934_poultry_fecal/content (2)/imgSegmentation/healthy/healthy.2039.json,healthy.2039.jpg,healthy,1,train,1
../../Data/downloads/zenodo_4628934_poultry_fecal/content (2)/imgSegmentation/healthy/healthy.204.json,healthy.204.jpg,healthy,1,train,1
../../Data/downloads/zenodo_4628934_poultry_fecal/content (2)/imgSegmentation/healthy/healthy.2040.json,healthy.2040.jpg,healthy,1,val,1
../../Data/downloads/zenodo_4628934_poultry_fecal/content (2)/imgSegmentation/healthy/healthy.2041.json,healthy.2041.jpg,healthy,1,train,1
../../Data/downloads/zenodo_4628934_poultry_fecal/content (2)/imgSegmentation/healthy/healthy.2042.json,healthy.2042.jpg,healthy,1,val,1
../../Data/downloads/zenodo_4628934_poultry_fecal/content (2)/imgSegmentation/healthy/healthy.2043.json,healthy.2043.jpg,healthy,1,train,1
../../Data/downloads/zenodo_4628934_poultry_fecal/content (2)/imgSegmentation/healthy/healthy.2044.json,healthy.2044.jpg,healthy,1,val,1
../../Data/downloads/zenodo_4628934_poultry_fecal/content (2)/imgSegmentation/healthy/healthy.2045.json,healthy.2045.jpg,healthy,1,train,1
../../Data/downloads/zenodo_4628934_poultry_fecal/content (2)/imgSegmentation/healthy/healthy.2046.json,healthy.2046.jpg,healthy,1,train,1
../../Data/downloads/zenodo_4628934_poultry_fecal/content (2)/imgSegmentation/healthy/healthy.2047.json,healthy.2047.jpg,healthy,1,train,1
../../Data/downloads/zenodo_4628934_poultry_fecal/content (2)/imgSegmentation/healthy/healthy.2048.json,healthy.2048.jpg,healthy,1,train,1
../../Data/downloads/zenodo_4628934_poultry_fecal/content (2)/imgSegmentation/healthy/healthy.2049.json,healthy.2049.jpg,healthy,1,train,1
../../Data/downloads/zenodo_4628934_poultry_fecal/content (2)/imgSegmentation/healthy/healthy.205.json,healthy.205.jpg,healthy,1,val,1
../../Data/downloads/zenodo_4628934_poultry_fecal/content (2)/imgSegmentation/healthy/healthy.2050.json,healthy.2050.jpg,healthy,1,train,1
../../Data/downloads/zenodo_4628934_poultry_fecal/content (2)/imgSegmentation/healthy/healthy.2051.json,healthy.2051.jpg,healthy,1,test,1
../../Data/downloads/zenodo_4628934_poultry_fecal/content (2)/imgSegmentation/healthy/healthy.2052.json,healthy.2052.jpg,healthy,1,test,1
../../Data/downloads/zenodo_4628934_poultry_fecal/content (2)/imgSegmentation/healthy/healthy.2053.json,healthy.2053.jpg,healthy,1,test,1
../../Data/downloads/zenodo_4628934_poultry_fecal/content (2)/imgSegmentation/healthy/healthy.2054.json,healthy.2054.jpg,healthy,1,test,1
../../Data/downloads/zenodo_4628934_poultry_fecal/content (2)/imgSegmentation/healthy/healthy.2055.json,healthy.2055.jpg,healthy,1,val,1
../../Data/downloads/zenodo_4628934_poultry_fecal/content (2)/imgSegmentation/healthy/healthy.2056.json,healthy.2056.jpg,healthy,1,train,1
../../Data/downloads/zenodo_4628934_poultry_fecal/content (2)/imgSegmentation/healthy/healthy.206.json,healthy.206.jpg,healthy,1,val,1
../../Data/downloads/zenodo_4628934_poultry_fecal/content (2)/imgSegmentation/healthy/healthy.207.json,healthy.207.jpg,healthy,1,train,1
../../Data/downloads/zenodo_4628934_poultry_fecal/content (2)/imgSegmentation/healthy/healthy.208.json,healthy.208.jpg,healthy,1,train,1
../../Data/downloads/zenodo_4628934_poultry_fecal/content (2)/imgSegmentation/healthy/healthy.209.json,healthy.209.jpg,healthy,1,test,1
../../Data/downloads/zenodo_4628934_poultry_fecal/content (2)/imgSegmentation/healthy/healthy.21.json,healthy.21.jpg,healthy,1,train,1
../../Data/downloads/zenodo_4628934_poultry_fecal/content (2)/imgSegmentation/healthy/healthy.210.json,healthy.210.jpg,healthy,1,train,1
../../Data/downloads/zenodo_4628934_poultry_fecal/content (2)/imgSegmentation/healthy/healthy.211.json,healthy.211.jpg,healthy,1,train,1
../../Data/downloads/zenodo_4628934_poultry_fecal/content (2)/imgSegmentation/healthy/healthy.212.json,healthy.212.jpg,healthy,1,val,1
../../Data/downloads/zenodo_4628934_poultry_fecal/content (2)/imgSegmentation/healthy/healthy.213.json,healthy.213.jpg,healthy,1,val,1
../../Data/downloads/zenodo_4628934_poultry_fecal/content (2)/imgSegmentation/healthy/healthy.214.json,healthy.214.jpg,healthy,1,val,1
../../Data/downloads/zenodo_4628934_poultry_fecal/content (2)/imgSegmentation/healthy/healthy.215.json,healthy.215.jpg,healthy,1,train,1
../../Data/downloads/zenodo_4628934_poultry_fecal/content (2)/imgSegmentation/healthy/healthy.216.json,healthy.216.jpg,healthy,1,train,1
../../Data/downloads/zenodo_4628934_poultry_fecal/content (2)/imgSegmentation/healthy/healthy.217.json,healthy.217.jpg,healthy,1,train,1
../../Data/downloads/zenodo_4628934_poultry_fecal/content (2)/imgSegmentation/healthy/healthy.218.json,healthy.218.jpg,healthy,1,val,1
../../Data/downloads/zenodo_4628934_poultry_fecal/content (2)/imgSegmentation/healthy/healthy.219.json,healthy.219.jpg,healthy,1,train,1
../../Data/downloads/zenodo_4628934_poultry_fecal/content (2)/imgSegmentation/healthy/healthy.22.json,healthy.22.jpg,healthy,1,train,1
../../Data/downloads/zenodo_4628934_poultry_fecal/content (2)/imgSegmentation/healthy/healthy.220.json,healthy.220.jpg,healthy,1,train,1
../../Data/downloads/zenodo_4628934_poultry_fecal/content (2)/imgSegmentation/healthy/healthy.221.json,healthy.221.jpg,healthy,1,test,1
../../Data/downloads/zenodo_4628934_poultry_fecal/content (2)/imgSegmentation/healthy/healthy.222.json,healthy.222.jpg,healthy,1,train,1
../../Data/downloads/zenodo_4628934_poultry_fecal/content (2)/imgSegmentation/healthy/healthy.223.json,healthy.223.jpg,healthy,1,train,1
../../Data/downloads/zenodo_4628934_poultry_fecal/content (2)/imgSegmentation/healthy/healthy.224.json,healthy.224.jpg,healthy,1,test,1
../../Data/downloads/zenodo_4628934_poultry_fecal/content (2)/imgSegmentation/healthy/healthy.225.json,healthy.225.jpg,healthy,1,train,1
../../Data/downloads/zenodo_4628934_poultry_fecal/content (2)/imgSegmentation/healthy/healthy.226.json,healthy.226.jpg,healthy,1,train,1
../../Data/downloads/zenodo_4628934_poultry_fecal/content (2)/imgSegmentation/healthy/healthy.227.json,healthy.227.jpg,healthy,1,val,1
../../Data/downloads/zenodo_4628934_poultry_fecal/content (2)/imgSegmentation/healthy/healthy.228.json,healthy.228.jpg,healthy,1,train,1
../../Data/downloads/zenodo_4628934_poultry_fecal/content (2)/imgSegmentation/healthy/healthy.229.json,healthy.229.jpg,healthy,1,train,1
../../Data/downloads/zenodo_4628934_poultry_fecal/content (2)/imgSegmentation/healthy/healthy.23.json,healthy.23.jpg,healthy,1,train,1
../../Data/downloads/zenodo_4628934_poultry_fecal/content (2)/imgSegmentation/healthy/healthy.230.json,healthy.230.jpg,healthy,1,val,1
../../Data/downloads/zenodo_4628934_poultry_fecal/content (2)/imgSegmentation/healthy/healthy.231.json,healthy.231.jpg,healthy,1,train,1
../../Data/downloads/zenodo_4628934_poultry_fecal/content (2)/imgSegmentation/healthy/healthy.232.json,healthy.232.jpg,healthy,1,train,1
../../Data/downloads/zenodo_4628934_poultry_fecal/content (2)/imgSegmentation/healthy/healthy.233.json,healthy.233.jpg,healthy,1,train,1
../../Data/downloads/zenodo_4628934_poultry_fecal/content (2)/imgSegmentation/healthy/healthy.234.json,healthy.234.jpg,healthy,1,train,1
../../Data/downloads/zenodo_4628934_poultry_fecal/content (2)/imgSegmentation/healthy/healthy.235.json,healthy.235.jpg,healthy,1,val,1
../../Data/downloads/zenodo_4628934_poultry_fecal/content (2)/imgSegmentation/healthy/healthy.236.json,healthy.236.jpg,healthy,1,train,1
../../Data/downloads/zenodo_4628934_poultry_fecal/content (2)/imgSegmentation/healthy/healthy.237.json,healthy.237.jpg,healthy,1,train,1
../../Data/downloads/zenodo_4628934_poultry_fecal/content (2)/imgSegmentation/healthy/healthy.238.json,healthy.238.jpg,healthy,1,train,1
../../Data/downloads/zenodo_4628934_poultry_fecal/content (2)/imgSegmentation/healthy/healthy.239.json,healthy.239.jpg,healthy,1,train,1
../../Data/downloads/zenodo_4628934_poultry_fecal/content (2)/imgSegmentation/healthy/healthy.24.json,healthy.24.jpg,healthy,1,val,1
../../Data/downloads/zenodo_4628934_poultry_fecal/content (2)/imgSegmentation/healthy/healthy.240.json,healthy.240.jpg,healthy,1,test,1
../../Data/downloads/zenodo_4628934_poultry_fecal/content (2)/imgSegmentation/healthy/healthy.241.json,healthy.241.jpg,healthy,1,train,1
../../Data/downloads/zenodo_4628934_poultry_fecal/content (2)/imgSegmentation/healthy/healthy.242.json,healthy.242.jpg,healthy,1,train,1
../../Data/downloads/zenodo_4628934_poultry_fecal/content (2)/imgSegmentation/healthy/healthy.243.json,healthy.243.jpg,healthy,1,test,1
../../Data/downloads/zenodo_4628934_poultry_fecal/content (2)/imgSegmentation/healthy/healthy.244.json,healthy.244.jpg,healthy,1,test,1
../../Data/downloads/zenodo_4628934_poultry_fecal/content (2)/imgSegmentation/healthy/healthy.245.json,healthy.245.jpg,healthy,1,train,1
../../Data/downloads/zenodo_4628934_poultry_fecal/content (2)/imgSegmentation/healthy/healthy.246.json,healthy.246.jpg,healthy,1,test,1
../../Data/downloads/zenodo_4628934_poultry_fecal/content (2)/imgSegmentation/healthy/healthy.247.json,healthy.247.jpg,healthy,1,train,1
../../Data/downloads/zenodo_4628934_poultry_fecal/content (2)/imgSegmentation/healthy/healthy.248.json,healthy.248.jpg,healthy,1,train,1
../../Data/downloads/zenodo_4628934_poultry_fecal/content (2)/imgSegmentation/healthy/healthy.249.json,healthy.249.jpg,healthy,1,train,1
../../Data/downloads/zenodo_4628934_poultry_fecal/content (2)/imgSegmentation/healthy/healthy.25.json,healthy.25.jpg,healthy,1,train,1
../../Data/downloads/zenodo_4628934_poultry_fecal/content (2)/imgSegmentation/healthy/healthy.250.json,healthy.250.jpg,healthy,1,test,1
../../Data/downloads/zenodo_4628934_poultry_fecal/content (2)/imgSegmentation/healthy/healthy.251.json,healthy.251.jpg,healthy,1,train,1
../../Data/downloads/zenodo_4628934_poultry_fecal/content (2)/imgSegmentation/healthy/healthy.252.json,healthy.252.jpg,healthy,1,train,1
../../Data/downloads/zenodo_4628934_poultry_fecal/content (2)/imgSegmentation/healthy/healthy.253.json,healthy.253.jpg,healthy,1,test,1
../../Data/downloads/zenodo_4628934_poultry_fecal/content (2)/imgSegmentation/healthy/healthy.254.json,healthy.254.jpg,healthy,1,val,1
../../Data/downloads/zenodo_4628934_poultry_fecal/content (2)/imgSegmentation/healthy/healthy.255.json,healthy.255.jpg,healthy,1,train,1
../../Data/downloads/zenodo_4628934_poultry_fecal/content (2)/imgSegmentation/healthy/healthy.256.json,healthy.256.jpg,healthy,1,val,1
../../Data/downloads/zenodo_4628934_poultry_fecal/content (2)/imgSegmentation/healthy/healthy.257.json,healthy.257.jpg,healthy,1,test,1
../../Data/downloads/zenodo_4628934_poultry_fecal/content (2)/imgSegmentation/healthy/healthy.258.json,healthy.258.jpg,healthy,1,val,1
../../Data/downloads/zenodo_4628934_poultry_fecal/content (2)/imgSegmentation/healthy/healthy.259.json,healthy.259.jpg,healthy,1,val,1
../../Data/downloads/zenodo_4628934_poultry_fecal/content (2)/imgSegmentation/healthy/healthy.26.json,healthy.26.jpg,healthy,1,train,1
../../Data/downloads/zenodo_4628934_poultry_fecal/content (2)/imgSegmentation/healthy/healthy.260.json,healthy.260.jpg,healthy,1,val,1
../../Data/downloads/zenodo_4628934_poultry_fecal/content (2)/imgSegmentation/healthy/healthy.261.json,healthy.261.jpg,healthy,1,train,1
../../Data/downloads/zenodo_4628934_poultry_fecal/content (2)/imgSegmentation/healthy/healthy.262.json,healthy.262.jpg,healthy,1,train,1
../../Data/downloads/zenodo_4628934_poultry_fecal/content (2)/imgSegmentation/healthy/healthy.263.json,healthy.263.jpg,healthy,1,train,1
../../Data/downloads/zenodo_4628934_poultry_fecal/content (2)/imgSegmentation/healthy/healthy.264.json,healthy.264.jpg,healthy,1,test,1
../../Data/downloads/zenodo_4628934_poultry_fecal/content (2)/imgSegmentation/healthy/healthy.265.json,healthy.265.jpg,healthy,1,val,1
../../Data/downloads/zenodo_4628934_poultry_fecal/content (2)/imgSegmentation/healthy/healthy.266.json,healthy.266.jpg,healthy,1,test,1
../../Data/downloads/zenodo_4628934_poultry_fecal/content (2)/imgSegmentation/healthy/healthy.267.json,healthy.267.jpg,healthy,1,val,1
../../Data/downloads/zenodo_4628934_poultry_fecal/content (2)/imgSegmentation/healthy/healthy.268.json,healthy.268.jpg,healthy,1,train,1
../../Data/downloads/zenodo_4628934_poultry_fecal/content (2)/imgSegmentation/healthy/healthy.269.json,healthy.269.jpg,healthy,1,train,1
../../Data/downloads/zenodo_4628934_poultry_fecal/content (2)/imgSegmentation/healthy/healthy.27.json,healthy.27.jpg,healthy,1,train,1
../../Data/downloads/zenodo_4628934_poultry_fecal/content (2)/imgSegmentation/healthy/healthy.270.json,healthy.270.jpg,healthy,1,train,1
../../Data/downloads/zenodo_4628934_poultry_fecal/content (2)/imgSegmentation/healthy/healthy.271.json,healthy.271.jpg,healthy,1,train,1
../../Data/downloads/zenodo_4628934_poultry_fecal/content (2)/imgSegmentation/healthy/healthy.272.json,healthy.272.jpg,healthy,1,train,1
../../Data/downloads/zenodo_4628934_poultry_fecal/content (2)/imgSegmentation/healthy/healthy.273.json,healthy.273.jpg,healthy,1,val,1
../../Data/downloads/zenodo_4628934_poultry_fecal/content (2)/imgSegmentation/healthy/healthy.274.json,healthy.274.jpg,healthy,1,train,1
../../Data/downloads/zenodo_4628934_poultry_fecal/content (2)/imgSegmentation/healthy/healthy.275.json,healthy.275.jpg,healthy,1,test,1
../../Data/downloads/zenodo_4628934_poultry_fecal/content (2)/imgSegmentation/healthy/healthy.276.json,healthy.276.jpg,healthy,1,train,1
../../Data/downloads/zenodo_4628934_poultry_fecal/content (2)/imgSegmentation/healthy/healthy.277.json,healthy.277.jpg,healthy,1,train,1
../../Data/downloads/zenodo_4628934_poultry_fecal/content (2)/imgSegmentation/healthy/healthy.278.json,healthy.278.jpg,healthy,1,train,1
../../Data/downloads/zenodo_4628934_poultry_fecal/content (2)/imgSegmentation/healthy/healthy.279.json,healthy.279.jpg,healthy,1,val,1
../../Data/downloads/zenodo_4628934_poultry_fecal/content (2)/imgSegmentation/healthy/healthy.28.json,healthy.28.jpg,healthy,1,val,1
../../Data/downloads/zenodo_4628934_poultry_fecal/content (2)/imgSegmentation/healthy/healthy.280.json,healthy.280.jpg,healthy,1,test,1
../../Data/downloads/zenodo_4628934_poultry_fecal/content (2)/imgSegmentation/healthy/healthy.281.json,healthy.281.jpg,healthy,1,test,1
../../Data/downloads/zenodo_4628934_poultry_fecal/content (2)/imgSegmentation/healthy/healthy.282.json,healthy.282.jpg,healthy,1,train,1
../../Data/downloads/zenodo_4628934_poultry_fecal/content (2)/imgSegmentation/healthy/healthy.283.json,healthy.283.jpg,healthy,1,train,1
../../Data/downloads/zenodo_4628934_poultry_fecal/content (2)/imgSegmentation/healthy/healthy.284.json,healthy.284.jpg,healthy,1,train,1
../../Data/downloads/zenodo_4628934_poultry_fecal/content (2)/imgSegmentation/healthy/healthy.285.json,healthy.285.jpg,healthy,1,train,1
../../Data/downloads/zenodo_4628934_poultry_fecal/content (2)/imgSegmentation/healthy/healthy.286.json,healthy.286.jpg,healthy,1,train,1
../../Data/downloads/zenodo_4628934_poultry_fecal/content (2)/imgSegmentation/healthy/healthy.287.json,healthy.287.jpg,healthy,1,train,1
../../Data/downloads/zenodo_4628934_poultry_fecal/content (2)/imgSegmentation/healthy/healthy.288.json,healthy.288.jpg,healthy,1,val,1
../../Data/downloads/zenodo_4628934_poultry_fecal/content (2)/imgSegmentation/healthy/healthy.289.json,healthy.289.jpg,healthy,1,train,1
../../Data/downloads/zenodo_4628934_poultry_fecal/content (2)/imgSegmentation/healthy/healthy.29.json,healthy.29.jpg,healthy,1,test,1
../../Data/downloads/zenodo_4628934_poultry_fecal/content (2)/imgSegmentation/healthy/healthy.290.json,healthy.290.jpg,healthy,1,train,1
../../Data/downloads/zenodo_4628934_poultry_fecal/content (2)/imgSegmentation/healthy/healthy.291.json,healthy.291.jpg,healthy,1,val,1
../../Data/downloads/zenodo_4628934_poultry_fecal/content (2)/imgSegmentation/healthy/healthy.292.json,healthy.292.jpg,healthy,1,train,1
../../Data/downloads/zenodo_4628934_poultry_fecal/content (2)/imgSegmentation/healthy/healthy.293.json,healthy.293.jpg,healthy,1,train,1
../../Data/downloads/zenodo_4628934_poultry_fecal/content (2)/imgSegmentation/healthy/healthy.294.json,healthy.294.jpg,healthy,1,train,1
../../Data/downloads/zenodo_4628934_poultry_fecal/content (2)/imgSegmentation/healthy/healthy.295.json,healthy.295.jpg,healthy,1,train,1
../../Data/downloads/zenodo_4628934_poultry_fecal/content (2)/imgSegmentation/healthy/healthy.296.json,healthy.296.jpg,healthy,1,test,1
../../Data/downloads/zenodo_4628934_poultry_fecal/content (2)/imgSegmentation/healthy/healthy.297.json,healthy.297.jpg,healthy,1,train,1
../../Data/downloads/zenodo_4628934_poultry_fecal/content (2)/imgSegmentation/healthy/healthy.298.json,healthy.298.jpg,healthy,1,train,1
../../Data/downloads/zenodo_4628934_poultry_fecal/content (2)/imgSegmentation/healthy/healthy.299.json,healthy.299.jpg,healthy,1,train,1
../../Data/downloads/zenodo_4628934_poultry_fecal/content (2)/imgSegmentation/healthy/healthy.3.json,healthy.3.jpg,healthy,1,train,1
../../Data/downloads/zenodo_4628934_poultry_fecal/content (2)/imgSegmentation/healthy/healthy.30.json,healthy.30.jpg,healthy,1,val,1
../../Data/downloads/zenodo_4628934_poultry_fecal/content (2)/imgSegmentation/healthy/healthy.300.json,healthy.300.jpg,healthy,1,train,1
../../Data/downloads/zenodo_4628934_poultry_fecal/content (2)/imgSegmentation/healthy/healthy.301.json,healthy.301.jpg,healthy,1,test,1
../../Data/downloads/zenodo_4628934_poultry_fecal/content (2)/imgSegmentation/healthy/healthy.302.json,healthy.302.jpg,healthy,1,train,1
../../Data/downloads/zenodo_4628934_poultry_fecal/content (2)/imgSegmentation/healthy/healthy.303.json,healthy.303.jpg,healthy,1,train,1
../../Data/downloads/zenodo_4628934_poultry_fecal/content (2)/imgSegmentation/healthy/healthy.304.json,healthy.304.jpg,healthy,1,train,1
../../Data/downloads/zenodo_4628934_poultry_fecal/content (2)/imgSegmentation/healthy/healthy.305.json,healthy.305.jpg,healthy,1,train,1
../../Data/downloads/zenodo_4628934_poultry_fecal/content (2)/imgSegmentation/healthy/healthy.306.json,healthy.306.jpg,healthy,1,train,1
../../Data/downloads/zenodo_4628934_poultry_fecal/content (2)/imgSegmentation/healthy/healthy.307.json,healthy.307.jpg,healthy,1,train,1
../../Data/downloads/zenodo_4628934_poultry_fecal/content (2)/imgSegmentation/healthy/healthy.308.json,healthy.308.jpg,healthy,1,train,1
../../Data/downloads/zenodo_4628934_poultry_fecal/content (2)/imgSegmentation/healthy/healthy.309.json,healthy.309.jpg,healthy,1,train,1
../../Data/downloads/zenodo_4628934_poultry_fecal/content (2)/imgSegmentation/healthy/healthy.31.json,healthy.31.jpg,healthy,1,val,1
../../Data/downloads/zenodo_4628934_poultry_fecal/content (2)/imgSegmentation/healthy/healthy.310.json,healthy.310.jpg,healthy,1,train,1
../../Data/downloads/zenodo_4628934_poultry_fecal/content (2)/imgSegmentation/healthy/healthy.311.json,healthy.311.jpg,healthy,1,train,1
../../Data/downloads/zenodo_4628934_poultry_fecal/content (2)/imgSegmentation/healthy/healthy.312.json,healthy.312.jpg,healthy,1,train,1
../../Data/downloads/zenodo_4628934_poultry_fecal/content (2)/imgSegmentation/healthy/healthy.313.json,healthy.313.jpg,healthy,1,val,1
../../Data/downloads/zenodo_4628934_poultry_fecal/content (2)/imgSegmentation/healthy/healthy.314.json,healthy.314.jpg,healthy,1,test,1
../../Data/downloads/zenodo_4628934_poultry_fecal/content (2)/imgSegmentation/healthy/healthy.315.json,healthy.315.jpg,healthy,1,val,1
../../Data/downloads/zenodo_4628934_poultry_fecal/content (2)/imgSegmentation/healthy/healthy.316.json,healthy.316.jpg,healthy,1,train,1
../../Data/downloads/zenodo_4628934_poultry_fecal/content (2)/imgSegmentation/healthy/healthy.317.json,healthy.317.jpg,healthy,1,train,1
../../Data/downloads/zenodo_4628934_poultry_fecal/content (2)/imgSegmentation/healthy/healthy.318.json,healthy.318.jpg,healthy,1,train,1
../../Data/downloads/zenodo_4628934_poultry_fecal/content (2)/imgSegmentation/healthy/healthy.319.json,healthy.319.jpg,healthy,1,train,1
../../Data/downloads/zenodo_4628934_poultry_fecal/content (2)/imgSegmentation/healthy/healthy.32.json,healthy.32.jpg,healthy,1,test,1
../../Data/downloads/zenodo_4628934_poultry_fecal/content (2)/imgSegmentation/healthy/healthy.320.json,healthy.320.jpg,healthy,1,train,1
../../Data/downloads/zenodo_4628934_poultry_fecal/content (2)/imgSegmentation/healthy/healthy.321.json,healthy.321.jpg,healthy,1,train,1
../../Data/downloads/zenodo_4628934_poultry_fecal/content (2)/imgSegmentation/healthy/healthy.322.json,healthy.322.jpg,healthy,1,test,1
../../Data/downloads/zenodo_4628934_poultry_fecal/content (2)/imgSegmentation/healthy/healthy.323.json,healthy.323.jpg,healthy,1,val,1
../../Data/downloads/zenodo_4628934_poultry_fecal/content (2)/imgSegmentation/healthy/healthy.324.json,healthy.324.jpg,healthy,1,test,1
../../Data/downloads/zenodo_4628934_poultry_fecal/content (2)/imgSegmentation/healthy/healthy.325.json,healthy.325.jpg,healthy,1,train,1
../../Data/downloads/zenodo_4628934_poultry_fecal/content (2)/imgSegmentation/healthy/healthy.326.json,healthy.326.jpg,healthy,1,train,1
../../Data/downloads/zenodo_4628934_poultry_fecal/content (2)/imgSegmentation/healthy/healthy.327.json,healthy.327.jpg,healthy,1,test,1
../../Data/downloads/zenodo_4628934_poultry_fecal/content (2)/imgSegmentation/healthy/healthy.328.json,healthy.328.jpg,healthy,1,train,1
../../Data/downloads/zenodo_4628934_poultry_fecal/content (2)/imgSegmentation/healthy/healthy.329.json,healthy.329.jpg,healthy,1,train,1
../../Data/downloads/zenodo_4628934_poultry_fecal/content (2)/imgSegmentation/healthy/healthy.33.json,healthy.33.jpg,healthy,1,train,1
../../Data/downloads/zenodo_4628934_poultry_fecal/content (2)/imgSegmentation/healthy/healthy.330.json,healthy.330.jpg,healthy,1,train,1
../../Data/downloads/zenodo_4628934_poultry_fecal/content (2)/imgSegmentation/healthy/healthy.331.json,healthy.331.jpg,healthy,1,test,1
../../Data/downloads/zenodo_4628934_poultry_fecal/content (2)/imgSegmentation/healthy/healthy.332.json,healthy.332.jpg,healthy,1,val,1
../../Data/downloads/zenodo_4628934_poultry_fecal/content (2)/imgSegmentation/healthy/healthy.333.json,healthy.333.jpg,healthy,1,train,1
../../Data/downloads/zenodo_4628934_poultry_fecal/content (2)/imgSegmentation/healthy/healthy.334.json,healthy.334.jpg,healthy,1,train,1
../../Data/downloads/zenodo_4628934_poultry_fecal/content (2)/imgSegmentation/healthy/healthy.335.json,healthy.335.jpg,healthy,1,train,1
../../Data/downloads/zenodo_4628934_poultry_fecal/content (2)/imgSegmentation/healthy/healthy.336.json,healthy.336.jpg,healthy,1,train,1
../../Data/downloads/zenodo_4628934_poultry_fecal/content (2)/imgSegmentation/healthy/healthy.337.json,healthy.337.jpg,healthy,1,test,1
../../Data/downloads/zenodo_4628934_poultry_fecal/content (2)/imgSegmentation/healthy/healthy.338.json,healthy.338.jpg,healthy,1,train,1
../../Data/downloads/zenodo_4628934_poultry_fecal/content (2)/imgSegmentation/healthy/healthy.339.json,healthy.339.jpg,healthy,1,train,1
../../Data/downloads/zenodo_4628934_poultry_fecal/content (2)/imgSegmentation/healthy/healthy.34.json,healthy.34.jpg,healthy,1,train,1
../../Data/downloads/zenodo_4628934_poultry_fecal/content (2)/imgSegmentation/healthy/healthy.340.json,healthy.340.jpg,healthy,1,train,1
../../Data/downloads/zenodo_4628934_poultry_fecal/content (2)/imgSegmentation/healthy/healthy.341.json,healthy.341.jpg,healthy,1,train,1
../../Data/downloads/zenodo_4628934_poultry_fecal/content (2)/imgSegmentation/healthy/healthy.342.json,healthy.342.jpg,healthy,1,train,1
../../Data/downloads/zenodo_4628934_poultry_fecal/content (2)/imgSegmentation/healthy/healthy.343.json,healthy.343.jpg,healthy,1,train,1
../../Data/downloads/zenodo_4628934_poultry_fecal/content (2)/imgSegmentation/healthy/healthy.344.json,healthy.344.jpg,healthy,1,test,1
../../Data/downloads/zenodo_4628934_poultry_fecal/content (2)/imgSegmentation/healthy/healthy.345.json,healthy.345.jpg,healthy,1,train,1
../../Data/downloads/zenodo_4628934_poultry_fecal/content (2)/imgSegmentation/healthy/healthy.346.json,healthy.346.jpg,healthy,1,train,1
../../Data/downloads/zenodo_4628934_poultry_fecal/content (2)/imgSegmentation/healthy/healthy.347.json,healthy.347.jpg,healthy,1,train,1
../../Data/downloads/zenodo_4628934_poultry_fecal/content (2)/imgSegmentation/healthy/healthy.348.json,healthy.348.jpg,healthy,1,train,1
../../Data/downloads/zenodo_4628934_poultry_fecal/content (2)/imgSegmentation/healthy/healthy.349.json,healthy.349.jpg,healthy,1,train,1
../../Data/downloads/zenodo_4628934_poultry_fecal/content (2)/imgSegmentation/healthy/healthy.35.json,healthy.35.jpg,healthy,1,val,1
../../Data/downloads/zenodo_4628934_poultry_fecal/content (2)/imgSegmentation/healthy/healthy.350.json,healthy.350.jpg,healthy,1,train,1
../../Data/downloads/zenodo_4628934_poultry_fecal/content (2)/imgSegmentation/healthy/healthy.351.json,healthy.351.jpg,healthy,1,train,1
../../Data/downloads/zenodo_4628934_poultry_fecal/content (2)/imgSegmentation/healthy/healthy.352.json,healthy.352.jpg,healthy,1,train,1
../../Data/downloads/zenodo_4628934_poultry_fecal/content (2)/imgSegmentation/healthy/healthy.353.json,healthy.353.jpg,healthy,1,train,1
../../Data/downloads/zenodo_4628934_poultry_fecal/content (2)/imgSegmentation/healthy/healthy.354.json,healthy.354.jpg,healthy,1,train,1
../../Data/downloads/zenodo_4628934_poultry_fecal/content (2)/imgSegmentation/healthy/healthy.355.json,healthy.355.jpg,healthy,1,train,1
../../Data/downloads/zenodo_4628934_poultry_fecal/content (2)/imgSegmentation/healthy/healthy.356.json,healthy.356.jpg,healthy,1,train,1
../../Data/downloads/zenodo_4628934_poultry_fecal/content (2)/imgSegmentation/healthy/healthy.357.json,healthy.357.jpg,healthy,1,val,1
../../Data/downloads/zenodo_4628934_poultry_fecal/content (2)/imgSegmentation/healthy/healthy.358.json,healthy.358.jpg,healthy,1,train,1
../../Data/downloads/zenodo_4628934_poultry_fecal/content (2)/imgSegmentation/healthy/healthy.359.json,healthy.359.jpg,healthy,1,train,1
../../Data/downloads/zenodo_4628934_poultry_fecal/content (2)/imgSegmentation/healthy/healthy.36.json,healthy.36.jpg,healthy,1,train,1
../../Data/downloads/zenodo_4628934_poultry_fecal/content (2)/imgSegmentation/healthy/healthy.360.json,healthy.360.jpg,healthy,1,train,1
../../Data/downloads/zenodo_4628934_poultry_fecal/content (2)/imgSegmentation/healthy/healthy.361.json,healthy.361.jpg,healthy,1,train,1
../../Data/downloads/zenodo_4628934_poultry_fecal/content (2)/imgSegmentation/healthy/healthy.362.json,healthy.362.jpg,healthy,1,train,1
../../Data/downloads/zenodo_4628934_poultry_fecal/content (2)/imgSegmentation/healthy/healthy.363.json,healthy.363.jpg,healthy,1,train,1
../../Data/downloads/zenodo_4628934_poultry_fecal/content (2)/imgSegmentation/healthy/healthy.364.json,healthy.364.jpg,healthy,1,train,1
../../Data/downloads/zenodo_4628934_poultry_fecal/content (2)/imgSegmentation/healthy/healthy.365.json,healthy.365.jpg,healthy,1,train,1
../../Data/downloads/zenodo_4628934_poultry_fecal/content (2)/imgSegmentation/healthy/healthy.366.json,healthy.366.jpg,healthy,1,train,1
../../Data/downloads/zenodo_4628934_poultry_fecal/content (2)/imgSegmentation/healthy/healthy.367.json,healthy.367.jpg,healthy,1,val,1
../../Data/downloads/zenodo_4628934_poultry_fecal/content (2)/imgSegmentation/healthy/healthy.368.json,healthy.368.jpg,healthy,1,train,1
../../Data/downloads/zenodo_4628934_poultry_fecal/content (2)/imgSegmentation/healthy/healthy.369.json,healthy.369.jpg,healthy,1,train,1
../../Data/downloads/zenodo_4628934_poultry_fecal/content (2)/imgSegmentation/healthy/healthy.37.json,healthy.37.jpg,healthy,1,val,1
../../Data/downloads/zenodo_4628934_poultry_fecal/content (2)/imgSegmentation/healthy/healthy.370.json,healthy.370.jpg,healthy,1,val,1
../../Data/downloads/zenodo_4628934_poultry_fecal/content (2)/imgSegmentation/healthy/healthy.371.json,healthy.371.jpg,healthy,1,train,1
../../Data/downloads/zenodo_4628934_poultry_fecal/content (2)/imgSegmentation/healthy/healthy.372.json,healthy.372.jpg,healthy,1,train,1
../../Data/downloads/zenodo_4628934_poultry_fecal/content (2)/imgSegmentation/healthy/healthy.373.json,healthy.373.jpg,healthy,1,train,1
../../Data/downloads/zenodo_4628934_poultry_fecal/content (2)/imgSegmentation/healthy/healthy.374.json,healthy.374.jpg,healthy,1,train,1
../../Data/downloads/zenodo_4628934_poultry_fecal/content (2)/imgSegmentation/healthy/healthy.375.json,healthy.375.jpg,healthy,1,val,1
../../Data/downloads/zenodo_4628934_poultry_fecal/content (2)/imgSegmentation/healthy/healthy.376.json,healthy.376.jpg,healthy,1,train,1
../../Data/downloads/zenodo_4628934_poultry_fecal/content (2)/imgSegmentation/healthy/healthy.377.json,healthy.377.jpg,healthy,1,train,1
../../Data/downloads/zenodo_4628934_poultry_fecal/content (2)/imgSegmentation/healthy/healthy.378.json,healthy.378.jpg,healthy,1,test,1
../../Data/downloads/zenodo_4628934_poultry_fecal/content (2)/imgSegmentation/healthy/healthy.379.json,healthy.379.jpg,healthy,1,train,1
../../Data/downloads/zenodo_4628934_poultry_fecal/content (2)/imgSegmentation/healthy/healthy.38.json,healthy.38.jpg,healthy,1,val,1
../../Data/downloads/zenodo_4628934_poultry_fecal/content (2)/imgSegmentation/healthy/healthy.380.json,healthy.380.jpg,healthy,1,test,1
../../Data/downloads/zenodo_4628934_poultry_fecal/content (2)/imgSegmentation/healthy/healthy.381.json,healthy.381.jpg,healthy,1,train,1
../../Data/downloads/zenodo_4628934_poultry_fecal/content (2)/imgSegmentation/healthy/healthy.382.json,healthy.382.jpg,healthy,1,train,1
../../Data/downloads/zenodo_4628934_poultry_fecal/content (2)/imgSegmentation/healthy/healthy.383.json,healthy.383.jpg,healthy,1,train,1
../../Data/downloads/zenodo_4628934_poultry_fecal/content (2)/imgSegmentation/healthy/healthy.384.json,healthy.384.jpg,healthy,1,train,1
../../Data/downloads/zenodo_4628934_poultry_fecal/content (2)/imgSegmentation/healthy/healthy.385.json,healthy.385.jpg,healthy,1,train,1
../../Data/downloads/zenodo_4628934_poultry_fecal/content (2)/imgSegmentation/healthy/healthy.386.json,healthy.386.jpg,healthy,1,train,1
../../Data/downloads/zenodo_4628934_poultry_fecal/content (2)/imgSegmentation/healthy/healthy.387.json,healthy.387.jpg,healthy,1,test,1
../../Data/downloads/zenodo_4628934_poultry_fecal/content (2)/imgSegmentation/healthy/healthy.388.json,healthy.388.jpg,healthy,1,train,1
../../Data/downloads/zenodo_4628934_poultry_fecal/content (2)/imgSegmentation/healthy/healthy.389.json,healthy.389.jpg,healthy,1,train,1
../../Data/downloads/zenodo_4628934_poultry_fecal/content (2)/imgSegmentation/healthy/healthy.39.json,healthy.39.jpg,healthy,1,train,1
../../Data/downloads/zenodo_4628934_poultry_fecal/content (2)/imgSegmentation/healthy/healthy.390.json,healthy.390.jpg,healthy,1,train,1
../../Data/downloads/zenodo_4628934_poultry_fecal/content (2)/imgSegmentation/healthy/healthy.391.json,healthy.391.jpg,healthy,1,val,1
../../Data/downloads/zenodo_4628934_poultry_fecal/content (2)/imgSegmentation/healthy/healthy.392.json,healthy.392.jpg,healthy,1,test,1
../../Data/downloads/zenodo_4628934_poultry_fecal/content (2)/imgSegmentation/healthy/healthy.393.json,healthy.393.jpg,healthy,1,test,1
../../Data/downloads/zenodo_4628934_poultry_fecal/content (2)/imgSegmentation/healthy/healthy.394.json,healthy.394.jpg,healthy,1,train,1
../../Data/downloads/zenodo_4628934_poultry_fecal/content (2)/imgSegmentation/healthy/healthy.395.json,healthy.395.jpg,healthy,1,train,1
../../Data/downloads/zenodo_4628934_poultry_fecal/content (2)/imgSegmentation/healthy/healthy.396.json,healthy.396.jpg,healthy,1,train,1
../../Data/downloads/zenodo_4628934_poultry_fecal/content (2)/imgSegmentation/healthy/healthy.397.json,healthy.397.jpg,healthy,1,val,1
../../Data/downloads/zenodo_4628934_poultry_fecal/content (2)/imgSegmentation/healthy/healthy.398.json,healthy.398.jpg,healthy,1,train,1
../../Data/downloads/zenodo_4628934_poultry_fecal/content (2)/imgSegmentation/healthy/healthy.399.json,healthy.399.jpg,healthy,1,train,1
../../Data/downloads/zenodo_4628934_poultry_fecal/content (2)/imgSegmentation/healthy/healthy.4.json,healthy.4.jpg,healthy,1,train,1
../../Data/downloads/zenodo_4628934_poultry_fecal/content (2)/imgSegmentation/healthy/healthy.40.json,healthy.40.jpg,healthy,1,train,1
../../Data/downloads/zenodo_4628934_poultry_fecal/content (2)/imgSegmentation/healthy/healthy.400.json,healthy.400.jpg,healthy,1,val,1
../../Data/downloads/zenodo_4628934_poultry_fecal/content (2)/imgSegmentation/healthy/healthy.401.json,healthy.401.jpg,healthy,1,train,1
../../Data/downloads/zenodo_4628934_poultry_fecal/content (2)/imgSegmentation/healthy/healthy.402.json,healthy.402.jpg,healthy,1,val,1
../../Data/downloads/zenodo_4628934_poultry_fecal/content (2)/imgSegmentation/healthy/healthy.403.json,healthy.403.jpg,healthy,1,train,1
../../Data/downloads/zenodo_4628934_poultry_fecal/content (2)/imgSegmentation/healthy/healthy.404.json,healthy.404.jpg,healthy,1,train,1
../../Data/downloads/zenodo_4628934_poultry_fecal/content (2)/imgSegmentation/healthy/healthy.405.json,healthy.405.jpg,healthy,1,test,1
../../Data/downloads/zenodo_4628934_poultry_fecal/content (2)/imgSegmentation/healthy/healthy.406.json,healthy.406.jpg,healthy,1,train,1
../../Data/downloads/zenodo_4628934_poultry_fecal/content (2)/imgSegmentation/healthy/healthy.407.json,healthy.407.jpg,healthy,1,train,1
../../Data/downloads/zenodo_4628934_poultry_fecal/content (2)/imgSegmentation/healthy/healthy.408.json,healthy.408.jpg,healthy,1,test,1
../../Data/downloads/zenodo_4628934_poultry_fecal/content (2)/imgSegmentation/healthy/healthy.409.json,healthy.409.jpg,healthy,1,train,1
../../Data/downloads/zenodo_4628934_poultry_fecal/content (2)/imgSegmentation/healthy/healthy.41.json,healthy.41.jpg,healthy,1,val,1
../../Data/downloads/zenodo_4628934_poultry_fecal/content (2)/imgSegmentation/healthy/healthy.410.json,healthy.410.jpg,healthy,1,val,1
../../Data/downloads/zenodo_4628934_poultry_fecal/content (2)/imgSegmentation/healthy/healthy.411.json,healthy.411.jpg,healthy,1,train,1
../../Data/downloads/zenodo_4628934_poultry_fecal/content (2)/imgSegmentation/healthy/healthy.412.json,healthy.412.jpg,healthy,1,train,1
../../Data/downloads/zenodo_4628934_poultry_fecal/content (2)/imgSegmentation/healthy/healthy.413.json,healthy.413.jpg,healthy,1,train,1
../../Data/downloads/zenodo_4628934_poultry_fecal/content (2)/imgSegmentation/healthy/healthy.414.json,healthy.414.jpg,healthy,1,train,1
../../Data/downloads/zenodo_4628934_poultry_fecal/content (2)/imgSegmentation/healthy/healthy.415.json,healthy.415.jpg,healthy,1,train,1
../../Data/downloads/zenodo_4628934_poultry_fecal/content (2)/imgSegmentation/healthy/healthy.416.json,healthy.416.jpg,healthy,1,train,1
../../Data/downloads/zenodo_4628934_poultry_fecal/content (2)/imgSegmentation/healthy/healthy.417.json,healthy.417.jpg,healthy,1,test,1
../../Data/downloads/zenodo_4628934_poultry_fecal/content (2)/imgSegmentation/healthy/healthy.418.json,healthy.418.jpg,healthy,1,train,1
../../Data/downloads/zenodo_4628934_poultry_fecal/content (2)/imgSegmentation/healthy/healthy.419.json,healthy.419.jpg,healthy,1,val,1
../../Data/downloads/zenodo_4628934_poultry_fecal/content (2)/imgSegmentation/healthy/healthy.42.json,healthy.42.jpg,healthy,1,train,1
../../Data/downloads/zenodo_4628934_poultry_fecal/content (2)/imgSegmentation/healthy/healthy.420.json,healthy.420.jpg,healthy,1,train,1
../../Data/downloads/zenodo_4628934_poultry_fecal/content (2)/imgSegmentation/healthy/healthy.421.json,healthy.421.jpg,healthy,1,test,1
../../Data/downloads/zenodo_4628934_poultry_fecal/content (2)/imgSegmentation/healthy/healthy.422.json,healthy.422.jpg,healthy,1,val,1
../../Data/downloads/zenodo_4628934_poultry_fecal/content (2)/imgSegmentation/healthy/healthy.423.json,healthy.423.jpg,healthy,1,test,1
../../Data/downloads/zenodo_4628934_poultry_fecal/content (2)/imgSegmentation/healthy/healthy.424.json,healthy.424.jpg,healthy,1,train,1
../../Data/downloads/zenodo_4628934_poultry_fecal/content (2)/imgSegmentation/healthy/healthy.425.json,healthy.425.jpg,healthy,1,train,1
../../Data/downloads/zenodo_4628934_poultry_fecal/content (2)/imgSegmentation/healthy/healthy.426.json,healthy.426.jpg,healthy,1,train,1
../../Data/downloads/zenodo_4628934_poultry_fecal/content (2)/imgSegmentation/healthy/healthy.427.json,healthy.427.jpg,healthy,1,train,1
../../Data/downloads/zenodo_4628934_poultry_fecal/content (2)/imgSegmentation/healthy/healthy.428.json,healthy.428.jpg,healthy,1,train,1
../../Data/downloads/zenodo_4628934_poultry_fecal/content (2)/imgSegmentation/healthy/healthy.429.json,healthy.429.jpg,healthy,1,train,1
../../Data/downloads/zenodo_4628934_poultry_fecal/content (2)/imgSegmentation/healthy/healthy.43.json,healthy.43.jpg,healthy,1,train,1
../../Data/downloads/zenodo_4628934_poultry_fecal/content (2)/imgSegmentation/healthy/healthy.430.json,healthy.430.jpg,healthy,1,train,1
../../Data/downloads/zenodo_4628934_poultry_fecal/content (2)/imgSegmentation/healthy/healthy.431.json,healthy.431.jpg,healthy,1,train,1
../../Data/downloads/zenodo_4628934_poultry_fecal/content (2)/imgSegmentation/healthy/healthy.432.json,healthy.432.jpg,healthy,1,train,1
../../Data/downloads/zenodo_4628934_poultry_fecal/content (2)/imgSegmentation/healthy/healthy.433.json,healthy.433.jpg,healthy,1,train,1
../../Data/downloads/zenodo_4628934_poultry_fecal/content (2)/imgSegmentation/healthy/healthy.434.json,healthy.434.jpg,healthy,1,train,1
../../Data/downloads/zenodo_4628934_poultry_fecal/content (2)/imgSegmentation/healthy/healthy.435.json,healthy.435.jpg,healthy,1,val,1
../../Data/downloads/zenodo_4628934_poultry_fecal/content (2)/imgSegmentation/healthy/healthy.436.json,healthy.436.jpg,healthy,1,test,1
../../Data/downloads/zenodo_4628934_poultry_fecal/content (2)/imgSegmentation/healthy/healthy.437.json,healthy.437.jpg,healthy,1,val,1
../../Data/downloads/zenodo_4628934_poultry_fecal/content (2)/imgSegmentation/healthy/healthy.438.json,healthy.438.jpg,healthy,1,test,1
../../Data/downloads/zenodo_4628934_poultry_fecal/content (2)/imgSegmentation/healthy/healthy.439.json,healthy.439.jpg,healthy,1,train,1
../../Data/downloads/zenodo_4628934_poultry_fecal/content (2)/imgSegmentation/healthy/healthy.44.json,healthy.44.jpg,healthy,1,test,1
../../Data/downloads/zenodo_4628934_poultry_fecal/content (2)/imgSegmentation/healthy/healthy.440.json,healthy.440.jpg,healthy,1,train,1
../../Data/downloads/zenodo_4628934_poultry_fecal/content (2)/imgSegmentation/healthy/healthy.441.json,healthy.441.jpg,healthy,1,test,1
../../Data/downloads/zenodo_4628934_poultry_fecal/content (2)/imgSegmentation/healthy/healthy.442.json,healthy.442.jpg,healthy,1,val,1
../../Data/downloads/zenodo_4628934_poultry_fecal/content (2)/imgSegmentation/healthy/healthy.443.json,healthy.443.jpg,healthy,1,train,1
../../Data/downloads/zenodo_4628934_poultry_fecal/content (2)/imgSegmentation/healthy/healthy.444.json,healthy.444.jpg,healthy,1,train,1
../../Data/downloads/zenodo_4628934_poultry_fecal/content (2)/imgSegmentation/healthy/healthy.445.json,healthy.445.jpg,healthy,1,train,1
../../Data/downloads/zenodo_4628934_poultry_fecal/content (2)/imgSegmentation/healthy/healthy.446.json,healthy.446.jpg,healthy,1,train,1
../../Data/downloads/zenodo_4628934_poultry_fecal/content (2)/imgSegmentation/healthy/healthy.447.json,healthy.447.jpg,healthy,1,train,1
../../Data/downloads/zenodo_4628934_poultry_fecal/content (2)/imgSegmentation/healthy/healthy.448.json,healthy.448.jpg,healthy,1,test,1
../../Data/downloads/zenodo_4628934_poultry_fecal/content (2)/imgSegmentation/healthy/healthy.449.json,healthy.449.jpg,healthy,1,val,1
../../Data/downloads/zenodo_4628934_poultry_fecal/content (2)/imgSegmentation/healthy/healthy.45.json,healthy.45.jpg,healthy,1,train,1
../../Data/downloads/zenodo_4628934_poultry_fecal/content (2)/imgSegmentation/healthy/healthy.450.json,healthy.450.jpg,healthy,1,train,1
../../Data/downloads/zenodo_4628934_poultry_fecal/content (2)/imgSegmentation/healthy/healthy.451.json,healthy.451.jpg,healthy,1,test,1
../../Data/downloads/zenodo_4628934_poultry_fecal/content (2)/imgSegmentation/healthy/healthy.452.json,healthy.452.jpg,healthy,1,train,1
../../Data/downloads/zenodo_4628934_poultry_fecal/content (2)/imgSegmentation/healthy/healthy.453.json,healthy.453.jpg,healthy,1,train,1
../../Data/downloads/zenodo_4628934_poultry_fecal/content (2)/imgSegmentation/healthy/healthy.454.json,healthy.454.jpg,healthy,1,train,1
../../Data/downloads/zenodo_4628934_poultry_fecal/content (2)/imgSegmentation/healthy/healthy.455.json,healthy.455.jpg,healthy,1,train,1
../../Data/downloads/zenodo_4628934_poultry_fecal/content (2)/imgSegmentation/healthy/healthy.456.json,healthy.456.jpg,healthy,1,train,1
../../Data/downloads/zenodo_4628934_poultry_fecal/content (2)/imgSegmentation/healthy/healthy.457.json,healthy.457.jpg,healthy,1,train,1
../../Data/downloads/zenodo_4628934_poultry_fecal/content (2)/imgSegmentation/healthy/healthy.458.json,healthy.458.jpg,healthy,1,train,1
../../Data/downloads/zenodo_4628934_poultry_fecal/content (2)/imgSegmentation/healthy/healthy.459.json,healthy.459.jpg,healthy,1,train,1
../../Data/downloads/zenodo_4628934_poultry_fecal/content (2)/imgSegmentation/healthy/healthy.46.json,healthy.46.jpg,healthy,1,test,1
../../Data/downloads/zenodo_4628934_poultry_fecal/content (2)/imgSegmentation/healthy/healthy.460.json,healthy.460.jpg,healthy,1,train,1
../../Data/downloads/zenodo_4628934_poultry_fecal/content (2)/imgSegmentation/healthy/healthy.461.json,healthy.461.jpg,healthy,1,train,1
../../Data/downloads/zenodo_4628934_poultry_fecal/content (2)/imgSegmentation/healthy/healthy.462.json,healthy.462.jpg,healthy,1,train,1
../../Data/downloads/zenodo_4628934_poultry_fecal/content (2)/imgSegmentation/healthy/healthy.463.json,healthy.463.jpg,healthy,1,train,1
../../Data/downloads/zenodo_4628934_poultry_fecal/content (2)/imgSegmentation/healthy/healthy.464.json,healthy.464.jpg,healthy,1,train,1
../../Data/downloads/zenodo_4628934_poultry_fecal/content (2)/imgSegmentation/healthy/healthy.465.json,healthy.465.jpg,healthy,1,test,1
../../Data/downloads/zenodo_4628934_poultry_fecal/content (2)/imgSegmentation/healthy/healthy.466.json,healthy.466.jpg,healthy,1,train,1
../../Data/downloads/zenodo_4628934_poultry_fecal/content (2)/imgSegmentation/healthy/healthy.467.json,healthy.467.jpg,healthy,1,train,1
../../Data/downloads/zenodo_4628934_poultry_fecal/content (2)/imgSegmentation/healthy/healthy.468.json,healthy.468.jpg,healthy,1,train,1
../../Data/downloads/zenodo_4628934_poultry_fecal/content (2)/imgSegmentation/healthy/healthy.469.json,healthy.469.jpg,healthy,1,train,1
../../Data/downloads/zenodo_4628934_poultry_fecal/content (2)/imgSegmentation/healthy/healthy.47.json,healthy.47.jpg,healthy,1,train,1
../../Data/downloads/zenodo_4628934_poultry_fecal/content (2)/imgSegmentation/healthy/healthy.470.json,healthy.470.jpg,healthy,1,train,1
../../Data/downloads/zenodo_4628934_poultry_fecal/content (2)/imgSegmentation/healthy/healthy.471.json,healthy.471.jpg,healthy,1,test,1
../../Data/downloads/zenodo_4628934_poultry_fecal/content (2)/imgSegmentation/healthy/healthy.472.json,healthy.472.jpg,healthy,1,train,1
../../Data/downloads/zenodo_4628934_poultry_fecal/content (2)/imgSegmentation/healthy/healthy.473.json,healthy.473.jpg,healthy,1,train,1
../../Data/downloads/zenodo_4628934_poultry_fecal/content (2)/imgSegmentation/healthy/healthy.474.json,healthy.474.jpg,healthy,1,test,1
../../Data/downloads/zenodo_4628934_poultry_fecal/content (2)/imgSegmentation/healthy/healthy.475.json,healthy.475.jpg,healthy,1,train,1
../../Data/downloads/zenodo_4628934_poultry_fecal/content (2)/imgSegmentation/healthy/healthy.476.json,healthy.476.jpg,healthy,1,train,1
../../Data/downloads/zenodo_4628934_poultry_fecal/content (2)/imgSegmentation/healthy/healthy.477.json,healthy.477.jpg,healthy,1,train,1
../../Data/downloads/zenodo_4628934_poultry_fecal/content (2)/imgSegmentation/healthy/healthy.478.json,healthy.478.jpg,healthy,1,test,1
../../Data/downloads/zenodo_4628934_poultry_fecal/content (2)/imgSegmentation/healthy/healthy.479.json,healthy.479.jpg,healthy,1,train,1
../../Data/downloads/zenodo_4628934_poultry_fecal/content (2)/imgSegmentation/healthy/healthy.48.json,healthy.48.jpg,healthy,1,train,1
../../Data/downloads/zenodo_4628934_poultry_fecal/content (2)/imgSegmentation/healthy/healthy.480.json,healthy.480.jpg,healthy,1,train,1
../../Data/downloads/zenodo_4628934_poultry_fecal/content (2)/imgSegmentation/healthy/healthy.481.json,healthy.481.jpg,healthy,1,train,1
../../Data/downloads/zenodo_4628934_poultry_fecal/content (2)/imgSegmentation/healthy/healthy.482.json,healthy.482.jpg,healthy,1,train,1
../../Data/downloads/zenodo_4628934_poultry_fecal/content (2)/imgSegmentation/healthy/healthy.483.json,healthy.483.jpg,healthy,1,train,1
../../Data/downloads/zenodo_4628934_poultry_fecal/content (2)/imgSegmentation/healthy/healthy.484.json,healthy.484.jpg,healthy,1,train,1
../../Data/downloads/zenodo_4628934_poultry_fecal/content (2)/imgSegmentation/healthy/healthy.485.json,healthy.485.jpg,healthy,1,train,1
../../Data/downloads/zenodo_4628934_poultry_fecal/content (2)/imgSegmentation/healthy/healthy.486.json,healthy.486.jpg,healthy,1,val,1
../../Data/downloads/zenodo_4628934_poultry_fecal/content (2)/imgSegmentation/healthy/healthy.487.json,healthy.487.jpg,healthy,1,train,1
../../Data/downloads/zenodo_4628934_poultry_fecal/content (2)/imgSegmentation/healthy/healthy.488.json,healthy.488.jpg,healthy,1,train,1
../../Data/downloads/zenodo_4628934_poultry_fecal/content (2)/imgSegmentation/healthy/healthy.489.json,healthy.489.jpg,healthy,1,train,1
../../Data/downloads/zenodo_4628934_poultry_fecal/content (2)/imgSegmentation/healthy/healthy.49.json,healthy.49.jpg,healthy,1,test,1
../../Data/downloads/zenodo_4628934_poultry_fecal/content (2)/imgSegmentation/healthy/healthy.490.json,healthy.490.jpg,healthy,1,train,1
../../Data/downloads/zenodo_4628934_poultry_fecal/content (2)/imgSegmentation/healthy/healthy.491.json,healthy.491.jpg,healthy,1,train,1
../../Data/downloads/zenodo_4628934_poultry_fecal/content (2)/imgSegmentation/healthy/healthy.492.json,healthy.492.jpg,healthy,1,train,1
../../Data/downloads/zenodo_4628934_poultry_fecal/content (2)/imgSegmentation/healthy/healthy.493.json,healthy.493.jpg,healthy,1,train,1
../../Data/downloads/zenodo_4628934_poultry_fecal/content (2)/imgSegmentation/healthy/healthy.494.json,healthy.494.jpg,healthy,1,test,1
../../Data/downloads/zenodo_4628934_poultry_fecal/content (2)/imgSegmentation/healthy/healthy.495.json,healthy.495.jpg,healthy,1,val,1
../../Data/downloads/zenodo_4628934_poultry_fecal/content (2)/imgSegmentation/healthy/healthy.496.json,healthy.496.jpg,healthy,1,train,1
../../Data/downloads/zenodo_4628934_poultry_fecal/content (2)/imgSegmentation/healthy/healthy.497.json,healthy.497.jpg,healthy,1,train,1
../../Data/downloads/zenodo_4628934_poultry_fecal/content (2)/imgSegmentation/healthy/healthy.498.json,healthy.498.jpg,healthy,1,test,1
../../Data/downloads/zenodo_4628934_poultry_fecal/content (2)/imgSegmentation/healthy/healthy.499.json,healthy.499.jpg,healthy,1,train,1
../../Data/downloads/zenodo_4628934_poultry_fecal/content (2)/imgSegmentation/healthy/healthy.5.json,healthy.5.jpg,healthy,1,train,1
../../Data/downloads/zenodo_4628934_poultry_fecal/content (2)/imgSegmentation/healthy/healthy.50.json,healthy.50.jpg,healthy,1,test,1
../../Data/downloads/zenodo_4628934_poultry_fecal/content (2)/imgSegmentation/healthy/healthy.500.json,healthy.500.jpg,healthy,1,val,1
../../Data/downloads/zenodo_4628934_poultry_fecal/content (2)/imgSegmentation/healthy/healthy.501.json,healthy.501.jpg,healthy,1,train,1
../../Data/downloads/zenodo_4628934_poultry_fecal/content (2)/imgSegmentation/healthy/healthy.502.json,healthy.502.jpg,healthy,1,train,1
../../Data/downloads/zenodo_4628934_poultry_fecal/content (2)/imgSegmentation/healthy/healthy.503.json,healthy.503.jpg,healthy,1,train,1
../../Data/downloads/zenodo_4628934_poultry_fecal/content (2)/imgSegmentation/healthy/healthy.504.json,healthy.504.jpg,healthy,1,train,1
../../Data/downloads/zenodo_4628934_poultry_fecal/content (2)/imgSegmentation/healthy/healthy.505.json,healthy.505.jpg,healthy,1,train,1
../../Data/downloads/zenodo_4628934_poultry_fecal/content (2)/imgSegmentation/healthy/healthy.506.json,healthy.506.jpg,healthy,1,train,1
../../Data/downloads/zenodo_4628934_poultry_fecal/content (2)/imgSegmentation/healthy/healthy.507.json,healthy.507.jpg,healthy,1,train,1
../../Data/downloads/zenodo_4628934_poultry_fecal/content (2)/imgSegmentation/healthy/healthy.508.json,healthy.508.jpg,healthy,1,train,1
../../Data/downloads/zenodo_4628934_poultry_fecal/content (2)/imgSegmentation/healthy/healthy.509.json,healthy.509.jpg,healthy,1,train,1
../../Data/downloads/zenodo_4628934_poultry_fecal/content (2)/imgSegmentation/healthy/healthy.51.json,healthy.51.jpg,healthy,1,train,1
../../Data/downloads/zenodo_4628934_poultry_fecal/content (2)/imgSegmentation/healthy/healthy.510.json,healthy.510.jpg,healthy,1,train,1
../../Data/downloads/zenodo_4628934_poultry_fecal/content (2)/imgSegmentation/healthy/healthy.511.json,healthy.511.jpg,healthy,1,val,1
../../Data/downloads/zenodo_4628934_poultry_fecal/content (2)/imgSegmentation/healthy/healthy.512.json,healthy.512.jpg,healthy,1,train,1
../../Data/downloads/zenodo_4628934_poultry_fecal/content (2)/imgSegmentation/healthy/healthy.513.json,healthy.513.jpg,healthy,1,train,1
../../Data/downloads/zenodo_4628934_poultry_fecal/content (2)/imgSegmentation/healthy/healthy.514.json,healthy.514.jpg,healthy,1,val,1
../../Data/downloads/zenodo_4628934_poultry_fecal/content (2)/imgSegmentation/healthy/healthy.515.json,healthy.515.jpg,healthy,1,test,1
../../Data/downloads/zenodo_4628934_poultry_fecal/content (2)/imgSegmentation/healthy/healthy.516.json,healthy.516.jpg,healthy,1,train,1
../../Data/downloads/zenodo_4628934_poultry_fecal/content (2)/imgSegmentation/healthy/healthy.517.json,healthy.517.jpg,healthy,1,train,1
../../Data/downloads/zenodo_4628934_poultry_fecal/content (2)/imgSegmentation/healthy/healthy.518.json,healthy.518.jpg,healthy,1,val,1
../../Data/downloads/zenodo_4628934_poultry_fecal/content (2)/imgSegmentation/healthy/healthy.519.json,healthy.519.jpg,healthy,1,train,1
../../Data/downloads/zenodo_4628934_poultry_fecal/content (2)/imgSegmentation/healthy/healthy.52.json,healthy.52.jpg,healthy,1,val,1
../../Data/downloads/zenodo_4628934_poultry_fecal/content (2)/imgSegmentation/healthy/healthy.520.json,healthy.520.jpg,healthy,1,train,1
../../Data/downloads/zenodo_4628934_poultry_fecal/content (2)/imgSegmentation/healthy/healthy.521.json,healthy.521.jpg,healthy,1,test,1
../../Data/downloads/zenodo_4628934_poultry_fecal/content (2)/imgSegmentation/healthy/healthy.522.json,healthy.522.jpg,healthy,1,train,1
../../Data/downloads/zenodo_4628934_poultry_fecal/content (2)/imgSegmentation/healthy/healthy.523.json,healthy.523.jpg,healthy,1,val,1
../../Data/downloads/zenodo_4628934_poultry_fecal/content (2)/imgSegmentation/healthy/healthy.524.json,healthy.524.jpg,healthy,1,train,1
../../Data/downloads/zenodo_4628934_poultry_fecal/content (2)/imgSegmentation/healthy/healthy.525.json,healthy.525.jpg,healthy,1,train,1
../../Data/downloads/zenodo_4628934_poultry_fecal/content (2)/imgSegmentation/healthy/healthy.526.json,healthy.526.jpg,healthy,1,val,1
../../Data/downloads/zenodo_4628934_poultry_fecal/content (2)/imgSegmentation/healthy/healthy.527.json,healthy.527.jpg,healthy,1,train,1
../../Data/downloads/zenodo_4628934_poultry_fecal/content (2)/imgSegmentation/healthy/healthy.528.json,healthy.528.jpg,healthy,1,train,1
../../Data/downloads/zenodo_4628934_poultry_fecal/content (2)/imgSegmentation/healthy/healthy.529.json,healthy.529.jpg,healthy,1,train,1
../../Data/downloads/zenodo_4628934_poultry_fecal/content (2)/imgSegmentation/healthy/healthy.53.json,healthy.53.jpg,healthy,1,train,1
../../Data/downloads/zenodo_4628934_poultry_fecal/content (2)/imgSegmentation/healthy/healthy.530.json,healthy.530.jpg,healthy,1,val,1
../../Data/downloads/zenodo_4628934_poultry_fecal/content (2)/imgSegmentation/healthy/healthy.531.json,healthy.531.jpg,healthy,1,train,1
../../Data/downloads/zenodo_4628934_poultry_fecal/content (2)/imgSegmentation/healthy/healthy.532.json,healthy.532.jpg,healthy,1,val,1
../../Data/downloads/zenodo_4628934_poultry_fecal/content (2)/imgSegmentation/healthy/healthy.533.json,healthy.533.jpg,healthy,1,train,1
../../Data/downloads/zenodo_4628934_poultry_fecal/content (2)/imgSegmentation/healthy/healthy.534.json,healthy.534.jpg,healthy,1,train,1
../../Data/downloads/zenodo_4628934_poultry_fecal/content (2)/imgSegmentation/healthy/healthy.535.json,healthy.535.jpg,healthy,1,train,1
../../Data/downloads/zenodo_4628934_poultry_fecal/content (2)/imgSegmentation/healthy/healthy.536.json,healthy.536.jpg,healthy,1,train,1
../../Data/downloads/zenodo_4628934_poultry_fecal/content (2)/imgSegmentation/healthy/healthy.537.json,healthy.537.jpg,healthy,1,train,1
../../Data/downloads/zenodo_4628934_poultry_fecal/content (2)/imgSegmentation/healthy/healthy.538.json,healthy.538.jpg,healthy,1,val,1
../../Data/downloads/zenodo_4628934_poultry_fecal/content (2)/imgSegmentation/healthy/healthy.539.json,healthy.539.jpg,healthy,1,test,1
../../Data/downloads/zenodo_4628934_poultry_fecal/content (2)/imgSegmentation/healthy/healthy.54.json,healthy.54.jpg,healthy,1,train,1
../../Data/downloads/zenodo_4628934_poultry_fecal/content (2)/imgSegmentation/healthy/healthy.540.json,healthy.540.jpg,healthy,1,train,1
../../Data/downloads/zenodo_4628934_poultry_fecal/content (2)/imgSegmentation/healthy/healthy.541.json,healthy.541.jpg,healthy,1,train,1
../../Data/downloads/zenodo_4628934_poultry_fecal/content (2)/imgSegmentation/healthy/healthy.542.json,healthy.542.jpg,healthy,1,train,1
../../Data/downloads/zenodo_4628934_poultry_fecal/content (2)/imgSegmentation/healthy/healthy.543.json,healthy.543.jpg,healthy,1,train,1
../../Data/downloads/zenodo_4628934_poultry_fecal/content (2)/imgSegmentation/healthy/healthy.544.json,healthy.544.jpg,healthy,1,train,1
../../Data/downloads/zenodo_4628934_poultry_fecal/content (2)/imgSegmentation/healthy/healthy.545.json,healthy.545.jpg,healthy,1,train,1
../../Data/downloads/zenodo_4628934_poultry_fecal/content (2)/imgSegmentation/healthy/healthy.546.json,healthy.546.jpg,healthy,1,test,1
../../Data/downloads/zenodo_4628934_poultry_fecal/content (2)/imgSegmentation/healthy/healthy.547.json,healthy.547.jpg,healthy,1,train,1
../../Data/downloads/zenodo_4628934_poultry_fecal/content (2)/imgSegmentation/healthy/healthy.548.json,healthy.548.jpg,healthy,1,train,1
../../Data/downloads/zenodo_4628934_poultry_fecal/content (2)/imgSegmentation/healthy/healthy.549.json,healthy.549.jpg,healthy,1,val,1
../../Data/downloads/zenodo_4628934_poultry_fecal/content (2)/imgSegmentation/healthy/healthy.55.json,healthy.55.jpg,healthy,1,train,1
../../Data/downloads/zenodo_4628934_poultry_fecal/content (2)/imgSegmentation/healthy/healthy.550.json,healthy.550.jpg,healthy,1,train,1
../../Data/downloads/zenodo_4628934_poultry_fecal/content (2)/imgSegmentation/healthy/healthy.551.json,healthy.551.jpg,healthy,1,train,1
../../Data/downloads/zenodo_4628934_poultry_fecal/content (2)/imgSegmentation/healthy/healthy.552.json,healthy.552.jpg,healthy,1,test,1
../../Data/downloads/zenodo_4628934_poultry_fecal/content (2)/imgSegmentation/healthy/healthy.553.json,healthy.553.jpg,healthy,1,train,1
../../Data/downloads/zenodo_4628934_poultry_fecal/content (2)/imgSegmentation/healthy/healthy.554.json,healthy.554.jpg,healthy,1,train,1
../../Data/downloads/zenodo_4628934_poultry_fecal/content (2)/imgSegmentation/healthy/healthy.555.json,healthy.555.jpg,healthy,1,train,1
../../Data/downloads/zenodo_4628934_poultry_fecal/content (2)/imgSegmentation/healthy/healthy.556.json,healthy.556.jpg,healthy,1,train,1
../../Data/downloads/zenodo_4628934_poultry_fecal/content (2)/imgSegmentation/healthy/healthy.557.json,healthy.557.jpg,healthy,1,train,1
../../Data/downloads/zenodo_4628934_poultry_fecal/content (2)/imgSegmentation/healthy/healthy.558.json,healthy.558.jpg,healthy,1,train,1
../../Data/downloads/zenodo_4628934_poultry_fecal/content (2)/imgSegmentation/healthy/healthy.559.json,healthy.559.jpg,healthy,1,train,1
../../Data/downloads/zenodo_4628934_poultry_fecal/content (2)/imgSegmentation/healthy/healthy.56.json,healthy.56.jpg,healthy,1,train,1
../../Data/downloads/zenodo_4628934_poultry_fecal/content (2)/imgSegmentation/healthy/healthy.560.json,healthy.560.jpg,healthy,1,train,1
../../Data/downloads/zenodo_4628934_poultry_fecal/content (2)/imgSegmentation/healthy/healthy.561.json,healthy.561.jpg,healthy,1,val,1
../../Data/downloads/zenodo_4628934_poultry_fecal/content (2)/imgSegmentation/healthy/healthy.562.json,healthy.562.jpg,healthy,1,train,1
../../Data/downloads/zenodo_4628934_poultry_fecal/content (2)/imgSegmentation/healthy/healthy.563.json,healthy.563.jpg,healthy,1,val,1
../../Data/downloads/zenodo_4628934_poultry_fecal/content (2)/imgSegmentation/healthy/healthy.564.json,healthy.564.jpg,healthy,1,train,1
../../Data/downloads/zenodo_4628934_poultry_fecal/content (2)/imgSegmentation/healthy/healthy.565.json,healthy.565.jpg,healthy,1,train,1
../../Data/downloads/zenodo_4628934_poultry_fecal/content (2)/imgSegmentation/healthy/healthy.566.json,healthy.566.jpg,healthy,1,train,1
../../Data/downloads/zenodo_4628934_poultry_fecal/content (2)/imgSegmentation/healthy/healthy.567.json,healthy.567.jpg,healthy,1,val,1
../../Data/downloads/zenodo_4628934_poultry_fecal/content (2)/imgSegmentation/healthy/healthy.568.json,healthy.568.jpg,healthy,1,train,1
../../Data/downloads/zenodo_4628934_poultry_fecal/content (2)/imgSegmentation/healthy/healthy.569.json,healthy.569.jpg,healthy,1,val,1
../../Data/downloads/zenodo_4628934_poultry_fecal/content (2)/imgSegmentation/healthy/healthy.57.json,healthy.57.jpg,healthy,1,test,1
../../Data/downloads/zenodo_4628934_poultry_fecal/content (2)/imgSegmentation/healthy/healthy.570.json,healthy.570.jpg,healthy,1,val,1
../../Data/downloads/zenodo_4628934_poultry_fecal/content (2)/imgSegmentation/healthy/healthy.571.json,healthy.571.jpg,healthy,1,val,1
../../Data/downloads/zenodo_4628934_poultry_fecal/content (2)/imgSegmentation/healthy/healthy.572.json,healthy.572.jpg,healthy,1,train,1
../../Data/downloads/zenodo_4628934_poultry_fecal/content (2)/imgSegmentation/healthy/healthy.573.json,healthy.573.jpg,healthy,1,val,1
../../Data/downloads/zenodo_4628934_poultry_fecal/content (2)/imgSegmentation/healthy/healthy.574.json,healthy.574.jpg,healthy,1,train,1
../../Data/downloads/zenodo_4628934_poultry_fecal/content (2)/imgSegmentation/healthy/healthy.575.json,healthy.575.jpg,healthy,1,train,1
../../Data/downloads/zenodo_4628934_poultry_fecal/content (2)/imgSegmentation/healthy/healthy.576.json,healthy.576.jpg,healthy,1,train,1
../../Data/downloads/zenodo_4628934_poultry_fecal/content (2)/imgSegmentation/healthy/healthy.577.json,healthy.577.jpg,healthy,1,train,1
../../Data/downloads/zenodo_4628934_poultry_fecal/content (2)/imgSegmentation/healthy/healthy.578.json,healthy.578.jpg,healthy,1,test,1
../../Data/downloads/zenodo_4628934_poultry_fecal/content (2)/imgSegmentation/healthy/healthy.579.json,healthy.579.jpg,healthy,1,val,1
../../Data/downloads/zenodo_4628934_poultry_fecal/content (2)/imgSegmentation/healthy/healthy.58.json,healthy.58.jpg,healthy,1,test,1
../../Data/downloads/zenodo_4628934_poultry_fecal/content (2)/imgSegmentation/healthy/healthy.580.json,healthy.580.jpg,healthy,1,train,1
../../Data/downloads/zenodo_4628934_poultry_fecal/content (2)/imgSegmentation/healthy/healthy.581.json,healthy.581.jpg,healthy,1,train,1
../../Data/downloads/zenodo_4628934_poultry_fecal/content (2)/imgSegmentation/healthy/healthy.582.json,healthy.582.jpg,healthy,1,val,1
../../Data/downloads/zenodo_4628934_poultry_fecal/content (2)/imgSegmentation/healthy/healthy.583.json,healthy.583.jpg,healthy,1,train,1
../../Data/downloads/zenodo_4628934_poultry_fecal/content (2)/imgSegmentation/healthy/healthy.584.json,healthy.584.jpg,healthy,1,train,1
../../Data/downloads/zenodo_4628934_poultry_fecal/content (2)/imgSegmentation/healthy/healthy.585.json,healthy.585.jpg,healthy,1,train,1
../../Data/downloads/zenodo_4628934_poultry_fecal/content (2)/imgSegmentation/healthy/healthy.586.json,healthy.586.jpg,healthy,1,val,1
../../Data/downloads/zenodo_4628934_poultry_fecal/content (2)/imgSegmentation/healthy/healthy.587.json,healthy.587.jpg,healthy,1,train,1
../../Data/downloads/zenodo_4628934_poultry_fecal/content (2)/imgSegmentation/healthy/healthy.588.json,healthy.588.jpg,healthy,1,train,1
../../Data/downloads/zenodo_4628934_poultry_fecal/content (2)/imgSegmentation/healthy/healthy.589.json,healthy.589.jpg,healthy,1,train,1
../../Data/downloads/zenodo_4628934_poultry_fecal/content (2)/imgSegmentation/healthy/healthy.59.json,healthy.59.jpg,healthy,1,test,1
../../Data/downloads/zenodo_4628934_poultry_fecal/content (2)/imgSegmentation/healthy/healthy.590.json,healthy.590.jpg,healthy,1,train,1
../../Data/downloads/zenodo_4628934_poultry_fecal/content (2)/imgSegmentation/healthy/healthy.591.json,healthy.591.jpg,healthy,1,train,1
../../Data/downloads/zenodo_4628934_poultry_fecal/content (2)/imgSegmentation/healthy/healthy.592.json,healthy.592.jpg,healthy,1,test,1
../../Data/downloads/zenodo_4628934_poultry_fecal/content (2)/imgSegmentation/healthy/healthy.593.json,healthy.593.jpg,healthy,1,train,1
../../Data/downloads/zenodo_4628934_poultry_fecal/content (2)/imgSegmentation/healthy/healthy.594.json,healthy.594.jpg,healthy,1,train,1
../../Data/downloads/zenodo_4628934_poultry_fecal/content (2)/imgSegmentation/healthy/healthy.595.json,healthy.595.jpg,healthy,1,train,1
../../Data/downloads/zenodo_4628934_poultry_fecal/content (2)/imgSegmentation/healthy/healthy.596.json,healthy.596.jpg,healthy,1,val,1
../../Data/downloads/zenodo_4628934_poultry_fecal/content (2)/imgSegmentation/healthy/healthy.597.json,healthy.597.jpg,healthy,1,val,1
../../Data/downloads/zenodo_4628934_poultry_fecal/content (2)/imgSegmentation/healthy/healthy.598.json,healthy.598.jpg,healthy,1,train,1
../../Data/downloads/zenodo_4628934_poultry_fecal/content (2)/imgSegmentation/healthy/healthy.599.json,healthy.599.jpg,healthy,1,train,1
../../Data/downloads/zenodo_4628934_poultry_fecal/content (2)/imgSegmentation/healthy/healthy.6.json,healthy.6.jpg,healthy,1,train,1
../../Data/downloads/zenodo_4628934_poultry_fecal/content (2)/imgSegmentation/healthy/healthy.60.json,healthy.60.jpg,healthy,1,train,1
../../Data/downloads/zenodo_4628934_poultry_fecal/content (2)/imgSegmentation/healthy/healthy.600.json,healthy.600.jpg,healthy,1,train,1
../../Data/downloads/zenodo_4628934_poultry_fecal/content (2)/imgSegmentation/healthy/healthy.601.json,healthy.601.jpg,healthy,1,test,1
../../Data/downloads/zenodo_4628934_poultry_fecal/content (2)/imgSegmentation/healthy/healthy.602.json,healthy.602.jpg,healthy,1,train,1
../../Data/downloads/zenodo_4628934_poultry_fecal/content (2)/imgSegmentation/healthy/healthy.603.json,healthy.603.jpg,healthy,1,train,1
../../Data/downloads/zenodo_4628934_poultry_fecal/content (2)/imgSegmentation/healthy/healthy.604.json,healthy.604.jpg,healthy,1,train,1
../../Data/downloads/zenodo_4628934_poultry_fecal/content (2)/imgSegmentation/healthy/healthy.605.json,healthy.605.jpg,healthy,1,test,1
../../Data/downloads/zenodo_4628934_poultry_fecal/content (2)/imgSegmentation/healthy/healthy.606.json,healthy.606.jpg,healthy,1,train,1
../../Data/downloads/zenodo_4628934_poultry_fecal/content (2)/imgSegmentation/healthy/healthy.607.json,healthy.607.jpg,healthy,1,train,1
../../Data/downloads/zenodo_4628934_poultry_fecal/content (2)/imgSegmentation/healthy/healthy.608.json,healthy.608.jpg,healthy,1,train,1
../../Data/downloads/zenodo_4628934_poultry_fecal/content (2)/imgSegmentation/healthy/healthy.609.json,healthy.609.jpg,healthy,1,test,1
../../Data/downloads/zenodo_4628934_poultry_fecal/content (2)/imgSegmentation/healthy/healthy.61.json,healthy.61.jpg,healthy,1,train,1
../../Data/downloads/zenodo_4628934_poultry_fecal/content (2)/imgSegmentation/healthy/healthy.610.json,healthy.610.jpg,healthy,1,val,1
../../Data/downloads/zenodo_4628934_poultry_fecal/content (2)/imgSegmentation/healthy/healthy.611.json,healthy.611.jpg,healthy,1,val,1
../../Data/downloads/zenodo_4628934_poultry_fecal/content (2)/imgSegmentation/healthy/healthy.612.json,healthy.612.jpg,healthy,1,train,1
../../Data/downloads/zenodo_4628934_poultry_fecal/content (2)/imgSegmentation/healthy/healthy.613.json,healthy.613.jpg,healthy,1,train,1
../../Data/downloads/zenodo_4628934_poultry_fecal/content (2)/imgSegmentation/healthy/healthy.614.json,healthy.614.jpg,healthy,1,train,1
../../Data/downloads/zenodo_4628934_poultry_fecal/content (2)/imgSegmentation/healthy/healthy.615.json,healthy.615.jpg,healthy,1,test,1
../../Data/downloads/zenodo_4628934_poultry_fecal/content (2)/imgSegmentation/healthy/healthy.616.json,healthy.616.jpg,healthy,1,train,1
../../Data/downloads/zenodo_4628934_poultry_fecal/content (2)/imgSegmentation/healthy/healthy.617.json,healthy.617.jpg,healthy,1,train,1
../../Data/downloads/zenodo_4628934_poultry_fecal/content (2)/imgSegmentation/healthy/healthy.618.json,healthy.618.jpg,healthy,1,train,1
../../Data/downloads/zenodo_4628934_poultry_fecal/content (2)/imgSegmentation/healthy/healthy.619.json,healthy.619.jpg,healthy,1,test,1
../../Data/downloads/zenodo_4628934_poultry_fecal/content (2)/imgSegmentation/healthy/healthy.62.json,healthy.62.jpg,healthy,1,val,1
../../Data/downloads/zenodo_4628934_poultry_fecal/content (2)/imgSegmentation/healthy/healthy.620.json,healthy.620.jpg,healthy,1,train,1
../../Data/downloads/zenodo_4628934_poultry_fecal/content (2)/imgSegmentation/healthy/healthy.621.json,healthy.621.jpg,healthy,1,train,1
../../Data/downloads/zenodo_4628934_poultry_fecal/content (2)/imgSegmentation/healthy/healthy.622.json,healthy.622.jpg,healthy,1,train,1
../../Data/downloads/zenodo_4628934_poultry_fecal/content (2)/imgSegmentation/healthy/healthy.623.json,healthy.623.jpg,healthy,1,train,1
../../Data/downloads/zenodo_4628934_poultry_fecal/content (2)/imgSegmentation/healthy/healthy.624.json,healthy.624.jpg,healthy,1,train,1
../../Data/downloads/zenodo_4628934_poultry_fecal/content (2)/imgSegmentation/healthy/healthy.625.json,healthy.625.jpg,healthy,1,train,1
../../Data/downloads/zenodo_4628934_poultry_fecal/content (2)/imgSegmentation/healthy/healthy.626.json,healthy.626.jpg,healthy,1,train,1
../../Data/downloads/zenodo_4628934_poultry_fecal/content (2)/imgSegmentation/healthy/healthy.627.json,healthy.627.jpg,healthy,1,train,1
../../Data/downloads/zenodo_4628934_poultry_fecal/content (2)/imgSegmentation/healthy/healthy.628.json,healthy.628.jpg,healthy,1,train,1
../../Data/downloads/zenodo_4628934_poultry_fecal/content (2)/imgSegmentation/healthy/healthy.629.json,healthy.629.jpg,healthy,1,train,1
../../Data/downloads/zenodo_4628934_poultry_fecal/content (2)/imgSegmentation/healthy/healthy.63.json,healthy.63.jpg,healthy,1,train,1
../../Data/downloads/zenodo_4628934_poultry_fecal/content (2)/imgSegmentation/healthy/healthy.630.json,healthy.630.jpg,healthy,1,train,1
../../Data/downloads/zenodo_4628934_poultry_fecal/content (2)/imgSegmentation/healthy/healthy.631.json,healthy.631.jpg,healthy,1,test,1
../../Data/downloads/zenodo_4628934_poultry_fecal/content (2)/imgSegmentation/healthy/healthy.632.json,healthy.632.jpg,healthy,1,train,1
../../Data/downloads/zenodo_4628934_poultry_fecal/content (2)/imgSegmentation/healthy/healthy.633.json,healthy.633.jpg,healthy,1,train,1
../../Data/downloads/zenodo_4628934_poultry_fecal/content (2)/imgSegmentation/healthy/healthy.634.json,healthy.634.jpg,healthy,1,train,1
../../Data/downloads/zenodo_4628934_poultry_fecal/content (2)/imgSegmentation/healthy/healthy.635.json,healthy.635.jpg,healthy,1,train,1
../../Data/downloads/zenodo_4628934_poultry_fecal/content (2)/imgSegmentation/healthy/healthy.636.json,healthy.636.jpg,healthy,1,train,1
../../Data/downloads/zenodo_4628934_poultry_fecal/content (2)/imgSegmentation/healthy/healthy.637.json,healthy.637.jpg,healthy,1,test,1
../../Data/downloads/zenodo_4628934_poultry_fecal/content (2)/imgSegmentation/healthy/healthy.638.json,healthy.638.jpg,healthy,1,train,1
../../Data/downloads/zenodo_4628934_poultry_fecal/content (2)/imgSegmentation/healthy/healthy.639.json,healthy.639.jpg,healthy,1,train,1
../../Data/downloads/zenodo_4628934_poultry_fecal/content (2)/imgSegmentation/healthy/healthy.64.json,healthy.64.jpg,healthy,1,train,1
../../Data/downloads/zenodo_4628934_poultry_fecal/content (2)/imgSegmentation/healthy/healthy.640.json,healthy.640.jpg,healthy,1,train,1
../../Data/downloads/zenodo_4628934_poultry_fecal/content (2)/imgSegmentation/healthy/healthy.641.json,healthy.641.jpg,healthy,1,train,1
../../Data/downloads/zenodo_4628934_poultry_fecal/content (2)/imgSegmentation/healthy/healthy.642.json,healthy.642.jpg,healthy,1,test,1
../../Data/downloads/zenodo_4628934_poultry_fecal/content (2)/imgSegmentation/healthy/healthy.643.json,healthy.643.jpg,healthy,1,train,1
../../Data/downloads/zenodo_4628934_poultry_fecal/content (2)/imgSegmentation/healthy/healthy.644.json,healthy.644.jpg,healthy,1,train,1
../../Data/downloads/zenodo_4628934_poultry_fecal/content (2)/imgSegmentation/healthy/healthy.645.json,healthy.645.jpg,healthy,1,train,1
../../Data/downloads/zenodo_4628934_poultry_fecal/content (2)/imgSegmentation/healthy/healthy.646.json,healthy.646.jpg,healthy,1,train,1
../../Data/downloads/zenodo_4628934_poultry_fecal/content (2)/imgSegmentation/healthy/healthy.647.json,healthy.647.jpg,healthy,1,train,1
../../Data/downloads/zenodo_4628934_poultry_fecal/content (2)/imgSegmentation/healthy/healthy.648.json,healthy.648.jpg,healthy,1,test,1
../../Data/downloads/zenodo_4628934_poultry_fecal/content (2)/imgSegmentation/healthy/healthy.649.json,healthy.649.jpg,healthy,1,train,1
../../Data/downloads/zenodo_4628934_poultry_fecal/content (2)/imgSegmentation/healthy/healthy.65.json,healthy.65.jpg,healthy,1,train,1
../../Data/downloads/zenodo_4628934_poultry_fecal/content (2)/imgSegmentation/healthy/healthy.650.json,healthy.650.jpg,healthy,1,train,1
../../Data/downloads/zenodo_4628934_poultry_fecal/content (2)/imgSegmentation/healthy/healthy.651.json,healthy.651.jpg,healthy,1,test,1
../../Data/downloads/zenodo_4628934_poultry_fecal/content (2)/imgSegmentation/healthy/healthy.652.json,healthy.652.jpg,healthy,1,train,1
../../Data/downloads/zenodo_4628934_poultry_fecal/content (2)/imgSegmentation/healthy/healthy.653.json,healthy.653.jpg,healthy,1,train,1
../../Data/downloads/zenodo_4628934_poultry_fecal/content (2)/imgSegmentation/healthy/healthy.654.json,healthy.654.jpg,healthy,1,train,1
../../Data/downloads/zenodo_4628934_poultry_fecal/content (2)/imgSegmentation/healthy/healthy.655.json,healthy.655.jpg,healthy,1,train,1
../../Data/downloads/zenodo_4628934_poultry_fecal/content (2)/imgSegmentation/healthy/healthy.656.json,healthy.656.jpg,healthy,1,val,1
../../Data/downloads/zenodo_4628934_poultry_fecal/content (2)/imgSegmentation/healthy/healthy.657.json,healthy.657.jpg,healthy,1,train,1
../../Data/downloads/zenodo_4628934_poultry_fecal/content (2)/imgSegmentation/healthy/healthy.658.json,healthy.658.jpg,healthy,1,test,1
../../Data/downloads/zenodo_4628934_poultry_fecal/content (2)/imgSegmentation/healthy/healthy.659.json,healthy.659.jpg,healthy,1,train,1
../../Data/downloads/zenodo_4628934_poultry_fecal/content (2)/imgSegmentation/healthy/healthy.66.json,healthy.66.jpg,healthy,1,val,1
../../Data/downloads/zenodo_4628934_poultry_fecal/content (2)/imgSegmentation/healthy/healthy.660.json,healthy.660.jpg,healthy,1,train,1
../../Data/downloads/zenodo_4628934_poultry_fecal/content (2)/imgSegmentation/healthy/healthy.661.json,healthy.661.jpg,healthy,1,train,1
../../Data/downloads/zenodo_4628934_poultry_fecal/content (2)/imgSegmentation/healthy/healthy.662.json,healthy.662.jpg,healthy,1,val,1
../../Data/downloads/zenodo_4628934_poultry_fecal/content (2)/imgSegmentation/healthy/healthy.663.json,healthy.663.jpg,healthy,1,val,1
../../Data/downloads/zenodo_4628934_poultry_fecal/content (2)/imgSegmentation/healthy/healthy.664.json,healthy.664.jpg,healthy,1,train,1
../../Data/downloads/zenodo_4628934_poultry_fecal/content (2)/imgSegmentation/healthy/healthy.665.json,healthy.665.jpg,healthy,1,train,1
../../Data/downloads/zenodo_4628934_poultry_fecal/content (2)/imgSegmentation/healthy/healthy.666.json,healthy.666.jpg,healthy,1,test,1
../../Data/downloads/zenodo_4628934_poultry_fecal/content (2)/imgSegmentation/healthy/healthy.667.json,healthy.667.jpg,healthy,1,train,1
../../Data/downloads/zenodo_4628934_poultry_fecal/content (2)/imgSegmentation/healthy/healthy.668.json,healthy.668.jpg,healthy,1,train,1
../../Data/downloads/zenodo_4628934_poultry_fecal/content (2)/imgSegmentation/healthy/healthy.669.json,healthy.669.jpg,healthy,1,train,1
../../Data/downloads/zenodo_4628934_poultry_fecal/content (2)/imgSegmentation/healthy/healthy.67.json,healthy.67.jpg,healthy,1,train,1
../../Data/downloads/zenodo_4628934_poultry_fecal/content (2)/imgSegmentation/healthy/healthy.670.json,healthy.670.jpg,healthy,1,train,1
../../Data/downloads/zenodo_4628934_poultry_fecal/content (2)/imgSegmentation/healthy/healthy.671.json,healthy.671.jpg,healthy,1,train,1
../../Data/downloads/zenodo_4628934_poultry_fecal/content (2)/imgSegmentation/healthy/healthy.672.json,healthy.672.jpg,healthy,1,val,1
../../Data/downloads/zenodo_4628934_poultry_fecal/content (2)/imgSegmentation/healthy/healthy.673.json,healthy.673.jpg,healthy,1,val,1
../../Data/downloads/zenodo_4628934_poultry_fecal/content (2)/imgSegmentation/healthy/healthy.674.json,healthy.674.jpg,healthy,1,test,1
../../Data/downloads/zenodo_4628934_poultry_fecal/content (2)/imgSegmentation/healthy/healthy.675.json,healthy.675.jpg,healthy,1,train,1
../../Data/downloads/zenodo_4628934_poultry_fecal/content (2)/imgSegmentation/healthy/healthy.676.json,healthy.676.jpg,healthy,1,train,1
../../Data/downloads/zenodo_4628934_poultry_fecal/content (2)/imgSegmentation/healthy/healthy.677.json,healthy.677.jpg,healthy,1,train,1
../../Data/downloads/zenodo_4628934_poultry_fecal/content (2)/imgSegmentation/healthy/healthy.678.json,healthy.678.jpg,healthy,1,train,1
../../Data/downloads/zenodo_4628934_poultry_fecal/content (2)/imgSegmentation/healthy/healthy.679.json,healthy.679.jpg,healthy,1,train,1
../../Data/downloads/zenodo_4628934_poultry_fecal/content (2)/imgSegmentation/healthy/healthy.68.json,healthy.68.jpg,healthy,1,val,1
../../Data/downloads/zenodo_4628934_poultry_fecal/content (2)/imgSegmentation/healthy/healthy.680.json,healthy.680.jpg,healthy,1,train,1
../../Data/downloads/zenodo_4628934_poultry_fecal/content (2)/imgSegmentation/healthy/healthy.681.json,healthy.681.jpg,healthy,1,train,1
../../Data/downloads/zenodo_4628934_poultry_fecal/content (2)/imgSegmentation/healthy/healthy.682.json,healthy.682.jpg,healthy,1,train,1
../../Data/downloads/zenodo_4628934_poultry_fecal/content (2)/imgSegmentation/healthy/healthy.683.json,healthy.683.jpg,healthy,1,train,1
../../Data/downloads/zenodo_4628934_poultry_fecal/content (2)/imgSegmentation/healthy/healthy.684.json,healthy.684.jpg,healthy,1,train,1
../../Data/downloads/zenodo_4628934_poultry_fecal/content (2)/imgSegmentation/healthy/healthy.685.json,healthy.685.jpg,healthy,1,val,1
../../Data/downloads/zenodo_4628934_poultry_fecal/content (2)/imgSegmentation/healthy/healthy.686.json,healthy.686.jpg,healthy,1,train,1
../../Data/downloads/zenodo_4628934_poultry_fecal/content (2)/imgSegmentation/healthy/healthy.687.json,healthy.687.jpg,healthy,1,train,1
../../Data/downloads/zenodo_4628934_poultry_fecal/content (2)/imgSegmentation/healthy/healthy.688.json,healthy.688.jpg,healthy,1,test,1
../../Data/downloads/zenodo_4628934_poultry_fecal/content (2)/imgSegmentation/healthy/healthy.689.json,healthy.689.jpg,healthy,1,train,1
../../Data/downloads/zenodo_4628934_poultry_fecal/content (2)/imgSegmentation/healthy/healthy.69.json,healthy.69.jpg,healthy,1,test,1
../../Data/downloads/zenodo_4628934_poultry_fecal/content (2)/imgSegmentation/healthy/healthy.690.json,healthy.690.jpg,healthy,1,train,1
../../Data/downloads/zenodo_4628934_poultry_fecal/content (2)/imgSegmentation/healthy/healthy.691.json,healthy.691.jpg,healthy,1,train,1
../../Data/downloads/zenodo_4628934_poultry_fecal/content (2)/imgSegmentation/healthy/healthy.692.json,healthy.692.jpg,healthy,1,val,1
../../Data/downloads/zenodo_4628934_poultry_fecal/content (2)/imgSegmentation/healthy/healthy.693.json,healthy.693.jpg,healthy,1,train,1
../../Data/downloads/zenodo_4628934_poultry_fecal/content (2)/imgSegmentation/healthy/healthy.694.json,healthy.694.jpg,healthy,1,train,1
../../Data/downloads/zenodo_4628934_poultry_fecal/content (2)/imgSegmentation/healthy/healthy.695.json,healthy.695.jpg,healthy,1,train,1
../../Data/downloads/zenodo_4628934_poultry_fecal/content (2)/imgSegmentation/healthy/healthy.696.json,healthy.696.jpg,healthy,1,test,1
../../Data/downloads/zenodo_4628934_poultry_fecal/content (2)/imgSegmentation/healthy/healthy.697.json,healthy.697.jpg,healthy,1,train,1
../../Data/downloads/zenodo_4628934_poultry_fecal/content (2)/imgSegmentation/healthy/healthy.698.json,healthy.698.jpg,healthy,1,val,1
../../Data/downloads/zenodo_4628934_poultry_fecal/content (2)/imgSegmentation/healthy/healthy.699.json,healthy.699.jpg,healthy,1,train,1
../../Data/downloads/zenodo_4628934_poultry_fecal/content (2)/imgSegmentation/healthy/healthy.7.json,healthy.7.jpg,healthy,1,train,1
../../Data/downloads/zenodo_4628934_poultry_fecal/content (2)/imgSegmentation/healthy/healthy.70.json,healthy.70.jpg,healthy,1,val,1
../../Data/downloads/zenodo_4628934_poultry_fecal/content (2)/imgSegmentation/healthy/healthy.700.json,healthy.700.jpg,healthy,1,test,1
../../Data/downloads/zenodo_4628934_poultry_fecal/content (2)/imgSegmentation/healthy/healthy.701.json,healthy.701.jpg,healthy,1,train,1
../../Data/downloads/zenodo_4628934_poultry_fecal/content (2)/imgSegmentation/healthy/healthy.702.json,healthy.702.jpg,healthy,1,train,1
../../Data/downloads/zenodo_4628934_poultry_fecal/content (2)/imgSegmentation/healthy/healthy.703.json,healthy.703.jpg,healthy,1,train,1
../../Data/downloads/zenodo_4628934_poultry_fecal/content (2)/imgSegmentation/healthy/healthy.704.json,healthy.704.jpg,healthy,1,train,1
../../Data/downloads/zenodo_4628934_poultry_fecal/content (2)/imgSegmentation/healthy/healthy.705.json,healthy.705.jpg,healthy,1,train,1
../../Data/downloads/zenodo_4628934_poultry_fecal/content (2)/imgSegmentation/healthy/healthy.706.json,healthy.706.jpg,healthy,1,train,1
../../Data/downloads/zenodo_4628934_poultry_fecal/content (2)/imgSegmentation/healthy/healthy.707.json,healthy.707.jpg,healthy,1,val,1
../../Data/downloads/zenodo_4628934_poultry_fecal/content (2)/imgSegmentation/healthy/healthy.708.json,healthy.708.jpg,healthy,1,train,1
../../Data/downloads/zenodo_4628934_poultry_fecal/content (2)/imgSegmentation/healthy/healthy.709.json,healthy.709.jpg,healthy,1,test,1
../../Data/downloads/zenodo_4628934_poultry_fecal/content (2)/imgSegmentation/healthy/healthy.71.json,healthy.71.jpg,healthy,1,train,1
../../Data/downloads/zenodo_4628934_poultry_fecal/content (2)/imgSegmentation/healthy/healthy.710.json,healthy.710.jpg,healthy,1,train,1
../../Data/downloads/zenodo_4628934_poultry_fecal/content (2)/imgSegmentation/healthy/healthy.711.json,healthy.711.jpg,healthy,1,train,1
../../Data/downloads/zenodo_4628934_poultry_fecal/content (2)/imgSegmentation/healthy/healthy.712.json,healthy.712.jpg,healthy,1,train,1
../../Data/downloads/zenodo_4628934_poultry_fecal/content (2)/imgSegmentation/healthy/healthy.713.json,healthy.713.jpg,healthy,1,train,1
../../Data/downloads/zenodo_4628934_poultry_fecal/content (2)/imgSegmentation/healthy/healthy.714.json,healthy.714.jpg,healthy,1,val,1
../../Data/downloads/zenodo_4628934_poultry_fecal/content (2)/imgSegmentation/healthy/healthy.715.json,healthy.715.jpg,healthy,1,train,1
../../Data/downloads/zenodo_4628934_poultry_fecal/content (2)/imgSegmentation/healthy/healthy.716.json,healthy.716.jpg,healthy,1,train,1
../../Data/downloads/zenodo_4628934_poultry_fecal/content (2)/imgSegmentation/healthy/healthy.717.json,healthy.717.jpg,healthy,1,train,1
../../Data/downloads/zenodo_4628934_poultry_fecal/content (2)/imgSegmentation/healthy/healthy.718.json,healthy.718.jpg,healthy,1,train,1
../../Data/downloads/zenodo_4628934_poultry_fecal/content (2)/imgSegmentation/healthy/healthy.719.json,healthy.719.jpg,healthy,1,train,1
../../Data/downloads/zenodo_4628934_poultry_fecal/content (2)/imgSegmentation/healthy/healthy.72.json,healthy.72.jpg,healthy,1,train,1
../../Data/downloads/zenodo_4628934_poultry_fecal/content (2)/imgSegmentation/healthy/healthy.720.json,healthy.720.jpg,healthy,1,train,1
../../Data/downloads/zenodo_4628934_poultry_fecal/content (2)/imgSegmentation/healthy/healthy.721.json,healthy.721.jpg,healthy,1,test,1
../../Data/downloads/zenodo_4628934_poultry_fecal/content (2)/imgSegmentation/healthy/healthy.722.json,healthy.722.jpg,healthy,1,train,1
../../Data/downloads/zenodo_4628934_poultry_fecal/content (2)/imgSegmentation/healthy/healthy.723.json,healthy.723.jpg,healthy,1,train,1
../../Data/downloads/zenodo_4628934_poultry_fecal/content (2)/imgSegmentation/healthy/healthy.724.json,healthy.724.jpg,healthy,1,train,1
../../Data/downloads/zenodo_4628934_poultry_fecal/content (2)/imgSegmentation/healthy/healthy.725.json,healthy.725.jpg,healthy,1,train,1
../../Data/downloads/zenodo_4628934_poultry_fecal/content (2)/imgSegmentation/healthy/healthy.726.json,healthy.726.jpg,healthy,1,train,1
../../Data/downloads/zenodo_4628934_poultry_fecal/content (2)/imgSegmentation/healthy/healthy.727.json,healthy.727.jpg,healthy,1,train,1
../../Data/downloads/zenodo_4628934_poultry_fecal/content (2)/imgSegmentation/healthy/healthy.728.json,healthy.728.jpg,healthy,1,train,1
../../Data/downloads/zenodo_4628934_poultry_fecal/content (2)/imgSegmentation/healthy/healthy.729.json,healthy.729.jpg,healthy,1,train,1
../../Data/downloads/zenodo_4628934_poultry_fecal/content (2)/imgSegmentation/healthy/healthy.73.json,healthy.73.jpg,healthy,1,val,1
../../Data/downloads/zenodo_4628934_poultry_fecal/content (2)/imgSegmentation/healthy/healthy.730.json,healthy.730.jpg,healthy,1,train,1
../../Data/downloads/zenodo_4628934_poultry_fecal/content (2)/imgSegmentation/healthy/healthy.731.json,healthy.731.jpg,healthy,1,train,1
../../Data/downloads/zenodo_4628934_poultry_fecal/content (2)/imgSegmentation/healthy/healthy.732.json,healthy.732.jpg,healthy,1,train,1
../../Data/downloads/zenodo_4628934_poultry_fecal/content (2)/imgSegmentation/healthy/healthy.733.json,healthy.733.jpg,healthy,1,train,1
../../Data/downloads/zenodo_4628934_poultry_fecal/content (2)/imgSegmentation/healthy/healthy.734.json,healthy.734.jpg,healthy,1,train,1
../../Data/downloads/zenodo_4628934_poultry_fecal/content (2)/imgSegmentation/healthy/healthy.735.json,healthy.735.jpg,healthy,1,train,1
../../Data/downloads/zenodo_4628934_poultry_fecal/content (2)/imgSegmentation/healthy/healthy.736.json,healthy.736.jpg,healthy,1,train,1
../../Data/downloads/zenodo_4628934_poultry_fecal/content (2)/imgSegmentation/healthy/healthy.737.json,healthy.737.jpg,healthy,1,train,1
../../Data/downloads/zenodo_4628934_poultry_fecal/content (2)/imgSegmentation/healthy/healthy.738.json,healthy.738.jpg,healthy,1,train,1
../../Data/downloads/zenodo_4628934_poultry_fecal/content (2)/imgSegmentation/healthy/healthy.739.json,healthy.739.jpg,healthy,1,test,1
../../Data/downloads/zenodo_4628934_poultry_fecal/content (2)/imgSegmentation/healthy/healthy.74.json,healthy.74.jpg,healthy,1,train,1
../../Data/downloads/zenodo_4628934_poultry_fecal/content (2)/imgSegmentation/healthy/healthy.740.json,healthy.740.jpg,healthy,1,train,1
../../Data/downloads/zenodo_4628934_poultry_fecal/content (2)/imgSegmentation/healthy/healthy.741.json,healthy.741.jpg,healthy,1,train,1
../../Data/downloads/zenodo_4628934_poultry_fecal/content (2)/imgSegmentation/healthy/healthy.742.json,healthy.742.jpg,healthy,1,train,1
../../Data/downloads/zenodo_4628934_poultry_fecal/content (2)/imgSegmentation/healthy/healthy.743.json,healthy.743.jpg,healthy,1,val,1
../../Data/downloads/zenodo_4628934_poultry_fecal/content (2)/imgSegmentation/healthy/healthy.744.json,healthy.744.jpg,healthy,1,train,1
../../Data/downloads/zenodo_4628934_poultry_fecal/content (2)/imgSegmentation/healthy/healthy.745.json,healthy.745.jpg,healthy,1,train,1
../../Data/downloads/zenodo_4628934_poultry_fecal/content (2)/imgSegmentation/healthy/healthy.746.json,healthy.746.jpg,healthy,1,train,1
../../Data/downloads/zenodo_4628934_poultry_fecal/content (2)/imgSegmentation/healthy/healthy.747.json,healthy.747.jpg,healthy,1,train,1
../../Data/downloads/zenodo_4628934_poultry_fecal/content (2)/imgSegmentation/healthy/healthy.748.json,healthy.748.jpg,healthy,1,train,1
../../Data/downloads/zenodo_4628934_poultry_fecal/content (2)/imgSegmentation/healthy/healthy.749.json,healthy.749.jpg,healthy,1,train,1
../../Data/downloads/zenodo_4628934_poultry_fecal/content (2)/imgSegmentation/healthy/healthy.75.json,healthy.75.jpg,healthy,1,train,1
../../Data/downloads/zenodo_4628934_poultry_fecal/content (2)/imgSegmentation/healthy/healthy.750.json,healthy.750.jpg,healthy,1,train,1
../../Data/downloads/zenodo_4628934_poultry_fecal/content (2)/imgSegmentation/healthy/healthy.751.json,healthy.751.jpg,healthy,1,train,1
../../Data/downloads/zenodo_4628934_poultry_fecal/content (2)/imgSegmentation/healthy/healthy.752.json,healthy.752.jpg,healthy,1,val,1
../../Data/downloads/zenodo_4628934_poultry_fecal/content (2)/imgSegmentation/healthy/healthy.753.json,healthy.753.jpg,healthy,1,train,1
../../Data/downloads/zenodo_4628934_poultry_fecal/content (2)/imgSegmentation/healthy/healthy.754.json,healthy.754.jpg,healthy,1,test,1
../../Data/downloads/zenodo_4628934_poultry_fecal/content (2)/imgSegmentation/healthy/healthy.755.json,healthy.755.jpg,healthy,1,train,1
../../Data/downloads/zenodo_4628934_poultry_fecal/content (2)/imgSegmentation/healthy/healthy.756.json,healthy.756.jpg,healthy,1,val,1
../../Data/downloads/zenodo_4628934_poultry_fecal/content (2)/imgSegmentation/healthy/healthy.757.json,healthy.757.jpg,healthy,1,train,1
../../Data/downloads/zenodo_4628934_poultry_fecal/content (2)/imgSegmentation/healthy/healthy.758.json,healthy.758.jpg,healthy,1,train,1
../../Data/downloads/zenodo_4628934_poultry_fecal/content (2)/imgSegmentation/healthy/healthy.759.json,healthy.759.jpg,healthy,1,train,1
../../Data/downloads/zenodo_4628934_poultry_fecal/content (2)/imgSegmentation/healthy/healthy.76.json,healthy.76.jpg,healthy,1,test,1
../../Data/downloads/zenodo_4628934_poultry_fecal/content (2)/imgSegmentation/healthy/healthy.760.json,healthy.760.jpg,healthy,1,test,1
../../Data/downloads/zenodo_4628934_poultry_fecal/content (2)/imgSegmentation/healthy/healthy.761.json,healthy.761.jpg,healthy,1,train,1
../../Data/downloads/zenodo_4628934_poultry_fecal/content (2)/imgSegmentation/healthy/healthy.762.json,healthy.762.jpg,healthy,1,val,1
../../Data/downloads/zenodo_4628934_poultry_fecal/content (2)/imgSegmentation/healthy/healthy.763.json,healthy.763.jpg,healthy,1,train,1
../../Data/downloads/zenodo_4628934_poultry_fecal/content (2)/imgSegmentation/healthy/healthy.764.json,healthy.764.jpg,healthy,1,train,1
../../Data/downloads/zenodo_4628934_poultry_fecal/content (2)/imgSegmentation/healthy/healthy.765.json,healthy.765.jpg,healthy,1,test,1
../../Data/downloads/zenodo_4628934_poultry_fecal/content (2)/imgSegmentation/healthy/healthy.766.json,healthy.766.jpg,healthy,1,train,1
../../Data/downloads/zenodo_4628934_poultry_fecal/content (2)/imgSegmentation/healthy/healthy.767.json,healthy.767.jpg,healthy,1,val,1
../../Data/downloads/zenodo_4628934_poultry_fecal/content (2)/imgSegmentation/healthy/healthy.768.json,healthy.768.jpg,healthy,1,train,1
../../Data/downloads/zenodo_4628934_poultry_fecal/content (2)/imgSegmentation/healthy/healthy.769.json,healthy.769.jpg,healthy,1,train,1
../../Data/downloads/zenodo_4628934_poultry_fecal/content (2)/imgSegmentation/healthy/healthy.77.json,healthy.77.jpg,healthy,1,test,1
../../Data/downloads/zenodo_4628934_poultry_fecal/content (2)/imgSegmentation/healthy/healthy.770.json,healthy.770.jpg,healthy,1,train,1
../../Data/downloads/zenodo_4628934_poultry_fecal/content (2)/imgSegmentation/healthy/healthy.771.json,healthy.771.jpg,healthy,1,train,1
../../Data/downloads/zenodo_4628934_poultry_fecal/content (2)/imgSegmentation/healthy/healthy.772.json,healthy.772.jpg,healthy,1,val,1
../../Data/downloads/zenodo_4628934_poultry_fecal/content (2)/imgSegmentation/healthy/healthy.773.json,healthy.773.jpg,healthy,1,train,1
../../Data/downloads/zenodo_4628934_poultry_fecal/content (2)/imgSegmentation/healthy/healthy.774.json,healthy.774.jpg,healthy,1,test,1
../../Data/downloads/zenodo_4628934_poultry_fecal/content (2)/imgSegmentation/healthy/healthy.775.json,healthy.775.jpg,healthy,1,train,1
../../Data/downloads/zenodo_4628934_poultry_fecal/content (2)/imgSegmentation/healthy/healthy.776.json,healthy.776.jpg,healthy,1,train,1
../../Data/downloads/zenodo_4628934_poultry_fecal/content (2)/imgSegmentation/healthy/healthy.777.json,healthy.777.jpg,healthy,1,train,1
../../Data/downloads/zenodo_4628934_poultry_fecal/content (2)/imgSegmentation/healthy/healthy.778.json,healthy.778.jpg,healthy,1,train,1
../../Data/downloads/zenodo_4628934_poultry_fecal/content (2)/imgSegmentation/healthy/healthy.779.json,healthy.779.jpg,healthy,1,train,1
../../Data/downloads/zenodo_4628934_poultry_fecal/content (2)/imgSegmentation/healthy/healthy.78.json,healthy.78.jpg,healthy,1,train,1
../../Data/downloads/zenodo_4628934_poultry_fecal/content (2)/imgSegmentation/healthy/healthy.780.json,healthy.780.jpg,healthy,1,train,1
../../Data/downloads/zenodo_4628934_poultry_fecal/content (2)/imgSegmentation/healthy/healthy.781.json,healthy.781.jpg,healthy,1,train,1
../../Data/downloads/zenodo_4628934_poultry_fecal/content (2)/imgSegmentation/healthy/healthy.782.json,healthy.782.jpg,healthy,1,train,1
../../Data/downloads/zenodo_4628934_poultry_fecal/content (2)/imgSegmentation/healthy/healthy.783.json,healthy.783.jpg,healthy,1,train,1
../../Data/downloads/zenodo_4628934_poultry_fecal/content (2)/imgSegmentation/healthy/healthy.784.json,healthy.784.jpg,healthy,1,train,1
../../Data/downloads/zenodo_4628934_poultry_fecal/content (2)/imgSegmentation/healthy/healthy.785.json,healthy.785.jpg,healthy,1,train,1
../../Data/downloads/zenodo_4628934_poultry_fecal/content (2)/imgSegmentation/healthy/healthy.786.json,healthy.786.jpg,healthy,1,train,1
../../Data/downloads/zenodo_4628934_poultry_fecal/content (2)/imgSegmentation/healthy/healthy.787.json,healthy.787.jpg,healthy,1,test,1
../../Data/downloads/zenodo_4628934_poultry_fecal/content (2)/imgSegmentation/healthy/healthy.788.json,healthy.788.jpg,healthy,1,val,1
../../Data/downloads/zenodo_4628934_poultry_fecal/content (2)/imgSegmentation/healthy/healthy.789.json,healthy.789.jpg,healthy,1,train,1
../../Data/downloads/zenodo_4628934_poultry_fecal/content (2)/imgSegmentation/healthy/healthy.79.json,healthy.79.jpg,healthy,1,train,1
../../Data/downloads/zenodo_4628934_poultry_fecal/content (2)/imgSegmentation/healthy/healthy.790.json,healthy.790.jpg,healthy,1,train,1
../../Data/downloads/zenodo_4628934_poultry_fecal/content (2)/imgSegmentation/healthy/healthy.791.json,healthy.791.jpg,healthy,1,train,1
../../Data/downloads/zenodo_4628934_poultry_fecal/content (2)/imgSegmentation/healthy/healthy.792.json,healthy.792.jpg,healthy,1,train,1
../../Data/downloads/zenodo_4628934_poultry_fecal/content (2)/imgSegmentation/healthy/healthy.793.json,healthy.793.jpg,healthy,1,test,1
../../Data/downloads/zenodo_4628934_poultry_fecal/content (2)/imgSegmentation/healthy/healthy.794.json,healthy.794.jpg,healthy,1,train,1
../../Data/downloads/zenodo_4628934_poultry_fecal/content (2)/imgSegmentation/healthy/healthy.795.json,healthy.795.jpg,healthy,1,test,1
../../Data/downloads/zenodo_4628934_poultry_fecal/content (2)/imgSegmentation/healthy/healthy.796.json,healthy.796.jpg,healthy,1,train,1
../../Data/downloads/zenodo_4628934_poultry_fecal/content (2)/imgSegmentation/healthy/healthy.797.json,healthy.797.jpg,healthy,1,train,1
../../Data/downloads/zenodo_4628934_poultry_fecal/content (2)/imgSegmentation/healthy/healthy.798.json,healthy.798.jpg,healthy,1,train,1
../../Data/downloads/zenodo_4628934_poultry_fecal/content (2)/imgSegmentation/healthy/healthy.799.json,healthy.799.jpg,healthy,1,train,1
../../Data/downloads/zenodo_4628934_poultry_fecal/content (2)/imgSegmentation/healthy/healthy.8.json,healthy.8.jpg,healthy,1,train,1
../../Data/downloads/zenodo_4628934_poultry_fecal/content (2)/imgSegmentation/healthy/healthy.80.json,healthy.80.jpg,healthy,1,train,1
../../Data/downloads/zenodo_4628934_poultry_fecal/content (2)/imgSegmentation/healthy/healthy.800.json,healthy.800.jpg,healthy,1,train,1
../../Data/downloads/zenodo_4628934_poultry_fecal/content (2)/imgSegmentation/healthy/healthy.801.json,healthy.801.jpg,healthy,1,test,1
../../Data/downloads/zenodo_4628934_poultry_fecal/content (2)/imgSegmentation/healthy/healthy.802.json,healthy.802.jpg,healthy,1,train,1
../../Data/downloads/zenodo_4628934_poultry_fecal/content (2)/imgSegmentation/healthy/healthy.803.json,healthy.803.jpg,healthy,1,train,1
../../Data/downloads/zenodo_4628934_poultry_fecal/content (2)/imgSegmentation/healthy/healthy.804.json,healthy.804.jpg,healthy,1,test,1
../../Data/downloads/zenodo_4628934_poultry_fecal/content (2)/imgSegmentation/healthy/healthy.805.json,healthy.805.jpg,healthy,1,train,1
../../Data/downloads/zenodo_4628934_poultry_fecal/content (2)/imgSegmentation/healthy/healthy.806.json,healthy.806.jpg,healthy,1,train,1
../../Data/downloads/zenodo_4628934_poultry_fecal/content (2)/imgSegmentation/healthy/healthy.807.json,healthy.807.jpg,healthy,1,val,1
../../Data/downloads/zenodo_4628934_poultry_fecal/content (2)/imgSegmentation/healthy/healthy.808.json,healthy.808.jpg,healthy,1,train,1
../../Data/downloads/zenodo_4628934_poultry_fecal/content (2)/imgSegmentation/healthy/healthy.809.json,healthy.809.jpg,healthy,1,train,1
../../Data/downloads/zenodo_4628934_poultry_fecal/content (2)/imgSegmentation/healthy/healthy.81.json,healthy.81.jpg,healthy,1,train,1
../../Data/downloads/zenodo_4628934_poultry_fecal/content (2)/imgSegmentation/healthy/healthy.810.json,healthy.810.jpg,healthy,1,train,1
../../Data/downloads/zenodo_4628934_poultry_fecal/content (2)/imgSegmentation/healthy/healthy.811.json,healthy.811.jpg,healthy,1,test,1
../../Data/downloads/zenodo_4628934_poultry_fecal/content (2)/imgSegmentation/healthy/healthy.812.json,healthy.812.jpg,healthy,1,train,1
../../Data/downloads/zenodo_4628934_poultry_fecal/content (2)/imgSegmentation/healthy/healthy.813.json,healthy.813.jpg,healthy,1,train,1
../../Data/downloads/zenodo_4628934_poultry_fecal/content (2)/imgSegmentation/healthy/healthy.814.json,healthy.814.jpg,healthy,1,train,1
../../Data/downloads/zenodo_4628934_poultry_fecal/content (2)/imgSegmentation/healthy/healthy.815.json,healthy.815.jpg,healthy,1,test,1
../../Data/downloads/zenodo_4628934_poultry_fecal/content (2)/imgSegmentation/healthy/healthy.816.json,healthy.816.jpg,healthy,1,train,1
../../Data/downloads/zenodo_4628934_poultry_fecal/content (2)/imgSegmentation/healthy/healthy.817.json,healthy.817.jpg,healthy,1,train,1
../../Data/downloads/zenodo_4628934_poultry_fecal/content (2)/imgSegmentation/healthy/healthy.818.json,healthy.818.jpg,healthy,1,train,1
../../Data/downloads/zenodo_4628934_poultry_fecal/content (2)/imgSegmentation/healthy/healthy.819.json,healthy.819.jpg,healthy,1,val,1
../../Data/downloads/zenodo_4628934_poultry_fecal/content (2)/imgSegmentation/healthy/healthy.82.json,healthy.82.jpg,healthy,1,train,1
../../Data/downloads/zenodo_4628934_poultry_fecal/content (2)/imgSegmentation/healthy/healthy.820.json,healthy.820.jpg,healthy,1,train,1
../../Data/downloads/zenodo_4628934_poultry_fecal/content (2)/imgSegmentation/healthy/healthy.821.json,healthy.821.jpg,healthy,1,train,1
../../Data/downloads/zenodo_4628934_poultry_fecal/content (2)/imgSegmentation/healthy/healthy.822.json,healthy.822.jpg,healthy,1,val,1
../../Data/downloads/zenodo_4628934_poultry_fecal/content (2)/imgSegmentation/healthy/healthy.823.json,healthy.823.jpg,healthy,1,train,1
../../Data/downloads/zenodo_4628934_poultry_fecal/content (2)/imgSegmentation/healthy/healthy.824.json,healthy.824.jpg,healthy,1,train,1
../../Data/downloads/zenodo_4628934_poultry_fecal/content (2)/imgSegmentation/healthy/healthy.825.json,healthy.825.jpg,healthy,1,test,1
../../Data/downloads/zenodo_4628934_poultry_fecal/content (2)/imgSegmentation/healthy/healthy.826.json,healthy.826.jpg,healthy,1,train,1
../../Data/downloads/zenodo_4628934_poultry_fecal/content (2)/imgSegmentation/healthy/healthy.827.json,healthy.827.jpg,healthy,1,train,1
../../Data/downloads/zenodo_4628934_poultry_fecal/content (2)/imgSegmentation/healthy/healthy.828.json,healthy.828.jpg,healthy,1,val,1
../../Data/downloads/zenodo_4628934_poultry_fecal/content (2)/imgSegmentation/healthy/healthy.829.json,healthy.829.jpg,healthy,1,train,1
../../Data/downloads/zenodo_4628934_poultry_fecal/content (2)/imgSegmentation/healthy/healthy.83.json,healthy.83.jpg,healthy,1,train,1
../../Data/downloads/zenodo_4628934_poultry_fecal/content (2)/imgSegmentation/healthy/healthy.830.json,healthy.830.jpg,healthy,1,train,1
../../Data/downloads/zenodo_4628934_poultry_fecal/content (2)/imgSegmentation/healthy/healthy.831.json,healthy.831.jpg,healthy,1,train,1
../../Data/downloads/zenodo_4628934_poultry_fecal/content (2)/imgSegmentation/healthy/healthy.832.json,healthy.832.jpg,healthy,1,val,1
../../Data/downloads/zenodo_4628934_poultry_fecal/content (2)/imgSegmentation/healthy/healthy.833.json,healthy.833.jpg,healthy,1,train,1
../../Data/downloads/zenodo_4628934_poultry_fecal/content (2)/imgSegmentation/healthy/healthy.834.json,healthy.834.jpg,healthy,1,train,1
../../Data/downloads/zenodo_4628934_poultry_fecal/content (2)/imgSegmentation/healthy/healthy.835.json,healthy.835.jpg,healthy,1,train,1
../../Data/downloads/zenodo_4628934_poultry_fecal/content (2)/imgSegmentation/healthy/healthy.836.json,healthy.836.jpg,healthy,1,train,1
../../Data/downloads/zenodo_4628934_poultry_fecal/content (2)/imgSegmentation/healthy/healthy.837.json,healthy.837.jpg,healthy,1,train,1
../../Data/downloads/zenodo_4628934_poultry_fecal/content (2)/imgSegmentation/healthy/healthy.838.json,healthy.838.jpg,healthy,1,train,1
../../Data/downloads/zenodo_4628934_poultry_fecal/content (2)/imgSegmentation/healthy/healthy.839.json,healthy.839.jpg,healthy,1,train,1
../../Data/downloads/zenodo_4628934_poultry_fecal/content (2)/imgSegmentation/healthy/healthy.84.json,healthy.84.jpg,healthy,1,train,1
../../Data/downloads/zenodo_4628934_poultry_fecal/content (2)/imgSegmentation/healthy/healthy.840.json,healthy.840.jpg,healthy,1,train,1
../../Data/downloads/zenodo_4628934_poultry_fecal/content (2)/imgSegmentation/healthy/healthy.841.json,healthy.841.jpg,healthy,1,train,1
../../Data/downloads/zenodo_4628934_poultry_fecal/content (2)/imgSegmentation/healthy/healthy.842.json,healthy.842.jpg,healthy,1,train,1
../../Data/downloads/zenodo_4628934_poultry_fecal/content (2)/imgSegmentation/healthy/healthy.843.json,healthy.843.jpg,healthy,1,val,1
../../Data/downloads/zenodo_4628934_poultry_fecal/content (2)/imgSegmentation/healthy/healthy.844.json,healthy.844.jpg,healthy,1,train,1
../../Data/downloads/zenodo_4628934_poultry_fecal/content (2)/imgSegmentation/healthy/healthy.845.json,healthy.845.jpg,healthy,1,train,1
../../Data/downloads/zenodo_4628934_poultry_fecal/content (2)/imgSegmentation/healthy/healthy.846.json,healthy.846.jpg,healthy,1,train,1
../../Data/downloads/zenodo_4628934_poultry_fecal/content (2)/imgSegmentation/healthy/healthy.847.json,healthy.847.jpg,healthy,1,test,1
../../Data/downloads/zenodo_4628934_poultry_fecal/content (2)/imgSegmentation/healthy/healthy.848.json,healthy.848.jpg,healthy,1,train,1
../../Data/downloads/zenodo_4628934_poultry_fecal/content (2)/imgSegmentation/healthy/healthy.849.json,healthy.849.jpg,healthy,1,train,1
../../Data/downloads/zenodo_4628934_poultry_fecal/content (2)/imgSegmentation/healthy/healthy.85.json,healthy.85.jpg,healthy,1,val,1
../../Data/downloads/zenodo_4628934_poultry_fecal/content (2)/imgSegmentation/healthy/healthy.850.json,healthy.850.jpg,healthy,1,val,1
../../Data/downloads/zenodo_4628934_poultry_fecal/content (2)/imgSegmentation/healthy/healthy.851.json,healthy.851.jpg,healthy,1,train,1
../../Data/downloads/zenodo_4628934_poultry_fecal/content (2)/imgSegmentation/healthy/healthy.852.json,healthy.852.jpg,healthy,1,train,1
../../Data/downloads/zenodo_4628934_poultry_fecal/content (2)/imgSegmentation/healthy/healthy.853.json,healthy.853.jpg,healthy,1,train,1
../../Data/downloads/zenodo_4628934_poultry_fecal/content (2)/imgSegmentation/healthy/healthy.854.json,healthy.854.jpg,healthy,1,train,1
../../Data/downloads/zenodo_4628934_poultry_fecal/content (2)/imgSegmentation/healthy/healthy.855.json,healthy.855.jpg,healthy,1,train,1
../../Data/downloads/zenodo_4628934_poultry_fecal/content (2)/imgSegmentation/healthy/healthy.856.json,healthy.856.jpg,healthy,1,val,1
../../Data/downloads/zenodo_4628934_poultry_fecal/content (2)/imgSegmentation/healthy/healthy.857.json,healthy.857.jpg,healthy,1,train,1
../../Data/downloads/zenodo_4628934_poultry_fecal/content (2)/imgSegmentation/healthy/healthy.858.json,healthy.858.jpg,healthy,1,test,1
../../Data/downloads/zenodo_4628934_poultry_fecal/content (2)/imgSegmentation/healthy/healthy.859.json,healthy.859.jpg,healthy,1,train,1
../../Data/downloads/zenodo_4628934_poultry_fecal/content (2)/imgSegmentation/healthy/healthy.86.json,healthy.86.jpg,healthy,1,train,1
../../Data/downloads/zenodo_4628934_poultry_fecal/content (2)/imgSegmentation/healthy/healthy.860.json,healthy.860.jpg,healthy,1,train,1
../../Data/downloads/zenodo_4628934_poultry_fecal/content (2)/imgSegmentation/healthy/healthy.861.json,healthy.861.jpg,healthy,1,val,1
../../Data/downloads/zenodo_4628934_poultry_fecal/content (2)/imgSegmentation/healthy/healthy.862.json,healthy.862.jpg,healthy,1,test,1
../../Data/downloads/zenodo_4628934_poultry_fecal/content (2)/imgSegmentation/healthy/healthy.863.json,healthy.863.jpg,healthy,1,val,1
../../Data/downloads/zenodo_4628934_poultry_fecal/content (2)/imgSegmentation/healthy/healthy.864.json,healthy.864.jpg,healthy,1,train,1
../../Data/downloads/zenodo_4628934_poultry_fecal/content (2)/imgSegmentation/healthy/healthy.865.json,healthy.865.jpg,healthy,1,train,1
../../Data/downloads/zenodo_4628934_poultry_fecal/content (2)/imgSegmentation/healthy/healthy.866.json,healthy.866.jpg,healthy,1,val,1
../../Data/downloads/zenodo_4628934_poultry_fecal/content (2)/imgSegmentation/healthy/healthy.867.json,healthy.867.jpg,healthy,1,train,1
../../Data/downloads/zenodo_4628934_poultry_fecal/content (2)/imgSegmentation/healthy/healthy.868.json,healthy.868.jpg,healthy,1,train,1
../../Data/downloads/zenodo_4628934_poultry_fecal/content (2)/imgSegmentation/healthy/healthy.869.json,healthy.869.jpg,healthy,1,train,1
../../Data/downloads/zenodo_4628934_poultry_fecal/content (2)/imgSegmentation/healthy/healthy.87.json,healthy.87.jpg,healthy,1,test,1
../../Data/downloads/zenodo_4628934_poultry_fecal/content (2)/imgSegmentation/healthy/healthy.870.json,healthy.870.jpg,healthy,1,train,1
../../Data/downloads/zenodo_4628934_poultry_fecal/content (2)/imgSegmentation/healthy/healthy.871.json,healthy.871.jpg,healthy,1,train,1
../../Data/downloads/zenodo_4628934_poultry_fecal/content (2)/imgSegmentation/healthy/healthy.872.json,healthy.872.jpg,healthy,1,val,1
../../Data/downloads/zenodo_4628934_poultry_fecal/content (2)/imgSegmentation/healthy/healthy.873.json,healthy.873.jpg,healthy,1,train,1
../../Data/downloads/zenodo_4628934_poultry_fecal/content (2)/imgSegmentation/healthy/healthy.874.json,healthy.874.jpg,healthy,1,train,1
../../Data/downloads/zenodo_4628934_poultry_fecal/content (2)/imgSegmentation/healthy/healthy.875.json,healthy.875.jpg,healthy,1,val,1
../../Data/downloads/zenodo_4628934_poultry_fecal/content (2)/imgSegmentation/healthy/healthy.876.json,healthy.876.jpg,healthy,1,train,1
../../Data/downloads/zenodo_4628934_poultry_fecal/content (2)/imgSegmentation/healthy/healthy.877.json,healthy.877.jpg,healthy,1,val,1
../../Data/downloads/zenodo_4628934_poultry_fecal/content (2)/imgSegmentation/healthy/healthy.878.json,healthy.878.jpg,healthy,1,val,1
../../Data/downloads/zenodo_4628934_poultry_fecal/content (2)/imgSegmentation/healthy/healthy.879.json,healthy.879.jpg,healthy,1,train,1
../../Data/downloads/zenodo_4628934_poultry_fecal/content (2)/imgSegmentation/healthy/healthy.88.json,healthy.88.jpg,healthy,1,val,1
../../Data/downloads/zenodo_4628934_poultry_fecal/content (2)/imgSegmentation/healthy/healthy.880.json,healthy.880.jpg,healthy,1,train,1
../../Data/downloads/zenodo_4628934_poultry_fecal/content (2)/imgSegmentation/healthy/healthy.881.json,healthy.881.jpg,healthy,1,train,1
../../Data/downloads/zenodo_4628934_poultry_fecal/content (2)/imgSegmentation/healthy/healthy.882.json,healthy.882.jpg,healthy,1,train,1
../../Data/downloads/zenodo_4628934_poultry_fecal/content (2)/imgSegmentation/healthy/healthy.883.json,healthy.883.jpg,healthy,1,val,1
../../Data/downloads/zenodo_4628934_poultry_fecal/content (2)/imgSegmentation/healthy/healthy.884.json,healthy.884.jpg,healthy,1,train,1
../../Data/downloads/zenodo_4628934_poultry_fecal/content (2)/imgSegmentation/healthy/healthy.885.json,healthy.885.jpg,healthy,1,train,1
../../Data/downloads/zenodo_4628934_poultry_fecal/content (2)/imgSegmentation/healthy/healthy.886.json,healthy.886.jpg,healthy,1,test,1
../../Data/downloads/zenodo_4628934_poultry_fecal/content (2)/imgSegmentation/healthy/healthy.887.json,healthy.887.jpg,healthy,1,train,1
../../Data/downloads/zenodo_4628934_poultry_fecal/content (2)/imgSegmentation/healthy/healthy.888.json,healthy.888.jpg,healthy,1,train,1
../../Data/downloads/zenodo_4628934_poultry_fecal/content (2)/imgSegmentation/healthy/healthy.889.json,healthy.889.jpg,healthy,1,train,1
../../Data/downloads/zenodo_4628934_poultry_fecal/content (2)/imgSegmentation/healthy/healthy.89.json,healthy.89.jpg,healthy,1,train,1
../../Data/downloads/zenodo_4628934_poultry_fecal/content (2)/imgSegmentation/healthy/healthy.890.json,healthy.890.jpg,healthy,1,train,1
../../Data/downloads/zenodo_4628934_poultry_fecal/content (2)/imgSegmentation/healthy/healthy.891.json,healthy.891.jpg,healthy,1,train,1
../../Data/downloads/zenodo_4628934_poultry_fecal/content (2)/imgSegmentation/healthy/healthy.892.json,healthy.892.jpg,healthy,1,test,1
../../Data/downloads/zenodo_4628934_poultry_fecal/content (2)/imgSegmentation/healthy/healthy.893.json,healthy.893.jpg,healthy,1,train,1
../../Data/downloads/zenodo_4628934_poultry_fecal/content (2)/imgSegmentation/healthy/healthy.894.json,healthy.894.jpg,healthy,1,val,1
../../Data/downloads/zenodo_4628934_poultry_fecal/content (2)/imgSegmentation/healthy/healthy.895.json,healthy.895.jpg,healthy,1,train,1
../../Data/downloads/zenodo_4628934_poultry_fecal/content (2)/imgSegmentation/healthy/healthy.896.json,healthy.896.jpg,healthy,1,train,1
../../Data/downloads/zenodo_4628934_poultry_fecal/content (2)/imgSegmentation/healthy/healthy.897.json,healthy.897.jpg,healthy,1,train,1
../../Data/downloads/zenodo_4628934_poultry_fecal/content (2)/imgSegmentation/healthy/healthy.898.json,healthy.898.jpg,healthy,1,train,1
../../Data/downloads/zenodo_4628934_poultry_fecal/content (2)/imgSegmentation/healthy/healthy.899.json,healthy.899.jpg,healthy,1,train,1
../../Data/downloads/zenodo_4628934_poultry_fecal/content (2)/imgSegmentation/healthy/healthy.9.json,healthy.9.jpg,healthy,1,train,1
../../Data/downloads/zenodo_4628934_poultry_fecal/content (2)/imgSegmentation/healthy/healthy.90.json,healthy.90.jpg,healthy,1,val,1
../../Data/downloads/zenodo_4628934_poultry_fecal/content (2)/imgSegmentation/healthy/healthy.900.json,healthy.900.jpg,healthy,1,train,1
../../Data/downloads/zenodo_4628934_poultry_fecal/content (2)/imgSegmentation/healthy/healthy.901.json,healthy.901.jpg,healthy,1,train,1
../../Data/downloads/zenodo_4628934_poultry_fecal/content (2)/imgSegmentation/healthy/healthy.902.json,healthy.902.jpg,healthy,1,train,1
../../Data/downloads/zenodo_4628934_poultry_fecal/content (2)/imgSegmentation/healthy/healthy.903.json,healthy.903.jpg,healthy,1,train,1
../../Data/downloads/zenodo_4628934_poultry_fecal/content (2)/imgSegmentation/healthy/healthy.904.json,healthy.904.jpg,healthy,1,train,1
../../Data/downloads/zenodo_4628934_poultry_fecal/content (2)/imgSegmentation/healthy/healthy.905.json,healthy.905.jpg,healthy,1,train,1
../../Data/downloads/zenodo_4628934_poultry_fecal/content (2)/imgSegmentation/healthy/healthy.906.json,healthy.906.jpg,healthy,1,train,1
../../Data/downloads/zenodo_4628934_poultry_fecal/content (2)/imgSegmentation/healthy/healthy.907.json,healthy.907.jpg,healthy,1,val,1
../../Data/downloads/zenodo_4628934_poultry_fecal/content (2)/imgSegmentation/healthy/healthy.908.json,healthy.908.jpg,healthy,1,train,1
../../Data/downloads/zenodo_4628934_poultry_fecal/content (2)/imgSegmentation/healthy/healthy.909.json,healthy.909.jpg,healthy,1,train,1
../../Data/downloads/zenodo_4628934_poultry_fecal/content (2)/imgSegmentation/healthy/healthy.91.json,healthy.91.jpg,healthy,1,train,1
../../Data/downloads/zenodo_4628934_poultry_fecal/content (2)/imgSegmentation/healthy/healthy.910.json,healthy.910.jpg,healthy,1,train,1
../../Data/downloads/zenodo_4628934_poultry_fecal/content (2)/imgSegmentation/healthy/healthy.911.json,healthy.911.jpg,healthy,1,val,1
../../Data/downloads/zenodo_4628934_poultry_fecal/content (2)/imgSegmentation/healthy/healthy.912.json,healthy.912.jpg,healthy,1,train,1
../../Data/downloads/zenodo_4628934_poultry_fecal/content (2)/imgSegmentation/healthy/healthy.913.json,healthy.913.jpg,healthy,1,train,1
../../Data/downloads/zenodo_4628934_poultry_fecal/content (2)/imgSegmentation/healthy/healthy.914.json,healthy.914.jpg,healthy,1,test,1
../../Data/downloads/zenodo_4628934_poultry_fecal/content (2)/imgSegmentation/healthy/healthy.915.json,healthy.915.jpg,healthy,1,train,1
../../Data/downloads/zenodo_4628934_poultry_fecal/content (2)/imgSegmentation/healthy/healthy.916.json,healthy.916.jpg,healthy,1,train,1
../../Data/downloads/zenodo_4628934_poultry_fecal/content (2)/imgSegmentation/healthy/healthy.917.json,healthy.917.jpg,healthy,1,test,1
../../Data/downloads/zenodo_4628934_poultry_fecal/content (2)/imgSegmentation/healthy/healthy.918.json,healthy.918.jpg,healthy,1,train,1
../../Data/downloads/zenodo_4628934_poultry_fecal/content (2)/imgSegmentation/healthy/healthy.919.json,healthy.919.jpg,healthy,1,test,1
../../Data/downloads/zenodo_4628934_poultry_fecal/content (2)/imgSegmentation/healthy/healthy.92.json,healthy.92.jpg,healthy,1,train,1
../../Data/downloads/zenodo_4628934_poultry_fecal/content (2)/imgSegmentation/healthy/healthy.920.json,healthy.920.jpg,healthy,1,val,1
../../Data/downloads/zenodo_4628934_poultry_fecal/content (2)/imgSegmentation/healthy/healthy.921.json,healthy.921.jpg,healthy,1,val,1
../../Data/downloads/zenodo_4628934_poultry_fecal/content (2)/imgSegmentation/healthy/healthy.922.json,healthy.922.jpg,healthy,1,train,1
../../Data/downloads/zenodo_4628934_poultry_fecal/content (2)/imgSegmentation/healthy/healthy.923.json,healthy.923.jpg,healthy,1,train,1
../../Data/downloads/zenodo_4628934_poultry_fecal/content (2)/imgSegmentation/healthy/healthy.924.json,healthy.924.jpg,healthy,1,train,1
../../Data/downloads/zenodo_4628934_poultry_fecal/content (2)/imgSegmentation/healthy/healthy.925.json,healthy.925.jpg,healthy,1,val,1
../../Data/downloads/zenodo_4628934_poultry_fecal/content (2)/imgSegmentation/healthy/healthy.926.json,healthy.926.jpg,healthy,1,train,1
../../Data/downloads/zenodo_4628934_poultry_fecal/content (2)/imgSegmentation/healthy/healthy.927.json,healthy.927.jpg,healthy,1,train,1
../../Data/downloads/zenodo_4628934_poultry_fecal/content (2)/imgSegmentation/healthy/healthy.928.json,healthy.928.jpg,healthy,1,train,1
../../Data/downloads/zenodo_4628934_poultry_fecal/content (2)/imgSegmentation/healthy/healthy.929.json,healthy.929.jpg,healthy,1,test,1
../../Data/downloads/zenodo_4628934_poultry_fecal/content (2)/imgSegmentation/healthy/healthy.93.json,healthy.93.jpg,healthy,1,test,1
../../Data/downloads/zenodo_4628934_poultry_fecal/content (2)/imgSegmentation/healthy/healthy.930.json,healthy.930.jpg,healthy,1,train,1
../../Data/downloads/zenodo_4628934_poultry_fecal/content (2)/imgSegmentation/healthy/healthy.931.json,healthy.931.jpg,healthy,1,train,1
../../Data/downloads/zenodo_4628934_poultry_fecal/content (2)/imgSegmentation/healthy/healthy.932.json,healthy.932.jpg,healthy,1,train,1
../../Data/downloads/zenodo_4628934_poultry_fecal/content (2)/imgSegmentation/healthy/healthy.933.json,healthy.933.jpg,healthy,1,val,1
../../Data/downloads/zenodo_4628934_poultry_fecal/content (2)/imgSegmentation/healthy/healthy.934.json,healthy.934.jpg,healthy,1,train,1
../../Data/downloads/zenodo_4628934_poultry_fecal/content (2)/imgSegmentation/healthy/healthy.935.json,healthy.935.jpg,healthy,1,train,1
../../Data/downloads/zenodo_4628934_poultry_fecal/content (2)/imgSegmentation/healthy/healthy.936.json,healthy.936.jpg,healthy,1,train,1
../../Data/downloads/zenodo_4628934_poultry_fecal/content (2)/imgSegmentation/healthy/healthy.937.json,healthy.937.jpg,healthy,1,train,1
../../Data/downloads/zenodo_4628934_poultry_fecal/content (2)/imgSegmentation/healthy/healthy.938.json,healthy.938.jpg,healthy,1,train,1
../../Data/downloads/zenodo_4628934_poultry_fecal/content (2)/imgSegmentation/healthy/healthy.939.json,healthy.939.jpg,healthy,1,train,1
../../Data/downloads/zenodo_4628934_poultry_fecal/content (2)/imgSegmentation/healthy/healthy.94.json,healthy.94.jpg,healthy,1,train,1
../../Data/downloads/zenodo_4628934_poultry_fecal/content (2)/imgSegmentation/healthy/healthy.940.json,healthy.940.jpg,healthy,1,train,1
../../Data/downloads/zenodo_4628934_poultry_fecal/content (2)/imgSegmentation/healthy/healthy.941.json,healthy.941.jpg,healthy,1,train,1
../../Data/downloads/zenodo_4628934_poultry_fecal/content (2)/imgSegmentation/healthy/healthy.942.json,healthy.942.jpg,healthy,1,val,1
../../Data/downloads/zenodo_4628934_poultry_fecal/content (2)/imgSegmentation/healthy/healthy.943.json,healthy.943.jpg,healthy,1,test,1
../../Data/downloads/zenodo_4628934_poultry_fecal/content (2)/imgSegmentation/healthy/healthy.944.json,healthy.944.jpg,healthy,1,test,1
../../Data/downloads/zenodo_4628934_poultry_fecal/content (2)/imgSegmentation/healthy/healthy.945.json,healthy.945.jpg,healthy,1,train,1
../../Data/downloads/zenodo_4628934_poultry_fecal/content (2)/imgSegmentation/healthy/healthy.946.json,healthy.946.jpg,healthy,1,val,1
../../Data/downloads/zenodo_4628934_poultry_fecal/content (2)/imgSegmentation/healthy/healthy.947.json,healthy.947.jpg,healthy,1,train,1
../../Data/downloads/zenodo_4628934_poultry_fecal/content (2)/imgSegmentation/healthy/healthy.948.json,healthy.948.jpg,healthy,1,val,1
../../Data/downloads/zenodo_4628934_poultry_fecal/content (2)/imgSegmentation/healthy/healthy.949.json,healthy.949.jpg,healthy,1,test,1
../../Data/downloads/zenodo_4628934_poultry_fecal/content (2)/imgSegmentation/healthy/healthy.95.json,healthy.95.jpg,healthy,1,train,1
../../Data/downloads/zenodo_4628934_poultry_fecal/content (2)/imgSegmentation/healthy/healthy.950.json,healthy.950.jpg,healthy,1,train,1
../../Data/downloads/zenodo_4628934_poultry_fecal/content (2)/imgSegmentation/healthy/healthy.951.json,healthy.951.jpg,healthy,1,val,1
../../Data/downloads/zenodo_4628934_poultry_fecal/content (2)/imgSegmentation/healthy/healthy.952.json,healthy.952.jpg,healthy,1,train,1
../../Data/downloads/zenodo_4628934_poultry_fecal/content (2)/imgSegmentation/healthy/healthy.953.json,healthy.953.jpg,healthy,1,train,1
../../Data/downloads/zenodo_4628934_poultry_fecal/content (2)/imgSegmentation/healthy/healthy.954.json,healthy.954.jpg,healthy,1,train,1
../../Data/downloads/zenodo_4628934_poultry_fecal/content (2)/imgSegmentation/healthy/healthy.955.json,healthy.955.jpg,healthy,1,test,1
../../Data/downloads/zenodo_4628934_poultry_fecal/content (2)/imgSegmentation/healthy/healthy.956.json,healthy.956.jpg,healthy,1,test,1
../../Data/downloads/zenodo_4628934_poultry_fecal/content (2)/imgSegmentation/healthy/healthy.957.json,healthy.957.jpg,healthy,1,train,1
../../Data/downloads/zenodo_4628934_poultry_fecal/content (2)/imgSegmentation/healthy/healthy.958.json,healthy.958.jpg,healthy,1,val,1
../../Data/downloads/zenodo_4628934_poultry_fecal/content (2)/imgSegmentation/healthy/healthy.959.json,healthy.959.jpg,healthy,1,test,1
../../Data/downloads/zenodo_4628934_poultry_fecal/content (2)/imgSegmentation/healthy/healthy.96.json,healthy.96.jpg,healthy,1,train,1
../../Data/downloads/zenodo_4628934_poultry_fecal/content (2)/imgSegmentation/healthy/healthy.960.json,healthy.960.jpg,healthy,1,val,1
../../Data/downloads/zenodo_4628934_poultry_fecal/content (2)/imgSegmentation/healthy/healthy.961.json,healthy.961.jpg,healthy,1,train,1
../../Data/downloads/zenodo_4628934_poultry_fecal/content (2)/imgSegmentation/healthy/healthy.962.json,healthy.962.jpg,healthy,1,train,1
../../Data/downloads/zenodo_4628934_poultry_fecal/content (2)/imgSegmentation/healthy/healthy.963.json,healthy.963.jpg,healthy,1,train,1
../../Data/downloads/zenodo_4628934_poultry_fecal/content (2)/imgSegmentation/healthy/healthy.964.json,healthy.964.jpg,healthy,1,train,1
../../Data/downloads/zenodo_4628934_poultry_fecal/content (2)/imgSegmentation/healthy/healthy.965.json,healthy.965.jpg,healthy,1,train,1
../../Data/downloads/zenodo_4628934_poultry_fecal/content (2)/imgSegmentation/healthy/healthy.966.json,healthy.966.jpg,healthy,1,train,1
../../Data/downloads/zenodo_4628934_poultry_fecal/content (2)/imgSegmentation/healthy/healthy.967.json,healthy.967.jpg,healthy,1,test,1
../../Data/downloads/zenodo_4628934_poultry_fecal/content (2)/imgSegmentation/healthy/healthy.968.json,healthy.968.jpg,healthy,1,train,1
../../Data/downloads/zenodo_4628934_poultry_fecal/content (2)/imgSegmentation/healthy/healthy.969.json,healthy.969.jpg,healthy,1,test,1
../../Data/downloads/zenodo_4628934_poultry_fecal/content (2)/imgSegmentation/healthy/healthy.97.json,healthy.97.jpg,healthy,1,test,1
../../Data/downloads/zenodo_4628934_poultry_fecal/content (2)/imgSegmentation/healthy/healthy.970.json,healthy.970.jpg,healthy,1,train,1
../../Data/downloads/zenodo_4628934_poultry_fecal/content (2)/imgSegmentation/healthy/healthy.971.json,healthy.971.jpg,healthy,1,train,1
../../Data/downloads/zenodo_4628934_poultry_fecal/content (2)/imgSegmentation/healthy/healthy.972.json,healthy.972.jpg,healthy,1,train,1
../../Data/downloads/zenodo_4628934_poultry_fecal/content (2)/imgSegmentation/healthy/healthy.973.json,healthy.973.jpg,healthy,1,train,1
../../Data/downloads/zenodo_4628934_poultry_fecal/content (2)/imgSegmentation/healthy/healthy.974.json,healthy.974.jpg,healthy,1,train,1
../../Data/downloads/zenodo_4628934_poultry_fecal/content (2)/imgSegmentation/healthy/healthy.975.json,healthy.975.jpg,healthy,1,val,1
../../Data/downloads/zenodo_4628934_poultry_fecal/content (2)/imgSegmentation/healthy/healthy.976.json,healthy.976.jpg,healthy,1,test,1
../../Data/downloads/zenodo_4628934_poultry_fecal/content (2)/imgSegmentation/healthy/healthy.977.json,healthy.977.jpg,healthy,1,train,1
../../Data/downloads/zenodo_4628934_poultry_fecal/content (2)/imgSegmentation/healthy/healthy.978.json,healthy.978.jpg,healthy,1,train,1
../../Data/downloads/zenodo_4628934_poultry_fecal/content (2)/imgSegmentation/healthy/healthy.979.json,healthy.979.jpg,healthy,1,train,1
../../Data/downloads/zenodo_4628934_poultry_fecal/content (2)/imgSegmentation/healthy/healthy.98.json,healthy.98.jpg,healthy,1,test,1
../../Data/downloads/zenodo_4628934_poultry_fecal/content (2)/imgSegmentation/healthy/healthy.980.json,healthy.980.jpg,healthy,1,train,1
../../Data/downloads/zenodo_4628934_poultry_fecal/content (2)/imgSegmentation/healthy/healthy.981.json,healthy.981.jpg,healthy,1,train,1
../../Data/downloads/zenodo_4628934_poultry_fecal/content (2)/imgSegmentation/healthy/healthy.982.json,healthy.982.jpg,healthy,1,train,1
../../Data/downloads/zenodo_4628934_poultry_fecal/content (2)/imgSegmentation/healthy/healthy.983.json,healthy.983.jpg,healthy,1,train,1
../../Data/downloads/zenodo_4628934_poultry_fecal/content (2)/imgSegmentation/healthy/healthy.984.json,healthy.984.jpg,healthy,1,train,1
../../Data/downloads/zenodo_4628934_poultry_fecal/content (2)/imgSegmentation/healthy/healthy.985.json,healthy.985.jpg,healthy,1,test,1
../../Data/downloads/zenodo_4628934_poultry_fecal/content (2)/imgSegmentation/healthy/healthy.986.json,healthy.986.jpg,healthy,1,train,1
../../Data/downloads/zenodo_4628934_poultry_fecal/content (2)/imgSegmentation/healthy/healthy.987.json,healthy.987.jpg,healthy,1,train,1
../../Data/downloads/zenodo_4628934_poultry_fecal/content (2)/imgSegmentation/healthy/healthy.988.json,healthy.988.jpg,healthy,1,val,1
../../Data/downloads/zenodo_4628934_poultry_fecal/content (2)/imgSegmentation/healthy/healthy.989.json,healthy.989.jpg,healthy,1,train,1
../../Data/downloads/zenodo_4628934_poultry_fecal/content (2)/imgSegmentation/healthy/healthy.99.json,healthy.99.jpg,healthy,1,train,1
../../Data/downloads/zenodo_4628934_poultry_fecal/content (2)/imgSegmentation/healthy/healthy.990.json,healthy.990.jpg,healthy,1,train,1
../../Data/downloads/zenodo_4628934_poultry_fecal/content (2)/imgSegmentation/healthy/healthy.991.json,healthy.991.jpg,healthy,1,train,1
../../Data/downloads/zenodo_4628934_poultry_fecal/content (2)/imgSegmentation/healthy/healthy.992.json,healthy.992.jpg,healthy,1,train,1
../../Data/downloads/zenodo_4628934_poultry_fecal/content (2)/imgSegmentation/healthy/healthy.993.json,healthy.993.jpg,healthy,1,train,1
../../Data/downloads/zenodo_4628934_poultry_fecal/content (2)/imgSegmentation/healthy/healthy.994.json,healthy.994.jpg,healthy,1,train,1
../../Data/downloads/zenodo_4628934_poultry_fecal/content (2)/imgSegmentation/healthy/healthy.995.json,healthy.995.jpg,healthy,1,test,1
../../Data/downloads/zenodo_4628934_poultry_fecal/content (2)/imgSegmentation/healthy/healthy.996.json,healthy.996.jpg,healthy,1,train,1
../../Data/downloads/zenodo_4628934_poultry_fecal/content (2)/imgSegmentation/healthy/healthy.997.json,healthy.997.jpg,healthy,1,train,1
../../Data/downloads/zenodo_4628934_poultry_fecal/content (2)/imgSegmentation/healthy/healthy.998.json,healthy.998.jpg,healthy,1,train,1
../../Data/downloads/zenodo_4628934_poultry_fecal/content (2)/imgSegmentation/healthy/healthy.999.json,healthy.999.jpg,healthy,1,train,1
../../Data/downloads/zenodo_4628934_poultry_fecal/content (2)/imgSegmentation/ncd/ncd.0.json,ncd.0.jpg,newcastle,2,train,1
../../Data/downloads/zenodo_4628934_poultry_fecal/content (2)/imgSegmentation/ncd/ncd.1.json,ncd.1.jpg,newcastle,2,train,1
../../Data/downloads/zenodo_4628934_poultry_fecal/content (2)/imgSegmentation/ncd/ncd.10.json,ncd.10.jpg,newcastle,2,test,1
../../Data/downloads/zenodo_4628934_poultry_fecal/content (2)/imgSegmentation/ncd/ncd.100.json,ncd.100.jpg,newcastle,2,test,1
../../Data/downloads/zenodo_4628934_poultry_fecal/content (2)/imgSegmentation/ncd/ncd.101.json,ncd.101.jpg,newcastle,2,test,1
../../Data/downloads/zenodo_4628934_poultry_fecal/content (2)/imgSegmentation/ncd/ncd.102.json,ncd.102.jpg,newcastle,2,train,1
../../Data/downloads/zenodo_4628934_poultry_fecal/content (2)/imgSegmentation/ncd/ncd.103.json,ncd.103.jpg,newcastle,2,train,1
../../Data/downloads/zenodo_4628934_poultry_fecal/content (2)/imgSegmentation/ncd/ncd.104.json,ncd.104.jpg,newcastle,2,val,1
../../Data/downloads/zenodo_4628934_poultry_fecal/content (2)/imgSegmentation/ncd/ncd.105.json,ncd.105.jpg,newcastle,2,val,1
../../Data/downloads/zenodo_4628934_poultry_fecal/content (2)/imgSegmentation/ncd/ncd.106.json,ncd.106.jpg,newcastle,2,train,1
../../Data/downloads/zenodo_4628934_poultry_fecal/content (2)/imgSegmentation/ncd/ncd.107.json,ncd.107.jpg,newcastle,2,test,1
../../Data/downloads/zenodo_4628934_poultry_fecal/content (2)/imgSegmentation/ncd/ncd.108.json,ncd.108.jpg,newcastle,2,train,1
../../Data/downloads/zenodo_4628934_poultry_fecal/content (2)/imgSegmentation/ncd/ncd.109.json,ncd.109.jpg,newcastle,2,test,1
../../Data/downloads/zenodo_4628934_poultry_fecal/content (2)/imgSegmentation/ncd/ncd.11.json,ncd.11.jpg,newcastle,2,train,1
../../Data/downloads/zenodo_4628934_poultry_fecal/content (2)/imgSegmentation/ncd/ncd.110.json,ncd.110.jpg,newcastle,2,train,1
../../Data/downloads/zenodo_4628934_poultry_fecal/content (2)/imgSegmentation/ncd/ncd.111.json,ncd.111.jpg,newcastle,2,train,1
../../Data/downloads/zenodo_4628934_poultry_fecal/content (2)/imgSegmentation/ncd/ncd.112.json,ncd.112.jpg,newcastle,2,val,1
../../Data/downloads/zenodo_4628934_poultry_fecal/content (2)/imgSegmentation/ncd/ncd.113.json,ncd.113.jpg,newcastle,2,train,1
../../Data/downloads/zenodo_4628934_poultry_fecal/content (2)/imgSegmentation/ncd/ncd.114.json,ncd.114.jpg,newcastle,2,train,1
../../Data/downloads/zenodo_4628934_poultry_fecal/content (2)/imgSegmentation/ncd/ncd.115.json,ncd.115.jpg,newcastle,2,train,1
../../Data/downloads/zenodo_4628934_poultry_fecal/content (2)/imgSegmentation/ncd/ncd.116.json,ncd.116.jpg,newcastle,2,val,1
../../Data/downloads/zenodo_4628934_poultry_fecal/content (2)/imgSegmentation/ncd/ncd.117.json,ncd.117.jpg,newcastle,2,val,1
../../Data/downloads/zenodo_4628934_poultry_fecal/content (2)/imgSegmentation/ncd/ncd.118.json,ncd.118.jpg,newcastle,2,val,1
../../Data/downloads/zenodo_4628934_poultry_fecal/content (2)/imgSegmentation/ncd/ncd.119.json,ncd.119.jpg,newcastle,2,train,1
../../Data/downloads/zenodo_4628934_poultry_fecal/content (2)/imgSegmentation/ncd/ncd.12.json,ncd.12.jpg,newcastle,2,train,1
../../Data/downloads/zenodo_4628934_poultry_fecal/content (2)/imgSegmentation/ncd/ncd.120.json,ncd.120.jpg,newcastle,2,train,1
../../Data/downloads/zenodo_4628934_poultry_fecal/content (2)/imgSegmentation/ncd/ncd.121.json,ncd.121.jpg,newcastle,2,test,1
../../Data/downloads/zenodo_4628934_poultry_fecal/content (2)/imgSegmentation/ncd/ncd.122.json,ncd.122.jpg,newcastle,2,test,1
../../Data/downloads/zenodo_4628934_poultry_fecal/content (2)/imgSegmentation/ncd/ncd.123.json,ncd.123.jpg,newcastle,2,train,1
../../Data/downloads/zenodo_4628934_poultry_fecal/content (2)/imgSegmentation/ncd/ncd.124.json,ncd.124.jpg,newcastle,2,val,1
../../Data/downloads/zenodo_4628934_poultry_fecal/content (2)/imgSegmentation/ncd/ncd.125.json,ncd.125.jpg,newcastle,2,val,1
../../Data/downloads/zenodo_4628934_poultry_fecal/content (2)/imgSegmentation/ncd/ncd.126.json,ncd.126.jpg,newcastle,2,train,1
../../Data/downloads/zenodo_4628934_poultry_fecal/content (2)/imgSegmentation/ncd/ncd.127.json,ncd.127.jpg,newcastle,2,test,1
../../Data/downloads/zenodo_4628934_poultry_fecal/content (2)/imgSegmentation/ncd/ncd.128.json,ncd.128.jpg,newcastle,2,train,1
../../Data/downloads/zenodo_4628934_poultry_fecal/content (2)/imgSegmentation/ncd/ncd.129.json,ncd.129.jpg,newcastle,2,train,1
../../Data/downloads/zenodo_4628934_poultry_fecal/content (2)/imgSegmentation/ncd/ncd.13.json,ncd.13.jpg,newcastle,2,test,1
../../Data/downloads/zenodo_4628934_poultry_fecal/content (2)/imgSegmentation/ncd/ncd.130.json,ncd.130.jpg,newcastle,2,train,1
../../Data/downloads/zenodo_4628934_poultry_fecal/content (2)/imgSegmentation/ncd/ncd.131.json,ncd.131.jpg,newcastle,2,val,1
../../Data/downloads/zenodo_4628934_poultry_fecal/content (2)/imgSegmentation/ncd/ncd.132.json,ncd.132.jpg,newcastle,2,train,1
../../Data/downloads/zenodo_4628934_poultry_fecal/content (2)/imgSegmentation/ncd/ncd.133.json,ncd.133.jpg,newcastle,2,val,1
../../Data/downloads/zenodo_4628934_poultry_fecal/content (2)/imgSegmentation/ncd/ncd.134.json,ncd.134.jpg,newcastle,2,test,1
../../Data/downloads/zenodo_4628934_poultry_fecal/content (2)/imgSegmentation/ncd/ncd.135.json,ncd.135.jpg,newcastle,2,train,1
../../Data/downloads/zenodo_4628934_poultry_fecal/content (2)/imgSegmentation/ncd/ncd.136.json,ncd.136.jpg,newcastle,2,test,1
../../Data/downloads/zenodo_4628934_poultry_fecal/content (2)/imgSegmentation/ncd/ncd.137.json,ncd.137.jpg,newcastle,2,train,1
../../Data/downloads/zenodo_4628934_poultry_fecal/content (2)/imgSegmentation/ncd/ncd.138.json,ncd.138.jpg,newcastle,2,train,1
../../Data/downloads/zenodo_4628934_poultry_fecal/content (2)/imgSegmentation/ncd/ncd.139.json,ncd.139.jpg,newcastle,2,val,1
../../Data/downloads/zenodo_4628934_poultry_fecal/content (2)/imgSegmentation/ncd/ncd.14.json,ncd.14.jpg,newcastle,2,train,1
../../Data/downloads/zenodo_4628934_poultry_fecal/content (2)/imgSegmentation/ncd/ncd.140.json,ncd.140.jpg,newcastle,2,train,1
../../Data/downloads/zenodo_4628934_poultry_fecal/content (2)/imgSegmentation/ncd/ncd.141.json,ncd.141.jpg,newcastle,2,train,1
../../Data/downloads/zenodo_4628934_poultry_fecal/content (2)/imgSegmentation/ncd/ncd.142.json,ncd.142.jpg,newcastle,2,train,1
../../Data/downloads/zenodo_4628934_poultry_fecal/content (2)/imgSegmentation/ncd/ncd.143.json,ncd.143.jpg,newcastle,2,train,1
../../Data/downloads/zenodo_4628934_poultry_fecal/content (2)/imgSegmentation/ncd/ncd.144.json,ncd.144.jpg,newcastle,2,train,1
../../Data/downloads/zenodo_4628934_poultry_fecal/content (2)/imgSegmentation/ncd/ncd.145.json,ncd.145.jpg,newcastle,2,train,1
../../Data/downloads/zenodo_4628934_poultry_fecal/content (2)/imgSegmentation/ncd/ncd.146.json,ncd.146.jpg,newcastle,2,train,1
../../Data/downloads/zenodo_4628934_poultry_fecal/content (2)/imgSegmentation/ncd/ncd.147.json,ncd.147.jpg,newcastle,2,test,1
../../Data/downloads/zenodo_4628934_poultry_fecal/content (2)/imgSegmentation/ncd/ncd.148.json,ncd.148.jpg,newcastle,2,train,1
../../Data/downloads/zenodo_4628934_poultry_fecal/content (2)/imgSegmentation/ncd/ncd.149.json,ncd.149.jpg,newcastle,2,train,1
../../Data/downloads/zenodo_4628934_poultry_fecal/content (2)/imgSegmentation/ncd/ncd.15.json,ncd.15.jpg,newcastle,2,train,1
../../Data/downloads/zenodo_4628934_poultry_fecal/content (2)/imgSegmentation/ncd/ncd.150.json,ncd.150.jpg,newcastle,2,train,1
../../Data/downloads/zenodo_4628934_poultry_fecal/content (2)/imgSegmentation/ncd/ncd.151.json,ncd.151.jpg,newcastle,2,train,1
../../Data/downloads/zenodo_4628934_poultry_fecal/content (2)/imgSegmentation/ncd/ncd.152.json,ncd.152.jpg,newcastle,2,train,1
../../Data/downloads/zenodo_4628934_poultry_fecal/content (2)/imgSegmentation/ncd/ncd.153.json,ncd.153.jpg,newcastle,2,train,1
../../Data/downloads/zenodo_4628934_poultry_fecal/content (2)/imgSegmentation/ncd/ncd.154.json,ncd.154.jpg,newcastle,2,train,1
../../Data/downloads/zenodo_4628934_poultry_fecal/content (2)/imgSegmentation/ncd/ncd.155.json,ncd.155.jpg,newcastle,2,train,1
../../Data/downloads/zenodo_4628934_poultry_fecal/content (2)/imgSegmentation/ncd/ncd.156.json,ncd.156.jpg,newcastle,2,train,1
../../Data/downloads/zenodo_4628934_poultry_fecal/content (2)/imgSegmentation/ncd/ncd.157.json,ncd.157.jpg,newcastle,2,train,1
../../Data/downloads/zenodo_4628934_poultry_fecal/content (2)/imgSegmentation/ncd/ncd.158.json,ncd.158.jpg,newcastle,2,test,1
../../Data/downloads/zenodo_4628934_poultry_fecal/content (2)/imgSegmentation/ncd/ncd.159.json,ncd.159.jpg,newcastle,2,train,1
../../Data/downloads/zenodo_4628934_poultry_fecal/content (2)/imgSegmentation/ncd/ncd.16.json,ncd.16.jpg,newcastle,2,train,1
../../Data/downloads/zenodo_4628934_poultry_fecal/content (2)/imgSegmentation/ncd/ncd.160.json,ncd.160.jpg,newcastle,2,train,1
../../Data/downloads/zenodo_4628934_poultry_fecal/content (2)/imgSegmentation/ncd/ncd.161.json,ncd.161.jpg,newcastle,2,train,1
../../Data/downloads/zenodo_4628934_poultry_fecal/content (2)/imgSegmentation/ncd/ncd.162.json,ncd.162.jpg,newcastle,2,train,1
../../Data/downloads/zenodo_4628934_poultry_fecal/content (2)/imgSegmentation/ncd/ncd.163.json,ncd.163.jpg,newcastle,2,train,1
../../Data/downloads/zenodo_4628934_poultry_fecal/content (2)/imgSegmentation/ncd/ncd.164.json,ncd.164.jpg,newcastle,2,train,1
../../Data/downloads/zenodo_4628934_poultry_fecal/content (2)/imgSegmentation/ncd/ncd.165.json,ncd.165.jpg,newcastle,2,train,1
../../Data/downloads/zenodo_4628934_poultry_fecal/content (2)/imgSegmentation/ncd/ncd.166.json,ncd.166.jpg,newcastle,2,val,1
../../Data/downloads/zenodo_4628934_poultry_fecal/content (2)/imgSegmentation/ncd/ncd.167.json,ncd.167.jpg,newcastle,2,train,1
../../Data/downloads/zenodo_4628934_poultry_fecal/content (2)/imgSegmentation/ncd/ncd.168.json,ncd.168.jpg,newcastle,2,train,1
../../Data/downloads/zenodo_4628934_poultry_fecal/content (2)/imgSegmentation/ncd/ncd.169.json,ncd.169.jpg,newcastle,2,train,1
../../Data/downloads/zenodo_4628934_poultry_fecal/content (2)/imgSegmentation/ncd/ncd.17.json,ncd.17.jpg,newcastle,2,train,1
../../Data/downloads/zenodo_4628934_poultry_fecal/content (2)/imgSegmentation/ncd/ncd.170.json,ncd.170.jpg,newcastle,2,val,1
../../Data/downloads/zenodo_4628934_poultry_fecal/content (2)/imgSegmentation/ncd/ncd.171.json,ncd.171.jpg,newcastle,2,train,1
../../Data/downloads/zenodo_4628934_poultry_fecal/content (2)/imgSegmentation/ncd/ncd.172.json,ncd.172.jpg,newcastle,2,train,1
../../Data/downloads/zenodo_4628934_poultry_fecal/content (2)/imgSegmentation/ncd/ncd.173.json,ncd.173.jpg,newcastle,2,val,1
../../Data/downloads/zenodo_4628934_poultry_fecal/content (2)/imgSegmentation/ncd/ncd.174.json,ncd.174.jpg,newcastle,2,train,1
../../Data/downloads/zenodo_4628934_poultry_fecal/content (2)/imgSegmentation/ncd/ncd.175.json,ncd.175.jpg,newcastle,2,val,1
../../Data/downloads/zenodo_4628934_poultry_fecal/content (2)/imgSegmentation/ncd/ncd.176.json,ncd.176.jpg,newcastle,2,train,1
../../Data/downloads/zenodo_4628934_poultry_fecal/content (2)/imgSegmentation/ncd/ncd.177.json,ncd.177.jpg,newcastle,2,train,1
../../Data/downloads/zenodo_4628934_poultry_fecal/content (2)/imgSegmentation/ncd/ncd.178.json,ncd.178.jpg,newcastle,2,train,1
../../Data/downloads/zenodo_4628934_poultry_fecal/content (2)/imgSegmentation/ncd/ncd.179.json,ncd.179.jpg,newcastle,2,train,1
../../Data/downloads/zenodo_4628934_poultry_fecal/content (2)/imgSegmentation/ncd/ncd.18.json,ncd.18.jpg,newcastle,2,train,1
../../Data/downloads/zenodo_4628934_poultry_fecal/content (2)/imgSegmentation/ncd/ncd.180.json,ncd.180.jpg,newcastle,2,train,1
../../Data/downloads/zenodo_4628934_poultry_fecal/content (2)/imgSegmentation/ncd/ncd.181.json,ncd.181.jpg,newcastle,2,val,1
../../Data/downloads/zenodo_4628934_poultry_fecal/content (2)/imgSegmentation/ncd/ncd.182.json,ncd.182.jpg,newcastle,2,train,1
../../Data/downloads/zenodo_4628934_poultry_fecal/content (2)/imgSegmentation/ncd/ncd.183.json,ncd.183.jpg,newcastle,2,train,1
../../Data/downloads/zenodo_4628934_poultry_fecal/content (2)/imgSegmentation/ncd/ncd.184.json,ncd.184.jpg,newcastle,2,train,1
../../Data/downloads/zenodo_4628934_poultry_fecal/content (2)/imgSegmentation/ncd/ncd.185.json,ncd.185.jpg,newcastle,2,train,1
../../Data/downloads/zenodo_4628934_poultry_fecal/content (2)/imgSegmentation/ncd/ncd.186.json,ncd.186.jpg,newcastle,2,train,1
../../Data/downloads/zenodo_4628934_poultry_fecal/content (2)/imgSegmentation/ncd/ncd.187.json,ncd.187.jpg,newcastle,2,val,1
../../Data/downloads/zenodo_4628934_poultry_fecal/content (2)/imgSegmentation/ncd/ncd.188.json,ncd.188.jpg,newcastle,2,train,1
../../Data/downloads/zenodo_4628934_poultry_fecal/content (2)/imgSegmentation/ncd/ncd.189.json,ncd.189.jpg,newcastle,2,test,1
../../Data/downloads/zenodo_4628934_poultry_fecal/content (2)/imgSegmentation/ncd/ncd.19.json,ncd.19.jpg,newcastle,2,train,1
../../Data/downloads/zenodo_4628934_poultry_fecal/content (2)/imgSegmentation/ncd/ncd.190.json,ncd.190.jpg,newcastle,2,train,1
../../Data/downloads/zenodo_4628934_poultry_fecal/content (2)/imgSegmentation/ncd/ncd.191.json,ncd.191.jpg,newcastle,2,train,1
../../Data/downloads/zenodo_4628934_poultry_fecal/content (2)/imgSegmentation/ncd/ncd.192.json,ncd.192.jpg,newcastle,2,train,1
../../Data/downloads/zenodo_4628934_poultry_fecal/content (2)/imgSegmentation/ncd/ncd.193.json,ncd.193.jpg,newcastle,2,train,1
../../Data/downloads/zenodo_4628934_poultry_fecal/content (2)/imgSegmentation/ncd/ncd.194.json,ncd.194.jpg,newcastle,2,train,1
../../Data/downloads/zenodo_4628934_poultry_fecal/content (2)/imgSegmentation/ncd/ncd.195.json,ncd.195.jpg,newcastle,2,train,1
../../Data/downloads/zenodo_4628934_poultry_fecal/content (2)/imgSegmentation/ncd/ncd.196.json,ncd.196.jpg,newcastle,2,train,1
../../Data/downloads/zenodo_4628934_poultry_fecal/content (2)/imgSegmentation/ncd/ncd.197.json,ncd.197.jpg,newcastle,2,train,1
../../Data/downloads/zenodo_4628934_poultry_fecal/content (2)/imgSegmentation/ncd/ncd.198.json,ncd.198.jpg,newcastle,2,train,1
../../Data/downloads/zenodo_4628934_poultry_fecal/content (2)/imgSegmentation/ncd/ncd.199.json,ncd.199.jpg,newcastle,2,train,1
../../Data/downloads/zenodo_4628934_poultry_fecal/content (2)/imgSegmentation/ncd/ncd.2.json,ncd.2.jpg,newcastle,2,val,1
../../Data/downloads/zenodo_4628934_poultry_fecal/content (2)/imgSegmentation/ncd/ncd.20.json,ncd.20.jpg,newcastle,2,train,1
../../Data/downloads/zenodo_4628934_poultry_fecal/content (2)/imgSegmentation/ncd/ncd.200.json,ncd.200.jpg,newcastle,2,train,1
../../Data/downloads/zenodo_4628934_poultry_fecal/content (2)/imgSegmentation/ncd/ncd.201.json,ncd.201.jpg,newcastle,2,test,1
../../Data/downloads/zenodo_4628934_poultry_fecal/content (2)/imgSegmentation/ncd/ncd.202.json,ncd.202.jpg,newcastle,2,train,1
../../Data/downloads/zenodo_4628934_poultry_fecal/content (2)/imgSegmentation/ncd/ncd.203.json,ncd.203.jpg,newcastle,2,val,1
../../Data/downloads/zenodo_4628934_poultry_fecal/content (2)/imgSegmentation/ncd/ncd.204.json,ncd.204.jpg,newcastle,2,train,1
../../Data/downloads/zenodo_4628934_poultry_fecal/content (2)/imgSegmentation/ncd/ncd.205.json,ncd.205.jpg,newcastle,2,test,1
../../Data/downloads/zenodo_4628934_poultry_fecal/content (2)/imgSegmentation/ncd/ncd.206.json,ncd.206.jpg,newcastle,2,test,1
../../Data/downloads/zenodo_4628934_poultry_fecal/content (2)/imgSegmentation/ncd/ncd.207.json,ncd.207.jpg,newcastle,2,train,1
../../Data/downloads/zenodo_4628934_poultry_fecal/content (2)/imgSegmentation/ncd/ncd.208.json,ncd.208.jpg,newcastle,2,train,1
../../Data/downloads/zenodo_4628934_poultry_fecal/content (2)/imgSegmentation/ncd/ncd.209.json,ncd.209.jpg,newcastle,2,train,1
../../Data/downloads/zenodo_4628934_poultry_fecal/content (2)/imgSegmentation/ncd/ncd.21.json,ncd.21.jpg,newcastle,2,train,1
../../Data/downloads/zenodo_4628934_poultry_fecal/content (2)/imgSegmentation/ncd/ncd.210.json,ncd.210.jpg,newcastle,2,train,1
../../Data/downloads/zenodo_4628934_poultry_fecal/content (2)/imgSegmentation/ncd/ncd.211.json,ncd.211.jpg,newcastle,2,train,1
../../Data/downloads/zenodo_4628934_poultry_fecal/content (2)/imgSegmentation/ncd/ncd.212.json,ncd.212.jpg,newcastle,2,train,1
../../Data/downloads/zenodo_4628934_poultry_fecal/content (2)/imgSegmentation/ncd/ncd.213.json,ncd.213.jpg,newcastle,2,train,1
../../Data/downloads/zenodo_4628934_poultry_fecal/content (2)/imgSegmentation/ncd/ncd.214.json,ncd.214.jpg,newcastle,2,train,1
../../Data/downloads/zenodo_4628934_poultry_fecal/content (2)/imgSegmentation/ncd/ncd.215.json,ncd.215.jpg,newcastle,2,train,1
../../Data/downloads/zenodo_4628934_poultry_fecal/content (2)/imgSegmentation/ncd/ncd.216.json,ncd.216.jpg,newcastle,2,train,1
../../Data/downloads/zenodo_4628934_poultry_fecal/content (2)/imgSegmentation/ncd/ncd.217.json,ncd.217.jpg,newcastle,2,train,1
../../Data/downloads/zenodo_4628934_poultry_fecal/content (2)/imgSegmentation/ncd/ncd.218.json,ncd.218.jpg,newcastle,2,train,1
../../Data/downloads/zenodo_4628934_poultry_fecal/content (2)/imgSegmentation/ncd/ncd.219.json,ncd.219.jpg,newcastle,2,train,1
../../Data/downloads/zenodo_4628934_poultry_fecal/content (2)/imgSegmentation/ncd/ncd.22.json,ncd.22.jpg,newcastle,2,train,1
../../Data/downloads/zenodo_4628934_poultry_fecal/content (2)/imgSegmentation/ncd/ncd.220.json,ncd.220.jpg,newcastle,2,train,1
../../Data/downloads/zenodo_4628934_poultry_fecal/content (2)/imgSegmentation/ncd/ncd.221.json,ncd.221.jpg,newcastle,2,train,1
../../Data/downloads/zenodo_4628934_poultry_fecal/content (2)/imgSegmentation/ncd/ncd.222.json,ncd.222.jpg,newcastle,2,train,1
../../Data/downloads/zenodo_4628934_poultry_fecal/content (2)/imgSegmentation/ncd/ncd.223.json,ncd.223.jpg,newcastle,2,train,1
../../Data/downloads/zenodo_4628934_poultry_fecal/content (2)/imgSegmentation/ncd/ncd.224.json,ncd.224.jpg,newcastle,2,val,1
../../Data/downloads/zenodo_4628934_poultry_fecal/content (2)/imgSegmentation/ncd/ncd.225.json,ncd.225.jpg,newcastle,2,train,1
../../Data/downloads/zenodo_4628934_poultry_fecal/content (2)/imgSegmentation/ncd/ncd.226.json,ncd.226.jpg,newcastle,2,train,1
../../Data/downloads/zenodo_4628934_poultry_fecal/content (2)/imgSegmentation/ncd/ncd.227.json,ncd.227.jpg,newcastle,2,test,1
../../Data/downloads/zenodo_4628934_poultry_fecal/content (2)/imgSegmentation/ncd/ncd.228.json,ncd.228.jpg,newcastle,2,test,1
../../Data/downloads/zenodo_4628934_poultry_fecal/content (2)/imgSegmentation/ncd/ncd.229.json,ncd.229.jpg,newcastle,2,train,1
../../Data/downloads/zenodo_4628934_poultry_fecal/content (2)/imgSegmentation/ncd/ncd.23.json,ncd.23.jpg,newcastle,2,train,1
../../Data/downloads/zenodo_4628934_poultry_fecal/content (2)/imgSegmentation/ncd/ncd.230.json,ncd.230.jpg,newcastle,2,val,1
../../Data/downloads/zenodo_4628934_poultry_fecal/content (2)/imgSegmentation/ncd/ncd.231.json,ncd.231.jpg,newcastle,2,test,1
../../Data/downloads/zenodo_4628934_poultry_fecal/content (2)/imgSegmentation/ncd/ncd.232.json,ncd.232.jpg,newcastle,2,val,1
../../Data/downloads/zenodo_4628934_poultry_fecal/content (2)/imgSegmentation/ncd/ncd.233.json,ncd.233.jpg,newcastle,2,val,1
../../Data/downloads/zenodo_4628934_poultry_fecal/content (2)/imgSegmentation/ncd/ncd.234.json,ncd.234.jpg,newcastle,2,train,1
../../Data/downloads/zenodo_4628934_poultry_fecal/content (2)/imgSegmentation/ncd/ncd.235.json,ncd.235.jpg,newcastle,2,test,1
../../Data/downloads/zenodo_4628934_poultry_fecal/content (2)/imgSegmentation/ncd/ncd.236.json,ncd.236.jpg,newcastle,2,train,1
../../Data/downloads/zenodo_4628934_poultry_fecal/content (2)/imgSegmentation/ncd/ncd.237.json,ncd.237.jpg,newcastle,2,val,1
../../Data/downloads/zenodo_4628934_poultry_fecal/content (2)/imgSegmentation/ncd/ncd.238.json,ncd.238.jpg,newcastle,2,train,1
../../Data/downloads/zenodo_4628934_poultry_fecal/content (2)/imgSegmentation/ncd/ncd.239.json,ncd.239.jpg,newcastle,2,train,1
../../Data/downloads/zenodo_4628934_poultry_fecal/content (2)/imgSegmentation/ncd/ncd.24.json,ncd.24.jpg,newcastle,2,train,1
../../Data/downloads/zenodo_4628934_poultry_fecal/content (2)/imgSegmentation/ncd/ncd.240.json,ncd.240.jpg,newcastle,2,train,1
../../Data/downloads/zenodo_4628934_poultry_fecal/content (2)/imgSegmentation/ncd/ncd.241.json,ncd.241.jpg,newcastle,2,train,1
../../Data/downloads/zenodo_4628934_poultry_fecal/content (2)/imgSegmentation/ncd/ncd.242.json,ncd.242.jpg,newcastle,2,train,1
../../Data/downloads/zenodo_4628934_poultry_fecal/content (2)/imgSegmentation/ncd/ncd.243.json,ncd.243.jpg,newcastle,2,train,1
../../Data/downloads/zenodo_4628934_poultry_fecal/content (2)/imgSegmentation/ncd/ncd.244.json,ncd.244.jpg,newcastle,2,train,1
../../Data/downloads/zenodo_4628934_poultry_fecal/content (2)/imgSegmentation/ncd/ncd.245.json,ncd.245.jpg,newcastle,2,test,1
../../Data/downloads/zenodo_4628934_poultry_fecal/content (2)/imgSegmentation/ncd/ncd.246.json,ncd.246.jpg,newcastle,2,train,1
../../Data/downloads/zenodo_4628934_poultry_fecal/content (2)/imgSegmentation/ncd/ncd.247.json,ncd.247.jpg,newcastle,2,train,1
../../Data/downloads/zenodo_4628934_poultry_fecal/content (2)/imgSegmentation/ncd/ncd.248.json,ncd.248.jpg,newcastle,2,val,1
../../Data/downloads/zenodo_4628934_poultry_fecal/content (2)/imgSegmentation/ncd/ncd.249.json,ncd.249.jpg,newcastle,2,val,1
../../Data/downloads/zenodo_4628934_poultry_fecal/content (2)/imgSegmentation/ncd/ncd.25.json,ncd.25.jpg,newcastle,2,train,1
../../Data/downloads/zenodo_4628934_poultry_fecal/content (2)/imgSegmentation/ncd/ncd.250.json,ncd.250.jpg,newcastle,2,train,1
../../Data/downloads/zenodo_4628934_poultry_fecal/content (2)/imgSegmentation/ncd/ncd.251.json,ncd.251.jpg,newcastle,2,val,1
../../Data/downloads/zenodo_4628934_poultry_fecal/content (2)/imgSegmentation/ncd/ncd.252.json,ncd.252.jpg,newcastle,2,train,1
../../Data/downloads/zenodo_4628934_poultry_fecal/content (2)/imgSegmentation/ncd/ncd.253.json,ncd.253.jpg,newcastle,2,test,1
../../Data/downloads/zenodo_4628934_poultry_fecal/content (2)/imgSegmentation/ncd/ncd.254.json,ncd.254.jpg,newcastle,2,train,1
../../Data/downloads/zenodo_4628934_poultry_fecal/content (2)/imgSegmentation/ncd/ncd.255.json,ncd.255.jpg,newcastle,2,train,1
../../Data/downloads/zenodo_4628934_poultry_fecal/content (2)/imgSegmentation/ncd/ncd.256.json,ncd.256.jpg,newcastle,2,test,1
../../Data/downloads/zenodo_4628934_poultry_fecal/content (2)/imgSegmentation/ncd/ncd.257.json,ncd.257.jpg,newcastle,2,train,1
../../Data/downloads/zenodo_4628934_poultry_fecal/content (2)/imgSegmentation/ncd/ncd.258.json,ncd.258.jpg,newcastle,2,train,1
../../Data/downloads/zenodo_4628934_poultry_fecal/content (2)/imgSegmentation/ncd/ncd.259.json,ncd.259.jpg,newcastle,2,train,1
../../Data/downloads/zenodo_4628934_poultry_fecal/content (2)/imgSegmentation/ncd/ncd.26.json,ncd.26.jpg,newcastle,2,train,1
../../Data/downloads/zenodo_4628934_poultry_fecal/content (2)/imgSegmentation/ncd/ncd.260.json,ncd.260.jpg,newcastle,2,train,1
../../Data/downloads/zenodo_4628934_poultry_fecal/content (2)/imgSegmentation/ncd/ncd.261.json,ncd.261.jpg,newcastle,2,train,1
../../Data/downloads/zenodo_4628934_poultry_fecal/content (2)/imgSegmentation/ncd/ncd.262.json,ncd.262.jpg,newcastle,2,train,1
../../Data/downloads/zenodo_4628934_poultry_fecal/content (2)/imgSegmentation/ncd/ncd.263.json,ncd.263.jpg,newcastle,2,train,1
../../Data/downloads/zenodo_4628934_poultry_fecal/content (2)/imgSegmentation/ncd/ncd.264.json,ncd.264.jpg,newcastle,2,train,1
../../Data/downloads/zenodo_4628934_poultry_fecal/content (2)/imgSegmentation/ncd/ncd.265.json,ncd.265.jpg,newcastle,2,test,1
../../Data/downloads/zenodo_4628934_poultry_fecal/content (2)/imgSegmentation/ncd/ncd.266.json,ncd.266.jpg,newcastle,2,val,1
../../Data/downloads/zenodo_4628934_poultry_fecal/content (2)/imgSegmentation/ncd/ncd.267.json,ncd.267.jpg,newcastle,2,train,1
../../Data/downloads/zenodo_4628934_poultry_fecal/content (2)/imgSegmentation/ncd/ncd.268.json,ncd.268.jpg,newcastle,2,train,1
../../Data/downloads/zenodo_4628934_poultry_fecal/content (2)/imgSegmentation/ncd/ncd.269.json,ncd.269.jpg,newcastle,2,test,1
../../Data/downloads/zenodo_4628934_poultry_fecal/content (2)/imgSegmentation/ncd/ncd.27.json,ncd.27.jpg,newcastle,2,val,1
../../Data/downloads/zenodo_4628934_poultry_fecal/content (2)/imgSegmentation/ncd/ncd.270.json,ncd.270.jpg,newcastle,2,test,1
../../Data/downloads/zenodo_4628934_poultry_fecal/content (2)/imgSegmentation/ncd/ncd.271.json,ncd.271.jpg,newcastle,2,train,1
../../Data/downloads/zenodo_4628934_poultry_fecal/content (2)/imgSegmentation/ncd/ncd.272.json,ncd.272.jpg,newcastle,2,train,1
../../Data/downloads/zenodo_4628934_poultry_fecal/content (2)/imgSegmentation/ncd/ncd.273.json,ncd.273.jpg,newcastle,2,train,1
../../Data/downloads/zenodo_4628934_poultry_fecal/content (2)/imgSegmentation/ncd/ncd.274.json,ncd.274.jpg,newcastle,2,train,1
../../Data/downloads/zenodo_4628934_poultry_fecal/content (2)/imgSegmentation/ncd/ncd.275.json,ncd.275.jpg,newcastle,2,test,1
../../Data/downloads/zenodo_4628934_poultry_fecal/content (2)/imgSegmentation/ncd/ncd.276.json,ncd.276.jpg,newcastle,2,train,1
../../Data/downloads/zenodo_4628934_poultry_fecal/content (2)/imgSegmentation/ncd/ncd.277.json,ncd.277.jpg,newcastle,2,train,1
../../Data/downloads/zenodo_4628934_poultry_fecal/content (2)/imgSegmentation/ncd/ncd.278.json,ncd.278.jpg,newcastle,2,train,1
../../Data/downloads/zenodo_4628934_poultry_fecal/content (2)/imgSegmentation/ncd/ncd.279.json,ncd.279.jpg,newcastle,2,train,1
../../Data/downloads/zenodo_4628934_poultry_fecal/content (2)/imgSegmentation/ncd/ncd.28.json,ncd.28.jpg,newcastle,2,train,1
../../Data/downloads/zenodo_4628934_poultry_fecal/content (2)/imgSegmentation/ncd/ncd.280.json,ncd.280.jpg,newcastle,2,train,1
../../Data/downloads/zenodo_4628934_poultry_fecal/content (2)/imgSegmentation/ncd/ncd.281.json,ncd.281.jpg,newcastle,2,val,1
../../Data/downloads/zenodo_4628934_poultry_fecal/content (2)/imgSegmentation/ncd/ncd.282.json,ncd.282.jpg,newcastle,2,train,1
../../Data/downloads/zenodo_4628934_poultry_fecal/content (2)/imgSegmentation/ncd/ncd.283.json,ncd.283.jpg,newcastle,2,train,1
../../Data/downloads/zenodo_4628934_poultry_fecal/content (2)/imgSegmentation/ncd/ncd.284.json,ncd.284.jpg,newcastle,2,train,1
../../Data/downloads/zenodo_4628934_poultry_fecal/content (2)/imgSegmentation/ncd/ncd.285.json,ncd.285.jpg,newcastle,2,train,1
../../Data/downloads/zenodo_4628934_poultry_fecal/content (2)/imgSegmentation/ncd/ncd.286.json,ncd.286.jpg,newcastle,2,train,1
../../Data/downloads/zenodo_4628934_poultry_fecal/content (2)/imgSegmentation/ncd/ncd.287.json,ncd.287.jpg,newcastle,2,train,1
../../Data/downloads/zenodo_4628934_poultry_fecal/content (2)/imgSegmentation/ncd/ncd.288.json,ncd.288.jpg,newcastle,2,val,1
../../Data/downloads/zenodo_4628934_poultry_fecal/content (2)/imgSegmentation/ncd/ncd.289.json,ncd.289.jpg,newcastle,2,train,1
../../Data/downloads/zenodo_4628934_poultry_fecal/content (2)/imgSegmentation/ncd/ncd.29.json,ncd.29.jpg,newcastle,2,train,1
../../Data/downloads/zenodo_4628934_poultry_fecal/content (2)/imgSegmentation/ncd/ncd.290.json,ncd.290.jpg,newcastle,2,train,1
../../Data/downloads/zenodo_4628934_poultry_fecal/content (2)/imgSegmentation/ncd/ncd.291.json,ncd.291.jpg,newcastle,2,train,1
../../Data/downloads/zenodo_4628934_poultry_fecal/content (2)/imgSegmentation/ncd/ncd.292.json,ncd.292.jpg,newcastle,2,val,1
../../Data/downloads/zenodo_4628934_poultry_fecal/content (2)/imgSegmentation/ncd/ncd.293.json,ncd.293.jpg,newcastle,2,val,1
../../Data/downloads/zenodo_4628934_poultry_fecal/content (2)/imgSegmentation/ncd/ncd.294.json,ncd.294.jpg,newcastle,2,val,1
../../Data/downloads/zenodo_4628934_poultry_fecal/content (2)/imgSegmentation/ncd/ncd.295.json,ncd.295.jpg,newcastle,2,train,1
../../Data/downloads/zenodo_4628934_poultry_fecal/content (2)/imgSegmentation/ncd/ncd.296.json,ncd.296.jpg,newcastle,2,test,1
../../Data/downloads/zenodo_4628934_poultry_fecal/content (2)/imgSegmentation/ncd/ncd.297.json,ncd.297.jpg,newcastle,2,train,1
../../Data/downloads/zenodo_4628934_poultry_fecal/content (2)/imgSegmentation/ncd/ncd.298.json,ncd.298.jpg,newcastle,2,val,1
../../Data/downloads/zenodo_4628934_poultry_fecal/content (2)/imgSegmentation/ncd/ncd.299.json,ncd.299.jpg,newcastle,2,train,1
../../Data/downloads/zenodo_4628934_poultry_fecal/content (2)/imgSegmentation/ncd/ncd.3.json,ncd.3.jpg,newcastle,2,test,1
../../Data/downloads/zenodo_4628934_poultry_fecal/content (2)/imgSegmentation/ncd/ncd.30.json,ncd.30.jpg,newcastle,2,test,1
../../Data/downloads/zenodo_4628934_poultry_fecal/content (2)/imgSegmentation/ncd/ncd.300.json,ncd.300.jpg,newcastle,2,train,1
../../Data/downloads/zenodo_4628934_poultry_fecal/content (2)/imgSegmentation/ncd/ncd.301.json,ncd.301.jpg,newcastle,2,train,1
../../Data/downloads/zenodo_4628934_poultry_fecal/content (2)/imgSegmentation/ncd/ncd.302.json,ncd.302.jpg,newcastle,2,train,1
../../Data/downloads/zenodo_4628934_poultry_fecal/content (2)/imgSegmentation/ncd/ncd.303.json,ncd.303.jpg,newcastle,2,val,1
../../Data/downloads/zenodo_4628934_poultry_fecal/content (2)/imgSegmentation/ncd/ncd.304.json,ncd.304.jpg,newcastle,2,train,1
../../Data/downloads/zenodo_4628934_poultry_fecal/content (2)/imgSegmentation/ncd/ncd.305.json,ncd.305.jpg,newcastle,2,train,1
../../Data/downloads/zenodo_4628934_poultry_fecal/content (2)/imgSegmentation/ncd/ncd.306.json,ncd.306.jpg,newcastle,2,train,1
../../Data/downloads/zenodo_4628934_poultry_fecal/content (2)/imgSegmentation/ncd/ncd.307.json,ncd.307.jpg,newcastle,2,val,1
../../Data/downloads/zenodo_4628934_poultry_fecal/content (2)/imgSegmentation/ncd/ncd.308.json,ncd.308.jpg,newcastle,2,test,1
../../Data/downloads/zenodo_4628934_poultry_fecal/content (2)/imgSegmentation/ncd/ncd.309.json,ncd.309.jpg,newcastle,2,train,1
../../Data/downloads/zenodo_4628934_poultry_fecal/content (2)/imgSegmentation/ncd/ncd.31.json,ncd.31.jpg,newcastle,2,train,1
../../Data/downloads/zenodo_4628934_poultry_fecal/content (2)/imgSegmentation/ncd/ncd.310.json,ncd.310.jpg,newcastle,2,train,1
../../Data/downloads/zenodo_4628934_poultry_fecal/content (2)/imgSegmentation/ncd/ncd.311.json,ncd.311.jpg,newcastle,2,train,1
../../Data/downloads/zenodo_4628934_poultry_fecal/content (2)/imgSegmentation/ncd/ncd.312.json,ncd.312.jpg,newcastle,2,train,1
../../Data/downloads/zenodo_4628934_poultry_fecal/content (2)/imgSegmentation/ncd/ncd.313.json,ncd.313.jpg,newcastle,2,train,1
../../Data/downloads/zenodo_4628934_poultry_fecal/content (2)/imgSegmentation/ncd/ncd.314.json,ncd.314.jpg,newcastle,2,val,1
../../Data/downloads/zenodo_4628934_poultry_fecal/content (2)/imgSegmentation/ncd/ncd.315.json,ncd.315.jpg,newcastle,2,train,1
../../Data/downloads/zenodo_4628934_poultry_fecal/content (2)/imgSegmentation/ncd/ncd.316.json,ncd.316.jpg,newcastle,2,train,1
../../Data/downloads/zenodo_4628934_poultry_fecal/content (2)/imgSegmentation/ncd/ncd.317.json,ncd.317.jpg,newcastle,2,train,1
../../Data/downloads/zenodo_4628934_poultry_fecal/content (2)/imgSegmentation/ncd/ncd.318.json,ncd.318.jpg,newcastle,2,val,1
../../Data/downloads/zenodo_4628934_poultry_fecal/content (2)/imgSegmentation/ncd/ncd.319.json,ncd.319.jpg,newcastle,2,train,1
../../Data/downloads/zenodo_4628934_poultry_fecal/content (2)/imgSegmentation/ncd/ncd.32.json,ncd.32.jpg,newcastle,2,train,1
../../Data/downloads/zenodo_4628934_poultry_fecal/content (2)/imgSegmentation/ncd/ncd.320.json,ncd.320.jpg,newcastle,2,train,1
../../Data/downloads/zenodo_4628934_poultry_fecal/content (2)/imgSegmentation/ncd/ncd.321.json,ncd.321.jpg,newcastle,2,train,1
../../Data/downloads/zenodo_4628934_poultry_fecal/content (2)/imgSegmentation/ncd/ncd.322.json,ncd.322.jpg,newcastle,2,train,1
../../Data/downloads/zenodo_4628934_poultry_fecal/content (2)/imgSegmentation/ncd/ncd.323.json,ncd.323.jpg,newcastle,2,test,1
../../Data/downloads/zenodo_4628934_poultry_fecal/content (2)/imgSegmentation/ncd/ncd.324.json,ncd.324.jpg,newcastle,2,train,1
../../Data/downloads/zenodo_4628934_poultry_fecal/content (2)/imgSegmentation/ncd/ncd.325.json,ncd.325.jpg,newcastle,2,train,1
../../Data/downloads/zenodo_4628934_poultry_fecal/content (2)/imgSegmentation/ncd/ncd.326.json,ncd.326.jpg,newcastle,2,val,1
../../Data/downloads/zenodo_4628934_poultry_fecal/content (2)/imgSegmentation/ncd/ncd.327.json,ncd.327.jpg,newcastle,2,test,1
../../Data/downloads/zenodo_4628934_poultry_fecal/content (2)/imgSegmentation/ncd/ncd.328.json,ncd.328.jpg,newcastle,2,test,1
../../Data/downloads/zenodo_4628934_poultry_fecal/content (2)/imgSegmentation/ncd/ncd.329.json,ncd.329.jpg,newcastle,2,train,1
../../Data/downloads/zenodo_4628934_poultry_fecal/content (2)/imgSegmentation/ncd/ncd.33.json,ncd.33.jpg,newcastle,2,train,1
../../Data/downloads/zenodo_4628934_poultry_fecal/content (2)/imgSegmentation/ncd/ncd.330.json,ncd.330.jpg,newcastle,2,train,1
../../Data/downloads/zenodo_4628934_poultry_fecal/content (2)/imgSegmentation/ncd/ncd.331.json,ncd.331.jpg,newcastle,2,train,1
../../Data/downloads/zenodo_4628934_poultry_fecal/content (2)/imgSegmentation/ncd/ncd.332.json,ncd.332.jpg,newcastle,2,train,1
../../Data/downloads/zenodo_4628934_poultry_fecal/content (2)/imgSegmentation/ncd/ncd.333.json,ncd.333.jpg,newcastle,2,train,1
../../Data/downloads/zenodo_4628934_poultry_fecal/content (2)/imgSegmentation/ncd/ncd.334.json,ncd.334.jpg,newcastle,2,test,1
../../Data/downloads/zenodo_4628934_poultry_fecal/content (2)/imgSegmentation/ncd/ncd.335.json,ncd.335.jpg,newcastle,2,train,1
../../Data/downloads/zenodo_4628934_poultry_fecal/content (2)/imgSegmentation/ncd/ncd.336.json,ncd.336.jpg,newcastle,2,train,1
../../Data/downloads/zenodo_4628934_poultry_fecal/content (2)/imgSegmentation/ncd/ncd.337.json,ncd.337.jpg,newcastle,2,train,1
../../Data/downloads/zenodo_4628934_poultry_fecal/content (2)/imgSegmentation/ncd/ncd.338.json,ncd.338.jpg,newcastle,2,train,1
../../Data/downloads/zenodo_4628934_poultry_fecal/content (2)/imgSegmentation/ncd/ncd.339.json,ncd.339.jpg,newcastle,2,train,1
../../Data/downloads/zenodo_4628934_poultry_fecal/content (2)/imgSegmentation/ncd/ncd.34.json,ncd.34.jpg,newcastle,2,val,1
../../Data/downloads/zenodo_4628934_poultry_fecal/content (2)/imgSegmentation/ncd/ncd.340.json,ncd.340.jpg,newcastle,2,test,1
../../Data/downloads/zenodo_4628934_poultry_fecal/content (2)/imgSegmentation/ncd/ncd.341.json,ncd.341.jpg,newcastle,2,train,1
../../Data/downloads/zenodo_4628934_poultry_fecal/content (2)/imgSegmentation/ncd/ncd.342.json,ncd.342.jpg,newcastle,2,val,1
../../Data/downloads/zenodo_4628934_poultry_fecal/content (2)/imgSegmentation/ncd/ncd.343.json,ncd.343.jpg,newcastle,2,train,1
../../Data/downloads/zenodo_4628934_poultry_fecal/content (2)/imgSegmentation/ncd/ncd.344.json,ncd.344.jpg,newcastle,2,train,1
../../Data/downloads/zenodo_4628934_poultry_fecal/content (2)/imgSegmentation/ncd/ncd.345.json,ncd.345.jpg,newcastle,2,train,1
../../Data/downloads/zenodo_4628934_poultry_fecal/content (2)/imgSegmentation/ncd/ncd.346.json,ncd.346.jpg,newcastle,2,train,1
../../Data/downloads/zenodo_4628934_poultry_fecal/content (2)/imgSegmentation/ncd/ncd.347.json,ncd.347.jpg,newcastle,2,train,1
../../Data/downloads/zenodo_4628934_poultry_fecal/content (2)/imgSegmentation/ncd/ncd.348.json,ncd.348.jpg,newcastle,2,train,1
../../Data/downloads/zenodo_4628934_poultry_fecal/content (2)/imgSegmentation/ncd/ncd.349.json,ncd.349.jpg,newcastle,2,test,1
../../Data/downloads/zenodo_4628934_poultry_fecal/content (2)/imgSegmentation/ncd/ncd.35.json,ncd.35.jpg,newcastle,2,train,1
../../Data/downloads/zenodo_4628934_poultry_fecal/content (2)/imgSegmentation/ncd/ncd.350.json,ncd.350.jpg,newcastle,2,train,1
../../Data/downloads/zenodo_4628934_poultry_fecal/content (2)/imgSegmentation/ncd/ncd.351.json,ncd.351.jpg,newcastle,2,train,1
../../Data/downloads/zenodo_4628934_poultry_fecal/content (2)/imgSegmentation/ncd/ncd.352.json,ncd.352.jpg,newcastle,2,test,1
../../Data/downloads/zenodo_4628934_poultry_fecal/content (2)/imgSegmentation/ncd/ncd.353.json,ncd.353.jpg,newcastle,2,train,1
../../Data/downloads/zenodo_4628934_poultry_fecal/content (2)/imgSegmentation/ncd/ncd.354.json,ncd.354.jpg,newcastle,2,train,1
../../Data/downloads/zenodo_4628934_poultry_fecal/content (2)/imgSegmentation/ncd/ncd.355.json,ncd.355.jpg,newcastle,2,test,1
../../Data/downloads/zenodo_4628934_poultry_fecal/content (2)/imgSegmentation/ncd/ncd.356.json,ncd.356.jpg,newcastle,2,train,1
../../Data/downloads/zenodo_4628934_poultry_fecal/content (2)/imgSegmentation/ncd/ncd.357.json,ncd.357.jpg,newcastle,2,train,1
../../Data/downloads/zenodo_4628934_poultry_fecal/content (2)/imgSegmentation/ncd/ncd.358.json,ncd.358.jpg,newcastle,2,test,1
../../Data/downloads/zenodo_4628934_poultry_fecal/content (2)/imgSegmentation/ncd/ncd.359.json,ncd.359.jpg,newcastle,2,val,1
../../Data/downloads/zenodo_4628934_poultry_fecal/content (2)/imgSegmentation/ncd/ncd.36.json,ncd.36.jpg,newcastle,2,val,1
../../Data/downloads/zenodo_4628934_poultry_fecal/content (2)/imgSegmentation/ncd/ncd.360.json,ncd.360.jpg,newcastle,2,val,1
../../Data/downloads/zenodo_4628934_poultry_fecal/content (2)/imgSegmentation/ncd/ncd.361.json,ncd.361.jpg,newcastle,2,train,1
../../Data/downloads/zenodo_4628934_poultry_fecal/content (2)/imgSegmentation/ncd/ncd.362.json,ncd.362.jpg,newcastle,2,test,1
../../Data/downloads/zenodo_4628934_poultry_fecal/content (2)/imgSegmentation/ncd/ncd.363.json,ncd.363.jpg,newcastle,2,val,1
../../Data/downloads/zenodo_4628934_poultry_fecal/content (2)/imgSegmentation/ncd/ncd.364.json,ncd.364.jpg,newcastle,2,train,1
../../Data/downloads/zenodo_4628934_poultry_fecal/content (2)/imgSegmentation/ncd/ncd.365.json,ncd.365.jpg,newcastle,2,train,1
../../Data/downloads/zenodo_4628934_poultry_fecal/content (2)/imgSegmentation/ncd/ncd.366.json,ncd.366.jpg,newcastle,2,val,1
../../Data/downloads/zenodo_4628934_poultry_fecal/content (2)/imgSegmentation/ncd/ncd.367.json,ncd.367.jpg,newcastle,2,train,1
../../Data/downloads/zenodo_4628934_poultry_fecal/content (2)/imgSegmentation/ncd/ncd.368.json,ncd.368.jpg,newcastle,2,train,1
../../Data/downloads/zenodo_4628934_poultry_fecal/content (2)/imgSegmentation/ncd/ncd.369.json,ncd.369.jpg,newcastle,2,train,1
../../Data/downloads/zenodo_4628934_poultry_fecal/content (2)/imgSegmentation/ncd/ncd.37.json,ncd.37.jpg,newcastle,2,test,1
../../Data/downloads/zenodo_4628934_poultry_fecal/content (2)/imgSegmentation/ncd/ncd.370.json,ncd.370.jpg,newcastle,2,train,1
../../Data/downloads/zenodo_4628934_poultry_fecal/content (2)/imgSegmentation/ncd/ncd.371.json,ncd.371.jpg,newcastle,2,train,1
../../Data/downloads/zenodo_4628934_poultry_fecal/content (2)/imgSegmentation/ncd/ncd.372.json,ncd.372.jpg,newcastle,2,train,1
../../Data/downloads/zenodo_4628934_poultry_fecal/content (2)/imgSegmentation/ncd/ncd.373.json,ncd.373.jpg,newcastle,2,test,1
../../Data/downloads/zenodo_4628934_poultry_fecal/content (2)/imgSegmentation/ncd/ncd.374.json,ncd.374.jpg,newcastle,2,train,1
../../Data/downloads/zenodo_4628934_poultry_fecal/content (2)/imgSegmentation/ncd/ncd.375.json,ncd.375.jpg,newcastle,2,val,1
../../Data/downloads/zenodo_4628934_poultry_fecal/content (2)/imgSegmentation/ncd/ncd.38.json,ncd.38.jpg,newcastle,2,train,1
../../Data/downloads/zenodo_4628934_poultry_fecal/content (2)/imgSegmentation/ncd/ncd.39.json,ncd.39.jpg,newcastle,2,train,1
../../Data/downloads/zenodo_4628934_poultry_fecal/content (2)/imgSegmentation/ncd/ncd.4.json,ncd.4.jpg,newcastle,2,train,1
../../Data/downloads/zenodo_4628934_poultry_fecal/content (2)/imgSegmentation/ncd/ncd.40.json,ncd.40.jpg,newcastle,2,val,1
../../Data/downloads/zenodo_4628934_poultry_fecal/content (2)/imgSegmentation/ncd/ncd.41.json,ncd.41.jpg,newcastle,2,train,1
../../Data/downloads/zenodo_4628934_poultry_fecal/content (2)/imgSegmentation/ncd/ncd.42.json,ncd.42.jpg,newcastle,2,train,1
../../Data/downloads/zenodo_4628934_poultry_fecal/content (2)/imgSegmentation/ncd/ncd.43.json,ncd.43.jpg,newcastle,2,train,1
../../Data/downloads/zenodo_4628934_poultry_fecal/content (2)/imgSegmentation/ncd/ncd.44.json,ncd.44.jpg,newcastle,2,test,1
../../Data/downloads/zenodo_4628934_poultry_fecal/content (2)/imgSegmentation/ncd/ncd.45.json,ncd.45.jpg,newcastle,2,train,1
../../Data/downloads/zenodo_4628934_poultry_fecal/content (2)/imgSegmentation/ncd/ncd.46.json,ncd.46.jpg,newcastle,2,train,1
../../Data/downloads/zenodo_4628934_poultry_fecal/content (2)/imgSegmentation/ncd/ncd.47.json,ncd.47.jpg,newcastle,2,train,1
../../Data/downloads/zenodo_4628934_poultry_fecal/content (2)/imgSegmentation/ncd/ncd.48.json,ncd.48.jpg,newcastle,2,test,1
../../Data/downloads/zenodo_4628934_poultry_fecal/content (2)/imgSegmentation/ncd/ncd.49.json,ncd.49.jpg,newcastle,2,train,1
../../Data/downloads/zenodo_4628934_poultry_fecal/content (2)/imgSegmentation/ncd/ncd.5.json,ncd.5.jpg,newcastle,2,val,1
../../Data/downloads/zenodo_4628934_poultry_fecal/content (2)/imgSegmentation/ncd/ncd.50.json,ncd.50.jpg,newcastle,2,train,1
../../Data/downloads/zenodo_4628934_poultry_fecal/content (2)/imgSegmentation/ncd/ncd.51.json,ncd.51.jpg,newcastle,2,test,1
../../Data/downloads/zenodo_4628934_poultry_fecal/content (2)/imgSegmentation/ncd/ncd.52.json,ncd.52.jpg,newcastle,2,test,1
../../Data/downloads/zenodo_4628934_poultry_fecal/content (2)/imgSegmentation/ncd/ncd.53.json,ncd.53.jpg,newcastle,2,train,1
../../Data/downloads/zenodo_4628934_poultry_fecal/content (2)/imgSegmentation/ncd/ncd.54.json,ncd.54.jpg,newcastle,2,train,1
../../Data/downloads/zenodo_4628934_poultry_fecal/content (2)/imgSegmentation/ncd/ncd.55.json,ncd.55.jpg,newcastle,2,train,1
../../Data/downloads/zenodo_4628934_poultry_fecal/content (2)/imgSegmentation/ncd/ncd.56.json,ncd.56.jpg,newcastle,2,val,1
../../Data/downloads/zenodo_4628934_poultry_fecal/content (2)/imgSegmentation/ncd/ncd.57.json,ncd.57.jpg,newcastle,2,train,1
../../Data/downloads/zenodo_4628934_poultry_fecal/content (2)/imgSegmentation/ncd/ncd.58.json,ncd.58.jpg,newcastle,2,test,1
../../Data/downloads/zenodo_4628934_poultry_fecal/content (2)/imgSegmentation/ncd/ncd.59.json,ncd.59.jpg,newcastle,2,test,1
../../Data/downloads/zenodo_4628934_poultry_fecal/content (2)/imgSegmentation/ncd/ncd.6.json,ncd.6.jpg,newcastle,2,train,1
../../Data/downloads/zenodo_4628934_poultry_fecal/content (2)/imgSegmentation/ncd/ncd.60.json,ncd.60.jpg,newcastle,2,train,1
../../Data/downloads/zenodo_4628934_poultry_fecal/content (2)/imgSegmentation/ncd/ncd.61.json,ncd.61.jpg,newcastle,2,train,1
../../Data/downloads/zenodo_4628934_poultry_fecal/content (2)/imgSegmentation/ncd/ncd.62.json,ncd.62.jpg,newcastle,2,train,1
../../Data/downloads/zenodo_4628934_poultry_fecal/content (2)/imgSegmentation/ncd/ncd.63.json,ncd.63.jpg,newcastle,2,train,1
../../Data/downloads/zenodo_4628934_poultry_fecal/content (2)/imgSegmentation/ncd/ncd.64.json,ncd.64.jpg,newcastle,2,train,1
../../Data/downloads/zenodo_4628934_poultry_fecal/content (2)/imgSegmentation/ncd/ncd.65.json,ncd.65.jpg,newcastle,2,train,1
../../Data/downloads/zenodo_4628934_poultry_fecal/content (2)/imgSegmentation/ncd/ncd.66.json,ncd.66.jpg,newcastle,2,val,1
../../Data/downloads/zenodo_4628934_poultry_fecal/content (2)/imgSegmentation/ncd/ncd.67.json,ncd.67.jpg,newcastle,2,train,1
../../Data/downloads/zenodo_4628934_poultry_fecal/content (2)/imgSegmentation/ncd/ncd.68.json,ncd.68.jpg,newcastle,2,train,1
../../Data/downloads/zenodo_4628934_poultry_fecal/content (2)/imgSegmentation/ncd/ncd.69.json,ncd.69.jpg,newcastle,2,train,1
../../Data/downloads/zenodo_4628934_poultry_fecal/content (2)/imgSegmentation/ncd/ncd.7.json,ncd.7.jpg,newcastle,2,train,1
../../Data/downloads/zenodo_4628934_poultry_fecal/content (2)/imgSegmentation/ncd/ncd.70.json,ncd.70.jpg,newcastle,2,train,1
../../Data/downloads/zenodo_4628934_poultry_fecal/content (2)/imgSegmentation/ncd/ncd.71.json,ncd.71.jpg,newcastle,2,train,1
../../Data/downloads/zenodo_4628934_poultry_fecal/content (2)/imgSegmentation/ncd/ncd.72.json,ncd.72.jpg,newcastle,2,test,1
../../Data/downloads/zenodo_4628934_poultry_fecal/content (2)/imgSegmentation/ncd/ncd.73.json,ncd.73.jpg,newcastle,2,val,1
../../Data/downloads/zenodo_4628934_poultry_fecal/content (2)/imgSegmentation/ncd/ncd.74.json,ncd.74.jpg,newcastle,2,train,1
../../Data/downloads/zenodo_4628934_poultry_fecal/content (2)/imgSegmentation/ncd/ncd.75.json,ncd.75.jpg,newcastle,2,train,1
../../Data/downloads/zenodo_4628934_poultry_fecal/content (2)/imgSegmentation/ncd/ncd.76.json,ncd.76.jpg,newcastle,2,test,1
../../Data/downloads/zenodo_4628934_poultry_fecal/content (2)/imgSegmentation/ncd/ncd.77.json,ncd.77.jpg,newcastle,2,train,1
../../Data/downloads/zenodo_4628934_poultry_fecal/content (2)/imgSegmentation/ncd/ncd.78.json,ncd.78.jpg,newcastle,2,train,1
../../Data/downloads/zenodo_4628934_poultry_fecal/content (2)/imgSegmentation/ncd/ncd.79.json,ncd.79.jpg,newcastle,2,train,1
../../Data/downloads/zenodo_4628934_poultry_fecal/content (2)/imgSegmentation/ncd/ncd.8.json,ncd.8.jpg,newcastle,2,val,1
../../Data/downloads/zenodo_4628934_poultry_fecal/content (2)/imgSegmentation/ncd/ncd.80.json,ncd.80.jpg,newcastle,2,test,1
../../Data/downloads/zenodo_4628934_poultry_fecal/content (2)/imgSegmentation/ncd/ncd.81.json,ncd.81.jpg,newcastle,2,train,1
../../Data/downloads/zenodo_4628934_poultry_fecal/content (2)/imgSegmentation/ncd/ncd.82.json,ncd.82.jpg,newcastle,2,train,1
../../Data/downloads/zenodo_4628934_poultry_fecal/content (2)/imgSegmentation/ncd/ncd.83.json,ncd.83.jpg,newcastle,2,val,1
../../Data/downloads/zenodo_4628934_poultry_fecal/content (2)/imgSegmentation/ncd/ncd.84.json,ncd.84.jpg,newcastle,2,train,1
../../Data/downloads/zenodo_4628934_poultry_fecal/content (2)/imgSegmentation/ncd/ncd.85.json,ncd.85.jpg,newcastle,2,test,1
../../Data/downloads/zenodo_4628934_poultry_fecal/content (2)/imgSegmentation/ncd/ncd.86.json,ncd.86.jpg,newcastle,2,train,1
../../Data/downloads/zenodo_4628934_poultry_fecal/content (2)/imgSegmentation/ncd/ncd.87.json,ncd.87.jpg,newcastle,2,train,1
../../Data/downloads/zenodo_4628934_poultry_fecal/content (2)/imgSegmentation/ncd/ncd.88.json,ncd.88.jpg,newcastle,2,train,1
../../Data/downloads/zenodo_4628934_poultry_fecal/content (2)/imgSegmentation/ncd/ncd.89.json,ncd.89.jpg,newcastle,2,train,1
../../Data/downloads/zenodo_4628934_poultry_fecal/content (2)/imgSegmentation/ncd/ncd.9.json,ncd.9.jpg,newcastle,2,train,1
../../Data/downloads/zenodo_4628934_poultry_fecal/content (2)/imgSegmentation/ncd/ncd.90.json,ncd.90.jpg,newcastle,2,test,1
../../Data/downloads/zenodo_4628934_poultry_fecal/content (2)/imgSegmentation/ncd/ncd.91.json,ncd.91.jpg,newcastle,2,train,1
../../Data/downloads/zenodo_4628934_poultry_fecal/content (2)/imgSegmentation/ncd/ncd.92.json,ncd.92.jpg,newcastle,2,train,1
../../Data/downloads/zenodo_4628934_poultry_fecal/content (2)/imgSegmentation/ncd/ncd.93.json,ncd.93.jpg,newcastle,2,train,1
../../Data/downloads/zenodo_4628934_poultry_fecal/content (2)/imgSegmentation/ncd/ncd.94.json,ncd.94.jpg,newcastle,2,train,1
../../Data/downloads/zenodo_4628934_poultry_fecal/content (2)/imgSegmentation/ncd/ncd.95.json,ncd.95.jpg,newcastle,2,train,1
../../Data/downloads/zenodo_4628934_poultry_fecal/content (2)/imgSegmentation/ncd/ncd.96.json,ncd.96.jpg,newcastle,2,train,1
../../Data/downloads/zenodo_4628934_poultry_fecal/content (2)/imgSegmentation/ncd/ncd.97.json,ncd.97.jpg,newcastle,2,train,1
../../Data/downloads/zenodo_4628934_poultry_fecal/content (2)/imgSegmentation/ncd/ncd.98.json,ncd.98.jpg,newcastle,2,train,1
../../Data/downloads/zenodo_4628934_poultry_fecal/content (2)/imgSegmentation/ncd/ncd.99.json,ncd.99.jpg,newcastle,2,train,1
../../Data/downloads/zenodo_4628934_poultry_fecal/content (2)/imgSegmentation/salmo/salmo.0.json,salmo.0.jpg,salmonella,3,train,1
../../Data/downloads/zenodo_4628934_poultry_fecal/content (2)/imgSegmentation/salmo/salmo.1.json,salmo.1.jpg,salmonella,3,train,1
../../Data/downloads/zenodo_4628934_poultry_fecal/content (2)/imgSegmentation/salmo/salmo.10.json,salmo.10.jpg,salmonella,3,train,1
../../Data/downloads/zenodo_4628934_poultry_fecal/content (2)/imgSegmentation/salmo/salmo.100.json,salmo.100.jpg,salmonella,3,train,1
../../Data/downloads/zenodo_4628934_poultry_fecal/content (2)/imgSegmentation/salmo/salmo.1000.json,salmo.1000.jpg,salmonella,3,train,1
../../Data/downloads/zenodo_4628934_poultry_fecal/content (2)/imgSegmentation/salmo/salmo.1001.json,salmo.1001.jpg,salmonella,3,train,1
../../Data/downloads/zenodo_4628934_poultry_fecal/content (2)/imgSegmentation/salmo/salmo.1002.json,salmo.1002.jpg,salmonella,3,train,1
../../Data/downloads/zenodo_4628934_poultry_fecal/content (2)/imgSegmentation/salmo/salmo.1003.json,salmo.1003.jpg,salmonella,3,train,1
../../Data/downloads/zenodo_4628934_poultry_fecal/content (2)/imgSegmentation/salmo/salmo.1004.json,salmo.1004.jpg,salmonella,3,train,1
../../Data/downloads/zenodo_4628934_poultry_fecal/content (2)/imgSegmentation/salmo/salmo.1005.json,salmo.1005.jpg,salmonella,3,train,1
../../Data/downloads/zenodo_4628934_poultry_fecal/content (2)/imgSegmentation/salmo/salmo.1006.json,salmo.1006.jpg,salmonella,3,val,1
../../Data/downloads/zenodo_4628934_poultry_fecal/content (2)/imgSegmentation/salmo/salmo.1007.json,salmo.1007.jpg,salmonella,3,train,1
../../Data/downloads/zenodo_4628934_poultry_fecal/content (2)/imgSegmentation/salmo/salmo.1008.json,salmo.1008.jpg,salmonella,3,train,1
../../Data/downloads/zenodo_4628934_poultry_fecal/content (2)/imgSegmentation/salmo/salmo.1009.json,salmo.1009.jpg,salmonella,3,train,1
../../Data/downloads/zenodo_4628934_poultry_fecal/content (2)/imgSegmentation/salmo/salmo.101.json,salmo.101.jpg,salmonella,3,test,1
../../Data/downloads/zenodo_4628934_poultry_fecal/content (2)/imgSegmentation/salmo/salmo.1010.json,salmo.1010.jpg,salmonella,3,train,1
../../Data/downloads/zenodo_4628934_poultry_fecal/content (2)/imgSegmentation/salmo/salmo.1011.json,salmo.1011.jpg,salmonella,3,test,1
../../Data/downloads/zenodo_4628934_poultry_fecal/content (2)/imgSegmentation/salmo/salmo.1012.json,salmo.1012.jpg,salmonella,3,test,1
../../Data/downloads/zenodo_4628934_poultry_fecal/content (2)/imgSegmentation/salmo/salmo.1013.json,salmo.1013.jpg,salmonella,3,train,1
../../Data/downloads/zenodo_4628934_poultry_fecal/content (2)/imgSegmentation/salmo/salmo.1014.json,salmo.1014.jpg,salmonella,3,train,1
../../Data/downloads/zenodo_4628934_poultry_fecal/content (2)/imgSegmentation/salmo/salmo.1015.json,salmo.1015.jpg,salmonella,3,train,1
../../Data/downloads/zenodo_4628934_poultry_fecal/content (2)/imgSegmentation/salmo/salmo.1016.json,salmo.1016.jpg,salmonella,3,train,1
../../Data/downloads/zenodo_4628934_poultry_fecal/content (2)/imgSegmentation/salmo/salmo.1017.json,salmo.1017.jpg,salmonella,3,train,1
../../Data/downloads/zenodo_4628934_poultry_fecal/content (2)/imgSegmentation/salmo/salmo.1018.json,salmo.1018.jpg,salmonella,3,train,1
../../Data/downloads/zenodo_4628934_poultry_fecal/content (2)/imgSegmentation/salmo/salmo.1019.json,salmo.1019.jpg,salmonella,3,val,1
../../Data/downloads/zenodo_4628934_poultry_fecal/content (2)/imgSegmentation/salmo/salmo.102.json,salmo.102.jpg,salmonella,3,val,1
../../Data/downloads/zenodo_4628934_poultry_fecal/content (2)/imgSegmentation/salmo/salmo.1020.json,salmo.1020.jpg,salmonella,3,val,1
../../Data/downloads/zenodo_4628934_poultry_fecal/content (2)/imgSegmentation/salmo/salmo.1021.json,salmo.1021.jpg,salmonella,3,train,1
../../Data/downloads/zenodo_4628934_poultry_fecal/content (2)/imgSegmentation/salmo/salmo.1022.json,salmo.1022.jpg,salmonella,3,train,1
../../Data/downloads/zenodo_4628934_poultry_fecal/content (2)/imgSegmentation/salmo/salmo.1023.json,salmo.1023.jpg,salmonella,3,train,1
../../Data/downloads/zenodo_4628934_poultry_fecal/content (2)/imgSegmentation/salmo/salmo.1024.json,salmo.1024.jpg,salmonella,3,train,1
../../Data/downloads/zenodo_4628934_poultry_fecal/content (2)/imgSegmentation/salmo/salmo.1025.json,salmo.1025.jpg,salmonella,3,test,1
../../Data/downloads/zenodo_4628934_poultry_fecal/content (2)/imgSegmentation/salmo/salmo.1026.json,salmo.1026.jpg,salmonella,3,train,1
../../Data/downloads/zenodo_4628934_poultry_fecal/content (2)/imgSegmentation/salmo/salmo.1027.json,salmo.1027.jpg,salmonella,3,test,1
../../Data/downloads/zenodo_4628934_poultry_fecal/content (2)/imgSegmentation/salmo/salmo.1028.json,salmo.1028.jpg,salmonella,3,train,1
../../Data/downloads/zenodo_4628934_poultry_fecal/content (2)/imgSegmentation/salmo/salmo.1029.json,salmo.1029.jpg,salmonella,3,train,1
../../Data/downloads/zenodo_4628934_poultry_fecal/content (2)/imgSegmentation/salmo/salmo.103.json,salmo.103.jpg,salmonella,3,test,1
../../Data/downloads/zenodo_4628934_poultry_fecal/content (2)/imgSegmentation/salmo/salmo.1030.json,salmo.1030.jpg,salmonella,3,test,1
../../Data/downloads/zenodo_4628934_poultry_fecal/content (2)/imgSegmentation/salmo/salmo.1031.json,salmo.1031.jpg,salmonella,3,train,1
../../Data/downloads/zenodo_4628934_poultry_fecal/content (2)/imgSegmentation/salmo/salmo.1032.json,salmo.1032.jpg,salmonella,3,val,1
../../Data/downloads/zenodo_4628934_poultry_fecal/content (2)/imgSegmentation/salmo/salmo.1033.json,salmo.1033.jpg,salmonella,3,train,1
../../Data/downloads/zenodo_4628934_poultry_fecal/content (2)/imgSegmentation/salmo/salmo.1034.json,salmo.1034.jpg,salmonella,3,train,1
../../Data/downloads/zenodo_4628934_poultry_fecal/content (2)/imgSegmentation/salmo/salmo.1035.json,salmo.1035.jpg,salmonella,3,train,1
../../Data/downloads/zenodo_4628934_poultry_fecal/content (2)/imgSegmentation/salmo/salmo.1036.json,salmo.1036.jpg,salmonella,3,train,1
../../Data/downloads/zenodo_4628934_poultry_fecal/content (2)/imgSegmentation/salmo/salmo.1037.json,salmo.1037.jpg,salmonella,3,train,1
../../Data/downloads/zenodo_4628934_poultry_fecal/content (2)/imgSegmentation/salmo/salmo.1038.json,salmo.1038.jpg,salmonella,3,train,1
../../Data/downloads/zenodo_4628934_poultry_fecal/content (2)/imgSegmentation/salmo/salmo.1039.json,salmo.1039.jpg,salmonella,3,train,1
../../Data/downloads/zenodo_4628934_poultry_fecal/content (2)/imgSegmentation/salmo/salmo.104.json,salmo.104.jpg,salmonella,3,train,1
../../Data/downloads/zenodo_4628934_poultry_fecal/content (2)/imgSegmentation/salmo/salmo.1040.json,salmo.1040.jpg,salmonella,3,train,1
../../Data/downloads/zenodo_4628934_poultry_fecal/content (2)/imgSegmentation/salmo/salmo.1041.json,salmo.1041.jpg,salmonella,3,train,1
../../Data/downloads/zenodo_4628934_poultry_fecal/content (2)/imgSegmentation/salmo/salmo.1042.json,salmo.1042.jpg,salmonella,3,train,1
../../Data/downloads/zenodo_4628934_poultry_fecal/content (2)/imgSegmentation/salmo/salmo.1043.json,salmo.1043.jpg,salmonella,3,train,1
../../Data/downloads/zenodo_4628934_poultry_fecal/content (2)/imgSegmentation/salmo/salmo.1044.json,salmo.1044.jpg,salmonella,3,train,1
../../Data/downloads/zenodo_4628934_poultry_fecal/content (2)/imgSegmentation/salmo/salmo.1045.json,salmo.1045.jpg,salmonella,3,val,1
../../Data/downloads/zenodo_4628934_poultry_fecal/content (2)/imgSegmentation/salmo/salmo.1046.json,salmo.1046.jpg,salmonella,3,test,1
../../Data/downloads/zenodo_4628934_poultry_fecal/content (2)/imgSegmentation/salmo/salmo.1047.json,salmo.1047.jpg,salmonella,3,train,1
../../Data/downloads/zenodo_4628934_poultry_fecal/content (2)/imgSegmentation/salmo/salmo.1048.json,salmo.1048.jpg,salmonella,3,val,1
../../Data/downloads/zenodo_4628934_poultry_fecal/content (2)/imgSegmentation/salmo/salmo.1049.json,salmo.1049.jpg,salmonella,3,train,1
../../Data/downloads/zenodo_4628934_poultry_fecal/content (2)/imgSegmentation/salmo/salmo.105.json,salmo.105.jpg,salmonella,3,train,1
../../Data/downloads/zenodo_4628934_poultry_fecal/content (2)/imgSegmentation/salmo/salmo.1050.json,salmo.1050.jpg,salmonella,3,train,1
../../Data/downloads/zenodo_4628934_poultry_fecal/content (2)/imgSegmentation/salmo/salmo.1051.json,salmo.1051.jpg,salmonella,3,train,1
../../Data/downloads/zenodo_4628934_poultry_fecal/content (2)/imgSegmentation/salmo/salmo.1052.json,salmo.1052.jpg,salmonella,3,train,1
../../Data/downloads/zenodo_4628934_poultry_fecal/content (2)/imgSegmentation/salmo/salmo.1053.json,salmo.1053.jpg,salmonella,3,train,1
../../Data/downloads/zenodo_4628934_poultry_fecal/content (2)/imgSegmentation/salmo/salmo.1054.json,salmo.1054.jpg,salmonella,3,val,1
../../Data/downloads/zenodo_4628934_poultry_fecal/content (2)/imgSegmentation/salmo/salmo.1055.json,salmo.1055.jpg,salmonella,3,val,1
../../Data/downloads/zenodo_4628934_poultry_fecal/content (2)/imgSegmentation/salmo/salmo.1056.json,salmo.1056.jpg,salmonella,3,test,1
../../Data/downloads/zenodo_4628934_poultry_fecal/content (2)/imgSegmentation/salmo/salmo.1057.json,salmo.1057.jpg,salmonella,3,train,1
../../Data/downloads/zenodo_4628934_poultry_fecal/content (2)/imgSegmentation/salmo/salmo.1058.json,salmo.1058.jpg,salmonella,3,train,1
../../Data/downloads/zenodo_4628934_poultry_fecal/content (2)/imgSegmentation/salmo/salmo.1059.json,salmo.1059.jpg,salmonella,3,test,1
../../Data/downloads/zenodo_4628934_poultry_fecal/content (2)/imgSegmentation/salmo/salmo.106.json,salmo.106.jpg,salmonella,3,train,1
../../Data/downloads/zenodo_4628934_poultry_fecal/content (2)/imgSegmentation/salmo/salmo.1060.json,salmo.1060.jpg,salmonella,3,train,1
../../Data/downloads/zenodo_4628934_poultry_fecal/content (2)/imgSegmentation/salmo/salmo.1061.json,salmo.1061.jpg,salmonella,3,train,1
../../Data/downloads/zenodo_4628934_poultry_fecal/content (2)/imgSegmentation/salmo/salmo.1062.json,salmo.1062.jpg,salmonella,3,train,1
../../Data/downloads/zenodo_4628934_poultry_fecal/content (2)/imgSegmentation/salmo/salmo.1063.json,salmo.1063.jpg,salmonella,3,val,1
../../Data/downloads/zenodo_4628934_poultry_fecal/content (2)/imgSegmentation/salmo/salmo.1064.json,salmo.1064.jpg,salmonella,3,test,1
../../Data/downloads/zenodo_4628934_poultry_fecal/content (2)/imgSegmentation/salmo/salmo.1065.json,salmo.1065.jpg,salmonella,3,test,1
../../Data/downloads/zenodo_4628934_poultry_fecal/content (2)/imgSegmentation/salmo/salmo.1066.json,salmo.1066.jpg,salmonella,3,test,1
../../Data/downloads/zenodo_4628934_poultry_fecal/content (2)/imgSegmentation/salmo/salmo.1067.json,salmo.1067.jpg,salmonella,3,train,1
../../Data/downloads/zenodo_4628934_poultry_fecal/content (2)/imgSegmentation/salmo/salmo.1068.json,salmo.1068.jpg,salmonella,3,test,1
../../Data/downloads/zenodo_4628934_poultry_fecal/content (2)/imgSegmentation/salmo/salmo.1069.json,salmo.1069.jpg,salmonella,3,train,1
../../Data/downloads/zenodo_4628934_poultry_fecal/content (2)/imgSegmentation/salmo/salmo.107.json,salmo.107.jpg,salmonella,3,train,1
../../Data/downloads/zenodo_4628934_poultry_fecal/content (2)/imgSegmentation/salmo/salmo.1070.json,salmo.1070.jpg,salmonella,3,val,1
../../Data/downloads/zenodo_4628934_poultry_fecal/content (2)/imgSegmentation/salmo/salmo.1071.json,salmo.1071.jpg,salmonella,3,train,1
../../Data/downloads/zenodo_4628934_poultry_fecal/content (2)/imgSegmentation/salmo/salmo.1072.json,salmo.1072.jpg,salmonella,3,train,1
../../Data/downloads/zenodo_4628934_poultry_fecal/content (2)/imgSegmentation/salmo/salmo.1073.json,salmo.1073.jpg,salmonella,3,test,1
../../Data/downloads/zenodo_4628934_poultry_fecal/content (2)/imgSegmentation/salmo/salmo.1074.json,salmo.1074.jpg,salmonella,3,train,1
../../Data/downloads/zenodo_4628934_poultry_fecal/content (2)/imgSegmentation/salmo/salmo.1075.json,salmo.1075.jpg,salmonella,3,train,1
../../Data/downloads/zenodo_4628934_poultry_fecal/content (2)/imgSegmentation/salmo/salmo.1076.json,salmo.1076.jpg,salmonella,3,test,1
../../Data/downloads/zenodo_4628934_poultry_fecal/content (2)/imgSegmentation/salmo/salmo.1077.json,salmo.1077.jpg,salmonella,3,train,1
../../Data/downloads/zenodo_4628934_poultry_fecal/content (2)/imgSegmentation/salmo/salmo.1078.json,salmo.1078.jpg,salmonella,3,val,1
../../Data/downloads/zenodo_4628934_poultry_fecal/content (2)/imgSegmentation/salmo/salmo.1079.json,salmo.1079.jpg,salmonella,3,test,1
../../Data/downloads/zenodo_4628934_poultry_fecal/content (2)/imgSegmentation/salmo/salmo.108.json,salmo.108.jpg,salmonella,3,train,1
../../Data/downloads/zenodo_4628934_poultry_fecal/content (2)/imgSegmentation/salmo/salmo.1080.json,salmo.1080.jpg,salmonella,3,train,1
../../Data/downloads/zenodo_4628934_poultry_fecal/content (2)/imgSegmentation/salmo/salmo.1081.json,salmo.1081.jpg,salmonella,3,train,1
../../Data/downloads/zenodo_4628934_poultry_fecal/content (2)/imgSegmentation/salmo/salmo.1082.json,salmo.1082.jpg,salmonella,3,train,1
../../Data/downloads/zenodo_4628934_poultry_fecal/content (2)/imgSegmentation/salmo/salmo.1083.json,salmo.1083.jpg,salmonella,3,val,1
../../Data/downloads/zenodo_4628934_poultry_fecal/content (2)/imgSegmentation/salmo/salmo.1084.json,salmo.1084.jpg,salmonella,3,test,1
../../Data/downloads/zenodo_4628934_poultry_fecal/content (2)/imgSegmentation/salmo/salmo.1085.json,salmo.1085.jpg,salmonella,3,test,1
../../Data/downloads/zenodo_4628934_poultry_fecal/content (2)/imgSegmentation/salmo/salmo.1086.json,salmo.1086.jpg,salmonella,3,test,1
../../Data/downloads/zenodo_4628934_poultry_fecal/content (2)/imgSegmentation/salmo/salmo.1087.json,salmo.1087.jpg,salmonella,3,val,1
../../Data/downloads/zenodo_4628934_poultry_fecal/content (2)/imgSegmentation/salmo/salmo.1088.json,salmo.1088.jpg,salmonella,3,train,1
../../Data/downloads/zenodo_4628934_poultry_fecal/content (2)/imgSegmentation/salmo/salmo.1089.json,salmo.1089.jpg,salmonella,3,train,1
../../Data/downloads/zenodo_4628934_poultry_fecal/content (2)/imgSegmentation/salmo/salmo.109.json,salmo.109.jpg,salmonella,3,val,1
../../Data/downloads/zenodo_4628934_poultry_fecal/content (2)/imgSegmentation/salmo/salmo.1090.json,salmo.1090.jpg,salmonella,3,train,1
../../Data/downloads/zenodo_4628934_poultry_fecal/content (2)/imgSegmentation/salmo/salmo.1091.json,salmo.1091.jpg,salmonella,3,val,1
../../Data/downloads/zenodo_4628934_poultry_fecal/content (2)/imgSegmentation/salmo/salmo.1092.json,salmo.1092.jpg,salmonella,3,train,1
../../Data/downloads/zenodo_4628934_poultry_fecal/content (2)/imgSegmentation/salmo/salmo.1093.json,salmo.1093.jpg,salmonella,3,train,1
../../Data/downloads/zenodo_4628934_poultry_fecal/content (2)/imgSegmentation/salmo/salmo.1094.json,salmo.1094.jpg,salmonella,3,train,1
../../Data/downloads/zenodo_4628934_poultry_fecal/content (2)/imgSegmentation/salmo/salmo.1095.json,salmo.1095.jpg,salmonella,3,test,1
../../Data/downloads/zenodo_4628934_poultry_fecal/content (2)/imgSegmentation/salmo/salmo.1096.json,salmo.1096.jpg,salmonella,3,train,1
../../Data/downloads/zenodo_4628934_poultry_fecal/content (2)/imgSegmentation/salmo/salmo.1097.json,salmo.1097.jpg,salmonella,3,train,1
../../Data/downloads/zenodo_4628934_poultry_fecal/content (2)/imgSegmentation/salmo/salmo.1098.json,salmo.1098.jpg,salmonella,3,test,1
../../Data/downloads/zenodo_4628934_poultry_fecal/content (2)/imgSegmentation/salmo/salmo.1099.json,salmo.1099.jpg,salmonella,3,train,1
../../Data/downloads/zenodo_4628934_poultry_fecal/content (2)/imgSegmentation/salmo/salmo.11.json,salmo.11.jpg,salmonella,3,train,1
../../Data/downloads/zenodo_4628934_poultry_fecal/content (2)/imgSegmentation/salmo/salmo.110.json,salmo.110.jpg,salmonella,3,test,1
../../Data/downloads/zenodo_4628934_poultry_fecal/content (2)/imgSegmentation/salmo/salmo.1100.json,salmo.1100.jpg,salmonella,3,train,1
../../Data/downloads/zenodo_4628934_poultry_fecal/content (2)/imgSegmentation/salmo/salmo.1101.json,salmo.1101.jpg,salmonella,3,train,1
../../Data/downloads/zenodo_4628934_poultry_fecal/content (2)/imgSegmentation/salmo/salmo.1102.json,salmo.1102.jpg,salmonella,3,train,1
../../Data/downloads/zenodo_4628934_poultry_fecal/content (2)/imgSegmentation/salmo/salmo.1103.json,salmo.1103.jpg,salmonella,3,train,1
../../Data/downloads/zenodo_4628934_poultry_fecal/content (2)/imgSegmentation/salmo/salmo.1104.json,salmo.1104.jpg,salmonella,3,train,1
../../Data/downloads/zenodo_4628934_poultry_fecal/content (2)/imgSegmentation/salmo/salmo.1105.json,salmo.1105.jpg,salmonella,3,train,1
../../Data/downloads/zenodo_4628934_poultry_fecal/content (2)/imgSegmentation/salmo/salmo.1106.json,salmo.1106.jpg,salmonella,3,train,1
../../Data/downloads/zenodo_4628934_poultry_fecal/content (2)/imgSegmentation/salmo/salmo.1107.json,salmo.1107.jpg,salmonella,3,test,1
../../Data/downloads/zenodo_4628934_poultry_fecal/content (2)/imgSegmentation/salmo/salmo.1108.json,salmo.1108.jpg,salmonella,3,train,1
../../Data/downloads/zenodo_4628934_poultry_fecal/content (2)/imgSegmentation/salmo/salmo.1109.json,salmo.1109.jpg,salmonella,3,train,1
../../Data/downloads/zenodo_4628934_poultry_fecal/content (2)/imgSegmentation/salmo/salmo.111.json,salmo.111.jpg,salmonella,3,train,1
../../Data/downloads/zenodo_4628934_poultry_fecal/content (2)/imgSegmentation/salmo/salmo.1110.json,salmo.1110.jpg,salmonella,3,train,1
../../Data/downloads/zenodo_4628934_poultry_fecal/content (2)/imgSegmentation/salmo/salmo.1111.json,salmo.1111.jpg,salmonella,3,train,1
../../Data/downloads/zenodo_4628934_poultry_fecal/content (2)/imgSegmentation/salmo/salmo.1112.json,salmo.1112.jpg,salmonella,3,train,1
../../Data/downloads/zenodo_4628934_poultry_fecal/content (2)/imgSegmentation/salmo/salmo.1113.json,salmo.1113.jpg,salmonella,3,train,1
../../Data/downloads/zenodo_4628934_poultry_fecal/content (2)/imgSegmentation/salmo/salmo.1114.json,salmo.1114.jpg,salmonella,3,train,1
../../Data/downloads/zenodo_4628934_poultry_fecal/content (2)/imgSegmentation/salmo/salmo.1115.json,salmo.1115.jpg,salmonella,3,train,1
../../Data/downloads/zenodo_4628934_poultry_fecal/content (2)/imgSegmentation/salmo/salmo.1116.json,salmo.1116.jpg,salmonella,3,train,1
../../Data/downloads/zenodo_4628934_poultry_fecal/content (2)/imgSegmentation/salmo/salmo.1117.json,salmo.1117.jpg,salmonella,3,train,1
../../Data/downloads/zenodo_4628934_poultry_fecal/content (2)/imgSegmentation/salmo/salmo.1118.json,salmo.1118.jpg,salmonella,3,val,1
../../Data/downloads/zenodo_4628934_poultry_fecal/content (2)/imgSegmentation/salmo/salmo.1119.json,salmo.1119.jpg,salmonella,3,train,1
../../Data/downloads/zenodo_4628934_poultry_fecal/content (2)/imgSegmentation/salmo/salmo.112.json,salmo.112.jpg,salmonella,3,train,1
../../Data/downloads/zenodo_4628934_poultry_fecal/content (2)/imgSegmentation/salmo/salmo.1120.json,salmo.1120.jpg,salmonella,3,val,1
../../Data/downloads/zenodo_4628934_poultry_fecal/content (2)/imgSegmentation/salmo/salmo.1121.json,salmo.1121.jpg,salmonella,3,val,1
../../Data/downloads/zenodo_4628934_poultry_fecal/content (2)/imgSegmentation/salmo/salmo.1122.json,salmo.1122.jpg,salmonella,3,train,1
../../Data/downloads/zenodo_4628934_poultry_fecal/content (2)/imgSegmentation/salmo/salmo.1123.json,salmo.1123.jpg,salmonella,3,train,1
../../Data/downloads/zenodo_4628934_poultry_fecal/content (2)/imgSegmentation/salmo/salmo.1124.json,salmo.1124.jpg,salmonella,3,train,1
../../Data/downloads/zenodo_4628934_poultry_fecal/content (2)/imgSegmentation/salmo/salmo.1125.json,salmo.1125.jpg,salmonella,3,val,1
../../Data/downloads/zenodo_4628934_poultry_fecal/content (2)/imgSegmentation/salmo/salmo.1126.json,salmo.1126.jpg,salmonella,3,train,1
../../Data/downloads/zenodo_4628934_poultry_fecal/content (2)/imgSegmentation/salmo/salmo.1127.json,salmo.1127.jpg,salmonella,3,train,1
../../Data/downloads/zenodo_4628934_poultry_fecal/content (2)/imgSegmentation/salmo/salmo.1128.json,salmo.1128.jpg,salmonella,3,train,1
../../Data/downloads/zenodo_4628934_poultry_fecal/content (2)/imgSegmentation/salmo/salmo.1129.json,salmo.1129.jpg,salmonella,3,train,1
../../Data/downloads/zenodo_4628934_poultry_fecal/content (2)/imgSegmentation/salmo/salmo.113.json,salmo.113.jpg,salmonella,3,train,1
../../Data/downloads/zenodo_4628934_poultry_fecal/content (2)/imgSegmentation/salmo/salmo.1130.json,salmo.1130.jpg,salmonella,3,train,1
../../Data/downloads/zenodo_4628934_poultry_fecal/content (2)/imgSegmentation/salmo/salmo.1131.json,salmo.1131.jpg,salmonella,3,train,1
../../Data/downloads/zenodo_4628934_poultry_fecal/content (2)/imgSegmentation/salmo/salmo.1132.json,salmo.1132.jpg,salmonella,3,train,1
../../Data/downloads/zenodo_4628934_poultry_fecal/content (2)/imgSegmentation/salmo/salmo.1133.json,salmo.1133.jpg,salmonella,3,train,1
../../Data/downloads/zenodo_4628934_poultry_fecal/content (2)/imgSegmentation/salmo/salmo.1134.json,salmo.1134.jpg,salmonella,3,train,1
../../Data/downloads/zenodo_4628934_poultry_fecal/content (2)/imgSegmentation/salmo/salmo.1135.json,salmo.1135.jpg,salmonella,3,train,1
../../Data/downloads/zenodo_4628934_poultry_fecal/content (2)/imgSegmentation/salmo/salmo.1136.json,salmo.1136.jpg,salmonella,3,train,1
../../Data/downloads/zenodo_4628934_poultry_fecal/content (2)/imgSegmentation/salmo/salmo.1137.json,salmo.1137.jpg,salmonella,3,train,1
../../Data/downloads/zenodo_4628934_poultry_fecal/content (2)/imgSegmentation/salmo/salmo.1138.json,salmo.1138.jpg,salmonella,3,test,1
../../Data/downloads/zenodo_4628934_poultry_fecal/content (2)/imgSegmentation/salmo/salmo.1139.json,salmo.1139.jpg,salmonella,3,test,1
../../Data/downloads/zenodo_4628934_poultry_fecal/content (2)/imgSegmentation/salmo/salmo.114.json,salmo.114.jpg,salmonella,3,val,1
../../Data/downloads/zenodo_4628934_poultry_fecal/content (2)/imgSegmentation/salmo/salmo.1140.json,salmo.1140.jpg,salmonella,3,val,1
../../Data/downloads/zenodo_4628934_poultry_fecal/content (2)/imgSegmentation/salmo/salmo.1141.json,salmo.1141.jpg,salmonella,3,train,1
../../Data/downloads/zenodo_4628934_poultry_fecal/content (2)/imgSegmentation/salmo/salmo.1142.json,salmo.1142.jpg,salmonella,3,train,1
../../Data/downloads/zenodo_4628934_poultry_fecal/content (2)/imgSegmentation/salmo/salmo.1143.json,salmo.1143.jpg,salmonella,3,train,1
../../Data/downloads/zenodo_4628934_poultry_fecal/content (2)/imgSegmentation/salmo/salmo.1144.json,salmo.1144.jpg,salmonella,3,train,1
../../Data/downloads/zenodo_4628934_poultry_fecal/content (2)/imgSegmentation/salmo/salmo.1145.json,salmo.1145.jpg,salmonella,3,train,1
../../Data/downloads/zenodo_4628934_poultry_fecal/content (2)/imgSegmentation/salmo/salmo.1146.json,salmo.1146.jpg,salmonella,3,test,1
../../Data/downloads/zenodo_4628934_poultry_fecal/content (2)/imgSegmentation/salmo/salmo.1147.json,salmo.1147.jpg,salmonella,3,train,1
../../Data/downloads/zenodo_4628934_poultry_fecal/content (2)/imgSegmentation/salmo/salmo.1148.json,salmo.1148.jpg,salmonella,3,train,1
../../Data/downloads/zenodo_4628934_poultry_fecal/content (2)/imgSegmentation/salmo/salmo.1149.json,salmo.1149.jpg,salmonella,3,train,1
../../Data/downloads/zenodo_4628934_poultry_fecal/content (2)/imgSegmentation/salmo/salmo.115.json,salmo.115.jpg,salmonella,3,val,1
../../Data/downloads/zenodo_4628934_poultry_fecal/content (2)/imgSegmentation/salmo/salmo.1150.json,salmo.1150.jpg,salmonella,3,train,1
../../Data/downloads/zenodo_4628934_poultry_fecal/content (2)/imgSegmentation/salmo/salmo.1151.json,salmo.1151.jpg,salmonella,3,train,1
../../Data/downloads/zenodo_4628934_poultry_fecal/content (2)/imgSegmentation/salmo/salmo.1152.json,salmo.1152.jpg,salmonella,3,val,1
../../Data/downloads/zenodo_4628934_poultry_fecal/content (2)/imgSegmentation/salmo/salmo.1153.json,salmo.1153.jpg,salmonella,3,train,1
../../Data/downloads/zenodo_4628934_poultry_fecal/content (2)/imgSegmentation/salmo/salmo.1154.json,salmo.1154.jpg,salmonella,3,train,1
../../Data/downloads/zenodo_4628934_poultry_fecal/content (2)/imgSegmentation/salmo/salmo.1155.json,salmo.1155.jpg,salmonella,3,train,1
../../Data/downloads/zenodo_4628934_poultry_fecal/content (2)/imgSegmentation/salmo/salmo.1156.json,salmo.1156.jpg,salmonella,3,train,1
../../Data/downloads/zenodo_4628934_poultry_fecal/content (2)/imgSegmentation/salmo/salmo.1157.json,salmo.1157.jpg,salmonella,3,test,1
../../Data/downloads/zenodo_4628934_poultry_fecal/content (2)/imgSegmentation/salmo/salmo.1158.json,salmo.1158.jpg,salmonella,3,train,1
../../Data/downloads/zenodo_4628934_poultry_fecal/content (2)/imgSegmentation/salmo/salmo.1159.json,salmo.1159.jpg,salmonella,3,test,1
../../Data/downloads/zenodo_4628934_poultry_fecal/content (2)/imgSegmentation/salmo/salmo.116.json,salmo.116.jpg,salmonella,3,val,1
../../Data/downloads/zenodo_4628934_poultry_fecal/content (2)/imgSegmentation/salmo/salmo.1160.json,salmo.1160.jpg,salmonella,3,test,1
../../Data/downloads/zenodo_4628934_poultry_fecal/content (2)/imgSegmentation/salmo/salmo.1161.json,salmo.1161.jpg,salmonella,3,train,1
../../Data/downloads/zenodo_4628934_poultry_fecal/content (2)/imgSegmentation/salmo/salmo.1162.json,salmo.1162.jpg,salmonella,3,val,1
../../Data/downloads/zenodo_4628934_poultry_fecal/content (2)/imgSegmentation/salmo/salmo.1163.json,salmo.1163.jpg,salmonella,3,train,1
../../Data/downloads/zenodo_4628934_poultry_fecal/content (2)/imgSegmentation/salmo/salmo.1164.json,salmo.1164.jpg,salmonella,3,train,1
../../Data/downloads/zenodo_4628934_poultry_fecal/content (2)/imgSegmentation/salmo/salmo.1165.json,salmo.1165.jpg,salmonella,3,train,1
../../Data/downloads/zenodo_4628934_poultry_fecal/content (2)/imgSegmentation/salmo/salmo.1166.json,salmo.1166.jpg,salmonella,3,train,1
../../Data/downloads/zenodo_4628934_poultry_fecal/content (2)/imgSegmentation/salmo/salmo.1167.json,salmo.1167.jpg,salmonella,3,train,1
../../Data/downloads/zenodo_4628934_poultry_fecal/content (2)/imgSegmentation/salmo/salmo.1168.json,salmo.1168.jpg,salmonella,3,train,1
../../Data/downloads/zenodo_4628934_poultry_fecal/content (2)/imgSegmentation/salmo/salmo.1169.json,salmo.1169.jpg,salmonella,3,test,1
../../Data/downloads/zenodo_4628934_poultry_fecal/content (2)/imgSegmentation/salmo/salmo.117.json,salmo.117.jpg,salmonella,3,train,1
../../Data/downloads/zenodo_4628934_poultry_fecal/content (2)/imgSegmentation/salmo/salmo.1170.json,salmo.1170.jpg,salmonella,3,train,1
../../Data/downloads/zenodo_4628934_poultry_fecal/content (2)/imgSegmentation/salmo/salmo.1171.json,salmo.1171.jpg,salmonella,3,train,1
../../Data/downloads/zenodo_4628934_poultry_fecal/content (2)/imgSegmentation/salmo/salmo.1172.json,salmo.1172.jpg,salmonella,3,val,1
../../Data/downloads/zenodo_4628934_poultry_fecal/content (2)/imgSegmentation/salmo/salmo.1173.json,salmo.1173.jpg,salmonella,3,train,1
../../Data/downloads/zenodo_4628934_poultry_fecal/content (2)/imgSegmentation/salmo/salmo.1174.json,salmo.1174.jpg,salmonella,3,train,1
../../Data/downloads/zenodo_4628934_poultry_fecal/content (2)/imgSegmentation/salmo/salmo.1175.json,salmo.1175.jpg,salmonella,3,train,1
../../Data/downloads/zenodo_4628934_poultry_fecal/content (2)/imgSegmentation/salmo/salmo.1176.json,salmo.1176.jpg,salmonella,3,train,1
../../Data/downloads/zenodo_4628934_poultry_fecal/content (2)/imgSegmentation/salmo/salmo.1177.json,salmo.1177.jpg,salmonella,3,train,1
../../Data/downloads/zenodo_4628934_poultry_fecal/content (2)/imgSegmentation/salmo/salmo.1178.json,salmo.1178.jpg,salmonella,3,train,1
../../Data/downloads/zenodo_4628934_poultry_fecal/content (2)/imgSegmentation/salmo/salmo.1179.json,salmo.1179.jpg,salmonella,3,train,1
../../Data/downloads/zenodo_4628934_poultry_fecal/content (2)/imgSegmentation/salmo/salmo.118.json,salmo.118.jpg,salmonella,3,train,1
../../Data/downloads/zenodo_4628934_poultry_fecal/content (2)/imgSegmentation/salmo/salmo.1180.json,salmo.1180.jpg,salmonella,3,val,1
../../Data/downloads/zenodo_4628934_poultry_fecal/content (2)/imgSegmentation/salmo/salmo.1181.json,salmo.1181.jpg,salmonella,3,train,1
../../Data/downloads/zenodo_4628934_poultry_fecal/content (2)/imgSegmentation/salmo/salmo.1182.json,salmo.1182.jpg,salmonella,3,val,1
../../Data/downloads/zenodo_4628934_poultry_fecal/content (2)/imgSegmentation/salmo/salmo.1183.json,salmo.1183.jpg,salmonella,3,train,1
../../Data/downloads/zenodo_4628934_poultry_fecal/content (2)/imgSegmentation/salmo/salmo.1184.json,salmo.1184.jpg,salmonella,3,train,1
../../Data/downloads/zenodo_4628934_poultry_fecal/content (2)/imgSegmentation/salmo/salmo.1185.json,salmo.1185.jpg,salmonella,3,train,1
../../Data/downloads/zenodo_4628934_poultry_fecal/content (2)/imgSegmentation/salmo/salmo.1186.json,salmo.1186.jpg,salmonella,3,train,1
../../Data/downloads/zenodo_4628934_poultry_fecal/content (2)/imgSegmentation/salmo/salmo.1187.json,salmo.1187.jpg,salmonella,3,train,1
../../Data/downloads/zenodo_4628934_poultry_fecal/content (2)/imgSegmentation/salmo/salmo.1188.json,salmo.1188.jpg,salmonella,3,train,1
../../Data/downloads/zenodo_4628934_poultry_fecal/content (2)/imgSegmentation/salmo/salmo.1189.json,salmo.1189.jpg,salmonella,3,train,1
../../Data/downloads/zenodo_4628934_poultry_fecal/content (2)/imgSegmentation/salmo/salmo.119.json,salmo.119.jpg,salmonella,3,train,1
../../Data/downloads/zenodo_4628934_poultry_fecal/content (2)/imgSegmentation/salmo/salmo.1190.json,salmo.1190.jpg,salmonella,3,val,1
../../Data/downloads/zenodo_4628934_poultry_fecal/content (2)/imgSegmentation/salmo/salmo.1191.json,salmo.1191.jpg,salmonella,3,train,1
../../Data/downloads/zenodo_4628934_poultry_fecal/content (2)/imgSegmentation/salmo/salmo.1192.json,salmo.1192.jpg,salmonella,3,train,1
../../Data/downloads/zenodo_4628934_poultry_fecal/content (2)/imgSegmentation/salmo/salmo.1193.json,salmo.1193.jpg,salmonella,3,train,1
../../Data/downloads/zenodo_4628934_poultry_fecal/content (2)/imgSegmentation/salmo/salmo.1194.json,salmo.1194.jpg,salmonella,3,val,1
../../Data/downloads/zenodo_4628934_poultry_fecal/content (2)/imgSegmentation/salmo/salmo.1195.json,salmo.1195.jpg,salmonella,3,train,1
../../Data/downloads/zenodo_4628934_poultry_fecal/content (2)/imgSegmentation/salmo/salmo.1196.json,salmo.1196.jpg,salmonella,3,val,1
../../Data/downloads/zenodo_4628934_poultry_fecal/content (2)/imgSegmentation/salmo/salmo.1197.json,salmo.1197.jpg,salmonella,3,train,1
../../Data/downloads/zenodo_4628934_poultry_fecal/content (2)/imgSegmentation/salmo/salmo.1198.json,salmo.1198.jpg,salmonella,3,val,1
../../Data/downloads/zenodo_4628934_poultry_fecal/content (2)/imgSegmentation/salmo/salmo.1199.json,salmo.1199.jpg,salmonella,3,train,1
../../Data/downloads/zenodo_4628934_poultry_fecal/content (2)/imgSegmentation/salmo/salmo.12.json,salmo.12.jpg,salmonella,3,train,1
../../Data/downloads/zenodo_4628934_poultry_fecal/content (2)/imgSegmentation/salmo/salmo.120.json,salmo.120.jpg,salmonella,3,train,1
../../Data/downloads/zenodo_4628934_poultry_fecal/content (2)/imgSegmentation/salmo/salmo.1200.json,salmo.1200.jpg,salmonella,3,val,1
../../Data/downloads/zenodo_4628934_poultry_fecal/content (2)/imgSegmentation/salmo/salmo.1201.json,salmo.1201.jpg,salmonella,3,train,1
../../Data/downloads/zenodo_4628934_poultry_fecal/content (2)/imgSegmentation/salmo/salmo.1202.json,salmo.1202.jpg,salmonella,3,test,1
../../Data/downloads/zenodo_4628934_poultry_fecal/content (2)/imgSegmentation/salmo/salmo.1203.json,salmo.1203.jpg,salmonella,3,train,1
../../Data/downloads/zenodo_4628934_poultry_fecal/content (2)/imgSegmentation/salmo/salmo.1204.json,salmo.1204.jpg,salmonella,3,train,1
../../Data/downloads/zenodo_4628934_poultry_fecal/content (2)/imgSegmentation/salmo/salmo.1205.json,salmo.1205.jpg,salmonella,3,train,1
../../Data/downloads/zenodo_4628934_poultry_fecal/content (2)/imgSegmentation/salmo/salmo.1206.json,salmo.1206.jpg,salmonella,3,train,1
../../Data/downloads/zenodo_4628934_poultry_fecal/content (2)/imgSegmentation/salmo/salmo.1207.json,salmo.1207.jpg,salmonella,3,train,1
../../Data/downloads/zenodo_4628934_poultry_fecal/content (2)/imgSegmentation/salmo/salmo.1208.json,salmo.1208.jpg,salmonella,3,train,1
../../Data/downloads/zenodo_4628934_poultry_fecal/content (2)/imgSegmentation/salmo/salmo.1209.json,salmo.1209.jpg,salmonella,3,train,1
../../Data/downloads/zenodo_4628934_poultry_fecal/content (2)/imgSegmentation/salmo/salmo.121.json,salmo.121.jpg,salmonella,3,train,1
../../Data/downloads/zenodo_4628934_poultry_fecal/content (2)/imgSegmentation/salmo/salmo.1210.json,salmo.1210.jpg,salmonella,3,train,1
../../Data/downloads/zenodo_4628934_poultry_fecal/content (2)/imgSegmentation/salmo/salmo.1211.json,salmo.1211.jpg,salmonella,3,train,1
../../Data/downloads/zenodo_4628934_poultry_fecal/content (2)/imgSegmentation/salmo/salmo.1212.json,salmo.1212.jpg,salmonella,3,test,1
../../Data/downloads/zenodo_4628934_poultry_fecal/content (2)/imgSegmentation/salmo/salmo.1213.json,salmo.1213.jpg,salmonella,3,test,1
../../Data/downloads/zenodo_4628934_poultry_fecal/content (2)/imgSegmentation/salmo/salmo.1214.json,salmo.1214.jpg,salmonella,3,train,1
../../Data/downloads/zenodo_4628934_poultry_fecal/content (2)/imgSegmentation/salmo/salmo.1215.json,salmo.1215.jpg,salmonella,3,val,1
../../Data/downloads/zenodo_4628934_poultry_fecal/content (2)/imgSegmentation/salmo/salmo.1216.json,salmo.1216.jpg,salmonella,3,train,1
../../Data/downloads/zenodo_4628934_poultry_fecal/content (2)/imgSegmentation/salmo/salmo.1217.json,salmo.1217.jpg,salmonella,3,train,1
../../Data/downloads/zenodo_4628934_poultry_fecal/content (2)/imgSegmentation/salmo/salmo.1218.json,salmo.1218.jpg,salmonella,3,train,1
../../Data/downloads/zenodo_4628934_poultry_fecal/content (2)/imgSegmentation/salmo/salmo.1219.json,salmo.1219.jpg,salmonella,3,train,1
../../Data/downloads/zenodo_4628934_poultry_fecal/content (2)/imgSegmentation/salmo/salmo.122.json,salmo.122.jpg,salmonella,3,train,1
../../Data/downloads/zenodo_4628934_poultry_fecal/content (2)/imgSegmentation/salmo/salmo.1220.json,salmo.1220.jpg,salmonella,3,test,1
../../Data/downloads/zenodo_4628934_poultry_fecal/content (2)/imgSegmentation/salmo/salmo.1221.json,salmo.1221.jpg,salmonella,3,train,1
../../Data/downloads/zenodo_4628934_poultry_fecal/content (2)/imgSegmentation/salmo/salmo.1222.json,salmo.1222.jpg,salmonella,3,train,1
../../Data/downloads/zenodo_4628934_poultry_fecal/content (2)/imgSegmentation/salmo/salmo.1223.json,salmo.1223.jpg,salmonella,3,train,1
../../Data/downloads/zenodo_4628934_poultry_fecal/content (2)/imgSegmentation/salmo/salmo.1224.json,salmo.1224.jpg,salmonella,3,val,1
../../Data/downloads/zenodo_4628934_poultry_fecal/content (2)/imgSegmentation/salmo/salmo.1225.json,salmo.1225.jpg,salmonella,3,train,1
../../Data/downloads/zenodo_4628934_poultry_fecal/content (2)/imgSegmentation/salmo/salmo.1226.json,salmo.1226.jpg,salmonella,3,train,1
../../Data/downloads/zenodo_4628934_poultry_fecal/content (2)/imgSegmentation/salmo/salmo.1227.json,salmo.1227.jpg,salmonella,3,test,1
../../Data/downloads/zenodo_4628934_poultry_fecal/content (2)/imgSegmentation/salmo/salmo.1228.json,salmo.1228.jpg,salmonella,3,train,1
../../Data/downloads/zenodo_4628934_poultry_fecal/content (2)/imgSegmentation/salmo/salmo.1229.json,salmo.1229.jpg,salmonella,3,val,1
../../Data/downloads/zenodo_4628934_poultry_fecal/content (2)/imgSegmentation/salmo/salmo.123.json,salmo.123.jpg,salmonella,3,test,1
../../Data/downloads/zenodo_4628934_poultry_fecal/content (2)/imgSegmentation/salmo/salmo.1230.json,salmo.1230.jpg,salmonella,3,train,1
../../Data/downloads/zenodo_4628934_poultry_fecal/content (2)/imgSegmentation/salmo/salmo.1231.json,salmo.1231.jpg,salmonella,3,val,1
../../Data/downloads/zenodo_4628934_poultry_fecal/content (2)/imgSegmentation/salmo/salmo.1232.json,salmo.1232.jpg,salmonella,3,val,1
../../Data/downloads/zenodo_4628934_poultry_fecal/content (2)/imgSegmentation/salmo/salmo.1233.json,salmo.1233.jpg,salmonella,3,train,1
../../Data/downloads/zenodo_4628934_poultry_fecal/content (2)/imgSegmentation/salmo/salmo.1234.json,salmo.1234.jpg,salmonella,3,train,1
../../Data/downloads/zenodo_4628934_poultry_fecal/content (2)/imgSegmentation/salmo/salmo.1235.json,salmo.1235.jpg,salmonella,3,train,1
../../Data/downloads/zenodo_4628934_poultry_fecal/content (2)/imgSegmentation/salmo/salmo.1236.json,salmo.1236.jpg,salmonella,3,train,1
../../Data/downloads/zenodo_4628934_poultry_fecal/content (2)/imgSegmentation/salmo/salmo.1237.json,salmo.1237.jpg,salmonella,3,test,1
../../Data/downloads/zenodo_4628934_poultry_fecal/content (2)/imgSegmentation/salmo/salmo.1238.json,salmo.1238.jpg,salmonella,3,train,1
../../Data/downloads/zenodo_4628934_poultry_fecal/content (2)/imgSegmentation/salmo/salmo.1239.json,salmo.1239.jpg,salmonella,3,train,1
../../Data/downloads/zenodo_4628934_poultry_fecal/content (2)/imgSegmentation/salmo/salmo.124.json,salmo.124.jpg,salmonella,3,val,1
../../Data/downloads/zenodo_4628934_poultry_fecal/content (2)/imgSegmentation/salmo/salmo.1240.json,salmo.1240.jpg,salmonella,3,train,1
../../Data/downloads/zenodo_4628934_poultry_fecal/content (2)/imgSegmentation/salmo/salmo.1241.json,salmo.1241.jpg,salmonella,3,test,1
../../Data/downloads/zenodo_4628934_poultry_fecal/content (2)/imgSegmentation/salmo/salmo.1242.json,salmo.1242.jpg,salmonella,3,val,1
../../Data/downloads/zenodo_4628934_poultry_fecal/content (2)/imgSegmentation/salmo/salmo.1243.json,salmo.1243.jpg,salmonella,3,val,1
../../Data/downloads/zenodo_4628934_poultry_fecal/content (2)/imgSegmentation/salmo/salmo.1244.json,salmo.1244.jpg,salmonella,3,train,1
../../Data/downloads/zenodo_4628934_poultry_fecal/content (2)/imgSegmentation/salmo/salmo.1245.json,salmo.1245.jpg,salmonella,3,train,1
../../Data/downloads/zenodo_4628934_poultry_fecal/content (2)/imgSegmentation/salmo/salmo.1246.json,salmo.1246.jpg,salmonella,3,train,1
../../Data/downloads/zenodo_4628934_poultry_fecal/content (2)/imgSegmentation/salmo/salmo.1247.json,salmo.1247.jpg,salmonella,3,test,1
../../Data/downloads/zenodo_4628934_poultry_fecal/content (2)/imgSegmentation/salmo/salmo.1248.json,salmo.1248.jpg,salmonella,3,train,1
../../Data/downloads/zenodo_4628934_poultry_fecal/content (2)/imgSegmentation/salmo/salmo.1249.json,salmo.1249.jpg,salmonella,3,train,1
../../Data/downloads/zenodo_4628934_poultry_fecal/content (2)/imgSegmentation/salmo/salmo.125.json,salmo.125.jpg,salmonella,3,train,1
../../Data/downloads/zenodo_4628934_poultry_fecal/content (2)/imgSegmentation/salmo/salmo.1250.json,salmo.1250.jpg,salmonella,3,train,1
../../Data/downloads/zenodo_4628934_poultry_fecal/content (2)/imgSegmentation/salmo/salmo.1251.json,salmo.1251.jpg,salmonella,3,test,1
../../Data/downloads/zenodo_4628934_poultry_fecal/content (2)/imgSegmentation/salmo/salmo.1252.json,salmo.1252.jpg,salmonella,3,train,1
../../Data/downloads/zenodo_4628934_poultry_fecal/content (2)/imgSegmentation/salmo/salmo.1253.json,salmo.1253.jpg,salmonella,3,val,1
../../Data/downloads/zenodo_4628934_poultry_fecal/content (2)/imgSegmentation/salmo/salmo.1254.json,salmo.1254.jpg,salmonella,3,train,1
../../Data/downloads/zenodo_4628934_poultry_fecal/content (2)/imgSegmentation/salmo/salmo.1255.json,salmo.1255.jpg,salmonella,3,test,1
../../Data/downloads/zenodo_4628934_poultry_fecal/content (2)/imgSegmentation/salmo/salmo.1256.json,salmo.1256.jpg,salmonella,3,train,1
../../Data/downloads/zenodo_4628934_poultry_fecal/content (2)/imgSegmentation/salmo/salmo.1257.json,salmo.1257.jpg,salmonella,3,test,1
../../Data/downloads/zenodo_4628934_poultry_fecal/content (2)/imgSegmentation/salmo/salmo.1258.json,salmo.1258.jpg,salmonella,3,train,1
../../Data/downloads/zenodo_4628934_poultry_fecal/content (2)/imgSegmentation/salmo/salmo.1259.json,salmo.1259.jpg,salmonella,3,val,1
../../Data/downloads/zenodo_4628934_poultry_fecal/content (2)/imgSegmentation/salmo/salmo.126.json,salmo.126.jpg,salmonella,3,train,1
../../Data/downloads/zenodo_4628934_poultry_fecal/content (2)/imgSegmentation/salmo/salmo.1260.json,salmo.1260.jpg,salmonella,3,test,1
../../Data/downloads/zenodo_4628934_poultry_fecal/content (2)/imgSegmentation/salmo/salmo.1261.json,salmo.1261.jpg,salmonella,3,train,1
../../Data/downloads/zenodo_4628934_poultry_fecal/content (2)/imgSegmentation/salmo/salmo.1262.json,salmo.1262.jpg,salmonella,3,val,1
../../Data/downloads/zenodo_4628934_poultry_fecal/content (2)/imgSegmentation/salmo/salmo.1263.json,salmo.1263.jpg,salmonella,3,test,1
../../Data/downloads/zenodo_4628934_poultry_fecal/content (2)/imgSegmentation/salmo/salmo.1264.json,salmo.1264.jpg,salmonella,3,train,1
../../Data/downloads/zenodo_4628934_poultry_fecal/content (2)/imgSegmentation/salmo/salmo.1265.json,salmo.1265.jpg,salmonella,3,train,1
../../Data/downloads/zenodo_4628934_poultry_fecal/content (2)/imgSegmentation/salmo/salmo.1266.json,salmo.1266.jpg,salmonella,3,val,1
../../Data/downloads/zenodo_4628934_poultry_fecal/content (2)/imgSegmentation/salmo/salmo.1267.json,salmo.1267.jpg,salmonella,3,val,1
../../Data/downloads/zenodo_4628934_poultry_fecal/content (2)/imgSegmentation/salmo/salmo.1268.json,salmo.1268.jpg,salmonella,3,train,1
../../Data/downloads/zenodo_4628934_poultry_fecal/content (2)/imgSegmentation/salmo/salmo.1269.json,salmo.1269.jpg,salmonella,3,val,1
../../Data/downloads/zenodo_4628934_poultry_fecal/content (2)/imgSegmentation/salmo/salmo.127.json,salmo.127.jpg,salmonella,3,test,1
../../Data/downloads/zenodo_4628934_poultry_fecal/content (2)/imgSegmentation/salmo/salmo.1270.json,salmo.1270.jpg,salmonella,3,train,1
../../Data/downloads/zenodo_4628934_poultry_fecal/content (2)/imgSegmentation/salmo/salmo.1271.json,salmo.1271.jpg,salmonella,3,train,1
../../Data/downloads/zenodo_4628934_poultry_fecal/content (2)/imgSegmentation/salmo/salmo.1272.json,salmo.1272.jpg,salmonella,3,val,1
../../Data/downloads/zenodo_4628934_poultry_fecal/content (2)/imgSegmentation/salmo/salmo.1273.json,salmo.1273.jpg,salmonella,3,train,1
../../Data/downloads/zenodo_4628934_poultry_fecal/content (2)/imgSegmentation/salmo/salmo.1274.json,salmo.1274.jpg,salmonella,3,train,1
../../Data/downloads/zenodo_4628934_poultry_fecal/content (2)/imgSegmentation/salmo/salmo.1275.json,salmo.1275.jpg,salmonella,3,val,1
../../Data/downloads/zenodo_4628934_poultry_fecal/content (2)/imgSegmentation/salmo/salmo.1276.json,salmo.1276.jpg,salmonella,3,train,1
../../Data/downloads/zenodo_4628934_poultry_fecal/content (2)/imgSegmentation/salmo/salmo.1277.json,salmo.1277.jpg,salmonella,3,train,1
../../Data/downloads/zenodo_4628934_poultry_fecal/content (2)/imgSegmentation/salmo/salmo.1278.json,salmo.1278.jpg,salmonella,3,train,1
../../Data/downloads/zenodo_4628934_poultry_fecal/content (2)/imgSegmentation/salmo/salmo.1279.json,salmo.1279.jpg,salmonella,3,train,1
../../Data/downloads/zenodo_4628934_poultry_fecal/content (2)/imgSegmentation/salmo/salmo.128.json,salmo.128.jpg,salmonella,3,train,1
../../Data/downloads/zenodo_4628934_poultry_fecal/content (2)/imgSegmentation/salmo/salmo.1280.json,salmo.1280.jpg,salmonella,3,val,1
../../Data/downloads/zenodo_4628934_poultry_fecal/content (2)/imgSegmentation/salmo/salmo.1281.json,salmo.1281.jpg,salmonella,3,train,1
../../Data/downloads/zenodo_4628934_poultry_fecal/content (2)/imgSegmentation/salmo/salmo.1282.json,salmo.1282.jpg,salmonella,3,train,1
../../Data/downloads/zenodo_4628934_poultry_fecal/content (2)/imgSegmentation/salmo/salmo.1283.json,salmo.1283.jpg,salmonella,3,train,1
../../Data/downloads/zenodo_4628934_poultry_fecal/content (2)/imgSegmentation/salmo/salmo.1284.json,salmo.1284.jpg,salmonella,3,train,1
../../Data/downloads/zenodo_4628934_poultry_fecal/content (2)/imgSegmentation/salmo/salmo.1285.json,salmo.1285.jpg,salmonella,3,test,1
../../Data/downloads/zenodo_4628934_poultry_fecal/content (2)/imgSegmentation/salmo/salmo.1286.json,salmo.1286.jpg,salmonella,3,val,1
../../Data/downloads/zenodo_4628934_poultry_fecal/content (2)/imgSegmentation/salmo/salmo.1287.json,salmo.1287.jpg,salmonella,3,train,1
../../Data/downloads/zenodo_4628934_poultry_fecal/content (2)/imgSegmentation/salmo/salmo.1288.json,salmo.1288.jpg,salmonella,3,train,1
../../Data/downloads/zenodo_4628934_poultry_fecal/content (2)/imgSegmentation/salmo/salmo.1289.json,salmo.1289.jpg,salmonella,3,train,1
../../Data/downloads/zenodo_4628934_poultry_fecal/content (2)/imgSegmentation/salmo/salmo.129.json,salmo.129.jpg,salmonella,3,train,1
../../Data/downloads/zenodo_4628934_poultry_fecal/content (2)/imgSegmentation/salmo/salmo.1290.json,salmo.1290.jpg,salmonella,3,val,1
../../Data/downloads/zenodo_4628934_poultry_fecal/content (2)/imgSegmentation/salmo/salmo.1291.json,salmo.1291.jpg,salmonella,3,test,1
../../Data/downloads/zenodo_4628934_poultry_fecal/content (2)/imgSegmentation/salmo/salmo.1292.json,salmo.1292.jpg,salmonella,3,train,1
../../Data/downloads/zenodo_4628934_poultry_fecal/content (2)/imgSegmentation/salmo/salmo.1293.json,salmo.1293.jpg,salmonella,3,train,1
../../Data/downloads/zenodo_4628934_poultry_fecal/content (2)/imgSegmentation/salmo/salmo.1294.json,salmo.1294.jpg,salmonella,3,train,1
../../Data/downloads/zenodo_4628934_poultry_fecal/content (2)/imgSegmentation/salmo/salmo.1295.json,salmo.1295.jpg,salmonella,3,train,1
../../Data/downloads/zenodo_4628934_poultry_fecal/content (2)/imgSegmentation/salmo/salmo.1296.json,salmo.1296.jpg,salmonella,3,val,1
../../Data/downloads/zenodo_4628934_poultry_fecal/content (2)/imgSegmentation/salmo/salmo.1297.json,salmo.1297.jpg,salmonella,3,train,1
../../Data/downloads/zenodo_4628934_poultry_fecal/content (2)/imgSegmentation/salmo/salmo.1298.json,salmo.1298.jpg,salmonella,3,train,1
../../Data/downloads/zenodo_4628934_poultry_fecal/content (2)/imgSegmentation/salmo/salmo.1299.json,salmo.1299.jpg,salmonella,3,test,1
../../Data/downloads/zenodo_4628934_poultry_fecal/content (2)/imgSegmentation/salmo/salmo.13.json,salmo.13.jpg,salmonella,3,val,1
../../Data/downloads/zenodo_4628934_poultry_fecal/content (2)/imgSegmentation/salmo/salmo.130.json,salmo.130.jpg,salmonella,3,train,1
../../Data/downloads/zenodo_4628934_poultry_fecal/content (2)/imgSegmentation/salmo/salmo.1300.json,salmo.1300.jpg,salmonella,3,train,1
../../Data/downloads/zenodo_4628934_poultry_fecal/content (2)/imgSegmentation/salmo/salmo.1301.json,salmo.1301.jpg,salmonella,3,train,1
../../Data/downloads/zenodo_4628934_poultry_fecal/content (2)/imgSegmentation/salmo/salmo.1302.json,salmo.1302.jpg,salmonella,3,val,1
../../Data/downloads/zenodo_4628934_poultry_fecal/content (2)/imgSegmentation/salmo/salmo.1303.json,salmo.1303.jpg,salmonella,3,train,1
../../Data/downloads/zenodo_4628934_poultry_fecal/content (2)/imgSegmentation/salmo/salmo.1304.json,salmo.1304.jpg,salmonella,3,train,1
../../Data/downloads/zenodo_4628934_poultry_fecal/content (2)/imgSegmentation/salmo/salmo.1305.json,salmo.1305.jpg,salmonella,3,train,1
../../Data/downloads/zenodo_4628934_poultry_fecal/content (2)/imgSegmentation/salmo/salmo.1306.json,salmo.1306.jpg,salmonella,3,val,1
../../Data/downloads/zenodo_4628934_poultry_fecal/content (2)/imgSegmentation/salmo/salmo.1307.json,salmo.1307.jpg,salmonella,3,test,1
../../Data/downloads/zenodo_4628934_poultry_fecal/content (2)/imgSegmentation/salmo/salmo.1308.json,salmo.1308.jpg,salmonella,3,test,1
../../Data/downloads/zenodo_4628934_poultry_fecal/content (2)/imgSegmentation/salmo/salmo.1309.json,salmo.1309.jpg,salmonella,3,train,1
../../Data/downloads/zenodo_4628934_poultry_fecal/content (2)/imgSegmentation/salmo/salmo.131.json,salmo.131.jpg,salmonella,3,train,1
../../Data/downloads/zenodo_4628934_poultry_fecal/content (2)/imgSegmentation/salmo/salmo.1310.json,salmo.1310.jpg,salmonella,3,train,1
../../Data/downloads/zenodo_4628934_poultry_fecal/content (2)/imgSegmentation/salmo/salmo.1311.json,salmo.1311.jpg,salmonella,3,train,1
../../Data/downloads/zenodo_4628934_poultry_fecal/content (2)/imgSegmentation/salmo/salmo.1312.json,salmo.1312.jpg,salmonella,3,train,1
../../Data/downloads/zenodo_4628934_poultry_fecal/content (2)/imgSegmentation/salmo/salmo.1313.json,salmo.1313.jpg,salmonella,3,train,1
../../Data/downloads/zenodo_4628934_poultry_fecal/content (2)/imgSegmentation/salmo/salmo.1314.json,salmo.1314.jpg,salmonella,3,train,1
../../Data/downloads/zenodo_4628934_poultry_fecal/content (2)/imgSegmentation/salmo/salmo.1315.json,salmo.1315.jpg,salmonella,3,val,1
../../Data/downloads/zenodo_4628934_poultry_fecal/content (2)/imgSegmentation/salmo/salmo.1316.json,salmo.1316.jpg,salmonella,3,test,1
../../Data/downloads/zenodo_4628934_poultry_fecal/content (2)/imgSegmentation/salmo/salmo.1317.json,salmo.1317.jpg,salmonella,3,train,1
../../Data/downloads/zenodo_4628934_poultry_fecal/content (2)/imgSegmentation/salmo/salmo.1318.json,salmo.1318.jpg,salmonella,3,train,1
../../Data/downloads/zenodo_4628934_poultry_fecal/content (2)/imgSegmentation/salmo/salmo.1319.json,salmo.1319.jpg,salmonella,3,train,1
../../Data/downloads/zenodo_4628934_poultry_fecal/content (2)/imgSegmentation/salmo/salmo.132.json,salmo.132.jpg,salmonella,3,train,1
../../Data/downloads/zenodo_4628934_poultry_fecal/content (2)/imgSegmentation/salmo/salmo.1320.json,salmo.1320.jpg,salmonella,3,val,1
../../Data/downloads/zenodo_4628934_poultry_fecal/content (2)/imgSegmentation/salmo/salmo.1321.json,salmo.1321.jpg,salmonella,3,train,1
../../Data/downloads/zenodo_4628934_poultry_fecal/content (2)/imgSegmentation/salmo/salmo.1322.json,salmo.1322.jpg,salmonella,3,train,1
../../Data/downloads/zenodo_4628934_poultry_fecal/content (2)/imgSegmentation/salmo/salmo.1323.json,salmo.1323.jpg,salmonella,3,train,1
../../Data/downloads/zenodo_4628934_poultry_fecal/content (2)/imgSegmentation/salmo/salmo.1324.json,salmo.1324.jpg,salmonella,3,train,1
../../Data/downloads/zenodo_4628934_poultry_fecal/content (2)/imgSegmentation/salmo/salmo.1325.json,salmo.1325.jpg,salmonella,3,train,1
../../Data/downloads/zenodo_4628934_poultry_fecal/content (2)/imgSegmentation/salmo/salmo.1326.json,salmo.1326.jpg,salmonella,3,test,1
../../Data/downloads/zenodo_4628934_poultry_fecal/content (2)/imgSegmentation/salmo/salmo.1327.json,salmo.1327.jpg,salmonella,3,val,1
../../Data/downloads/zenodo_4628934_poultry_fecal/content (2)/imgSegmentation/salmo/salmo.1328.json,salmo.1328.jpg,salmonella,3,train,1
../../Data/downloads/zenodo_4628934_poultry_fecal/content (2)/imgSegmentation/salmo/salmo.1329.json,salmo.1329.jpg,salmonella,3,val,1
../../Data/downloads/zenodo_4628934_poultry_fecal/content (2)/imgSegmentation/salmo/salmo.133.json,salmo.133.jpg,salmonella,3,train,1
../../Data/downloads/zenodo_4628934_poultry_fecal/content (2)/imgSegmentation/salmo/salmo.1330.json,salmo.1330.jpg,salmonella,3,train,1
../../Data/downloads/zenodo_4628934_poultry_fecal/content (2)/imgSegmentation/salmo/salmo.1331.json,salmo.1331.jpg,salmonella,3,train,1
../../Data/downloads/zenodo_4628934_poultry_fecal/content (2)/imgSegmentation/salmo/salmo.1332.json,salmo.1332.jpg,salmonella,3,train,1
../../Data/downloads/zenodo_4628934_poultry_fecal/content (2)/imgSegmentation/salmo/salmo.1333.json,salmo.1333.jpg,salmonella,3,train,1
../../Data/downloads/zenodo_4628934_poultry_fecal/content (2)/imgSegmentation/salmo/salmo.1334.json,salmo.1334.jpg,salmonella,3,test,1
../../Data/downloads/zenodo_4628934_poultry_fecal/content (2)/imgSegmentation/salmo/salmo.1335.json,salmo.1335.jpg,salmonella,3,train,1
../../Data/downloads/zenodo_4628934_poultry_fecal/content (2)/imgSegmentation/salmo/salmo.1336.json,salmo.1336.jpg,salmonella,3,train,1
../../Data/downloads/zenodo_4628934_poultry_fecal/content (2)/imgSegmentation/salmo/salmo.1337.json,salmo.1337.jpg,salmonella,3,train,1
../../Data/downloads/zenodo_4628934_poultry_fecal/content (2)/imgSegmentation/salmo/salmo.1338.json,salmo.1338.jpg,salmonella,3,val,1
../../Data/downloads/zenodo_4628934_poultry_fecal/content (2)/imgSegmentation/salmo/salmo.1339.json,salmo.1339.jpg,salmonella,3,train,1
../../Data/downloads/zenodo_4628934_poultry_fecal/content (2)/imgSegmentation/salmo/salmo.134.json,salmo.134.jpg,salmonella,3,train,1
../../Data/downloads/zenodo_4628934_poultry_fecal/content (2)/imgSegmentation/salmo/salmo.1340.json,salmo.1340.jpg,salmonella,3,train,1
../../Data/downloads/zenodo_4628934_poultry_fecal/content (2)/imgSegmentation/salmo/salmo.1341.json,salmo.1341.jpg,salmonella,3,train,1
../../Data/downloads/zenodo_4628934_poultry_fecal/content (2)/imgSegmentation/salmo/salmo.1342.json,salmo.1342.jpg,salmonella,3,test,1
../../Data/downloads/zenodo_4628934_poultry_fecal/content (2)/imgSegmentation/salmo/salmo.1343.json,salmo.1343.jpg,salmonella,3,train,1
../../Data/downloads/zenodo_4628934_poultry_fecal/content (2)/imgSegmentation/salmo/salmo.1344.json,salmo.1344.jpg,salmonella,3,train,1
../../Data/downloads/zenodo_4628934_poultry_fecal/content (2)/imgSegmentation/salmo/salmo.1345.json,salmo.1345.jpg,salmonella,3,train,1
../../Data/downloads/zenodo_4628934_poultry_fecal/content (2)/imgSegmentation/salmo/salmo.1346.json,salmo.1346.jpg,salmonella,3,train,1
../../Data/downloads/zenodo_4628934_poultry_fecal/content (2)/imgSegmentation/salmo/salmo.1347.json,salmo.1347.jpg,salmonella,3,train,1
../../Data/downloads/zenodo_4628934_poultry_fecal/content (2)/imgSegmentation/salmo/salmo.1348.json,salmo.1348.jpg,salmonella,3,train,1
../../Data/downloads/zenodo_4628934_poultry_fecal/content (2)/imgSegmentation/salmo/salmo.1349.json,salmo.1349.jpg,salmonella,3,train,1
../../Data/downloads/zenodo_4628934_poultry_fecal/content (2)/imgSegmentation/salmo/salmo.135.json,salmo.135.jpg,salmonella,3,train,1
../../Data/downloads/zenodo_4628934_poultry_fecal/content (2)/imgSegmentation/salmo/salmo.1350.json,salmo.1350.jpg,salmonella,3,train,1
../../Data/downloads/zenodo_4628934_poultry_fecal/content (2)/imgSegmentation/salmo/salmo.1351.json,salmo.1351.jpg,salmonella,3,train,1
../../Data/downloads/zenodo_4628934_poultry_fecal/content (2)/imgSegmentation/salmo/salmo.1352.json,salmo.1352.jpg,salmonella,3,val,1
../../Data/downloads/zenodo_4628934_poultry_fecal/content (2)/imgSegmentation/salmo/salmo.1353.json,salmo.1353.jpg,salmonella,3,train,1
../../Data/downloads/zenodo_4628934_poultry_fecal/content (2)/imgSegmentation/salmo/salmo.1354.json,salmo.1354.jpg,salmonella,3,train,1
../../Data/downloads/zenodo_4628934_poultry_fecal/content (2)/imgSegmentation/salmo/salmo.1355.json,salmo.1355.jpg,salmonella,3,train,1
../../Data/downloads/zenodo_4628934_poultry_fecal/content (2)/imgSegmentation/salmo/salmo.1356.json,salmo.1356.jpg,salmonella,3,train,1
../../Data/downloads/zenodo_4628934_poultry_fecal/content (2)/imgSegmentation/salmo/salmo.1357.json,salmo.1357.jpg,salmonella,3,train,1
../../Data/downloads/zenodo_4628934_poultry_fecal/content (2)/imgSegmentation/salmo/salmo.1358.json,salmo.1358.jpg,salmonella,3,test,1
../../Data/downloads/zenodo_4628934_poultry_fecal/content (2)/imgSegmentation/salmo/salmo.1359.json,salmo.1359.jpg,salmonella,3,train,1
../../Data/downloads/zenodo_4628934_poultry_fecal/content (2)/imgSegmentation/salmo/salmo.136.json,salmo.136.jpg,salmonella,3,train,1
../../Data/downloads/zenodo_4628934_poultry_fecal/content (2)/imgSegmentation/salmo/salmo.1360.json,salmo.1360.jpg,salmonella,3,test,1
../../Data/downloads/zenodo_4628934_poultry_fecal/content (2)/imgSegmentation/salmo/salmo.1361.json,salmo.1361.jpg,salmonella,3,train,1
../../Data/downloads/zenodo_4628934_poultry_fecal/content (2)/imgSegmentation/salmo/salmo.1362.json,salmo.1362.jpg,salmonella,3,train,1
../../Data/downloads/zenodo_4628934_poultry_fecal/content (2)/imgSegmentation/salmo/salmo.1363.json,salmo.1363.jpg,salmonella,3,train,1
../../Data/downloads/zenodo_4628934_poultry_fecal/content (2)/imgSegmentation/salmo/salmo.1364.json,salmo.1364.jpg,salmonella,3,train,1
../../Data/downloads/zenodo_4628934_poultry_fecal/content (2)/imgSegmentation/salmo/salmo.1365.json,salmo.1365.jpg,salmonella,3,train,1
../../Data/downloads/zenodo_4628934_poultry_fecal/content (2)/imgSegmentation/salmo/salmo.1366.json,salmo.1366.jpg,salmonella,3,train,1
../../Data/downloads/zenodo_4628934_poultry_fecal/content (2)/imgSegmentation/salmo/salmo.1367.json,salmo.1367.jpg,salmonella,3,train,1
../../Data/downloads/zenodo_4628934_poultry_fecal/content (2)/imgSegmentation/salmo/salmo.1368.json,salmo.1368.jpg,salmonella,3,train,1
../../Data/downloads/zenodo_4628934_poultry_fecal/content (2)/imgSegmentation/salmo/salmo.1369.json,salmo.1369.jpg,salmonella,3,train,1
../../Data/downloads/zenodo_4628934_poultry_fecal/content (2)/imgSegmentation/salmo/salmo.137.json,salmo.137.jpg,salmonella,3,train,1
../../Data/downloads/zenodo_4628934_poultry_fecal/content (2)/imgSegmentation/salmo/salmo.1370.json,salmo.1370.jpg,salmonella,3,train,1
../../Data/downloads/zenodo_4628934_poultry_fecal/content (2)/imgSegmentation/salmo/salmo.1371.json,salmo.1371.jpg,salmonella,3,test,1
../../Data/downloads/zenodo_4628934_poultry_fecal/content (2)/imgSegmentation/salmo/salmo.1372.json,salmo.1372.jpg,salmonella,3,train,1
../../Data/downloads/zenodo_4628934_poultry_fecal/content (2)/imgSegmentation/salmo/salmo.1373.json,salmo.1373.jpg,salmonella,3,train,1
../../Data/downloads/zenodo_4628934_poultry_fecal/content (2)/imgSegmentation/salmo/salmo.1374.json,salmo.1374.jpg,salmonella,3,train,1
../../Data/downloads/zenodo_4628934_poultry_fecal/content (2)/imgSegmentation/salmo/salmo.1375.json,salmo.1375.jpg,salmonella,3,val,1
../../Data/downloads/zenodo_4628934_poultry_fecal/content (2)/imgSegmentation/salmo/salmo.1376.json,salmo.1376.jpg,salmonella,3,train,1
../../Data/downloads/zenodo_4628934_poultry_fecal/content (2)/imgSegmentation/salmo/salmo.1377.json,salmo.1377.jpg,salmonella,3,train,1
../../Data/downloads/zenodo_4628934_poultry_fecal/content (2)/imgSegmentation/salmo/salmo.1378.json,salmo.1378.jpg,salmonella,3,val,1
../../Data/downloads/zenodo_4628934_poultry_fecal/content (2)/imgSegmentation/salmo/salmo.1379.json,salmo.1379.jpg,salmonella,3,train,1
../../Data/downloads/zenodo_4628934_poultry_fecal/content (2)/imgSegmentation/salmo/salmo.138.json,salmo.138.jpg,salmonella,3,val,1
../../Data/downloads/zenodo_4628934_poultry_fecal/content (2)/imgSegmentation/salmo/salmo.1380.json,salmo.1380.jpg,salmonella,3,train,1
../../Data/downloads/zenodo_4628934_poultry_fecal/content (2)/imgSegmentation/salmo/salmo.1381.json,salmo.1381.jpg,salmonella,3,train,1
../../Data/downloads/zenodo_4628934_poultry_fecal/content (2)/imgSegmentation/salmo/salmo.1382.json,salmo.1382.jpg,salmonella,3,test,1
../../Data/downloads/zenodo_4628934_poultry_fecal/content (2)/imgSegmentation/salmo/salmo.1383.json,salmo.1383.jpg,salmonella,3,train,1
../../Data/downloads/zenodo_4628934_poultry_fecal/content (2)/imgSegmentation/salmo/salmo.1384.json,salmo.1384.jpg,salmonella,3,train,1
../../Data/downloads/zenodo_4628934_poultry_fecal/content (2)/imgSegmentation/salmo/salmo.1385.json,salmo.1385.jpg,salmonella,3,test,1
../../Data/downloads/zenodo_4628934_poultry_fecal/content (2)/imgSegmentation/salmo/salmo.1386.json,salmo.1386.jpg,salmonella,3,train,1
../../Data/downloads/zenodo_4628934_poultry_fecal/content (2)/imgSegmentation/salmo/salmo.1387.json,salmo.1387.jpg,salmonella,3,train,1
../../Data/downloads/zenodo_4628934_poultry_fecal/content (2)/imgSegmentation/salmo/salmo.1388.json,salmo.1388.jpg,salmonella,3,train,1
../../Data/downloads/zenodo_4628934_poultry_fecal/content (2)/imgSegmentation/salmo/salmo.1389.json,salmo.1389.jpg,salmonella,3,train,1
../../Data/downloads/zenodo_4628934_poultry_fecal/content (2)/imgSegmentation/salmo/salmo.139.json,salmo.139.jpg,salmonella,3,val,1
../../Data/downloads/zenodo_4628934_poultry_fecal/content (2)/imgSegmentation/salmo/salmo.1390.json,salmo.1390.jpg,salmonella,3,val,1
../../Data/downloads/zenodo_4628934_poultry_fecal/content (2)/imgSegmentation/salmo/salmo.1391.json,salmo.1391.jpg,salmonella,3,train,1
../../Data/downloads/zenodo_4628934_poultry_fecal/content (2)/imgSegmentation/salmo/salmo.1392.json,salmo.1392.jpg,salmonella,3,train,1
../../Data/downloads/zenodo_4628934_poultry_fecal/content (2)/imgSegmentation/salmo/salmo.1393.json,salmo.1393.jpg,salmonella,3,train,1
../../Data/downloads/zenodo_4628934_poultry_fecal/content (2)/imgSegmentation/salmo/salmo.1394.json,salmo.1394.jpg,salmonella,3,train,1
../../Data/downloads/zenodo_4628934_poultry_fecal/content (2)/imgSegmentation/salmo/salmo.1395.json,salmo.1395.jpg,salmonella,3,val,1
../../Data/downloads/zenodo_4628934_poultry_fecal/content (2)/imgSegmentation/salmo/salmo.1396.json,salmo.1396.jpg,salmonella,3,train,1
../../Data/downloads/zenodo_4628934_poultry_fecal/content (2)/imgSegmentation/salmo/salmo.1397.json,salmo.1397.jpg,salmonella,3,train,1
../../Data/downloads/zenodo_4628934_poultry_fecal/content (2)/imgSegmentation/salmo/salmo.1398.json,salmo.1398.jpg,salmonella,3,val,1
../../Data/downloads/zenodo_4628934_poultry_fecal/content (2)/imgSegmentation/salmo/salmo.1399.json,salmo.1399.jpg,salmonella,3,test,1
../../Data/downloads/zenodo_4628934_poultry_fecal/content (2)/imgSegmentation/salmo/salmo.14.json,salmo.14.jpg,salmonella,3,test,1
../../Data/downloads/zenodo_4628934_poultry_fecal/content (2)/imgSegmentation/salmo/salmo.140.json,salmo.140.jpg,salmonella,3,train,1
../../Data/downloads/zenodo_4628934_poultry_fecal/content (2)/imgSegmentation/salmo/salmo.1400.json,salmo.1400.jpg,salmonella,3,train,1
../../Data/downloads/zenodo_4628934_poultry_fecal/content (2)/imgSegmentation/salmo/salmo.1401.json,salmo.1401.jpg,salmonella,3,train,1
../../Data/downloads/zenodo_4628934_poultry_fecal/content (2)/imgSegmentation/salmo/salmo.1402.json,salmo.1402.jpg,salmonella,3,train,1
../../Data/downloads/zenodo_4628934_poultry_fecal/content (2)/imgSegmentation/salmo/salmo.1403.json,salmo.1403.jpg,salmonella,3,test,1
../../Data/downloads/zenodo_4628934_poultry_fecal/content (2)/imgSegmentation/salmo/salmo.1404.json,salmo.1404.jpg,salmonella,3,train,1
../../Data/downloads/zenodo_4628934_poultry_fecal/content (2)/imgSegmentation/salmo/salmo.1405.json,salmo.1405.jpg,salmonella,3,train,1
../../Data/downloads/zenodo_4628934_poultry_fecal/content (2)/imgSegmentation/salmo/salmo.1406.json,salmo.1406.jpg,salmonella,3,train,1
../../Data/downloads/zenodo_4628934_poultry_fecal/content (2)/imgSegmentation/salmo/salmo.1407.json,salmo.1407.jpg,salmonella,3,val,1
../../Data/downloads/zenodo_4628934_poultry_fecal/content (2)/imgSegmentation/salmo/salmo.1408.json,salmo.1408.jpg,salmonella,3,test,1
../../Data/downloads/zenodo_4628934_poultry_fecal/content (2)/imgSegmentation/salmo/salmo.1409.json,salmo.1409.jpg,salmonella,3,test,1
../../Data/downloads/zenodo_4628934_poultry_fecal/content (2)/imgSegmentation/salmo/salmo.141.json,salmo.141.jpg,salmonella,3,train,1
../../Data/downloads/zenodo_4628934_poultry_fecal/content (2)/imgSegmentation/salmo/salmo.1410.json,salmo.1410.jpg,salmonella,3,train,1
../../Data/downloads/zenodo_4628934_poultry_fecal/content (2)/imgSegmentation/salmo/salmo.1411.json,salmo.1411.jpg,salmonella,3,train,1
../../Data/downloads/zenodo_4628934_poultry_fecal/content (2)/imgSegmentation/salmo/salmo.1412.json,salmo.1412.jpg,salmonella,3,test,1
../../Data/downloads/zenodo_4628934_poultry_fecal/content (2)/imgSegmentation/salmo/salmo.1413.json,salmo.1413.jpg,salmonella,3,test,1
../../Data/downloads/zenodo_4628934_poultry_fecal/content (2)/imgSegmentation/salmo/salmo.1414.json,salmo.1414.jpg,salmonella,3,train,1
../../Data/downloads/zenodo_4628934_poultry_fecal/content (2)/imgSegmentation/salmo/salmo.1415.json,salmo.1415.jpg,salmonella,3,train,1
../../Data/downloads/zenodo_4628934_poultry_fecal/content (2)/imgSegmentation/salmo/salmo.1416.json,salmo.1416.jpg,salmonella,3,train,1
../../Data/downloads/zenodo_4628934_poultry_fecal/content (2)/imgSegmentation/salmo/salmo.1417.json,salmo.1417.jpg,salmonella,3,val,1
../../Data/downloads/zenodo_4628934_poultry_fecal/content (2)/imgSegmentation/salmo/salmo.1418.json,salmo.1418.jpg,salmonella,3,train,1
../../Data/downloads/zenodo_4628934_poultry_fecal/content (2)/imgSegmentation/salmo/salmo.1419.json,salmo.1419.jpg,salmonella,3,train,1
../../Data/downloads/zenodo_4628934_poultry_fecal/content (2)/imgSegmentation/salmo/salmo.142.json,salmo.142.jpg,salmonella,3,test,1
../../Data/downloads/zenodo_4628934_poultry_fecal/content (2)/imgSegmentation/salmo/salmo.1420.json,salmo.1420.jpg,salmonella,3,train,1
../../Data/downloads/zenodo_4628934_poultry_fecal/content (2)/imgSegmentation/salmo/salmo.1421.json,salmo.1421.jpg,salmonella,3,train,1
../../Data/downloads/zenodo_4628934_poultry_fecal/content (2)/imgSegmentation/salmo/salmo.1422.json,salmo.1422.jpg,salmonella,3,train,1
../../Data/downloads/zenodo_4628934_poultry_fecal/content (2)/imgSegmentation/salmo/salmo.1423.json,salmo.1423.jpg,salmonella,3,val,1
../../Data/downloads/zenodo_4628934_poultry_fecal/content (2)/imgSegmentation/salmo/salmo.1424.json,salmo.1424.jpg,salmonella,3,test,1
../../Data/downloads/zenodo_4628934_poultry_fecal/content (2)/imgSegmentation/salmo/salmo.1425.json,salmo.1425.jpg,salmonella,3,test,1
../../Data/downloads/zenodo_4628934_poultry_fecal/content (2)/imgSegmentation/salmo/salmo.1426.json,salmo.1426.jpg,salmonella,3,train,1
../../Data/downloads/zenodo_4628934_poultry_fecal/content (2)/imgSegmentation/salmo/salmo.1427.json,salmo.1427.jpg,salmonella,3,val,1
../../Data/downloads/zenodo_4628934_poultry_fecal/content (2)/imgSegmentation/salmo/salmo.1428.json,salmo.1428.jpg,salmonella,3,train,1
../../Data/downloads/zenodo_4628934_poultry_fecal/content (2)/imgSegmentation/salmo/salmo.1429.json,salmo.1429.jpg,salmonella,3,test,1
../../Data/downloads/zenodo_4628934_poultry_fecal/content (2)/imgSegmentation/salmo/salmo.143.json,salmo.143.jpg,salmonella,3,train,1
../../Data/downloads/zenodo_4628934_poultry_fecal/content (2)/imgSegmentation/salmo/salmo.1430.json,salmo.1430.jpg,salmonella,3,train,1
../../Data/downloads/zenodo_4628934_poultry_fecal/content (2)/imgSegmentation/salmo/salmo.1431.json,salmo.1431.jpg,salmonella,3,train,1
../../Data/downloads/zenodo_4628934_poultry_fecal/content (2)/imgSegmentation/salmo/salmo.1432.json,salmo.1432.jpg,salmonella,3,val,1
../../Data/downloads/zenodo_4628934_poultry_fecal/content (2)/imgSegmentation/salmo/salmo.1433.json,salmo.1433.jpg,salmonella,3,train,1
../../Data/downloads/zenodo_4628934_poultry_fecal/content (2)/imgSegmentation/salmo/salmo.1434.json,salmo.1434.jpg,salmonella,3,train,1
../../Data/downloads/zenodo_4628934_poultry_fecal/content (2)/imgSegmentation/salmo/salmo.1435.json,salmo.1435.jpg,salmonella,3,train,1
../../Data/downloads/zenodo_4628934_poultry_fecal/content (2)/imgSegmentation/salmo/salmo.1436.json,salmo.1436.jpg,salmonella,3,train,1
../../Data/downloads/zenodo_4628934_poultry_fecal/content (2)/imgSegmentation/salmo/salmo.1437.json,salmo.1437.jpg,salmonella,3,train,1
../../Data/downloads/zenodo_4628934_poultry_fecal/content (2)/imgSegmentation/salmo/salmo.1438.json,salmo.1438.jpg,salmonella,3,train,1
../../Data/downloads/zenodo_4628934_poultry_fecal/content (2)/imgSegmentation/salmo/salmo.1439.json,salmo.1439.jpg,salmonella,3,train,1
../../Data/downloads/zenodo_4628934_poultry_fecal/content (2)/imgSegmentation/salmo/salmo.144.json,salmo.144.jpg,salmonella,3,test,1
../../Data/downloads/zenodo_4628934_poultry_fecal/content (2)/imgSegmentation/salmo/salmo.1440.json,salmo.1440.jpg,salmonella,3,val,1
../../Data/downloads/zenodo_4628934_poultry_fecal/content (2)/imgSegmentation/salmo/salmo.1441.json,salmo.1441.jpg,salmonella,3,train,1
../../Data/downloads/zenodo_4628934_poultry_fecal/content (2)/imgSegmentation/salmo/salmo.1442.json,salmo.1442.jpg,salmonella,3,train,1
../../Data/downloads/zenodo_4628934_poultry_fecal/content (2)/imgSegmentation/salmo/salmo.1443.json,salmo.1443.jpg,salmonella,3,train,1
../../Data/downloads/zenodo_4628934_poultry_fecal/content (2)/imgSegmentation/salmo/salmo.1444.json,salmo.1444.jpg,salmonella,3,train,1
../../Data/downloads/zenodo_4628934_poultry_fecal/content (2)/imgSegmentation/salmo/salmo.1445.json,salmo.1445.jpg,salmonella,3,train,1
../../Data/downloads/zenodo_4628934_poultry_fecal/content (2)/imgSegmentation/salmo/salmo.1446.json,salmo.1446.jpg,salmonella,3,train,1
../../Data/downloads/zenodo_4628934_poultry_fecal/content (2)/imgSegmentation/salmo/salmo.1447.json,salmo.1447.jpg,salmonella,3,test,1
../../Data/downloads/zenodo_4628934_poultry_fecal/content (2)/imgSegmentation/salmo/salmo.1448.json,salmo.1448.jpg,salmonella,3,train,1
../../Data/downloads/zenodo_4628934_poultry_fecal/content (2)/imgSegmentation/salmo/salmo.1449.json,salmo.1449.jpg,salmonella,3,val,1
../../Data/downloads/zenodo_4628934_poultry_fecal/content (2)/imgSegmentation/salmo/salmo.145.json,salmo.145.jpg,salmonella,3,train,1
../../Data/downloads/zenodo_4628934_poultry_fecal/content (2)/imgSegmentation/salmo/salmo.1450.json,salmo.1450.jpg,salmonella,3,train,1
../../Data/downloads/zenodo_4628934_poultry_fecal/content (2)/imgSegmentation/salmo/salmo.1451.json,salmo.1451.jpg,salmonella,3,train,1
../../Data/downloads/zenodo_4628934_poultry_fecal/content (2)/imgSegmentation/salmo/salmo.1452.json,salmo.1452.jpg,salmonella,3,train,1
../../Data/downloads/zenodo_4628934_poultry_fecal/content (2)/imgSegmentation/salmo/salmo.1453.json,salmo.1453.jpg,salmonella,3,test,1
../../Data/downloads/zenodo_4628934_poultry_fecal/content (2)/imgSegmentation/salmo/salmo.1454.json,salmo.1454.jpg,salmonella,3,test,1
../../Data/downloads/zenodo_4628934_poultry_fecal/content (2)/imgSegmentation/salmo/salmo.1455.json,salmo.1455.jpg,salmonella,3,val,1
../../Data/downloads/zenodo_4628934_poultry_fecal/content (2)/imgSegmentation/salmo/salmo.1456.json,salmo.1456.jpg,salmonella,3,train,1
../../Data/downloads/zenodo_4628934_poultry_fecal/content (2)/imgSegmentation/salmo/salmo.1457.json,salmo.1457.jpg,salmonella,3,train,1
../../Data/downloads/zenodo_4628934_poultry_fecal/content (2)/imgSegmentation/salmo/salmo.1458.json,salmo.1458.jpg,salmonella,3,train,1
../../Data/downloads/zenodo_4628934_poultry_fecal/content (2)/imgSegmentation/salmo/salmo.1459.json,salmo.1459.jpg,salmonella,3,train,1
../../Data/downloads/zenodo_4628934_poultry_fecal/content (2)/imgSegmentation/salmo/salmo.146.json,salmo.146.jpg,salmonella,3,train,1
../../Data/downloads/zenodo_4628934_poultry_fecal/content (2)/imgSegmentation/salmo/salmo.1460.json,salmo.1460.jpg,salmonella,3,train,1
../../Data/downloads/zenodo_4628934_poultry_fecal/content (2)/imgSegmentation/salmo/salmo.1461.json,salmo.1461.jpg,salmonella,3,train,1
../../Data/downloads/zenodo_4628934_poultry_fecal/content (2)/imgSegmentation/salmo/salmo.1462.json,salmo.1462.jpg,salmonella,3,train,1
../../Data/downloads/zenodo_4628934_poultry_fecal/content (2)/imgSegmentation/salmo/salmo.1463.json,salmo.1463.jpg,salmonella,3,train,1
../../Data/downloads/zenodo_4628934_poultry_fecal/content (2)/imgSegmentation/salmo/salmo.1464.json,salmo.1464.jpg,salmonella,3,train,1
../../Data/downloads/zenodo_4628934_poultry_fecal/content (2)/imgSegmentation/salmo/salmo.1465.json,salmo.1465.jpg,salmonella,3,train,1
../../Data/downloads/zenodo_4628934_poultry_fecal/content (2)/imgSegmentation/salmo/salmo.1466.json,salmo.1466.jpg,salmonella,3,train,1
../../Data/downloads/zenodo_4628934_poultry_fecal/content (2)/imgSegmentation/salmo/salmo.1467.json,salmo.1467.jpg,salmonella,3,train,1
../../Data/downloads/zenodo_4628934_poultry_fecal/content (2)/imgSegmentation/salmo/salmo.1468.json,salmo.1468.jpg,salmonella,3,train,1
../../Data/downloads/zenodo_4628934_poultry_fecal/content (2)/imgSegmentation/salmo/salmo.1469.json,salmo.1469.jpg,salmonella,3,train,1
../../Data/downloads/zenodo_4628934_poultry_fecal/content (2)/imgSegmentation/salmo/salmo.147.json,salmo.147.jpg,salmonella,3,val,1
../../Data/downloads/zenodo_4628934_poultry_fecal/content (2)/imgSegmentation/salmo/salmo.1470.json,salmo.1470.jpg,salmonella,3,train,1
../../Data/downloads/zenodo_4628934_poultry_fecal/content (2)/imgSegmentation/salmo/salmo.1471.json,salmo.1471.jpg,salmonella,3,train,1
../../Data/downloads/zenodo_4628934_poultry_fecal/content (2)/imgSegmentation/salmo/salmo.1472.json,salmo.1472.jpg,salmonella,3,train,1
../../Data/downloads/zenodo_4628934_poultry_fecal/content (2)/imgSegmentation/salmo/salmo.1473.json,salmo.1473.jpg,salmonella,3,train,1
../../Data/downloads/zenodo_4628934_poultry_fecal/content (2)/imgSegmentation/salmo/salmo.1474.json,salmo.1474.jpg,salmonella,3,train,1
../../Data/downloads/zenodo_4628934_poultry_fecal/content (2)/imgSegmentation/salmo/salmo.1475.json,salmo.1475.jpg,salmonella,3,train,1
../../Data/downloads/zenodo_4628934_poultry_fecal/content (2)/imgSegmentation/salmo/salmo.1476.json,salmo.1476.jpg,salmonella,3,train,1
../../Data/downloads/zenodo_4628934_poultry_fecal/content (2)/imgSegmentation/salmo/salmo.1477.json,salmo.1477.jpg,salmonella,3,train,1
../../Data/downloads/zenodo_4628934_poultry_fecal/content (2)/imgSegmentation/salmo/salmo.1478.json,salmo.1478.jpg,salmonella,3,train,1
../../Data/downloads/zenodo_4628934_poultry_fecal/content (2)/imgSegmentation/salmo/salmo.1479.json,salmo.1479.jpg,salmonella,3,test,1
../../Data/downloads/zenodo_4628934_poultry_fecal/content (2)/imgSegmentation/salmo/salmo.148.json,salmo.148.jpg,salmonella,3,train,1
../../Data/downloads/zenodo_4628934_poultry_fecal/content (2)/imgSegmentation/salmo/salmo.1480.json,salmo.1480.jpg,salmonella,3,train,1
../../Data/downloads/zenodo_4628934_poultry_fecal/content (2)/imgSegmentation/salmo/salmo.1481.json,salmo.1481.jpg,salmonella,3,train,1
../../Data/downloads/zenodo_4628934_poultry_fecal/content (2)/imgSegmentation/salmo/salmo.1482.json,salmo.1482.jpg,salmonella,3,train,1
../../Data/downloads/zenodo_4628934_poultry_fecal/content (2)/imgSegmentation/salmo/salmo.1483.json,salmo.1483.jpg,salmonella,3,val,1
../../Data/downloads/zenodo_4628934_poultry_fecal/content (2)/imgSegmentation/salmo/salmo.1484.json,salmo.1484.jpg,salmonella,3,val,1
../../Data/downloads/zenodo_4628934_poultry_fecal/content (2)/imgSegmentation/salmo/salmo.1485.json,salmo.1485.jpg,salmonella,3,train,1
../../Data/downloads/zenodo_4628934_poultry_fecal/content (2)/imgSegmentation/salmo/salmo.1486.json,salmo.1486.jpg,salmonella,3,train,1
../../Data/downloads/zenodo_4628934_poultry_fecal/content (2)/imgSegmentation/salmo/salmo.1487.json,salmo.1487.jpg,salmonella,3,train,1
../../Data/downloads/zenodo_4628934_poultry_fecal/content (2)/imgSegmentation/salmo/salmo.1488.json,salmo.1488.jpg,salmonella,3,val,1
../../Data/downloads/zenodo_4628934_poultry_fecal/content (2)/imgSegmentation/salmo/salmo.1489.json,salmo.1489.jpg,salmonella,3,train,1
../../Data/downloads/zenodo_4628934_poultry_fecal/content (2)/imgSegmentation/salmo/salmo.149.json,salmo.149.jpg,salmonella,3,train,1
../../Data/downloads/zenodo_4628934_poultry_fecal/content (2)/imgSegmentation/salmo/salmo.1490.json,salmo.1490.jpg,salmonella,3,train,1
../../Data/downloads/zenodo_4628934_poultry_fecal/content (2)/imgSegmentation/salmo/salmo.1491.json,salmo.1491.jpg,salmonella,3,train,1
../../Data/downloads/zenodo_4628934_poultry_fecal/content (2)/imgSegmentation/salmo/salmo.1492.json,salmo.1492.jpg,salmonella,3,test,1
../../Data/downloads/zenodo_4628934_poultry_fecal/content (2)/imgSegmentation/salmo/salmo.1493.json,salmo.1493.jpg,salmonella,3,train,1
../../Data/downloads/zenodo_4628934_poultry_fecal/content (2)/imgSegmentation/salmo/salmo.1494.json,salmo.1494.jpg,salmonella,3,train,1
../../Data/downloads/zenodo_4628934_poultry_fecal/content (2)/imgSegmentation/salmo/salmo.1495.json,salmo.1495.jpg,salmonella,3,train,1
../../Data/downloads/zenodo_4628934_poultry_fecal/content (2)/imgSegmentation/salmo/salmo.1496.json,salmo.1496.jpg,salmonella,3,train,1
../../Data/downloads/zenodo_4628934_poultry_fecal/content (2)/imgSegmentation/salmo/salmo.1497.json,salmo.1497.jpg,salmonella,3,train,1
../../Data/downloads/zenodo_4628934_poultry_fecal/content (2)/imgSegmentation/salmo/salmo.1498.json,salmo.1498.jpg,salmonella,3,train,1
../../Data/downloads/zenodo_4628934_poultry_fecal/content (2)/imgSegmentation/salmo/salmo.1499.json,salmo.1499.jpg,salmonella,3,train,1
../../Data/downloads/zenodo_4628934_poultry_fecal/content (2)/imgSegmentation/salmo/salmo.15.json,salmo.15.jpg,salmonella,3,train,1
../../Data/downloads/zenodo_4628934_poultry_fecal/content (2)/imgSegmentation/salmo/salmo.150.json,salmo.150.jpg,salmonella,3,train,1
../../Data/downloads/zenodo_4628934_poultry_fecal/content (2)/imgSegmentation/salmo/salmo.1500.json,salmo.1500.jpg,salmonella,3,test,1
../../Data/downloads/zenodo_4628934_poultry_fecal/content (2)/imgSegmentation/salmo/salmo.1501.json,salmo.1501.jpg,salmonella,3,train,1
../../Data/downloads/zenodo_4628934_poultry_fecal/content (2)/imgSegmentation/salmo/salmo.1502.json,salmo.1502.jpg,salmonella,3,train,1
../../Data/downloads/zenodo_4628934_poultry_fecal/content (2)/imgSegmentation/salmo/salmo.1503.json,salmo.1503.jpg,salmonella,3,test,1
../../Data/downloads/zenodo_4628934_poultry_fecal/content (2)/imgSegmentation/salmo/salmo.1504.json,salmo.1504.jpg,salmonella,3,val,1
../../Data/downloads/zenodo_4628934_poultry_fecal/content (2)/imgSegmentation/salmo/salmo.1505.json,salmo.1505.jpg,salmonella,3,train,1
../../Data/downloads/zenodo_4628934_poultry_fecal/content (2)/imgSegmentation/salmo/salmo.1506.json,salmo.1506.jpg,salmonella,3,test,1
../../Data/downloads/zenodo_4628934_poultry_fecal/content (2)/imgSegmentation/salmo/salmo.1507.json,salmo.1507.jpg,salmonella,3,train,1
../../Data/downloads/zenodo_4628934_poultry_fecal/content (2)/imgSegmentation/salmo/salmo.1508.json,salmo.1508.jpg,salmonella,3,train,1
../../Data/downloads/zenodo_4628934_poultry_fecal/content (2)/imgSegmentation/salmo/salmo.1509.json,salmo.1509.jpg,salmonella,3,train,1
../../Data/downloads/zenodo_4628934_poultry_fecal/content (2)/imgSegmentation/salmo/salmo.151.json,salmo.151.jpg,salmonella,3,val,1
../../Data/downloads/zenodo_4628934_poultry_fecal/content (2)/imgSegmentation/salmo/salmo.1510.json,salmo.1510.jpg,salmonella,3,train,1
../../Data/downloads/zenodo_4628934_poultry_fecal/content (2)/imgSegmentation/salmo/salmo.1511.json,salmo.1511.jpg,salmonella,3,val,1
../../Data/downloads/zenodo_4628934_poultry_fecal/content (2)/imgSegmentation/salmo/salmo.1512.json,salmo.1512.jpg,salmonella,3,train,1
../../Data/downloads/zenodo_4628934_poultry_fecal/content (2)/imgSegmentation/salmo/salmo.1513.json,salmo.1513.jpg,salmonella,3,val,1
../../Data/downloads/zenodo_4628934_poultry_fecal/content (2)/imgSegmentation/salmo/salmo.1514.json,salmo.1514.jpg,salmonella,3,train,1
../../Data/downloads/zenodo_4628934_poultry_fecal/content (2)/imgSegmentation/salmo/salmo.1515.json,salmo.1515.jpg,salmonella,3,train,1
../../Data/downloads/zenodo_4628934_poultry_fecal/content (2)/imgSegmentation/salmo/salmo.1516.json,salmo.1516.jpg,salmonella,3,test,1
../../Data/downloads/zenodo_4628934_poultry_fecal/content (2)/imgSegmentation/salmo/salmo.1517.json,salmo.1517.jpg,salmonella,3,train,1
../../Data/downloads/zenodo_4628934_poultry_fecal/content (2)/imgSegmentation/salmo/salmo.1518.json,salmo.1518.jpg,salmonella,3,train,1
../../Data/downloads/zenodo_4628934_poultry_fecal/content (2)/imgSegmentation/salmo/salmo.1519.json,salmo.1519.jpg,salmonella,3,train,1
../../Data/downloads/zenodo_4628934_poultry_fecal/content (2)/imgSegmentation/salmo/salmo.152.json,salmo.152.jpg,salmonella,3,train,1
../../Data/downloads/zenodo_4628934_poultry_fecal/content (2)/imgSegmentation/salmo/salmo.1520.json,salmo.1520.jpg,salmonella,3,train,1
../../Data/downloads/zenodo_4628934_poultry_fecal/content (2)/imgSegmentation/salmo/salmo.1521.json,salmo.1521.jpg,salmonella,3,train,1
../../Data/downloads/zenodo_4628934_poultry_fecal/content (2)/imgSegmentation/salmo/salmo.1522.json,salmo.1522.jpg,salmonella,3,train,1
../../Data/downloads/zenodo_4628934_poultry_fecal/content (2)/imgSegmentation/salmo/salmo.1523.json,salmo.1523.jpg,salmonella,3,train,1
../../Data/downloads/zenodo_4628934_poultry_fecal/content (2)/imgSegmentation/salmo/salmo.1524.json,salmo.1524.jpg,salmonella,3,train,1
../../Data/downloads/zenodo_4628934_poultry_fecal/content (2)/imgSegmentation/salmo/salmo.1525.json,salmo.1525.jpg,salmonella,3,train,1
../../Data/downloads/zenodo_4628934_poultry_fecal/content (2)/imgSegmentation/salmo/salmo.1526.json,salmo.1526.jpg,salmonella,3,train,1
../../Data/downloads/zenodo_4628934_poultry_fecal/content (2)/imgSegmentation/salmo/salmo.1527.json,salmo.1527.jpg,salmonella,3,train,1
../../Data/downloads/zenodo_4628934_poultry_fecal/content (2)/imgSegmentation/salmo/salmo.1528.json,salmo.1528.jpg,salmonella,3,train,1
../../Data/downloads/zenodo_4628934_poultry_fecal/content (2)/imgSegmentation/salmo/salmo.1529.json,salmo.1529.jpg,salmonella,3,train,1
../../Data/downloads/zenodo_4628934_poultry_fecal/content (2)/imgSegmentation/salmo/salmo.153.json,salmo.153.jpg,salmonella,3,train,1
../../Data/downloads/zenodo_4628934_poultry_fecal/content (2)/imgSegmentation/salmo/salmo.1530.json,salmo.1530.jpg,salmonella,3,train,1
../../Data/downloads/zenodo_4628934_poultry_fecal/content (2)/imgSegmentation/salmo/salmo.1531.json,salmo.1531.jpg,salmonella,3,val,1
../../Data/downloads/zenodo_4628934_poultry_fecal/content (2)/imgSegmentation/salmo/salmo.1532.json,salmo.1532.jpg,salmonella,3,train,1
../../Data/downloads/zenodo_4628934_poultry_fecal/content (2)/imgSegmentation/salmo/salmo.1533.json,salmo.1533.jpg,salmonella,3,val,1
../../Data/downloads/zenodo_4628934_poultry_fecal/content (2)/imgSegmentation/salmo/salmo.1534.json,salmo.1534.jpg,salmonella,3,train,1
../../Data/downloads/zenodo_4628934_poultry_fecal/content (2)/imgSegmentation/salmo/salmo.1535.json,salmo.1535.jpg,salmonella,3,train,1
../../Data/downloads/zenodo_4628934_poultry_fecal/content (2)/imgSegmentation/salmo/salmo.1536.json,salmo.1536.jpg,salmonella,3,train,1
../../Data/downloads/zenodo_4628934_poultry_fecal/content (2)/imgSegmentation/salmo/salmo.1537.json,salmo.1537.jpg,salmonella,3,train,1
../../Data/downloads/zenodo_4628934_poultry_fecal/content (2)/imgSegmentation/salmo/salmo.1538.json,salmo.1538.jpg,salmonella,3,train,1
../../Data/downloads/zenodo_4628934_poultry_fecal/content (2)/imgSegmentation/salmo/salmo.1539.json,salmo.1539.jpg,salmonella,3,train,1
../../Data/downloads/zenodo_4628934_poultry_fecal/content (2)/imgSegmentation/salmo/salmo.154.json,salmo.154.jpg,salmonella,3,train,1
../../Data/downloads/zenodo_4628934_poultry_fecal/content (2)/imgSegmentation/salmo/salmo.1540.json,salmo.1540.jpg,salmonella,3,train,1
../../Data/downloads/zenodo_4628934_poultry_fecal/content (2)/imgSegmentation/salmo/salmo.1541.json,salmo.1541.jpg,salmonella,3,test,1
../../Data/downloads/zenodo_4628934_poultry_fecal/content (2)/imgSegmentation/salmo/salmo.1542.json,salmo.1542.jpg,salmonella,3,train,1
../../Data/downloads/zenodo_4628934_poultry_fecal/content (2)/imgSegmentation/salmo/salmo.1543.json,salmo.1543.jpg,salmonella,3,train,1
../../Data/downloads/zenodo_4628934_poultry_fecal/content (2)/imgSegmentation/salmo/salmo.1544.json,salmo.1544.jpg,salmonella,3,train,1
../../Data/downloads/zenodo_4628934_poultry_fecal/content (2)/imgSegmentation/salmo/salmo.1545.json,salmo.1545.jpg,salmonella,3,train,1
../../Data/downloads/zenodo_4628934_poultry_fecal/content (2)/imgSegmentation/salmo/salmo.1546.json,salmo.1546.jpg,salmonella,3,train,1
../../Data/downloads/zenodo_4628934_poultry_fecal/content (2)/imgSegmentation/salmo/salmo.1547.json,salmo.1547.jpg,salmonella,3,train,1
../../Data/downloads/zenodo_4628934_poultry_fecal/content (2)/imgSegmentation/salmo/salmo.1548.json,salmo.1548.jpg,salmonella,3,train,1
../../Data/downloads/zenodo_4628934_poultry_fecal/content (2)/imgSegmentation/salmo/salmo.1549.json,salmo.1549.jpg,salmonella,3,test,1
../../Data/downloads/zenodo_4628934_poultry_fecal/content (2)/imgSegmentation/salmo/salmo.155.json,salmo.155.jpg,salmonella,3,train,1
../../Data/downloads/zenodo_4628934_poultry_fecal/content (2)/imgSegmentation/salmo/salmo.1550.json,salmo.1550.jpg,salmonella,3,train,1
../../Data/downloads/zenodo_4628934_poultry_fecal/content (2)/imgSegmentation/salmo/salmo.1551.json,salmo.1551.jpg,salmonella,3,train,1
../../Data/downloads/zenodo_4628934_poultry_fecal/content (2)/imgSegmentation/salmo/salmo.1552.json,salmo.1552.jpg,salmonella,3,train,1
../../Data/downloads/zenodo_4628934_poultry_fecal/content (2)/imgSegmentation/salmo/salmo.1553.json,salmo.1553.jpg,salmonella,3,train,1
../../Data/downloads/zenodo_4628934_poultry_fecal/content (2)/imgSegmentation/salmo/salmo.1554.json,salmo.1554.jpg,salmonella,3,train,1
../../Data/downloads/zenodo_4628934_poultry_fecal/content (2)/imgSegmentation/salmo/salmo.1555.json,salmo.1555.jpg,salmonella,3,train,1
../../Data/downloads/zenodo_4628934_poultry_fecal/content (2)/imgSegmentation/salmo/salmo.1556.json,salmo.1556.jpg,salmonella,3,val,1
../../Data/downloads/zenodo_4628934_poultry_fecal/content (2)/imgSegmentation/salmo/salmo.1557.json,salmo.1557.jpg,salmonella,3,val,1
../../Data/downloads/zenodo_4628934_poultry_fecal/content (2)/imgSegmentation/salmo/salmo.1558.json,salmo.1558.jpg,salmonella,3,train,1
../../Data/downloads/zenodo_4628934_poultry_fecal/content (2)/imgSegmentation/salmo/salmo.1559.json,salmo.1559.jpg,salmonella,3,train,1
../../Data/downloads/zenodo_4628934_poultry_fecal/content (2)/imgSegmentation/salmo/salmo.156.json,salmo.156.jpg,salmonella,3,train,1
../../Data/downloads/zenodo_4628934_poultry_fecal/content (2)/imgSegmentation/salmo/salmo.1560.json,salmo.1560.jpg,salmonella,3,test,1
../../Data/downloads/zenodo_4628934_poultry_fecal/content (2)/imgSegmentation/salmo/salmo.1561.json,salmo.1561.jpg,salmonella,3,test,1
../../Data/downloads/zenodo_4628934_poultry_fecal/content (2)/imgSegmentation/salmo/salmo.1562.json,salmo.1562.jpg,salmonella,3,test,1
../../Data/downloads/zenodo_4628934_poultry_fecal/content (2)/imgSegmentation/salmo/salmo.1563.json,salmo.1563.jpg,salmonella,3,test,1
../../Data/downloads/zenodo_4628934_poultry_fecal/content (2)/imgSegmentation/salmo/salmo.1564.json,salmo.1564.jpg,salmonella,3,train,1
../../Data/downloads/zenodo_4628934_poultry_fecal/content (2)/imgSegmentation/salmo/salmo.1565.json,salmo.1565.jpg,salmonella,3,train,1
../../Data/downloads/zenodo_4628934_poultry_fecal/content (2)/imgSegmentation/salmo/salmo.1566.json,salmo.1566.jpg,salmonella,3,train,1
../../Data/downloads/zenodo_4628934_poultry_fecal/content (2)/imgSegmentation/salmo/salmo.1567.json,salmo.1567.jpg,salmonella,3,train,1
../../Data/downloads/zenodo_4628934_poultry_fecal/content (2)/imgSegmentation/salmo/salmo.1568.json,salmo.1568.jpg,salmonella,3,val,1
../../Data/downloads/zenodo_4628934_poultry_fecal/content (2)/imgSegmentation/salmo/salmo.1569.json,salmo.1569.jpg,salmonella,3,train,1
../../Data/downloads/zenodo_4628934_poultry_fecal/content (2)/imgSegmentation/salmo/salmo.157.json,salmo.157.jpg,salmonella,3,test,1
../../Data/downloads/zenodo_4628934_poultry_fecal/content (2)/imgSegmentation/salmo/salmo.1570.json,salmo.1570.jpg,salmonella,3,val,1
../../Data/downloads/zenodo_4628934_poultry_fecal/content (2)/imgSegmentation/salmo/salmo.1571.json,salmo.1571.jpg,salmonella,3,test,1
../../Data/downloads/zenodo_4628934_poultry_fecal/content (2)/imgSegmentation/salmo/salmo.1572.json,salmo.1572.jpg,salmonella,3,train,1
../../Data/downloads/zenodo_4628934_poultry_fecal/content (2)/imgSegmentation/salmo/salmo.1573.json,salmo.1573.jpg,salmonella,3,train,1
../../Data/downloads/zenodo_4628934_poultry_fecal/content (2)/imgSegmentation/salmo/salmo.1574.json,salmo.1574.jpg,salmonella,3,val,1
../../Data/downloads/zenodo_4628934_poultry_fecal/content (2)/imgSegmentation/salmo/salmo.1575.json,salmo.1575.jpg,salmonella,3,val,1
../../Data/downloads/zenodo_4628934_poultry_fecal/content (2)/imgSegmentation/salmo/salmo.1576.json,salmo.1576.jpg,salmonella,3,test,1
../../Data/downloads/zenodo_4628934_poultry_fecal/content (2)/imgSegmentation/salmo/salmo.1577.json,salmo.1577.jpg,salmonella,3,train,1
../../Data/downloads/zenodo_4628934_poultry_fecal/content (2)/imgSegmentation/salmo/salmo.1578.json,salmo.1578.jpg,salmonella,3,val,1
../../Data/downloads/zenodo_4628934_poultry_fecal/content (2)/imgSegmentation/salmo/salmo.1579.json,salmo.1579.jpg,salmonella,3,train,1
../../Data/downloads/zenodo_4628934_poultry_fecal/content (2)/imgSegmentation/salmo/salmo.158.json,salmo.158.jpg,salmonella,3,train,1
../../Data/downloads/zenodo_4628934_poultry_fecal/content (2)/imgSegmentation/salmo/salmo.1580.json,salmo.1580.jpg,salmonella,3,train,1
../../Data/downloads/zenodo_4628934_poultry_fecal/content (2)/imgSegmentation/salmo/salmo.1581.json,salmo.1581.jpg,salmonella,3,val,1
../../Data/downloads/zenodo_4628934_poultry_fecal/content (2)/imgSegmentation/salmo/salmo.1582.json,salmo.1582.jpg,salmonella,3,val,1
../../Data/downloads/zenodo_4628934_poultry_fecal/content (2)/imgSegmentation/salmo/salmo.1583.json,salmo.1583.jpg,salmonella,3,test,1
../../Data/downloads/zenodo_4628934_poultry_fecal/content (2)/imgSegmentation/salmo/salmo.1584.json,salmo.1584.jpg,salmonella,3,train,1
../../Data/downloads/zenodo_4628934_poultry_fecal/content (2)/imgSegmentation/salmo/salmo.1585.json,salmo.1585.jpg,salmonella,3,train,1
../../Data/downloads/zenodo_4628934_poultry_fecal/content (2)/imgSegmentation/salmo/salmo.1586.json,salmo.1586.jpg,salmonella,3,train,1
../../Data/downloads/zenodo_4628934_poultry_fecal/content (2)/imgSegmentation/salmo/salmo.1587.json,salmo.1587.jpg,salmonella,3,test,1
../../Data/downloads/zenodo_4628934_poultry_fecal/content (2)/imgSegmentation/salmo/salmo.1588.json,salmo.1588.jpg,salmonella,3,train,1
../../Data/downloads/zenodo_4628934_poultry_fecal/content (2)/imgSegmentation/salmo/salmo.1589.json,salmo.1589.jpg,salmonella,3,test,1
../../Data/downloads/zenodo_4628934_poultry_fecal/content (2)/imgSegmentation/salmo/salmo.159.json,salmo.159.jpg,salmonella,3,test,1
../../Data/downloads/zenodo_4628934_poultry_fecal/content (2)/imgSegmentation/salmo/salmo.1590.json,salmo.1590.jpg,salmonella,3,train,1
../../Data/downloads/zenodo_4628934_poultry_fecal/content (2)/imgSegmentation/salmo/salmo.1591.json,salmo.1591.jpg,salmonella,3,train,1
../../Data/downloads/zenodo_4628934_poultry_fecal/content (2)/imgSegmentation/salmo/salmo.1592.json,salmo.1592.jpg,salmonella,3,val,1
../../Data/downloads/zenodo_4628934_poultry_fecal/content (2)/imgSegmentation/salmo/salmo.1593.json,salmo.1593.jpg,salmonella,3,train,1
../../Data/downloads/zenodo_4628934_poultry_fecal/content (2)/imgSegmentation/salmo/salmo.1594.json,salmo.1594.jpg,salmonella,3,train,1
../../Data/downloads/zenodo_4628934_poultry_fecal/content (2)/imgSegmentation/salmo/salmo.1595.json,salmo.1595.jpg,salmonella,3,train,1
../../Data/downloads/zenodo_4628934_poultry_fecal/content (2)/imgSegmentation/salmo/salmo.1596.json,salmo.1596.jpg,salmonella,3,train,1
../../Data/downloads/zenodo_4628934_poultry_fecal/content (2)/imgSegmentation/salmo/salmo.1597.json,salmo.1597.jpg,salmonella,3,train,1
../../Data/downloads/zenodo_4628934_poultry_fecal/content (2)/imgSegmentation/salmo/salmo.1598.json,salmo.1598.jpg,salmonella,3,train,1
../../Data/downloads/zenodo_4628934_poultry_fecal/content (2)/imgSegmentation/salmo/salmo.1599.json,salmo.1599.jpg,salmonella,3,train,1
../../Data/downloads/zenodo_4628934_poultry_fecal/content (2)/imgSegmentation/salmo/salmo.16.json,salmo.16.jpg,salmonella,3,train,1
../../Data/downloads/zenodo_4628934_poultry_fecal/content (2)/imgSegmentation/salmo/salmo.160.json,salmo.160.jpg,salmonella,3,train,1
../../Data/downloads/zenodo_4628934_poultry_fecal/content (2)/imgSegmentation/salmo/salmo.1600.json,salmo.1600.jpg,salmonella,3,train,1
../../Data/downloads/zenodo_4628934_poultry_fecal/content (2)/imgSegmentation/salmo/salmo.1601.json,salmo.1601.jpg,salmonella,3,train,1
../../Data/downloads/zenodo_4628934_poultry_fecal/content (2)/imgSegmentation/salmo/salmo.1602.json,salmo.1602.jpg,salmonella,3,train,1
../../Data/downloads/zenodo_4628934_poultry_fecal/content (2)/imgSegmentation/salmo/salmo.1603.json,salmo.1603.jpg,salmonella,3,train,1
../../Data/downloads/zenodo_4628934_poultry_fecal/content (2)/imgSegmentation/salmo/salmo.1604.json,salmo.1604.jpg,salmonella,3,val,1
../../Data/downloads/zenodo_4628934_poultry_fecal/content (2)/imgSegmentation/salmo/salmo.1605.json,salmo.1605.jpg,salmonella,3,train,1
../../Data/downloads/zenodo_4628934_poultry_fecal/content (2)/imgSegmentation/salmo/salmo.1606.json,salmo.1606.jpg,salmonella,3,train,1
../../Data/downloads/zenodo_4628934_poultry_fecal/content (2)/imgSegmentation/salmo/salmo.1607.json,salmo.1607.jpg,salmonella,3,train,1
../../Data/downloads/zenodo_4628934_poultry_fecal/content (2)/imgSegmentation/salmo/salmo.1608.json,salmo.1608.jpg,salmonella,3,train,1
../../Data/downloads/zenodo_4628934_poultry_fecal/content (2)/imgSegmentation/salmo/salmo.1609.json,salmo.1609.jpg,salmonella,3,test,1
../../Data/downloads/zenodo_4628934_poultry_fecal/content (2)/imgSegmentation/salmo/salmo.161.json,salmo.161.jpg,salmonella,3,train,1
../../Data/downloads/zenodo_4628934_poultry_fecal/content (2)/imgSegmentation/salmo/salmo.1610.json,salmo.1610.jpg,salmonella,3,train,1
../../Data/downloads/zenodo_4628934_poultry_fecal/content (2)/imgSegmentation/salmo/salmo.1611.json,salmo.1611.jpg,salmonella,3,train,1
../../Data/downloads/zenodo_4628934_poultry_fecal/content (2)/imgSegmentation/salmo/salmo.1612.json,salmo.1612.jpg,salmonella,3,train,1
../../Data/downloads/zenodo_4628934_poultry_fecal/content (2)/imgSegmentation/salmo/salmo.1613.json,salmo.1613.jpg,salmonella,3,train,1
../../Data/downloads/zenodo_4628934_poultry_fecal/content (2)/imgSegmentation/salmo/salmo.1614.json,salmo.1614.jpg,salmonella,3,train,1
../../Data/downloads/zenodo_4628934_poultry_fecal/content (2)/imgSegmentation/salmo/salmo.1615.json,salmo.1615.jpg,salmonella,3,train,1
../../Data/downloads/zenodo_4628934_poultry_fecal/content (2)/imgSegmentation/salmo/salmo.1616.json,salmo.1616.jpg,salmonella,3,train,1
../../Data/downloads/zenodo_4628934_poultry_fecal/content (2)/imgSegmentation/salmo/salmo.1617.json,salmo.1617.jpg,salmonella,3,train,1
../../Data/downloads/zenodo_4628934_poultry_fecal/content (2)/imgSegmentation/salmo/salmo.1618.json,salmo.1618.jpg,salmonella,3,test,1
../../Data/downloads/zenodo_4628934_poultry_fecal/content (2)/imgSegmentation/salmo/salmo.1619.json,salmo.1619.jpg,salmonella,3,train,1
../../Data/downloads/zenodo_4628934_poultry_fecal/content (2)/imgSegmentation/salmo/salmo.162.json,salmo.162.jpg,salmonella,3,train,1
../../Data/downloads/zenodo_4628934_poultry_fecal/content (2)/imgSegmentation/salmo/salmo.1620.json,salmo.1620.jpg,salmonella,3,train,1
../../Data/downloads/zenodo_4628934_poultry_fecal/content (2)/imgSegmentation/salmo/salmo.1621.json,salmo.1621.jpg,salmonella,3,val,1
../../Data/downloads/zenodo_4628934_poultry_fecal/content (2)/imgSegmentation/salmo/salmo.1622.json,salmo.1622.jpg,salmonella,3,train,1
../../Data/downloads/zenodo_4628934_poultry_fecal/content (2)/imgSegmentation/salmo/salmo.1623.json,salmo.1623.jpg,salmonella,3,train,1
../../Data/downloads/zenodo_4628934_poultry_fecal/content (2)/imgSegmentation/salmo/salmo.1624.json,salmo.1624.jpg,salmonella,3,val,1
../../Data/downloads/zenodo_4628934_poultry_fecal/content (2)/imgSegmentation/salmo/salmo.1625.json,salmo.1625.jpg,salmonella,3,test,1
../../Data/downloads/zenodo_4628934_poultry_fecal/content (2)/imgSegmentation/salmo/salmo.1626.json,salmo.1626.jpg,salmonella,3,train,1
../../Data/downloads/zenodo_4628934_poultry_fecal/content (2)/imgSegmentation/salmo/salmo.1627.json,salmo.1627.jpg,salmonella,3,train,1
../../Data/downloads/zenodo_4628934_poultry_fecal/content (2)/imgSegmentation/salmo/salmo.1628.json,salmo.1628.jpg,salmonella,3,val,1
../../Data/downloads/zenodo_4628934_poultry_fecal/content (2)/imgSegmentation/salmo/salmo.1629.json,salmo.1629.jpg,salmonella,3,train,1
../../Data/downloads/zenodo_4628934_poultry_fecal/content (2)/imgSegmentation/salmo/salmo.163.json,salmo.163.jpg,salmonella,3,train,1
../../Data/downloads/zenodo_4628934_poultry_fecal/content (2)/imgSegmentation/salmo/salmo.1630.json,salmo.1630.jpg,salmonella,3,test,1
../../Data/downloads/zenodo_4628934_poultry_fecal/content (2)/imgSegmentation/salmo/salmo.1631.json,salmo.1631.jpg,salmonella,3,train,1
../../Data/downloads/zenodo_4628934_poultry_fecal/content (2)/imgSegmentation/salmo/salmo.1632.json,salmo.1632.jpg,salmonella,3,val,1
../../Data/downloads/zenodo_4628934_poultry_fecal/content (2)/imgSegmentation/salmo/salmo.1633.json,salmo.1633.jpg,salmonella,3,test,1
../../Data/downloads/zenodo_4628934_poultry_fecal/content (2)/imgSegmentation/salmo/salmo.1634.json,salmo.1634.jpg,salmonella,3,train,1
../../Data/downloads/zenodo_4628934_poultry_fecal/content (2)/imgSegmentation/salmo/salmo.1635.json,salmo.1635.jpg,salmonella,3,train,1
../../Data/downloads/zenodo_4628934_poultry_fecal/content (2)/imgSegmentation/salmo/salmo.1636.json,salmo.1636.jpg,salmonella,3,train,1
../../Data/downloads/zenodo_4628934_poultry_fecal/content (2)/imgSegmentation/salmo/salmo.1637.json,salmo.1637.jpg,salmonella,3,train,1
../../Data/downloads/zenodo_4628934_poultry_fecal/content (2)/imgSegmentation/salmo/salmo.1638.json,salmo.1638.jpg,salmonella,3,test,1
../../Data/downloads/zenodo_4628934_poultry_fecal/content (2)/imgSegmentation/salmo/salmo.1639.json,salmo.1639.jpg,salmonella,3,train,1
../../Data/downloads/zenodo_4628934_poultry_fecal/content (2)/imgSegmentation/salmo/salmo.164.json,salmo.164.jpg,salmonella,3,val,1
../../Data/downloads/zenodo_4628934_poultry_fecal/content (2)/imgSegmentation/salmo/salmo.1640.json,salmo.1640.jpg,salmonella,3,train,1
../../Data/downloads/zenodo_4628934_poultry_fecal/content (2)/imgSegmentation/salmo/salmo.1641.json,salmo.1641.jpg,salmonella,3,train,1
../../Data/downloads/zenodo_4628934_poultry_fecal/content (2)/imgSegmentation/salmo/salmo.1642.json,salmo.1642.jpg,salmonella,3,train,1
../../Data/downloads/zenodo_4628934_poultry_fecal/content (2)/imgSegmentation/salmo/salmo.1643.json,salmo.1643.jpg,salmonella,3,train,1
../../Data/downloads/zenodo_4628934_poultry_fecal/content (2)/imgSegmentation/salmo/salmo.1644.json,salmo.1644.jpg,salmonella,3,train,1
../../Data/downloads/zenodo_4628934_poultry_fecal/content (2)/imgSegmentation/salmo/salmo.1645.json,salmo.1645.jpg,salmonella,3,train,1
../../Data/downloads/zenodo_4628934_poultry_fecal/content (2)/imgSegmentation/salmo/salmo.1646.json,salmo.1646.jpg,salmonella,3,train,1
../../Data/downloads/zenodo_4628934_poultry_fecal/content (2)/imgSegmentation/salmo/salmo.1647.json,salmo.1647.jpg,salmonella,3,train,1
../../Data/downloads/zenodo_4628934_poultry_fecal/content (2)/imgSegmentation/salmo/salmo.1648.json,salmo.1648.jpg,salmonella,3,train,1
../../Data/downloads/zenodo_4628934_poultry_fecal/content (2)/imgSegmentation/salmo/salmo.1649.json,salmo.1649.jpg,salmonella,3,train,1
../../Data/downloads/zenodo_4628934_poultry_fecal/content (2)/imgSegmentation/salmo/salmo.165.json,salmo.165.jpg,salmonella,3,train,1
../../Data/downloads/zenodo_4628934_poultry_fecal/content (2)/imgSegmentation/salmo/salmo.1650.json,salmo.1650.jpg,salmonella,3,train,1
../../Data/downloads/zenodo_4628934_poultry_fecal/content (2)/imgSegmentation/salmo/salmo.1651.json,salmo.1651.jpg,salmonella,3,train,1
../../Data/downloads/zenodo_4628934_poultry_fecal/content (2)/imgSegmentation/salmo/salmo.1652.json,salmo.1652.jpg,salmonella,3,train,1
../../Data/downloads/zenodo_4628934_poultry_fecal/content (2)/imgSegmentation/salmo/salmo.1653.json,salmo.1653.jpg,salmonella,3,train,1
../../Data/downloads/zenodo_4628934_poultry_fecal/content (2)/imgSegmentation/salmo/salmo.1654.json,salmo.1654.jpg,salmonella,3,train,1
../../Data/downloads/zenodo_4628934_poultry_fecal/content (2)/imgSegmentation/salmo/salmo.1655.json,salmo.1655.jpg,salmonella,3,train,1
../../Data/downloads/zenodo_4628934_poultry_fecal/content (2)/imgSegmentation/salmo/salmo.1656.json,salmo.1656.jpg,salmonella,3,train,1
../../Data/downloads/zenodo_4628934_poultry_fecal/content (2)/imgSegmentation/salmo/salmo.1657.json,salmo.1657.jpg,salmonella,3,val,1
../../Data/downloads/zenodo_4628934_poultry_fecal/content (2)/imgSegmentation/salmo/salmo.1658.json,salmo.1658.jpg,salmonella,3,val,1
../../Data/downloads/zenodo_4628934_poultry_fecal/content (2)/imgSegmentation/salmo/salmo.1659.json,salmo.1659.jpg,salmonella,3,train,1
../../Data/downloads/zenodo_4628934_poultry_fecal/content (2)/imgSegmentation/salmo/salmo.166.json,salmo.166.jpg,salmonella,3,train,1
../../Data/downloads/zenodo_4628934_poultry_fecal/content (2)/imgSegmentation/salmo/salmo.1660.json,salmo.1660.jpg,salmonella,3,train,1
../../Data/downloads/zenodo_4628934_poultry_fecal/content (2)/imgSegmentation/salmo/salmo.1661.json,salmo.1661.jpg,salmonella,3,train,1
../../Data/downloads/zenodo_4628934_poultry_fecal/content (2)/imgSegmentation/salmo/salmo.1662.json,salmo.1662.jpg,salmonella,3,val,1
../../Data/downloads/zenodo_4628934_poultry_fecal/content (2)/imgSegmentation/salmo/salmo.1663.json,salmo.1663.jpg,salmonella,3,train,1
../../Data/downloads/zenodo_4628934_poultry_fecal/content (2)/imgSegmentation/salmo/salmo.1664.json,salmo.1664.jpg,salmonella,3,train,1
../../Data/downloads/zenodo_4628934_poultry_fecal/content (2)/imgSegmentation/salmo/salmo.1665.json,salmo.1665.jpg,salmonella,3,test,1
../../Data/downloads/zenodo_4628934_poultry_fecal/content (2)/imgSegmentation/salmo/salmo.1666.json,salmo.1666.jpg,salmonella,3,test,1
../../Data/downloads/zenodo_4628934_poultry_fecal/content (2)/imgSegmentation/salmo/salmo.1667.json,salmo.1667.jpg,salmonella,3,train,1
../../Data/downloads/zenodo_4628934_poultry_fecal/content (2)/imgSegmentation/salmo/salmo.1668.json,salmo.1668.jpg,salmonella,3,train,1
../../Data/downloads/zenodo_4628934_poultry_fecal/content (2)/imgSegmentation/salmo/salmo.1669.json,salmo.1669.jpg,salmonella,3,train,1
../../Data/downloads/zenodo_4628934_poultry_fecal/content (2)/imgSegmentation/salmo/salmo.167.json,salmo.167.jpg,salmonella,3,train,1
../../Data/downloads/zenodo_4628934_poultry_fecal/content (2)/imgSegmentation/salmo/salmo.1670.json,salmo.1670.jpg,salmonella,3,train,1
../../Data/downloads/zenodo_4628934_poultry_fecal/content (2)/imgSegmentation/salmo/salmo.1671.json,salmo.1671.jpg,salmonella,3,train,1
../../Data/downloads/zenodo_4628934_poultry_fecal/content (2)/imgSegmentation/salmo/salmo.1672.json,salmo.1672.jpg,salmonella,3,train,1
../../Data/downloads/zenodo_4628934_poultry_fecal/content (2)/imgSegmentation/salmo/salmo.1673.json,salmo.1673.jpg,salmonella,3,train,1
../../Data/downloads/zenodo_4628934_poultry_fecal/content (2)/imgSegmentation/salmo/salmo.1674.json,salmo.1674.jpg,salmonella,3,train,1
../../Data/downloads/zenodo_4628934_poultry_fecal/content (2)/imgSegmentation/salmo/salmo.1675.json,salmo.1675.jpg,salmonella,3,val,1
../../Data/downloads/zenodo_4628934_poultry_fecal/content (2)/imgSegmentation/salmo/salmo.1676.json,salmo.1676.jpg,salmonella,3,train,1
../../Data/downloads/zenodo_4628934_poultry_fecal/content (2)/imgSegmentation/salmo/salmo.1677.json,salmo.1677.jpg,salmonella,3,test,1
../../Data/downloads/zenodo_4628934_poultry_fecal/content (2)/imgSegmentation/salmo/salmo.1678.json,salmo.1678.jpg,salmonella,3,train,1
../../Data/downloads/zenodo_4628934_poultry_fecal/content (2)/imgSegmentation/salmo/salmo.1679.json,salmo.1679.jpg,salmonella,3,train,1
../../Data/downloads/zenodo_4628934_poultry_fecal/content (2)/imgSegmentation/salmo/salmo.168.json,salmo.168.jpg,salmonella,3,train,1
../../Data/downloads/zenodo_4628934_poultry_fecal/content (2)/imgSegmentation/salmo/salmo.1680.json,salmo.1680.jpg,salmonella,3,train,1
../../Data/downloads/zenodo_4628934_poultry_fecal/content (2)/imgSegmentation/salmo/salmo.1681.json,salmo.1681.jpg,salmonella,3,train,1
../../Data/downloads/zenodo_4628934_poultry_fecal/content (2)/imgSegmentation/salmo/salmo.1682.json,salmo.1682.jpg,salmonella,3,train,1
../../Data/downloads/zenodo_4628934_poultry_fecal/content (2)/imgSegmentation/salmo/salmo.1683.json,salmo.1683.jpg,salmonella,3,train,1
../../Data/downloads/zenodo_4628934_poultry_fecal/content (2)/imgSegmentation/salmo/salmo.1684.json,salmo.1684.jpg,salmonella,3,train,1
../../Data/downloads/zenodo_4628934_poultry_fecal/content (2)/imgSegmentation/salmo/salmo.1685.json,salmo.1685.jpg,salmonella,3,train,1
../../Data/downloads/zenodo_4628934_poultry_fecal/content (2)/imgSegmentation/salmo/salmo.1686.json,salmo.1686.jpg,salmonella,3,train,1
../../Data/downloads/zenodo_4628934_poultry_fecal/content (2)/imgSegmentation/salmo/salmo.1687.json,salmo.1687.jpg,salmonella,3,train,1
../../Data/downloads/zenodo_4628934_poultry_fecal/content (2)/imgSegmentation/salmo/salmo.1688.json,salmo.1688.jpg,salmonella,3,train,1
../../Data/downloads/zenodo_4628934_poultry_fecal/content (2)/imgSegmentation/salmo/salmo.1689.json,salmo.1689.jpg,salmonella,3,train,1
../../Data/downloads/zenodo_4628934_poultry_fecal/content (2)/imgSegmentation/salmo/salmo.169.json,salmo.169.jpg,salmonella,3,test,1
../../Data/downloads/zenodo_4628934_poultry_fecal/content (2)/imgSegmentation/salmo/salmo.1690.json,salmo.1690.jpg,salmonella,3,train,1
../../Data/downloads/zenodo_4628934_poultry_fecal/content (2)/imgSegmentation/salmo/salmo.1691.json,salmo.1691.jpg,salmonella,3,train,1
../../Data/downloads/zenodo_4628934_poultry_fecal/content (2)/imgSegmentation/salmo/salmo.1692.json,salmo.1692.jpg,salmonella,3,val,1
../../Data/downloads/zenodo_4628934_poultry_fecal/content (2)/imgSegmentation/salmo/salmo.1693.json,salmo.1693.jpg,salmonella,3,train,1
../../Data/downloads/zenodo_4628934_poultry_fecal/content (2)/imgSegmentation/salmo/salmo.1694.json,salmo.1694.jpg,salmonella,3,train,1
../../Data/downloads/zenodo_4628934_poultry_fecal/content (2)/imgSegmentation/salmo/salmo.1695.json,salmo.1695.jpg,salmonella,3,train,1
../../Data/downloads/zenodo_4628934_poultry_fecal/content (2)/imgSegmentation/salmo/salmo.1696.json,salmo.1696.jpg,salmonella,3,test,1
../../Data/downloads/zenodo_4628934_poultry_fecal/content (2)/imgSegmentation/salmo/salmo.1697.json,salmo.1697.jpg,salmonella,3,train,1
../../Data/downloads/zenodo_4628934_poultry_fecal/content (2)/imgSegmentation/salmo/salmo.1698.json,salmo.1698.jpg,salmonella,3,val,1
../../Data/downloads/zenodo_4628934_poultry_fecal/content (2)/imgSegmentation/salmo/salmo.1699.json,salmo.1699.jpg,salmonella,3,test,1
../../Data/downloads/zenodo_4628934_poultry_fecal/content (2)/imgSegmentation/salmo/salmo.17.json,salmo.17.jpg,salmonella,3,train,1
../../Data/downloads/zenodo_4628934_poultry_fecal/content (2)/imgSegmentation/salmo/salmo.170.json,salmo.170.jpg,salmonella,3,train,1
../../Data/downloads/zenodo_4628934_poultry_fecal/content (2)/imgSegmentation/salmo/salmo.1700.json,salmo.1700.jpg,salmonella,3,train,1
../../Data/downloads/zenodo_4628934_poultry_fecal/content (2)/imgSegmentation/salmo/salmo.1701.json,salmo.1701.jpg,salmonella,3,train,1
../../Data/downloads/zenodo_4628934_poultry_fecal/content (2)/imgSegmentation/salmo/salmo.1702.json,salmo.1702.jpg,salmonella,3,train,1
../../Data/downloads/zenodo_4628934_poultry_fecal/content (2)/imgSegmentation/salmo/salmo.1703.json,salmo.1703.jpg,salmonella,3,train,1
../../Data/downloads/zenodo_4628934_poultry_fecal/content (2)/imgSegmentation/salmo/salmo.1704.json,salmo.1704.jpg,salmonella,3,train,1
../../Data/downloads/zenodo_4628934_poultry_fecal/content (2)/imgSegmentation/salmo/salmo.1705.json,salmo.1705.jpg,salmonella,3,train,1
../../Data/downloads/zenodo_4628934_poultry_fecal/content (2)/imgSegmentation/salmo/salmo.1706.json,salmo.1706.jpg,salmonella,3,train,1
../../Data/downloads/zenodo_4628934_poultry_fecal/content (2)/imgSegmentation/salmo/salmo.1707.json,salmo.1707.jpg,salmonella,3,train,1
../../Data/downloads/zenodo_4628934_poultry_fecal/content (2)/imgSegmentation/salmo/salmo.1708.json,salmo.1708.jpg,salmonella,3,train,1
../../Data/downloads/zenodo_4628934_poultry_fecal/content (2)/imgSegmentation/salmo/salmo.1709.json,salmo.1709.jpg,salmonella,3,train,1
../../Data/downloads/zenodo_4628934_poultry_fecal/content (2)/imgSegmentation/salmo/salmo.171.json,salmo.171.jpg,salmonella,3,val,1
../../Data/downloads/zenodo_4628934_poultry_fecal/content (2)/imgSegmentation/salmo/salmo.1710.json,salmo.1710.jpg,salmonella,3,val,1
../../Data/downloads/zenodo_4628934_poultry_fecal/content (2)/imgSegmentation/salmo/salmo.1711.json,salmo.1711.jpg,salmonella,3,train,1
../../Data/downloads/zenodo_4628934_poultry_fecal/content (2)/imgSegmentation/salmo/salmo.1712.json,salmo.1712.jpg,salmonella,3,train,1
../../Data/downloads/zenodo_4628934_poultry_fecal/content (2)/imgSegmentation/salmo/salmo.1713.json,salmo.1713.jpg,salmonella,3,val,1
../../Data/downloads/zenodo_4628934_poultry_fecal/content (2)/imgSegmentation/salmo/salmo.1714.json,salmo.1714.jpg,salmonella,3,train,1
../../Data/downloads/zenodo_4628934_poultry_fecal/content (2)/imgSegmentation/salmo/salmo.1715.json,salmo.1715.jpg,salmonella,3,test,1
../../Data/downloads/zenodo_4628934_poultry_fecal/content (2)/imgSegmentation/salmo/salmo.1716.json,salmo.1716.jpg,salmonella,3,train,1
../../Data/downloads/zenodo_4628934_poultry_fecal/content (2)/imgSegmentation/salmo/salmo.1717.json,salmo.1717.jpg,salmonella,3,test,1
../../Data/downloads/zenodo_4628934_poultry_fecal/content (2)/imgSegmentation/salmo/salmo.1718.json,salmo.1718.jpg,salmonella,3,train,1
../../Data/downloads/zenodo_4628934_poultry_fecal/content (2)/imgSegmentation/salmo/salmo.1719.json,salmo.1719.jpg,salmonella,3,train,1
../../Data/downloads/zenodo_4628934_poultry_fecal/content (2)/imgSegmentation/salmo/salmo.172.json,salmo.172.jpg,salmonella,3,train,1
../../Data/downloads/zenodo_4628934_poultry_fecal/content (2)/imgSegmentation/salmo/salmo.1720.json,salmo.1720.jpg,salmonella,3,train,1
../../Data/downloads/zenodo_4628934_poultry_fecal/content (2)/imgSegmentation/salmo/salmo.1721.json,salmo.1721.jpg,salmonella,3,val,1
../../Data/downloads/zenodo_4628934_poultry_fecal/content (2)/imgSegmentation/salmo/salmo.1722.json,salmo.1722.jpg,salmonella,3,train,1
../../Data/downloads/zenodo_4628934_poultry_fecal/content (2)/imgSegmentation/salmo/salmo.1723.json,salmo.1723.jpg,salmonella,3,train,1
../../Data/downloads/zenodo_4628934_poultry_fecal/content (2)/imgSegmentation/salmo/salmo.1724.json,salmo.1724.jpg,salmonella,3,train,1
../../Data/downloads/zenodo_4628934_poultry_fecal/content (2)/imgSegmentation/salmo/salmo.1725.json,salmo.1725.jpg,salmonella,3,train,1
../../Data/downloads/zenodo_4628934_poultry_fecal/content (2)/imgSegmentation/salmo/salmo.1726.json,salmo.1726.jpg,salmonella,3,train,1
../../Data/downloads/zenodo_4628934_poultry_fecal/content (2)/imgSegmentation/salmo/salmo.1727.json,salmo.1727.jpg,salmonella,3,train,1
../../Data/downloads/zenodo_4628934_poultry_fecal/content (2)/imgSegmentation/salmo/salmo.1728.json,salmo.1728.jpg,salmonella,3,train,1
../../Data/downloads/zenodo_4628934_poultry_fecal/content (2)/imgSegmentation/salmo/salmo.1729.json,salmo.1729.jpg,salmonella,3,val,1
../../Data/downloads/zenodo_4628934_poultry_fecal/content (2)/imgSegmentation/salmo/salmo.173.json,salmo.173.jpg,salmonella,3,train,1
../../Data/downloads/zenodo_4628934_poultry_fecal/content (2)/imgSegmentation/salmo/salmo.1730.json,salmo.1730.jpg,salmonella,3,test,1
../../Data/downloads/zenodo_4628934_poultry_fecal/content (2)/imgSegmentation/salmo/salmo.1731.json,salmo.1731.jpg,salmonella,3,test,1
../../Data/downloads/zenodo_4628934_poultry_fecal/content (2)/imgSegmentation/salmo/salmo.1732.json,salmo.1732.jpg,salmonella,3,train,1
../../Data/downloads/zenodo_4628934_poultry_fecal/content (2)/imgSegmentation/salmo/salmo.1733.json,salmo.1733.jpg,salmonella,3,train,1
../../Data/downloads/zenodo_4628934_poultry_fecal/content (2)/imgSegmentation/salmo/salmo.1734.json,salmo.1734.jpg,salmonella,3,val,1
../../Data/downloads/zenodo_4628934_poultry_fecal/content (2)/imgSegmentation/salmo/salmo.1735.json,salmo.1735.jpg,salmonella,3,train,1
../../Data/downloads/zenodo_4628934_poultry_fecal/content (2)/imgSegmentation/salmo/salmo.1736.json,salmo.1736.jpg,salmonella,3,train,1
../../Data/downloads/zenodo_4628934_poultry_fecal/content (2)/imgSegmentation/salmo/salmo.1737.json,salmo.1737.jpg,salmonella,3,train,1
../../Data/downloads/zenodo_4628934_poultry_fecal/content (2)/imgSegmentation/salmo/salmo.1738.json,salmo.1738.jpg,salmonella,3,train,1
../../Data/downloads/zenodo_4628934_poultry_fecal/content (2)/imgSegmentation/salmo/salmo.1739.json,salmo.1739.jpg,salmonella,3,train,1
../../Data/downloads/zenodo_4628934_poultry_fecal/content (2)/imgSegmentation/salmo/salmo.174.json,salmo.174.jpg,salmonella,3,train,1
../../Data/downloads/zenodo_4628934_poultry_fecal/content (2)/imgSegmentation/salmo/salmo.1740.json,salmo.1740.jpg,salmonella,3,test,1
../../Data/downloads/zenodo_4628934_poultry_fecal/content (2)/imgSegmentation/salmo/salmo.1741.json,salmo.1741.jpg,salmonella,3,train,1
../../Data/downloads/zenodo_4628934_poultry_fecal/content (2)/imgSegmentation/salmo/salmo.1742.json,salmo.1742.jpg,salmonella,3,test,1
../../Data/downloads/zenodo_4628934_poultry_fecal/content (2)/imgSegmentation/salmo/salmo.1743.json,salmo.1743.jpg,salmonella,3,test,1
../../Data/downloads/zenodo_4628934_poultry_fecal/content (2)/imgSegmentation/salmo/salmo.1744.json,salmo.1744.jpg,salmonella,3,train,1
../../Data/downloads/zenodo_4628934_poultry_fecal/content (2)/imgSegmentation/salmo/salmo.1745.json,salmo.1745.jpg,salmonella,3,train,1
../../Data/downloads/zenodo_4628934_poultry_fecal/content (2)/imgSegmentation/salmo/salmo.1746.json,salmo.1746.jpg,salmonella,3,train,1
../../Data/downloads/zenodo_4628934_poultry_fecal/content (2)/imgSegmentation/salmo/salmo.1747.json,salmo.1747.jpg,salmonella,3,train,1
../../Data/downloads/zenodo_4628934_poultry_fecal/content (2)/imgSegmentation/salmo/salmo.1748.json,salmo.1748.jpg,salmonella,3,train,1
../../Data/downloads/zenodo_4628934_poultry_fecal/content (2)/imgSegmentation/salmo/salmo.1749.json,salmo.1749.jpg,salmonella,3,train,1
../../Data/downloads/zenodo_4628934_poultry_fecal/content (2)/imgSegmentation/salmo/salmo.175.json,salmo.175.jpg,salmonella,3,train,1
../../Data/downloads/zenodo_4628934_poultry_fecal/content (2)/imgSegmentation/salmo/salmo.1750.json,salmo.1750.jpg,salmonella,3,train,1
../../Data/downloads/zenodo_4628934_poultry_fecal/content (2)/imgSegmentation/salmo/salmo.1751.json,salmo.1751.jpg,salmonella,3,train,1
../../Data/downloads/zenodo_4628934_poultry_fecal/content (2)/imgSegmentation/salmo/salmo.1752.json,salmo.1752.jpg,salmonella,3,train,1
../../Data/downloads/zenodo_4628934_poultry_fecal/content (2)/imgSegmentation/salmo/salmo.1753.json,salmo.1753.jpg,salmonella,3,train,1
../../Data/downloads/zenodo_4628934_poultry_fecal/content (2)/imgSegmentation/salmo/salmo.1754.json,salmo.1754.jpg,salmonella,3,test,1
../../Data/downloads/zenodo_4628934_poultry_fecal/content (2)/imgSegmentation/salmo/salmo.1755.json,salmo.1755.jpg,salmonella,3,train,1
../../Data/downloads/zenodo_4628934_poultry_fecal/content (2)/imgSegmentation/salmo/salmo.1756.json,salmo.1756.jpg,salmonella,3,train,1
../../Data/downloads/zenodo_4628934_poultry_fecal/content (2)/imgSegmentation/salmo/salmo.1757.json,salmo.1757.jpg,salmonella,3,train,1
../../Data/downloads/zenodo_4628934_poultry_fecal/content (2)/imgSegmentation/salmo/salmo.1758.json,salmo.1758.jpg,salmonella,3,train,1
../../Data/downloads/zenodo_4628934_poultry_fecal/content (2)/imgSegmentation/salmo/salmo.1759.json,salmo.1759.jpg,salmonella,3,test,1
../../Data/downloads/zenodo_4628934_poultry_fecal/content (2)/imgSegmentation/salmo/salmo.176.json,salmo.176.jpg,salmonella,3,train,1
../../Data/downloads/zenodo_4628934_poultry_fecal/content (2)/imgSegmentation/salmo/salmo.1760.json,salmo.1760.jpg,salmonella,3,train,1
../../Data/downloads/zenodo_4628934_poultry_fecal/content (2)/imgSegmentation/salmo/salmo.1761.json,salmo.1761.jpg,salmonella,3,train,1
../../Data/downloads/zenodo_4628934_poultry_fecal/content (2)/imgSegmentation/salmo/salmo.1762.json,salmo.1762.jpg,salmonella,3,train,1
../../Data/downloads/zenodo_4628934_poultry_fecal/content (2)/imgSegmentation/salmo/salmo.1763.json,salmo.1763.jpg,salmonella,3,val,1
../../Data/downloads/zenodo_4628934_poultry_fecal/content (2)/imgSegmentation/salmo/salmo.1764.json,salmo.1764.jpg,salmonella,3,test,1
../../Data/downloads/zenodo_4628934_poultry_fecal/content (2)/imgSegmentation/salmo/salmo.1765.json,salmo.1765.jpg,salmonella,3,val,1
../../Data/downloads/zenodo_4628934_poultry_fecal/content (2)/imgSegmentation/salmo/salmo.1766.json,salmo.1766.jpg,salmonella,3,train,1
../../Data/downloads/zenodo_4628934_poultry_fecal/content (2)/imgSegmentation/salmo/salmo.1767.json,salmo.1767.jpg,salmonella,3,train,1
../../Data/downloads/zenodo_4628934_poultry_fecal/content (2)/imgSegmentation/salmo/salmo.1768.json,salmo.1768.jpg,salmonella,3,test,1
../../Data/downloads/zenodo_4628934_poultry_fecal/content (2)/imgSegmentation/salmo/salmo.1769.json,salmo.1769.jpg,salmonella,3,test,1
../../Data/downloads/zenodo_4628934_poultry_fecal/content (2)/imgSegmentation/salmo/salmo.177.json,salmo.177.jpg,salmonella,3,test,1
../../Data/downloads/zenodo_4628934_poultry_fecal/content (2)/imgSegmentation/salmo/salmo.1770.json,salmo.1770.jpg,salmonella,3,train,1
../../Data/downloads/zenodo_4628934_poultry_fecal/content (2)/imgSegmentation/salmo/salmo.1771.json,salmo.1771.jpg,salmonella,3,val,1
../../Data/downloads/zenodo_4628934_poultry_fecal/content (2)/imgSegmentation/salmo/salmo.1772.json,salmo.1772.jpg,salmonella,3,train,1
../../Data/downloads/zenodo_4628934_poultry_fecal/content (2)/imgSegmentation/salmo/salmo.1773.json,salmo.1773.jpg,salmonella,3,val,1
../../Data/downloads/zenodo_4628934_poultry_fecal/content (2)/imgSegmentation/salmo/salmo.1774.json,salmo.1774.jpg,salmonella,3,train,1
../../Data/downloads/zenodo_4628934_poultry_fecal/content (2)/imgSegmentation/salmo/salmo.1775.json,salmo.1775.jpg,salmonella,3,train,1
../../Data/downloads/zenodo_4628934_poultry_fecal/content (2)/imgSegmentation/salmo/salmo.1776.json,salmo.1776.jpg,salmonella,3,train,1
../../Data/downloads/zenodo_4628934_poultry_fecal/content (2)/imgSegmentation/salmo/salmo.1777.json,salmo.1777.jpg,salmonella,3,train,1
../../Data/downloads/zenodo_4628934_poultry_fecal/content (2)/imgSegmentation/salmo/salmo.1778.json,salmo.1778.jpg,salmonella,3,train,1
../../Data/downloads/zenodo_4628934_poultry_fecal/content (2)/imgSegmentation/salmo/salmo.1779.json,salmo.1779.jpg,salmonella,3,train,1
../../Data/downloads/zenodo_4628934_poultry_fecal/content (2)/imgSegmentation/salmo/salmo.178.json,salmo.178.jpg,salmonella,3,train,1
../../Data/downloads/zenodo_4628934_poultry_fecal/content (2)/imgSegmentation/salmo/salmo.1780.json,salmo.1780.jpg,salmonella,3,val,1
../../Data/downloads/zenodo_4628934_poultry_fecal/content (2)/imgSegmentation/salmo/salmo.1781.json,salmo.1781.jpg,salmonella,3,train,1
../../Data/downloads/zenodo_4628934_poultry_fecal/content (2)/imgSegmentation/salmo/salmo.1782.json,salmo.1782.jpg,salmonella,3,train,1
../../Data/downloads/zenodo_4628934_poultry_fecal/content (2)/imgSegmentation/salmo/salmo.1783.json,salmo.1783.jpg,salmonella,3,train,1
../../Data/downloads/zenodo_4628934_poultry_fecal/content (2)/imgSegmentation/salmo/salmo.1784.json,salmo.1784.jpg,salmonella,3,train,1
../../Data/downloads/zenodo_4628934_poultry_fecal/content (2)/imgSegmentation/salmo/salmo.1785.json,salmo.1785.jpg,salmonella,3,val,1
../../Data/downloads/zenodo_4628934_poultry_fecal/content (2)/imgSegmentation/salmo/salmo.1786.json,salmo.1786.jpg,salmonella,3,val,1
../../Data/downloads/zenodo_4628934_poultry_fecal/content (2)/imgSegmentation/salmo/salmo.1787.json,salmo.1787.jpg,salmonella,3,train,1
../../Data/downloads/zenodo_4628934_poultry_fecal/content (2)/imgSegmentation/salmo/salmo.1788.json,salmo.1788.jpg,salmonella,3,train,1
../../Data/downloads/zenodo_4628934_poultry_fecal/content (2)/imgSegmentation/salmo/salmo.1789.json,salmo.1789.jpg,salmonella,3,train,1
../../Data/downloads/zenodo_4628934_poultry_fecal/content (2)/imgSegmentation/salmo/salmo.179.json,salmo.179.jpg,salmonella,3,train,1
../../Data/downloads/zenodo_4628934_poultry_fecal/content (2)/imgSegmentation/salmo/salmo.1790.json,salmo.1790.jpg,salmonella,3,train,1
../../Data/downloads/zenodo_4628934_poultry_fecal/content (2)/imgSegmentation/salmo/salmo.1791.json,salmo.1791.jpg,salmonella,3,val,1
../../Data/downloads/zenodo_4628934_poultry_fecal/content (2)/imgSegmentation/salmo/salmo.1792.json,salmo.1792.jpg,salmonella,3,train,1
../../Data/downloads/zenodo_4628934_poultry_fecal/content (2)/imgSegmentation/salmo/salmo.1793.json,salmo.1793.jpg,salmonella,3,train,1
../../Data/downloads/zenodo_4628934_poultry_fecal/content (2)/imgSegmentation/salmo/salmo.1794.json,salmo.1794.jpg,salmonella,3,train,1
../../Data/downloads/zenodo_4628934_poultry_fecal/content (2)/imgSegmentation/salmo/salmo.1795.json,salmo.1795.jpg,salmonella,3,train,1
../../Data/downloads/zenodo_4628934_poultry_fecal/content (2)/imgSegmentation/salmo/salmo.1796.json,salmo.1796.jpg,salmonella,3,val,1
../../Data/downloads/zenodo_4628934_poultry_fecal/content (2)/imgSegmentation/salmo/salmo.1797.json,salmo.1797.jpg,salmonella,3,test,1
../../Data/downloads/zenodo_4628934_poultry_fecal/content (2)/imgSegmentation/salmo/salmo.1798.json,salmo.1798.jpg,salmonella,3,train,1
../../Data/downloads/zenodo_4628934_poultry_fecal/content (2)/imgSegmentation/salmo/salmo.1799.json,salmo.1799.jpg,salmonella,3,train,1
../../Data/downloads/zenodo_4628934_poultry_fecal/content (2)/imgSegmentation/salmo/salmo.18.json,salmo.18.jpg,salmonella,3,train,1
../../Data/downloads/zenodo_4628934_poultry_fecal/content (2)/imgSegmentation/salmo/salmo.180.json,salmo.180.jpg,salmonella,3,val,1
../../Data/downloads/zenodo_4628934_poultry_fecal/content (2)/imgSegmentation/salmo/salmo.1800.json,salmo.1800.jpg,salmonella,3,train,1
../../Data/downloads/zenodo_4628934_poultry_fecal/content (2)/imgSegmentation/salmo/salmo.1801.json,salmo.1801.jpg,salmonella,3,test,1
../../Data/downloads/zenodo_4628934_poultry_fecal/content (2)/imgSegmentation/salmo/salmo.1802.json,salmo.1802.jpg,salmonella,3,test,1
../../Data/downloads/zenodo_4628934_poultry_fecal/content (2)/imgSegmentation/salmo/salmo.1803.json,salmo.1803.jpg,salmonella,3,train,1
../../Data/downloads/zenodo_4628934_poultry_fecal/content (2)/imgSegmentation/salmo/salmo.1804.json,salmo.1804.jpg,salmonella,3,test,1
../../Data/downloads/zenodo_4628934_poultry_fecal/content (2)/imgSegmentation/salmo/salmo.1805.json,salmo.1805.jpg,salmonella,3,train,1
../../Data/downloads/zenodo_4628934_poultry_fecal/content (2)/imgSegmentation/salmo/salmo.1806.json,salmo.1806.jpg,salmonella,3,test,1
../../Data/downloads/zenodo_4628934_poultry_fecal/content (2)/imgSegmentation/salmo/salmo.1807.json,salmo.1807.jpg,salmonella,3,train,1
../../Data/downloads/zenodo_4628934_poultry_fecal/content (2)/imgSegmentation/salmo/salmo.1808.json,salmo.1808.jpg,salmonella,3,val,1
../../Data/downloads/zenodo_4628934_poultry_fecal/content (2)/imgSegmentation/salmo/salmo.1809.json,salmo.1809.jpg,salmonella,3,train,1
../../Data/downloads/zenodo_4628934_poultry_fecal/content (2)/imgSegmentation/salmo/salmo.181.json,salmo.181.jpg,salmonella,3,val,1
../../Data/downloads/zenodo_4628934_poultry_fecal/content (2)/imgSegmentation/salmo/salmo.1810.json,salmo.1810.jpg,salmonella,3,val,1
../../Data/downloads/zenodo_4628934_poultry_fecal/content (2)/imgSegmentation/salmo/salmo.1811.json,salmo.1811.jpg,salmonella,3,test,1
../../Data/downloads/zenodo_4628934_poultry_fecal/content (2)/imgSegmentation/salmo/salmo.1812.json,salmo.1812.jpg,salmonella,3,val,1
../../Data/downloads/zenodo_4628934_poultry_fecal/content (2)/imgSegmentation/salmo/salmo.1813.json,salmo.1813.jpg,salmonella,3,train,1
../../Data/downloads/zenodo_4628934_poultry_fecal/content (2)/imgSegmentation/salmo/salmo.1814.json,salmo.1814.jpg,salmonella,3,train,1
../../Data/downloads/zenodo_4628934_poultry_fecal/content (2)/imgSegmentation/salmo/salmo.1815.json,salmo.1815.jpg,salmonella,3,train,1
../../Data/downloads/zenodo_4628934_poultry_fecal/content (2)/imgSegmentation/salmo/salmo.1816.json,salmo.1816.jpg,salmonella,3,train,1
../../Data/downloads/zenodo_4628934_poultry_fecal/content (2)/imgSegmentation/salmo/salmo.1817.json,salmo.1817.jpg,salmonella,3,train,1
../../Data/downloads/zenodo_4628934_poultry_fecal/content (2)/imgSegmentation/salmo/salmo.1818.json,salmo.1818.jpg,salmonella,3,val,1
../../Data/downloads/zenodo_4628934_poultry_fecal/content (2)/imgSegmentation/salmo/salmo.1819.json,salmo.1819.jpg,salmonella,3,train,1
../../Data/downloads/zenodo_4628934_poultry_fecal/content (2)/imgSegmentation/salmo/salmo.182.json,salmo.182.jpg,salmonella,3,test,1
../../Data/downloads/zenodo_4628934_poultry_fecal/content (2)/imgSegmentation/salmo/salmo.1820.json,salmo.1820.jpg,salmonella,3,train,1
../../Data/downloads/zenodo_4628934_poultry_fecal/content (2)/imgSegmentation/salmo/salmo.1821.json,salmo.1821.jpg,salmonella,3,train,1
../../Data/downloads/zenodo_4628934_poultry_fecal/content (2)/imgSegmentation/salmo/salmo.1822.json,salmo.1822.jpg,salmonella,3,train,1
../../Data/downloads/zenodo_4628934_poultry_fecal/content (2)/imgSegmentation/salmo/salmo.1823.json,salmo.1823.jpg,salmonella,3,train,1
../../Data/downloads/zenodo_4628934_poultry_fecal/content (2)/imgSegmentation/salmo/salmo.1824.json,salmo.1824.jpg,salmonella,3,train,1
../../Data/downloads/zenodo_4628934_poultry_fecal/content (2)/imgSegmentation/salmo/salmo.1825.json,salmo.1825.jpg,salmonella,3,train,1
../../Data/downloads/zenodo_4628934_poultry_fecal/content (2)/imgSegmentation/salmo/salmo.1826.json,salmo.1826.jpg,salmonella,3,train,1
../../Data/downloads/zenodo_4628934_poultry_fecal/content (2)/imgSegmentation/salmo/salmo.1827.json,salmo.1827.jpg,salmonella,3,train,1
../../Data/downloads/zenodo_4628934_poultry_fecal/content (2)/imgSegmentation/salmo/salmo.1828.json,salmo.1828.jpg,salmonella,3,test,1
../../Data/downloads/zenodo_4628934_poultry_fecal/content (2)/imgSegmentation/salmo/salmo.1829.json,salmo.1829.jpg,salmonella,3,train,1
../../Data/downloads/zenodo_4628934_poultry_fecal/content (2)/imgSegmentation/salmo/salmo.183.json,salmo.183.jpg,salmonella,3,test,1
../../Data/downloads/zenodo_4628934_poultry_fecal/content (2)/imgSegmentation/salmo/salmo.1830.json,salmo.1830.jpg,salmonella,3,train,1
../../Data/downloads/zenodo_4628934_poultry_fecal/content (2)/imgSegmentation/salmo/salmo.1831.json,salmo.1831.jpg,salmonella,3,train,1
../../Data/downloads/zenodo_4628934_poultry_fecal/content (2)/imgSegmentation/salmo/salmo.1832.json,salmo.1832.jpg,salmonella,3,train,1
../../Data/downloads/zenodo_4628934_poultry_fecal/content (2)/imgSegmentation/salmo/salmo.1833.json,salmo.1833.jpg,salmonella,3,val,1
../../Data/downloads/zenodo_4628934_poultry_fecal/content (2)/imgSegmentation/salmo/salmo.1834.json,salmo.1834.jpg,salmonella,3,train,1
../../Data/downloads/zenodo_4628934_poultry_fecal/content (2)/imgSegmentation/salmo/salmo.1835.json,salmo.1835.jpg,salmonella,3,train,1
../../Data/downloads/zenodo_4628934_poultry_fecal/content (2)/imgSegmentation/salmo/salmo.1836.json,salmo.1836.jpg,salmonella,3,test,1
../../Data/downloads/zenodo_4628934_poultry_fecal/content (2)/imgSegmentation/salmo/salmo.1837.json,salmo.1837.jpg,salmonella,3,train,1
../../Data/downloads/zenodo_4628934_poultry_fecal/content (2)/imgSegmentation/salmo/salmo.1838.json,salmo.1838.jpg,salmonella,3,train,1
../../Data/downloads/zenodo_4628934_poultry_fecal/content (2)/imgSegmentation/salmo/salmo.1839.json,salmo.1839.jpg,salmonella,3,train,1
../../Data/downloads/zenodo_4628934_poultry_fecal/content (2)/imgSegmentation/salmo/salmo.184.json,salmo.184.jpg,salmonella,3,test,1
../../Data/downloads/zenodo_4628934_poultry_fecal/content (2)/imgSegmentation/salmo/salmo.1840.json,salmo.1840.jpg,salmonella,3,train,1
../../Data/downloads/zenodo_4628934_poultry_fecal/content (2)/imgSegmentation/salmo/salmo.1841.json,salmo.1841.jpg,salmonella,3,train,1
../../Data/downloads/zenodo_4628934_poultry_fecal/content (2)/imgSegmentation/salmo/salmo.1842.json,salmo.1842.jpg,salmonella,3,train,1
../../Data/downloads/zenodo_4628934_poultry_fecal/content (2)/imgSegmentation/salmo/salmo.1843.json,salmo.1843.jpg,salmonella,3,test,1
../../Data/downloads/zenodo_4628934_poultry_fecal/content (2)/imgSegmentation/salmo/salmo.1844.json,salmo.1844.jpg,salmonella,3,train,1
../../Data/downloads/zenodo_4628934_poultry_fecal/content (2)/imgSegmentation/salmo/salmo.1845.json,salmo.1845.jpg,salmonella,3,train,1
../../Data/downloads/zenodo_4628934_poultry_fecal/content (2)/imgSegmentation/salmo/salmo.1846.json,salmo.1846.jpg,salmonella,3,train,1
../../Data/downloads/zenodo_4628934_poultry_fecal/content (2)/imgSegmentation/salmo/salmo.1847.json,salmo.1847.jpg,salmonella,3,train,1
../../Data/downloads/zenodo_4628934_poultry_fecal/content (2)/imgSegmentation/salmo/salmo.1848.json,salmo.1848.jpg,salmonella,3,train,1
../../Data/downloads/zenodo_4628934_poultry_fecal/content (2)/imgSegmentation/salmo/salmo.1849.json,salmo.1849.jpg,salmonella,3,train,1
../../Data/downloads/zenodo_4628934_poultry_fecal/content (2)/imgSegmentation/salmo/salmo.185.json,salmo.185.jpg,salmonella,3,train,1
../../Data/downloads/zenodo_4628934_poultry_fecal/content (2)/imgSegmentation/salmo/salmo.1850.json,salmo.1850.jpg,salmonella,3,train,1
../../Data/downloads/zenodo_4628934_poultry_fecal/content (2)/imgSegmentation/salmo/salmo.1851.json,salmo.1851.jpg,salmonella,3,train,1
../../Data/downloads/zenodo_4628934_poultry_fecal/content (2)/imgSegmentation/salmo/salmo.1852.json,salmo.1852.jpg,salmonella,3,train,1
../../Data/downloads/zenodo_4628934_poultry_fecal/content (2)/imgSegmentation/salmo/salmo.1853.json,salmo.1853.jpg,salmonella,3,train,1
../../Data/downloads/zenodo_4628934_poultry_fecal/content (2)/imgSegmentation/salmo/salmo.1854.json,salmo.1854.jpg,salmonella,3,train,1
../../Data/downloads/zenodo_4628934_poultry_fecal/content (2)/imgSegmentation/salmo/salmo.1855.json,salmo.1855.jpg,salmonella,3,train,1
../../Data/downloads/zenodo_4628934_poultry_fecal/content (2)/imgSegmentation/salmo/salmo.1856.json,salmo.1856.jpg,salmonella,3,train,1
../../Data/downloads/zenodo_4628934_poultry_fecal/content (2)/imgSegmentation/salmo/salmo.1857.json,salmo.1857.jpg,salmonella,3,train,1
../../Data/downloads/zenodo_4628934_poultry_fecal/content (2)/imgSegmentation/salmo/salmo.1858.json,salmo.1858.jpg,salmonella,3,train,1
../../Data/downloads/zenodo_4628934_poultry_fecal/content (2)/imgSegmentation/salmo/salmo.1859.json,salmo.1859.jpg,salmonella,3,test,1
../../Data/downloads/zenodo_4628934_poultry_fecal/content (2)/imgSegmentation/salmo/salmo.186.json,salmo.186.jpg,salmonella,3,val,1
../../Data/downloads/zenodo_4628934_poultry_fecal/content (2)/imgSegmentation/salmo/salmo.1860.json,salmo.1860.jpg,salmonella,3,train,1
../../Data/downloads/zenodo_4628934_poultry_fecal/content (2)/imgSegmentation/salmo/salmo.1861.json,salmo.1861.jpg,salmonella,3,train,1
../../Data/downloads/zenodo_4628934_poultry_fecal/content (2)/imgSegmentation/salmo/salmo.1862.json,salmo.1862.jpg,salmonella,3,train,1
../../Data/downloads/zenodo_4628934_poultry_fecal/content (2)/imgSegmentation/salmo/salmo.1863.json,salmo.1863.jpg,salmonella,3,train,1
../../Data/downloads/zenodo_4628934_poultry_fecal/content (2)/imgSegmentation/salmo/salmo.1864.json,salmo.1864.jpg,salmonella,3,val,1
../../Data/downloads/zenodo_4628934_poultry_fecal/content (2)/imgSegmentation/salmo/salmo.1865.json,salmo.1865.jpg,salmonella,3,train,1
../../Data/downloads/zenodo_4628934_poultry_fecal/content (2)/imgSegmentation/salmo/salmo.1866.json,salmo.1866.jpg,salmonella,3,train,1
../../Data/downloads/zenodo_4628934_poultry_fecal/content (2)/imgSegmentation/salmo/salmo.1867.json,salmo.1867.jpg,salmonella,3,train,1
../../Data/downloads/zenodo_4628934_poultry_fecal/content (2)/imgSegmentation/salmo/salmo.1868.json,salmo.1868.jpg,salmonella,3,train,1
../../Data/downloads/zenodo_4628934_poultry_fecal/content (2)/imgSegmentation/salmo/salmo.1869.json,salmo.1869.jpg,salmonella,3,test,1
../../Data/downloads/zenodo_4628934_poultry_fecal/content (2)/imgSegmentation/salmo/salmo.187.json,salmo.187.jpg,salmonella,3,val,1
../../Data/downloads/zenodo_4628934_poultry_fecal/content (2)/imgSegmentation/salmo/salmo.1870.json,salmo.1870.jpg,salmonella,3,train,1
../../Data/downloads/zenodo_4628934_poultry_fecal/content (2)/imgSegmentation/salmo/salmo.1871.json,salmo.1871.jpg,salmonella,3,train,1
../../Data/downloads/zenodo_4628934_poultry_fecal/content (2)/imgSegmentation/salmo/salmo.1872.json,salmo.1872.jpg,salmonella,3,train,1
../../Data/downloads/zenodo_4628934_poultry_fecal/content (2)/imgSegmentation/salmo/salmo.1873.json,salmo.1873.jpg,salmonella,3,test,1
../../Data/downloads/zenodo_4628934_poultry_fecal/content (2)/imgSegmentation/salmo/salmo.1874.json,salmo.1874.jpg,salmonella,3,val,1
../../Data/downloads/zenodo_4628934_poultry_fecal/content (2)/imgSegmentation/salmo/salmo.1875.json,salmo.1875.jpg,salmonella,3,test,1
../../Data/downloads/zenodo_4628934_poultry_fecal/content (2)/imgSegmentation/salmo/salmo.1876.json,salmo.1876.jpg,salmonella,3,train,1
../../Data/downloads/zenodo_4628934_poultry_fecal/content (2)/imgSegmentation/salmo/salmo.1877.json,salmo.1877.jpg,salmonella,3,train,1
../../Data/downloads/zenodo_4628934_poultry_fecal/content (2)/imgSegmentation/salmo/salmo.1878.json,salmo.1878.jpg,salmonella,3,train,1
../../Data/downloads/zenodo_4628934_poultry_fecal/content (2)/imgSegmentation/salmo/salmo.1879.json,salmo.1879.jpg,salmonella,3,train,1
../../Data/downloads/zenodo_4628934_poultry_fecal/content (2)/imgSegmentation/salmo/salmo.188.json,salmo.188.jpg,salmonella,3,train,1
../../Data/downloads/zenodo_4628934_poultry_fecal/content (2)/imgSegmentation/salmo/salmo.1880.json,salmo.1880.jpg,salmonella,3,val,1
../../Data/downloads/zenodo_4628934_poultry_fecal/content (2)/imgSegmentation/salmo/salmo.1881.json,salmo.1881.jpg,salmonella,3,train,1
../../Data/downloads/zenodo_4628934_poultry_fecal/content (2)/imgSegmentation/salmo/salmo.1882.json,salmo.1882.jpg,salmonella,3,train,1
../../Data/downloads/zenodo_4628934_poultry_fecal/content (2)/imgSegmentation/salmo/salmo.1883.json,salmo.1883.jpg,salmonella,3,test,1
../../Data/downloads/zenodo_4628934_poultry_fecal/content (2)/imgSegmentation/salmo/salmo.1884.json,salmo.1884.jpg,salmonella,3,test,1
../../Data/downloads/zenodo_4628934_poultry_fecal/content (2)/imgSegmentation/salmo/salmo.1885.json,salmo.1885.jpg,salmonella,3,test,1
../../Data/downloads/zenodo_4628934_poultry_fecal/content (2)/imgSegmentation/salmo/salmo.1886.json,salmo.1886.jpg,salmonella,3,train,1
../../Data/downloads/zenodo_4628934_poultry_fecal/content (2)/imgSegmentation/salmo/salmo.1887.json,salmo.1887.jpg,salmonella,3,train,1
../../Data/downloads/zenodo_4628934_poultry_fecal/content (2)/imgSegmentation/salmo/salmo.1888.json,salmo.1888.jpg,salmonella,3,test,1
../../Data/downloads/zenodo_4628934_poultry_fecal/content (2)/imgSegmentation/salmo/salmo.1889.json,salmo.1889.jpg,salmonella,3,val,1
../../Data/downloads/zenodo_4628934_poultry_fecal/content (2)/imgSegmentation/salmo/salmo.189.json,salmo.189.jpg,salmonella,3,train,1
../../Data/downloads/zenodo_4628934_poultry_fecal/content (2)/imgSegmentation/salmo/salmo.1890.json,salmo.1890.jpg,salmonella,3,train,1
../../Data/downloads/zenodo_4628934_poultry_fecal/content (2)/imgSegmentation/salmo/salmo.1891.json,salmo.1891.jpg,salmonella,3,train,1
../../Data/downloads/zenodo_4628934_poultry_fecal/content (2)/imgSegmentation/salmo/salmo.1892.json,salmo.1892.jpg,salmonella,3,train,1
../../Data/downloads/zenodo_4628934_poultry_fecal/content (2)/imgSegmentation/salmo/salmo.1893.json,salmo.1893.jpg,salmonella,3,train,1
../../Data/downloads/zenodo_4628934_poultry_fecal/content (2)/imgSegmentation/salmo/salmo.1894.json,salmo.1894.jpg,salmonella,3,train,1
../../Data/downloads/zenodo_4628934_poultry_fecal/content (2)/imgSegmentation/salmo/salmo.1895.json,salmo.1895.jpg,salmonella,3,val,1
../../Data/downloads/zenodo_4628934_poultry_fecal/content (2)/imgSegmentation/salmo/salmo.1896.json,salmo.1896.jpg,salmonella,3,test,1
../../Data/downloads/zenodo_4628934_poultry_fecal/content (2)/imgSegmentation/salmo/salmo.1897.json,salmo.1897.jpg,salmonella,3,test,1
../../Data/downloads/zenodo_4628934_poultry_fecal/content (2)/imgSegmentation/salmo/salmo.1898.json,salmo.1898.jpg,salmonella,3,train,1
../../Data/downloads/zenodo_4628934_poultry_fecal/content (2)/imgSegmentation/salmo/salmo.1899.json,salmo.1899.jpg,salmonella,3,train,1
../../Data/downloads/zenodo_4628934_poultry_fecal/content (2)/imgSegmentation/salmo/salmo.19.json,salmo.19.jpg,salmonella,3,train,1
../../Data/downloads/zenodo_4628934_poultry_fecal/content (2)/imgSegmentation/salmo/salmo.190.json,salmo.190.jpg,salmonella,3,train,1
../../Data/downloads/zenodo_4628934_poultry_fecal/content (2)/imgSegmentation/salmo/salmo.1900.json,salmo.1900.jpg,salmonella,3,train,1
../../Data/downloads/zenodo_4628934_poultry_fecal/content (2)/imgSegmentation/salmo/salmo.1901.json,salmo.1901.jpg,salmonella,3,test,1
../../Data/downloads/zenodo_4628934_poultry_fecal/content (2)/imgSegmentation/salmo/salmo.1902.json,salmo.1902.jpg,salmonella,3,train,1
../../Data/downloads/zenodo_4628934_poultry_fecal/content (2)/imgSegmentation/salmo/salmo.1903.json,salmo.1903.jpg,salmonella,3,train,1
../../Data/downloads/zenodo_4628934_poultry_fecal/content (2)/imgSegmentation/salmo/salmo.1904.json,salmo.1904.jpg,salmonella,3,train,1
../../Data/downloads/zenodo_4628934_poultry_fecal/content (2)/imgSegmentation/salmo/salmo.1905.json,salmo.1905.jpg,salmonella,3,train,1
../../Data/downloads/zenodo_4628934_poultry_fecal/content (2)/imgSegmentation/salmo/salmo.1906.json,salmo.1906.jpg,salmonella,3,train,1
../../Data/downloads/zenodo_4628934_poultry_fecal/content (2)/imgSegmentation/salmo/salmo.1907.json,salmo.1907.jpg,salmonella,3,val,1
../../Data/downloads/zenodo_4628934_poultry_fecal/content (2)/imgSegmentation/salmo/salmo.1908.json,salmo.1908.jpg,salmonella,3,val,1
../../Data/downloads/zenodo_4628934_poultry_fecal/content (2)/imgSegmentation/salmo/salmo.1909.json,salmo.1909.jpg,salmonella,3,train,1
../../Data/downloads/zenodo_4628934_poultry_fecal/content (2)/imgSegmentation/salmo/salmo.191.json,salmo.191.jpg,salmonella,3,test,1
../../Data/downloads/zenodo_4628934_poultry_fecal/content (2)/imgSegmentation/salmo/salmo.1910.json,salmo.1910.jpg,salmonella,3,train,1
../../Data/downloads/zenodo_4628934_poultry_fecal/content (2)/imgSegmentation/salmo/salmo.1911.json,salmo.1911.jpg,salmonella,3,train,1
../../Data/downloads/zenodo_4628934_poultry_fecal/content (2)/imgSegmentation/salmo/salmo.1912.json,salmo.1912.jpg,salmonella,3,train,1
../../Data/downloads/zenodo_4628934_poultry_fecal/content (2)/imgSegmentation/salmo/salmo.1913.json,salmo.1913.jpg,salmonella,3,train,1
../../Data/downloads/zenodo_4628934_poultry_fecal/content (2)/imgSegmentation/salmo/salmo.1914.json,salmo.1914.jpg,salmonella,3,val,1
../../Data/downloads/zenodo_4628934_poultry_fecal/content (2)/imgSegmentation/salmo/salmo.1915.json,salmo.1915.jpg,salmonella,3,train,1
../../Data/downloads/zenodo_4628934_poultry_fecal/content (2)/imgSegmentation/salmo/salmo.1916.json,salmo.1916.jpg,salmonella,3,train,1
../../Data/downloads/zenodo_4628934_poultry_fecal/content (2)/imgSegmentation/salmo/salmo.1917.json,salmo.1917.jpg,salmonella,3,train,1
../../Data/downloads/zenodo_4628934_poultry_fecal/content (2)/imgSegmentation/salmo/salmo.1918.json,salmo.1918.jpg,salmonella,3,test,1
../../Data/downloads/zenodo_4628934_poultry_fecal/content (2)/imgSegmentation/salmo/salmo.1919.json,salmo.1919.jpg,salmonella,3,train,1
../../Data/downloads/zenodo_4628934_poultry_fecal/content (2)/imgSegmentation/salmo/salmo.192.json,salmo.192.jpg,salmonella,3,train,1
../../Data/downloads/zenodo_4628934_poultry_fecal/content (2)/imgSegmentation/salmo/salmo.1920.json,salmo.1920.jpg,salmonella,3,train,1
../../Data/downloads/zenodo_4628934_poultry_fecal/content (2)/imgSegmentation/salmo/salmo.1921.json,salmo.1921.jpg,salmonella,3,train,1
../../Data/downloads/zenodo_4628934_poultry_fecal/content (2)/imgSegmentation/salmo/salmo.1922.json,salmo.1922.jpg,salmonella,3,train,1
../../Data/downloads/zenodo_4628934_poultry_fecal/content (2)/imgSegmentation/salmo/salmo.1923.json,salmo.1923.jpg,salmonella,3,train,1
../../Data/downloads/zenodo_4628934_poultry_fecal/content (2)/imgSegmentation/salmo/salmo.1924.json,salmo.1924.jpg,salmonella,3,train,1
../../Data/downloads/zenodo_4628934_poultry_fecal/content (2)/imgSegmentation/salmo/salmo.1925.json,salmo.1925.jpg,salmonella,3,train,1
../../Data/downloads/zenodo_4628934_poultry_fecal/content (2)/imgSegmentation/salmo/salmo.1926.json,salmo.1926.jpg,salmonella,3,train,1
../../Data/downloads/zenodo_4628934_poultry_fecal/content (2)/imgSegmentation/salmo/salmo.1927.json,salmo.1927.jpg,salmonella,3,train,1
../../Data/downloads/zenodo_4628934_poultry_fecal/content (2)/imgSegmentation/salmo/salmo.1928.json,salmo.1928.jpg,salmonella,3,train,1
../../Data/downloads/zenodo_4628934_poultry_fecal/content (2)/imgSegmentation/salmo/salmo.1929.json,salmo.1929.jpg,salmonella,3,train,1
../../Data/downloads/zenodo_4628934_poultry_fecal/content (2)/imgSegmentation/salmo/salmo.193.json,salmo.193.jpg,salmonella,3,train,1
../../Data/downloads/zenodo_4628934_poultry_fecal/content (2)/imgSegmentation/salmo/salmo.1930.json,salmo.1930.jpg,salmonella,3,train,1
../../Data/downloads/zenodo_4628934_poultry_fecal/content (2)/imgSegmentation/salmo/salmo.1931.json,salmo.1931.jpg,salmonella,3,test,1
../../Data/downloads/zenodo_4628934_poultry_fecal/content (2)/imgSegmentation/salmo/salmo.1932.json,salmo.1932.jpg,salmonella,3,train,1
../../Data/downloads/zenodo_4628934_poultry_fecal/content (2)/imgSegmentation/salmo/salmo.1933.json,salmo.1933.jpg,salmonella,3,train,1
../../Data/downloads/zenodo_4628934_poultry_fecal/content (2)/imgSegmentation/salmo/salmo.1934.json,salmo.1934.jpg,salmonella,3,train,1
../../Data/downloads/zenodo_4628934_poultry_fecal/content (2)/imgSegmentation/salmo/salmo.1935.json,salmo.1935.jpg,salmonella,3,train,1
../../Data/downloads/zenodo_4628934_poultry_fecal/content (2)/imgSegmentation/salmo/salmo.1936.json,salmo.1936.jpg,salmonella,3,train,1
../../Data/downloads/zenodo_4628934_poultry_fecal/content (2)/imgSegmentation/salmo/salmo.1937.json,salmo.1937.jpg,salmonella,3,train,1
../../Data/downloads/zenodo_4628934_poultry_fecal/content (2)/imgSegmentation/salmo/salmo.1938.json,salmo.1938.jpg,salmonella,3,train,1
../../Data/downloads/zenodo_4628934_poultry_fecal/content (2)/imgSegmentation/salmo/salmo.1939.json,salmo.1939.jpg,salmonella,3,train,1
../../Data/downloads/zenodo_4628934_poultry_fecal/content (2)/imgSegmentation/salmo/salmo.194.json,salmo.194.jpg,salmonella,3,train,1
../../Data/downloads/zenodo_4628934_poultry_fecal/content (2)/imgSegmentation/salmo/salmo.1940.json,salmo.1940.jpg,salmonella,3,val,1
../../Data/downloads/zenodo_4628934_poultry_fecal/content (2)/imgSegmentation/salmo/salmo.1941.json,salmo.1941.jpg,salmonella,3,train,1
../../Data/downloads/zenodo_4628934_poultry_fecal/content (2)/imgSegmentation/salmo/salmo.1942.json,salmo.1942.jpg,salmonella,3,test,1
../../Data/downloads/zenodo_4628934_poultry_fecal/content (2)/imgSegmentation/salmo/salmo.1943.json,salmo.1943.jpg,salmonella,3,train,1
../../Data/downloads/zenodo_4628934_poultry_fecal/content (2)/imgSegmentation/salmo/salmo.1944.json,salmo.1944.jpg,salmonella,3,val,1
../../Data/downloads/zenodo_4628934_poultry_fecal/content (2)/imgSegmentation/salmo/salmo.1945.json,salmo.1945.jpg,salmonella,3,train,1
../../Data/downloads/zenodo_4628934_poultry_fecal/content (2)/imgSegmentation/salmo/salmo.1946.json,salmo.1946.jpg,salmonella,3,val,1
../../Data/downloads/zenodo_4628934_poultry_fecal/content (2)/imgSegmentation/salmo/salmo.1947.json,salmo.1947.jpg,salmonella,3,val,1
../../Data/downloads/zenodo_4628934_poultry_fecal/content (2)/imgSegmentation/salmo/salmo.1948.json,salmo.1948.jpg,salmonella,3,test,1
../../Data/downloads/zenodo_4628934_poultry_fecal/content (2)/imgSegmentation/salmo/salmo.1949.json,salmo.1949.jpg,salmonella,3,train,1
../../Data/downloads/zenodo_4628934_poultry_fecal/content (2)/imgSegmentation/salmo/salmo.195.json,salmo.195.jpg,salmonella,3,train,1
../../Data/downloads/zenodo_4628934_poultry_fecal/content (2)/imgSegmentation/salmo/salmo.1950.json,salmo.1950.jpg,salmonella,3,train,1
../../Data/downloads/zenodo_4628934_poultry_fecal/content (2)/imgSegmentation/salmo/salmo.1951.json,salmo.1951.jpg,salmonella,3,train,1
../../Data/downloads/zenodo_4628934_poultry_fecal/content (2)/imgSegmentation/salmo/salmo.1952.json,salmo.1952.jpg,salmonella,3,train,1
../../Data/downloads/zenodo_4628934_poultry_fecal/content (2)/imgSegmentation/salmo/salmo.1953.json,salmo.1953.jpg,salmonella,3,train,1
../../Data/downloads/zenodo_4628934_poultry_fecal/content (2)/imgSegmentation/salmo/salmo.1954.json,salmo.1954.jpg,salmonella,3,train,1
../../Data/downloads/zenodo_4628934_poultry_fecal/content (2)/imgSegmentation/salmo/salmo.1955.json,salmo.1955.jpg,salmonella,3,train,1
../../Data/downloads/zenodo_4628934_poultry_fecal/content (2)/imgSegmentation/salmo/salmo.1956.json,salmo.1956.jpg,salmonella,3,train,1
../../Data/downloads/zenodo_4628934_poultry_fecal/content (2)/imgSegmentation/salmo/salmo.1957.json,salmo.1957.jpg,salmonella,3,val,1
../../Data/downloads/zenodo_4628934_poultry_fecal/content (2)/imgSegmentation/salmo/salmo.1958.json,salmo.1958.jpg,salmonella,3,train,1
../../Data/downloads/zenodo_4628934_poultry_fecal/content (2)/imgSegmentation/salmo/salmo.1959.json,salmo.1959.jpg,salmonella,3,train,1
../../Data/downloads/zenodo_4628934_poultry_fecal/content (2)/imgSegmentation/salmo/salmo.196.json,salmo.196.jpg,salmonella,3,train,1
../../Data/downloads/zenodo_4628934_poultry_fecal/content (2)/imgSegmentation/salmo/salmo.1960.json,salmo.1960.jpg,salmonella,3,test,1
../../Data/downloads/zenodo_4628934_poultry_fecal/content (2)/imgSegmentation/salmo/salmo.1961.json,salmo.1961.jpg,salmonella,3,train,1
../../Data/downloads/zenodo_4628934_poultry_fecal/content (2)/imgSegmentation/salmo/salmo.1962.json,salmo.1962.jpg,salmonella,3,train,1
../../Data/downloads/zenodo_4628934_poultry_fecal/content (2)/imgSegmentation/salmo/salmo.1963.json,salmo.1963.jpg,salmonella,3,train,1
../../Data/downloads/zenodo_4628934_poultry_fecal/content (2)/imgSegmentation/salmo/salmo.1964.json,salmo.1964.jpg,salmonella,3,test,1
../../Data/downloads/zenodo_4628934_poultry_fecal/content (2)/imgSegmentation/salmo/salmo.1965.json,salmo.1965.jpg,salmonella,3,train,1
../../Data/downloads/zenodo_4628934_poultry_fecal/content (2)/imgSegmentation/salmo/salmo.1966.json,salmo.1966.jpg,salmonella,3,val,1
../../Data/downloads/zenodo_4628934_poultry_fecal/content (2)/imgSegmentation/salmo/salmo.1967.json,salmo.1967.jpg,salmonella,3,train,1
../../Data/downloads/zenodo_4628934_poultry_fecal/content (2)/imgSegmentation/salmo/salmo.1968.json,salmo.1968.jpg,salmonella,3,val,1
../../Data/downloads/zenodo_4628934_poultry_fecal/content (2)/imgSegmentation/salmo/salmo.1969.json,salmo.1969.jpg,salmonella,3,train,1
../../Data/downloads/zenodo_4628934_poultry_fecal/content (2)/imgSegmentation/salmo/salmo.197.json,salmo.197.jpg,salmonella,3,test,1
../../Data/downloads/zenodo_4628934_poultry_fecal/content (2)/imgSegmentation/salmo/salmo.1970.json,salmo.1970.jpg,salmonella,3,test,1
../../Data/downloads/zenodo_4628934_poultry_fecal/content (2)/imgSegmentation/salmo/salmo.1971.json,salmo.1971.jpg,salmonella,3,val,1
../../Data/downloads/zenodo_4628934_poultry_fecal/content (2)/imgSegmentation/salmo/salmo.1972.json,salmo.1972.jpg,salmonella,3,train,1
../../Data/downloads/zenodo_4628934_poultry_fecal/content (2)/imgSegmentation/salmo/salmo.1973.json,salmo.1973.jpg,salmonella,3,train,1
../../Data/downloads/zenodo_4628934_poultry_fecal/content (2)/imgSegmentation/salmo/salmo.1974.json,salmo.1974.jpg,salmonella,3,train,1
../../Data/downloads/zenodo_4628934_poultry_fecal/content (2)/imgSegmentation/salmo/salmo.1975.json,salmo.1975.jpg,salmonella,3,val,1
../../Data/downloads/zenodo_4628934_poultry_fecal/content (2)/imgSegmentation/salmo/salmo.1976.json,salmo.1976.jpg,salmonella,3,train,1
../../Data/downloads/zenodo_4628934_poultry_fecal/content (2)/imgSegmentation/salmo/salmo.1977.json,salmo.1977.jpg,salmonella,3,test,1
../../Data/downloads/zenodo_4628934_poultry_fecal/content (2)/imgSegmentation/salmo/salmo.1978.json,salmo.1978.jpg,salmonella,3,train,1
../../Data/downloads/zenodo_4628934_poultry_fecal/content (2)/imgSegmentation/salmo/salmo.1979.json,salmo.1979.jpg,salmonella,3,train,1
../../Data/downloads/zenodo_4628934_poultry_fecal/content (2)/imgSegmentation/salmo/salmo.198.json,salmo.198.jpg,salmonella,3,train,1
../../Data/downloads/zenodo_4628934_poultry_fecal/content (2)/imgSegmentation/salmo/salmo.1980.json,salmo.1980.jpg,salmonella,3,train,1
../../Data/downloads/zenodo_4628934_poultry_fecal/content (2)/imgSegmentation/salmo/salmo.1981.json,salmo.1981.jpg,salmonella,3,train,1
../../Data/downloads/zenodo_4628934_poultry_fecal/content (2)/imgSegmentation/salmo/salmo.1982.json,salmo.1982.jpg,salmonella,3,train,1
../../Data/downloads/zenodo_4628934_poultry_fecal/content (2)/imgSegmentation/salmo/salmo.1983.json,salmo.1983.jpg,salmonella,3,val,1
../../Data/downloads/zenodo_4628934_poultry_fecal/content (2)/imgSegmentation/salmo/salmo.1984.json,salmo.1984.jpg,salmonella,3,val,1
../../Data/downloads/zenodo_4628934_poultry_fecal/content (2)/imgSegmentation/salmo/salmo.1985.json,salmo.1985.jpg,salmonella,3,test,1
../../Data/downloads/zenodo_4628934_poultry_fecal/content (2)/imgSegmentation/salmo/salmo.1986.json,salmo.1986.jpg,salmonella,3,train,1
../../Data/downloads/zenodo_4628934_poultry_fecal/content (2)/imgSegmentation/salmo/salmo.1987.json,salmo.1987.jpg,salmonella,3,train,1
../../Data/downloads/zenodo_4628934_poultry_fecal/content (2)/imgSegmentation/salmo/salmo.1988.json,salmo.1988.jpg,salmonella,3,train,1
../../Data/downloads/zenodo_4628934_poultry_fecal/content (2)/imgSegmentation/salmo/salmo.1989.json,salmo.1989.jpg,salmonella,3,train,1
../../Data/downloads/zenodo_4628934_poultry_fecal/content (2)/imgSegmentation/salmo/salmo.199.json,salmo.199.jpg,salmonella,3,train,1
../../Data/downloads/zenodo_4628934_poultry_fecal/content (2)/imgSegmentation/salmo/salmo.1990.json,salmo.1990.jpg,salmonella,3,train,1
../../Data/downloads/zenodo_4628934_poultry_fecal/content (2)/imgSegmentation/salmo/salmo.1991.json,salmo.1991.jpg,salmonella,3,train,1
../../Data/downloads/zenodo_4628934_poultry_fecal/content (2)/imgSegmentation/salmo/salmo.1992.json,salmo.1992.jpg,salmonella,3,train,1
../../Data/downloads/zenodo_4628934_poultry_fecal/content (2)/imgSegmentation/salmo/salmo.1993.json,salmo.1993.jpg,salmonella,3,train,1
../../Data/downloads/zenodo_4628934_poultry_fecal/content (2)/imgSegmentation/salmo/salmo.1994.json,salmo.1994.jpg,salmonella,3,train,1
../../Data/downloads/zenodo_4628934_poultry_fecal/content (2)/imgSegmentation/salmo/salmo.1995.json,salmo.1995.jpg,salmonella,3,train,1
../../Data/downloads/zenodo_4628934_poultry_fecal/content (2)/imgSegmentation/salmo/salmo.1996.json,salmo.1996.jpg,salmonella,3,test,1
../../Data/downloads/zenodo_4628934_poultry_fecal/content (2)/imgSegmentation/salmo/salmo.1997.json,salmo.1997.jpg,salmonella,3,val,1
../../Data/downloads/zenodo_4628934_poultry_fecal/content (2)/imgSegmentation/salmo/salmo.1998.json,salmo.1998.jpg,salmonella,3,test,1
../../Data/downloads/zenodo_4628934_poultry_fecal/content (2)/imgSegmentation/salmo/salmo.1999.json,salmo.1999.jpg,salmonella,3,train,1
../../Data/downloads/zenodo_4628934_poultry_fecal/content (2)/imgSegmentation/salmo/salmo.2.json,salmo.2.jpg,salmonella,3,train,1
../../Data/downloads/zenodo_4628934_poultry_fecal/content (2)/imgSegmentation/salmo/salmo.20.json,salmo.20.jpg,salmonella,3,train,1
../../Data/downloads/zenodo_4628934_poultry_fecal/content (2)/imgSegmentation/salmo/salmo.200.json,salmo.200.jpg,salmonella,3,train,1
../../Data/downloads/zenodo_4628934_poultry_fecal/content (2)/imgSegmentation/salmo/salmo.2000.json,salmo.2000.jpg,salmonella,3,train,1
../../Data/downloads/zenodo_4628934_poultry_fecal/content (2)/imgSegmentation/salmo/salmo.2001.json,salmo.2001.jpg,salmonella,3,train,1
../../Data/downloads/zenodo_4628934_poultry_fecal/content (2)/imgSegmentation/salmo/salmo.2002.json,salmo.2002.jpg,salmonella,3,train,1
../../Data/downloads/zenodo_4628934_poultry_fecal/content (2)/imgSegmentation/salmo/salmo.2003.json,salmo.2003.jpg,salmonella,3,train,1
../../Data/downloads/zenodo_4628934_poultry_fecal/content (2)/imgSegmentation/salmo/salmo.2004.json,salmo.2004.jpg,salmonella,3,train,1
../../Data/downloads/zenodo_4628934_poultry_fecal/content (2)/imgSegmentation/salmo/salmo.2005.json,salmo.2005.jpg,salmonella,3,train,1
../../Data/downloads/zenodo_4628934_poultry_fecal/content (2)/imgSegmentation/salmo/salmo.2006.json,salmo.2006.jpg,salmonella,3,train,1
../../Data/downloads/zenodo_4628934_poultry_fecal/content (2)/imgSegmentation/salmo/salmo.2007.json,salmo.2007.jpg,salmonella,3,val,1
../../Data/downloads/zenodo_4628934_poultry_fecal/content (2)/imgSegmentation/salmo/salmo.2008.json,salmo.2008.jpg,salmonella,3,train,1
../../Data/downloads/zenodo_4628934_poultry_fecal/content (2)/imgSegmentation/salmo/salmo.2009.json,salmo.2009.jpg,salmonella,3,val,1
../../Data/downloads/zenodo_4628934_poultry_fecal/content (2)/imgSegmentation/salmo/salmo.201.json,salmo.201.jpg,salmonella,3,train,1
../../Data/downloads/zenodo_4628934_poultry_fecal/content (2)/imgSegmentation/salmo/salmo.2010.json,salmo.2010.jpg,salmonella,3,train,1
../../Data/downloads/zenodo_4628934_poultry_fecal/content (2)/imgSegmentation/salmo/salmo.2011.json,salmo.2011.jpg,salmonella,3,test,1
../../Data/downloads/zenodo_4628934_poultry_fecal/content (2)/imgSegmentation/salmo/salmo.2012.json,salmo.2012.jpg,salmonella,3,test,1
../../Data/downloads/zenodo_4628934_poultry_fecal/content (2)/imgSegmentation/salmo/salmo.2013.json,salmo.2013.jpg,salmonella,3,train,1
../../Data/downloads/zenodo_4628934_poultry_fecal/content (2)/imgSegmentation/salmo/salmo.2014.json,salmo.2014.jpg,salmonella,3,train,1
../../Data/downloads/zenodo_4628934_poultry_fecal/content (2)/imgSegmentation/salmo/salmo.2015.json,salmo.2015.jpg,salmonella,3,train,1
../../Data/downloads/zenodo_4628934_poultry_fecal/content (2)/imgSegmentation/salmo/salmo.2016.json,salmo.2016.jpg,salmonella,3,test,1
../../Data/downloads/zenodo_4628934_poultry_fecal/content (2)/imgSegmentation/salmo/salmo.2017.json,salmo.2017.jpg,salmonella,3,train,1
../../Data/downloads/zenodo_4628934_poultry_fecal/content (2)/imgSegmentation/salmo/salmo.2018.json,salmo.2018.jpg,salmonella,3,train,1
../../Data/downloads/zenodo_4628934_poultry_fecal/content (2)/imgSegmentation/salmo/salmo.2019.json,salmo.2019.jpg,salmonella,3,train,1
../../Data/downloads/zenodo_4628934_poultry_fecal/content (2)/imgSegmentation/salmo/salmo.202.json,salmo.202.jpg,salmonella,3,test,1
../../Data/downloads/zenodo_4628934_poultry_fecal/content (2)/imgSegmentation/salmo/salmo.2020.json,salmo.2020.jpg,salmonella,3,train,1
../../Data/downloads/zenodo_4628934_poultry_fecal/content (2)/imgSegmentation/salmo/salmo.2021.json,salmo.2021.jpg,salmonella,3,train,1
../../Data/downloads/zenodo_4628934_poultry_fecal/content (2)/imgSegmentation/salmo/salmo.2022.json,salmo.2022.jpg,salmonella,3,train,1
../../Data/downloads/zenodo_4628934_poultry_fecal/content (2)/imgSegmentation/salmo/salmo.2023.json,salmo.2023.jpg,salmonella,3,test,1
../../Data/downloads/zenodo_4628934_poultry_fecal/content (2)/imgSegmentation/salmo/salmo.2024.json,salmo.2024.jpg,salmonella,3,train,1
../../Data/downloads/zenodo_4628934_poultry_fecal/content (2)/imgSegmentation/salmo/salmo.2025.json,salmo.2025.jpg,salmonella,3,val,1
../../Data/downloads/zenodo_4628934_poultry_fecal/content (2)/imgSegmentation/salmo/salmo.2026.json,salmo.2026.jpg,salmonella,3,val,1
../../Data/downloads/zenodo_4628934_poultry_fecal/content (2)/imgSegmentation/salmo/salmo.2027.json,salmo.2027.jpg,salmonella,3,train,1
../../Data/downloads/zenodo_4628934_poultry_fecal/content (2)/imgSegmentation/salmo/salmo.2028.json,salmo.2028.jpg,salmonella,3,train,1
../../Data/downloads/zenodo_4628934_poultry_fecal/content (2)/imgSegmentation/salmo/salmo.2029.json,salmo.2029.jpg,salmonella,3,train,1
../../Data/downloads/zenodo_4628934_poultry_fecal/content (2)/imgSegmentation/salmo/salmo.203.json,salmo.203.jpg,salmonella,3,train,1
../../Data/downloads/zenodo_4628934_poultry_fecal/content (2)/imgSegmentation/salmo/salmo.2030.json,salmo.2030.jpg,salmonella,3,train,1
../../Data/downloads/zenodo_4628934_poultry_fecal/content (2)/imgSegmentation/salmo/salmo.2031.json,salmo.2031.jpg,salmonella,3,train,1
../../Data/downloads/zenodo_4628934_poultry_fecal/content (2)/imgSegmentation/salmo/salmo.2032.json,salmo.2032.jpg,salmonella,3,val,1
../../Data/downloads/zenodo_4628934_poultry_fecal/content (2)/imgSegmentation/salmo/salmo.2033.json,salmo.2033.jpg,salmonella,3,test,1
../../Data/downloads/zenodo_4628934_poultry_fecal/content (2)/imgSegmentation/salmo/salmo.2034.json,salmo.2034.jpg,salmonella,3,test,1
../../Data/downloads/zenodo_4628934_poultry_fecal/content (2)/imgSegmentation/salmo/salmo.2035.json,salmo.2035.jpg,salmonella,3,train,1
../../Data/downloads/zenodo_4628934_poultry_fecal/content (2)/imgSegmentation/salmo/salmo.2036.json,salmo.2036.jpg,salmonella,3,test,1
../../Data/downloads/zenodo_4628934_poultry_fecal/content (2)/imgSegmentation/salmo/salmo.2037.json,salmo.2037.jpg,salmonella,3,train,1
../../Data/downloads/zenodo_4628934_poultry_fecal/content (2)/imgSegmentation/salmo/salmo.2038.json,salmo.2038.jpg,salmonella,3,train,1
../../Data/downloads/zenodo_4628934_poultry_fecal/content (2)/imgSegmentation/salmo/salmo.2039.json,salmo.2039.jpg,salmonella,3,train,1
../../Data/downloads/zenodo_4628934_poultry_fecal/content (2)/imgSegmentation/salmo/salmo.204.json,salmo.204.jpg,salmonella,3,train,1
../../Data/downloads/zenodo_4628934_poultry_fecal/content (2)/imgSegmentation/salmo/salmo.2040.json,salmo.2040.jpg,salmonella,3,train,1
../../Data/downloads/zenodo_4628934_poultry_fecal/content (2)/imgSegmentation/salmo/salmo.2041.json,salmo.2041.jpg,salmonella,3,train,1
../../Data/downloads/zenodo_4628934_poultry_fecal/content (2)/imgSegmentation/salmo/salmo.2042.json,salmo.2042.jpg,salmonella,3,train,1
../../Data/downloads/zenodo_4628934_poultry_fecal/content (2)/imgSegmentation/salmo/salmo.2043.json,salmo.2043.jpg,salmonella,3,val,1
../../Data/downloads/zenodo_4628934_poultry_fecal/content (2)/imgSegmentation/salmo/salmo.2044.json,salmo.2044.jpg,salmonella,3,train,1
../../Data/downloads/zenodo_4628934_poultry_fecal/content (2)/imgSegmentation/salmo/salmo.2045.json,salmo.2045.jpg,salmonella,3,train,1
../../Data/downloads/zenodo_4628934_poultry_fecal/content (2)/imgSegmentation/salmo/salmo.2046.json,salmo.2046.jpg,salmonella,3,train,1
../../Data/downloads/zenodo_4628934_poultry_fecal/content (2)/imgSegmentation/salmo/salmo.2047.json,salmo.2047.jpg,salmonella,3,train,1
../../Data/downloads/zenodo_4628934_poultry_fecal/content (2)/imgSegmentation/salmo/salmo.2048.json,salmo.2048.jpg,salmonella,3,train,1
../../Data/downloads/zenodo_4628934_poultry_fecal/content (2)/imgSegmentation/salmo/salmo.2049.json,salmo.2049.jpg,salmonella,3,train,1
../../Data/downloads/zenodo_4628934_poultry_fecal/content (2)/imgSegmentation/salmo/salmo.205.json,salmo.205.jpg,salmonella,3,train,1
../../Data/downloads/zenodo_4628934_poultry_fecal/content (2)/imgSegmentation/salmo/salmo.2050.json,salmo.2050.jpg,salmonella,3,train,1
../../Data/downloads/zenodo_4628934_poultry_fecal/content (2)/imgSegmentation/salmo/salmo.2051.json,salmo.2051.jpg,salmonella,3,train,1
../../Data/downloads/zenodo_4628934_poultry_fecal/content (2)/imgSegmentation/salmo/salmo.2052.json,salmo.2052.jpg,salmonella,3,train,1
../../Data/downloads/zenodo_4628934_poultry_fecal/content (2)/imgSegmentation/salmo/salmo.2053.json,salmo.2053.jpg,salmonella,3,train,1
../../Data/downloads/zenodo_4628934_poultry_fecal/content (2)/imgSegmentation/salmo/salmo.2054.json,salmo.2054.jpg,salmonella,3,train,1
../../Data/downloads/zenodo_4628934_poultry_fecal/content (2)/imgSegmentation/salmo/salmo.2055.json,salmo.2055.jpg,salmonella,3,train,1
../../Data/downloads/zenodo_4628934_poultry_fecal/content (2)/imgSegmentation/salmo/salmo.2056.json,salmo.2056.jpg,salmonella,3,test,1
../../Data/downloads/zenodo_4628934_poultry_fecal/content (2)/imgSegmentation/salmo/salmo.2057.json,salmo.2057.jpg,salmonella,3,val,1
../../Data/downloads/zenodo_4628934_poultry_fecal/content (2)/imgSegmentation/salmo/salmo.2058.json,salmo.2058.jpg,salmonella,3,train,1
../../Data/downloads/zenodo_4628934_poultry_fecal/content (2)/imgSegmentation/salmo/salmo.2059.json,salmo.2059.jpg,salmonella,3,train,1
../../Data/downloads/zenodo_4628934_poultry_fecal/content (2)/imgSegmentation/salmo/salmo.206.json,salmo.206.jpg,salmonella,3,train,1
../../Data/downloads/zenodo_4628934_poultry_fecal/content (2)/imgSegmentation/salmo/salmo.2060.json,salmo.2060.jpg,salmonella,3,val,1
../../Data/downloads/zenodo_4628934_poultry_fecal/content (2)/imgSegmentation/salmo/salmo.2061.json,salmo.2061.jpg,salmonella,3,train,1
../../Data/downloads/zenodo_4628934_poultry_fecal/content (2)/imgSegmentation/salmo/salmo.2062.json,salmo.2062.jpg,salmonella,3,train,1
../../Data/downloads/zenodo_4628934_poultry_fecal/content (2)/imgSegmentation/salmo/salmo.2063.json,salmo.2063.jpg,salmonella,3,train,1
../../Data/downloads/zenodo_4628934_poultry_fecal/content (2)/imgSegmentation/salmo/salmo.2064.json,salmo.2064.jpg,salmonella,3,val,1
../../Data/downloads/zenodo_4628934_poultry_fecal/content (2)/imgSegmentation/salmo/salmo.2065.json,salmo.2065.jpg,salmonella,3,test,1
../../Data/downloads/zenodo_4628934_poultry_fecal/content (2)/imgSegmentation/salmo/salmo.2066.json,salmo.2066.jpg,salmonella,3,train,1
../../Data/downloads/zenodo_4628934_poultry_fecal/content (2)/imgSegmentation/salmo/salmo.2067.json,salmo.2067.jpg,salmonella,3,train,1
../../Data/downloads/zenodo_4628934_poultry_fecal/content (2)/imgSegmentation/salmo/salmo.2068.json,salmo.2068.jpg,salmonella,3,train,1
../../Data/downloads/zenodo_4628934_poultry_fecal/content (2)/imgSegmentation/salmo/salmo.2069.json,salmo.2069.jpg,salmonella,3,train,1
../../Data/downloads/zenodo_4628934_poultry_fecal/content (2)/imgSegmentation/salmo/salmo.207.json,salmo.207.jpg,salmonella,3,train,1
../../Data/downloads/zenodo_4628934_poultry_fecal/content (2)/imgSegmentation/salmo/salmo.2070.json,salmo.2070.jpg,salmonella,3,train,1
../../Data/downloads/zenodo_4628934_poultry_fecal/content (2)/imgSegmentation/salmo/salmo.2071.json,salmo.2071.jpg,salmonella,3,train,1
../../Data/downloads/zenodo_4628934_poultry_fecal/content (2)/imgSegmentation/salmo/salmo.2072.json,salmo.2072.jpg,salmonella,3,train,1
../../Data/downloads/zenodo_4628934_poultry_fecal/content (2)/imgSegmentation/salmo/salmo.2073.json,salmo.2073.jpg,salmonella,3,train,1
../../Data/downloads/zenodo_4628934_poultry_fecal/content (2)/imgSegmentation/salmo/salmo.2074.json,salmo.2074.jpg,salmonella,3,test,1
../../Data/downloads/zenodo_4628934_poultry_fecal/content (2)/imgSegmentation/salmo/salmo.2075.json,salmo.2075.jpg,salmonella,3,train,1
../../Data/downloads/zenodo_4628934_poultry_fecal/content (2)/imgSegmentation/salmo/salmo.2076.json,salmo.2076.jpg,salmonella,3,train,1
../../Data/downloads/zenodo_4628934_poultry_fecal/content (2)/imgSegmentation/salmo/salmo.2077.json,salmo.2077.jpg,salmonella,3,train,1
../../Data/downloads/zenodo_4628934_poultry_fecal/content (2)/imgSegmentation/salmo/salmo.2078.json,salmo.2078.jpg,salmonella,3,train,1
../../Data/downloads/zenodo_4628934_poultry_fecal/content (2)/imgSegmentation/salmo/salmo.2079.json,salmo.2079.jpg,salmonella,3,train,1
../../Data/downloads/zenodo_4628934_poultry_fecal/content (2)/imgSegmentation/salmo/salmo.208.json,salmo.208.jpg,salmonella,3,train,1
../../Data/downloads/zenodo_4628934_poultry_fecal/content (2)/imgSegmentation/salmo/salmo.2080.json,salmo.2080.jpg,salmonella,3,train,1
../../Data/downloads/zenodo_4628934_poultry_fecal/content (2)/imgSegmentation/salmo/salmo.2081.json,salmo.2081.jpg,salmonella,3,train,1
../../Data/downloads/zenodo_4628934_poultry_fecal/content (2)/imgSegmentation/salmo/salmo.2082.json,salmo.2082.jpg,salmonella,3,train,1
../../Data/downloads/zenodo_4628934_poultry_fecal/content (2)/imgSegmentation/salmo/salmo.2083.json,salmo.2083.jpg,salmonella,3,train,1
../../Data/downloads/zenodo_4628934_poultry_fecal/content (2)/imgSegmentation/salmo/salmo.2084.json,salmo.2084.jpg,salmonella,3,val,1
../../Data/downloads/zenodo_4628934_poultry_fecal/content (2)/imgSegmentation/salmo/salmo.2085.json,salmo.2085.jpg,salmonella,3,train,1
../../Data/downloads/zenodo_4628934_poultry_fecal/content (2)/imgSegmentation/salmo/salmo.2086.json,salmo.2086.jpg,salmonella,3,test,1
../../Data/downloads/zenodo_4628934_poultry_fecal/content (2)/imgSegmentation/salmo/salmo.2087.json,salmo.2087.jpg,salmonella,3,train,1
../../Data/downloads/zenodo_4628934_poultry_fecal/content (2)/imgSegmentation/salmo/salmo.2088.json,salmo.2088.jpg,salmonella,3,train,1
../../Data/downloads/zenodo_4628934_poultry_fecal/content (2)/imgSegmentation/salmo/salmo.2089.json,salmo.2089.jpg,salmonella,3,test,1
../../Data/downloads/zenodo_4628934_poultry_fecal/content (2)/imgSegmentation/salmo/salmo.209.json,salmo.209.jpg,salmonella,3,train,1
../../Data/downloads/zenodo_4628934_poultry_fecal/content (2)/imgSegmentation/salmo/salmo.2090.json,salmo.2090.jpg,salmonella,3,train,1
../../Data/downloads/zenodo_4628934_poultry_fecal/content (2)/imgSegmentation/salmo/salmo.2091.json,salmo.2091.jpg,salmonella,3,val,1
../../Data/downloads/zenodo_4628934_poultry_fecal/content (2)/imgSegmentation/salmo/salmo.2092.json,salmo.2092.jpg,salmonella,3,train,1
../../Data/downloads/zenodo_4628934_poultry_fecal/content (2)/imgSegmentation/salmo/salmo.2093.json,salmo.2093.jpg,salmonella,3,train,1
../../Data/downloads/zenodo_4628934_poultry_fecal/content (2)/imgSegmentation/salmo/salmo.2094.json,salmo.2094.jpg,salmonella,3,train,1
../../Data/downloads/zenodo_4628934_poultry_fecal/content (2)/imgSegmentation/salmo/salmo.2095.json,salmo.2095.jpg,salmonella,3,train,1
../../Data/downloads/zenodo_4628934_poultry_fecal/content (2)/imgSegmentation/salmo/salmo.2096.json,salmo.2096.jpg,salmonella,3,val,1
../../Data/downloads/zenodo_4628934_poultry_fecal/content (2)/imgSegmentation/salmo/salmo.2097.json,salmo.2097.jpg,salmonella,3,val,1
../../Data/downloads/zenodo_4628934_poultry_fecal/content (2)/imgSegmentation/salmo/salmo.2098.json,salmo.2098.jpg,salmonella,3,train,1
../../Data/downloads/zenodo_4628934_poultry_fecal/content (2)/imgSegmentation/salmo/salmo.2099.json,salmo.2099.jpg,salmonella,3,train,1
../../Data/downloads/zenodo_4628934_poultry_fecal/content (2)/imgSegmentation/salmo/salmo.21.json,salmo.21.jpg,salmonella,3,val,1
../../Data/downloads/zenodo_4628934_poultry_fecal/content (2)/imgSegmentation/salmo/salmo.210.json,salmo.210.jpg,salmonella,3,train,1
../../Data/downloads/zenodo_4628934_poultry_fecal/content (2)/imgSegmentation/salmo/salmo.2100.json,salmo.2100.jpg,salmonella,3,train,1
../../Data/downloads/zenodo_4628934_poultry_fecal/content (2)/imgSegmentation/salmo/salmo.2101.json,salmo.2101.jpg,salmonella,3,val,1
../../Data/downloads/zenodo_4628934_poultry_fecal/content (2)/imgSegmentation/salmo/salmo.2102.json,salmo.2102.jpg,salmonella,3,train,1
../../Data/downloads/zenodo_4628934_poultry_fecal/content (2)/imgSegmentation/salmo/salmo.2103.json,salmo.2103.jpg,salmonella,3,train,1
../../Data/downloads/zenodo_4628934_poultry_fecal/content (2)/imgSegmentation/salmo/salmo.2104.json,salmo.2104.jpg,salmonella,3,train,1
../../Data/downloads/zenodo_4628934_poultry_fecal/content (2)/imgSegmentation/salmo/salmo.2105.json,salmo.2105.jpg,salmonella,3,train,1
../../Data/downloads/zenodo_4628934_poultry_fecal/content (2)/imgSegmentation/salmo/salmo.2106.json,salmo.2106.jpg,salmonella,3,train,1
../../Data/downloads/zenodo_4628934_poultry_fecal/content (2)/imgSegmentation/salmo/salmo.2107.json,salmo.2107.jpg,salmonella,3,train,1
../../Data/downloads/zenodo_4628934_poultry_fecal/content (2)/imgSegmentation/salmo/salmo.2108.json,salmo.2108.jpg,salmonella,3,test,1
../../Data/downloads/zenodo_4628934_poultry_fecal/content (2)/imgSegmentation/salmo/salmo.2109.json,salmo.2109.jpg,salmonella,3,train,1
../../Data/downloads/zenodo_4628934_poultry_fecal/content (2)/imgSegmentation/salmo/salmo.211.json,salmo.211.jpg,salmonella,3,val,1
../../Data/downloads/zenodo_4628934_poultry_fecal/content (2)/imgSegmentation/salmo/salmo.2110.json,salmo.2110.jpg,salmonella,3,train,1
../../Data/downloads/zenodo_4628934_poultry_fecal/content (2)/imgSegmentation/salmo/salmo.2111.json,salmo.2111.jpg,salmonella,3,train,1
../../Data/downloads/zenodo_4628934_poultry_fecal/content (2)/imgSegmentation/salmo/salmo.2112.json,salmo.2112.jpg,salmonella,3,train,1
../../Data/downloads/zenodo_4628934_poultry_fecal/content (2)/imgSegmentation/salmo/salmo.2113.json,salmo.2113.jpg,salmonella,3,train,1
../../Data/downloads/zenodo_4628934_poultry_fecal/content (2)/imgSegmentation/salmo/salmo.2114.json,salmo.2114.jpg,salmonella,3,val,1
../../Data/downloads/zenodo_4628934_poultry_fecal/content (2)/imgSegmentation/salmo/salmo.2115.json,salmo.2115.jpg,salmonella,3,val,1
../../Data/downloads/zenodo_4628934_poultry_fecal/content (2)/imgSegmentation/salmo/salmo.2116.json,salmo.2116.jpg,salmonella,3,train,1
../../Data/downloads/zenodo_4628934_poultry_fecal/content (2)/imgSegmentation/salmo/salmo.2117.json,salmo.2117.jpg,salmonella,3,train,1
../../Data/downloads/zenodo_4628934_poultry_fecal/content (2)/imgSegmentation/salmo/salmo.2118.json,salmo.2118.jpg,salmonella,3,train,1
../../Data/downloads/zenodo_4628934_poultry_fecal/content (2)/imgSegmentation/salmo/salmo.2119.json,salmo.2119.jpg,salmonella,3,test,1
../../Data/downloads/zenodo_4628934_poultry_fecal/content (2)/imgSegmentation/salmo/salmo.212.json,salmo.212.jpg,salmonella,3,train,1
../../Data/downloads/zenodo_4628934_poultry_fecal/content (2)/imgSegmentation/salmo/salmo.2120.json,salmo.2120.jpg,salmonella,3,train,1
../../Data/downloads/zenodo_4628934_poultry_fecal/content (2)/imgSegmentation/salmo/salmo.2121.json,salmo.2121.jpg,salmonella,3,train,1
../../Data/downloads/zenodo_4628934_poultry_fecal/content (2)/imgSegmentation/salmo/salmo.2122.json,salmo.2122.jpg,salmonella,3,test,1
../../Data/downloads/zenodo_4628934_poultry_fecal/content (2)/imgSegmentation/salmo/salmo.2123.json,salmo.2123.jpg,salmonella,3,train,1
../../Data/downloads/zenodo_4628934_poultry_fecal/content (2)/imgSegmentation/salmo/salmo.2124.json,salmo.2124.jpg,salmonella,3,train,1
../../Data/downloads/zenodo_4628934_poultry_fecal/content (2)/imgSegmentation/salmo/salmo.2125.json,salmo.2125.jpg,salmonella,3,train,1
../../Data/downloads/zenodo_4628934_poultry_fecal/content (2)/imgSegmentation/salmo/salmo.2126.json,salmo.2126.jpg,salmonella,3,train,1
../../Data/downloads/zenodo_4628934_poultry_fecal/content (2)/imgSegmentation/salmo/salmo.2127.json,salmo.2127.jpg,salmonella,3,train,1
../../Data/downloads/zenodo_4628934_poultry_fecal/content (2)/imgSegmentation/salmo/salmo.2128.json,salmo.2128.jpg,salmonella,3,train,1
../../Data/downloads/zenodo_4628934_poultry_fecal/content (2)/imgSegmentation/salmo/salmo.2129.json,salmo.2129.jpg,salmonella,3,train,1
../../Data/downloads/zenodo_4628934_poultry_fecal/content (2)/imgSegmentation/salmo/salmo.213.json,salmo.213.jpg,salmonella,3,val,1
../../Data/downloads/zenodo_4628934_poultry_fecal/content (2)/imgSegmentation/salmo/salmo.2130.json,salmo.2130.jpg,salmonella,3,train,1
../../Data/downloads/zenodo_4628934_poultry_fecal/content (2)/imgSegmentation/salmo/salmo.2131.json,salmo.2131.jpg,salmonella,3,test,1
../../Data/downloads/zenodo_4628934_poultry_fecal/content (2)/imgSegmentation/salmo/salmo.2132.json,salmo.2132.jpg,salmonella,3,test,1
../../Data/downloads/zenodo_4628934_poultry_fecal/content (2)/imgSegmentation/salmo/salmo.2133.json,salmo.2133.jpg,salmonella,3,train,1
../../Data/downloads/zenodo_4628934_poultry_fecal/content (2)/imgSegmentation/salmo/salmo.2134.json,salmo.2134.jpg,salmonella,3,val,1
../../Data/downloads/zenodo_4628934_poultry_fecal/content (2)/imgSegmentation/salmo/salmo.2135.json,salmo.2135.jpg,salmonella,3,test,1
../../Data/downloads/zenodo_4628934_poultry_fecal/content (2)/imgSegmentation/salmo/salmo.2136.json,salmo.2136.jpg,salmonella,3,train,1
../../Data/downloads/zenodo_4628934_poultry_fecal/content (2)/imgSegmentation/salmo/salmo.2137.json,salmo.2137.jpg,salmonella,3,val,1
../../Data/downloads/zenodo_4628934_poultry_fecal/content (2)/imgSegmentation/salmo/salmo.2138.json,salmo.2138.jpg,salmonella,3,val,1
../../Data/downloads/zenodo_4628934_poultry_fecal/content (2)/imgSegmentation/salmo/salmo.2139.json,salmo.2139.jpg,salmonella,3,train,1
../../Data/downloads/zenodo_4628934_poultry_fecal/content (2)/imgSegmentation/salmo/salmo.214.json,salmo.214.jpg,salmonella,3,val,1
../../Data/downloads/zenodo_4628934_poultry_fecal/content (2)/imgSegmentation/salmo/salmo.2140.json,salmo.2140.jpg,salmonella,3,train,1
../../Data/downloads/zenodo_4628934_poultry_fecal/content (2)/imgSegmentation/salmo/salmo.2141.json,salmo.2141.jpg,salmonella,3,train,1
../../Data/downloads/zenodo_4628934_poultry_fecal/content (2)/imgSegmentation/salmo/salmo.2142.json,salmo.2142.jpg,salmonella,3,val,1
../../Data/downloads/zenodo_4628934_poultry_fecal/content (2)/imgSegmentation/salmo/salmo.2143.json,salmo.2143.jpg,salmonella,3,train,1
../../Data/downloads/zenodo_4628934_poultry_fecal/content (2)/imgSegmentation/salmo/salmo.2144.json,salmo.2144.jpg,salmonella,3,train,1
../../Data/downloads/zenodo_4628934_poultry_fecal/content (2)/imgSegmentation/salmo/salmo.2145.json,salmo.2145.jpg,salmonella,3,val,1
../../Data/downloads/zenodo_4628934_poultry_fecal/content (2)/imgSegmentation/salmo/salmo.2146.json,salmo.2146.jpg,salmonella,3,train,1
../../Data/downloads/zenodo_4628934_poultry_fecal/content (2)/imgSegmentation/salmo/salmo.2147.json,salmo.2147.jpg,salmonella,3,train,1
../../Data/downloads/zenodo_4628934_poultry_fecal/content (2)/imgSegmentation/salmo/salmo.2148.json,salmo.2148.jpg,salmonella,3,train,1
../../Data/downloads/zenodo_4628934_poultry_fecal/content (2)/imgSegmentation/salmo/salmo.2149.json,salmo.2149.jpg,salmonella,3,train,1
../../Data/downloads/zenodo_4628934_poultry_fecal/content (2)/imgSegmentation/salmo/salmo.215.json,salmo.215.jpg,salmonella,3,train,1
../../Data/downloads/zenodo_4628934_poultry_fecal/content (2)/imgSegmentation/salmo/salmo.2150.json,salmo.2150.jpg,salmonella,3,train,1
../../Data/downloads/zenodo_4628934_poultry_fecal/content (2)/imgSegmentation/salmo/salmo.2151.json,salmo.2151.jpg,salmonella,3,train,1
../../Data/downloads/zenodo_4628934_poultry_fecal/content (2)/imgSegmentation/salmo/salmo.2152.json,salmo.2152.jpg,salmonella,3,val,1
../../Data/downloads/zenodo_4628934_poultry_fecal/content (2)/imgSegmentation/salmo/salmo.2153.json,salmo.2153.jpg,salmonella,3,train,1
../../Data/downloads/zenodo_4628934_poultry_fecal/content (2)/imgSegmentation/salmo/salmo.2154.json,salmo.2154.jpg,salmonella,3,train,1
../../Data/downloads/zenodo_4628934_poultry_fecal/content (2)/imgSegmentation/salmo/salmo.2155.json,salmo.2155.jpg,salmonella,3,test,1
../../Data/downloads/zenodo_4628934_poultry_fecal/content (2)/imgSegmentation/salmo/salmo.2156.json,salmo.2156.jpg,salmonella,3,test,1
../../Data/downloads/zenodo_4628934_poultry_fecal/content (2)/imgSegmentation/salmo/salmo.2157.json,salmo.2157.jpg,salmonella,3,train,1
../../Data/downloads/zenodo_4628934_poultry_fecal/content (2)/imgSegmentation/salmo/salmo.2158.json,salmo.2158.jpg,salmonella,3,train,1
../../Data/downloads/zenodo_4628934_poultry_fecal/content (2)/imgSegmentation/salmo/salmo.2159.json,salmo.2159.jpg,salmonella,3,test,1
../../Data/downloads/zenodo_4628934_poultry_fecal/content (2)/imgSegmentation/salmo/salmo.216.json,salmo.216.jpg,salmonella,3,train,1
../../Data/downloads/zenodo_4628934_poultry_fecal/content (2)/imgSegmentation/salmo/salmo.2160.json,salmo.2160.jpg,salmonella,3,val,1
../../Data/downloads/zenodo_4628934_poultry_fecal/content (2)/imgSegmentation/salmo/salmo.2161.json,salmo.2161.jpg,salmonella,3,train,1
../../Data/downloads/zenodo_4628934_poultry_fecal/content (2)/imgSegmentation/salmo/salmo.2162.json,salmo.2162.jpg,salmonella,3,val,1
../../Data/downloads/zenodo_4628934_poultry_fecal/content (2)/imgSegmentation/salmo/salmo.2163.json,salmo.2163.jpg,salmonella,3,train,1
../../Data/downloads/zenodo_4628934_poultry_fecal/content (2)/imgSegmentation/salmo/salmo.2164.json,salmo.2164.jpg,salmonella,3,test,1
../../Data/downloads/zenodo_4628934_poultry_fecal/content (2)/imgSegmentation/salmo/salmo.2165.json,salmo.2165.jpg,salmonella,3,train,1
../../Data/downloads/zenodo_4628934_poultry_fecal/content (2)/imgSegmentation/salmo/salmo.2166.json,salmo.2166.jpg,salmonella,3,train,1
../../Data/downloads/zenodo_4628934_poultry_fecal/content (2)/imgSegmentation/salmo/salmo.2167.json,salmo.2167.jpg,salmonella,3,train,1
../../Data/downloads/zenodo_4628934_poultry_fecal/content (2)/imgSegmentation/salmo/salmo.2168.json,salmo.2168.jpg,salmonella,3,train,1
../../Data/downloads/zenodo_4628934_poultry_fecal/content (2)/imgSegmentation/salmo/salmo.2169.json,salmo.2169.jpg,salmonella,3,train,1
../../Data/downloads/zenodo_4628934_poultry_fecal/content (2)/imgSegmentation/salmo/salmo.217.json,salmo.217.jpg,salmonella,3,test,1
../../Data/downloads/zenodo_4628934_poultry_fecal/content (2)/imgSegmentation/salmo/salmo.2170.json,salmo.2170.jpg,salmonella,3,train,1
../../Data/downloads/zenodo_4628934_poultry_fecal/content (2)/imgSegmentation/salmo/salmo.2171.json,salmo.2171.jpg,salmonella,3,test,1
../../Data/downloads/zenodo_4628934_poultry_fecal/content (2)/imgSegmentation/salmo/salmo.2172.json,salmo.2172.jpg,salmonella,3,val,1
../../Data/downloads/zenodo_4628934_poultry_fecal/content (2)/imgSegmentation/salmo/salmo.2173.json,salmo.2173.jpg,salmonella,3,train,1
../../Data/downloads/zenodo_4628934_poultry_fecal/content (2)/imgSegmentation/salmo/salmo.2174.json,salmo.2174.jpg,salmonella,3,train,1
../../Data/downloads/zenodo_4628934_poultry_fecal/content (2)/imgSegmentation/salmo/salmo.2175.json,salmo.2175.jpg,salmonella,3,train,1
../../Data/downloads/zenodo_4628934_poultry_fecal/content (2)/imgSegmentation/salmo/salmo.2176.json,salmo.2176.jpg,salmonella,3,train,1
../../Data/downloads/zenodo_4628934_poultry_fecal/content (2)/imgSegmentation/salmo/salmo.2177.json,salmo.2177.jpg,salmonella,3,train,1
../../Data/downloads/zenodo_4628934_poultry_fecal/content (2)/imgSegmentation/salmo/salmo.2178.json,salmo.2178.jpg,salmonella,3,test,1
../../Data/downloads/zenodo_4628934_poultry_fecal/content (2)/imgSegmentation/salmo/salmo.2179.json,salmo.2179.jpg,salmonella,3,train,1
../../Data/downloads/zenodo_4628934_poultry_fecal/content (2)/imgSegmentation/salmo/salmo.218.json,salmo.218.jpg,salmonella,3,train,1
../../Data/downloads/zenodo_4628934_poultry_fecal/content (2)/imgSegmentation/salmo/salmo.2180.json,salmo.2180.jpg,salmonella,3,train,1
../../Data/downloads/zenodo_4628934_poultry_fecal/content (2)/imgSegmentation/salmo/salmo.2181.json,salmo.2181.jpg,salmonella,3,train,1
../../Data/downloads/zenodo_4628934_poultry_fecal/content (2)/imgSegmentation/salmo/salmo.2182.json,salmo.2182.jpg,salmonella,3,train,1
../../Data/downloads/zenodo_4628934_poultry_fecal/content (2)/imgSegmentation/salmo/salmo.2183.json,salmo.2183.jpg,salmonella,3,train,1
../../Data/downloads/zenodo_4628934_poultry_fecal/content (2)/imgSegmentation/salmo/salmo.2184.json,salmo.2184.jpg,salmonella,3,train,1
../../Data/downloads/zenodo_4628934_poultry_fecal/content (2)/imgSegmentation/salmo/salmo.2185.json,salmo.2185.jpg,salmonella,3,val,1
../../Data/downloads/zenodo_4628934_poultry_fecal/content (2)/imgSegmentation/salmo/salmo.2186.json,salmo.2186.jpg,salmonella,3,train,1
../../Data/downloads/zenodo_4628934_poultry_fecal/content (2)/imgSegmentation/salmo/salmo.2187.json,salmo.2187.jpg,salmonella,3,train,1
../../Data/downloads/zenodo_4628934_poultry_fecal/content (2)/imgSegmentation/salmo/salmo.2188.json,salmo.2188.jpg,salmonella,3,train,1
../../Data/downloads/zenodo_4628934_poultry_fecal/content (2)/imgSegmentation/salmo/salmo.2189.json,salmo.2189.jpg,salmonella,3,test,1
../../Data/downloads/zenodo_4628934_poultry_fecal/content (2)/imgSegmentation/salmo/salmo.219.json,salmo.219.jpg,salmonella,3,val,1
../../Data/downloads/zenodo_4628934_poultry_fecal/content (2)/imgSegmentation/salmo/salmo.2190.json,salmo.2190.jpg,salmonella,3,train,1
../../Data/downloads/zenodo_4628934_poultry_fecal/content (2)/imgSegmentation/salmo/salmo.2191.json,salmo.2191.jpg,salmonella,3,val,1
../../Data/downloads/zenodo_4628934_poultry_fecal/content (2)/imgSegmentation/salmo/salmo.2192.json,salmo.2192.jpg,salmonella,3,train,1
../../Data/downloads/zenodo_4628934_poultry_fecal/content (2)/imgSegmentation/salmo/salmo.2193.json,salmo.2193.jpg,salmonella,3,val,1
../../Data/downloads/zenodo_4628934_poultry_fecal/content (2)/imgSegmentation/salmo/salmo.2194.json,salmo.2194.jpg,salmonella,3,val,1
../../Data/downloads/zenodo_4628934_poultry_fecal/content (2)/imgSegmentation/salmo/salmo.2195.json,salmo.2195.jpg,salmonella,3,train,1
../../Data/downloads/zenodo_4628934_poultry_fecal/content (2)/imgSegmentation/salmo/salmo.2196.json,salmo.2196.jpg,salmonella,3,val,1
../../Data/downloads/zenodo_4628934_poultry_fecal/content (2)/imgSegmentation/salmo/salmo.2197.json,salmo.2197.jpg,salmonella,3,test,1
../../Data/downloads/zenodo_4628934_poultry_fecal/content (2)/imgSegmentation/salmo/salmo.2198.json,salmo.2198.jpg,salmonella,3,train,1
../../Data/downloads/zenodo_4628934_poultry_fecal/content (2)/imgSegmentation/salmo/salmo.2199.json,salmo.2199.jpg,salmonella,3,train,1
../../Data/downloads/zenodo_4628934_poultry_fecal/content (2)/imgSegmentation/salmo/salmo.22.json,salmo.22.jpg,salmonella,3,train,1
../../Data/downloads/zenodo_4628934_poultry_fecal/content (2)/imgSegmentation/salmo/salmo.220.json,salmo.220.jpg,salmonella,3,test,1
../../Data/downloads/zenodo_4628934_poultry_fecal/content (2)/imgSegmentation/salmo/salmo.2200.json,salmo.2200.jpg,salmonella,3,train,1
../../Data/downloads/zenodo_4628934_poultry_fecal/content (2)/imgSegmentation/salmo/salmo.2201.json,salmo.2201.jpg,salmonella,3,train,1
../../Data/downloads/zenodo_4628934_poultry_fecal/content (2)/imgSegmentation/salmo/salmo.2202.json,salmo.2202.jpg,salmonella,3,train,1
../../Data/downloads/zenodo_4628934_poultry_fecal/content (2)/imgSegmentation/salmo/salmo.2203.json,salmo.2203.jpg,salmonella,3,train,1
../../Data/downloads/zenodo_4628934_poultry_fecal/content (2)/imgSegmentation/salmo/salmo.2204.json,salmo.2204.jpg,salmonella,3,train,1
../../Data/downloads/zenodo_4628934_poultry_fecal/content (2)/imgSegmentation/salmo/salmo.2205.json,salmo.2205.jpg,salmonella,3,train,1
../../Data/downloads/zenodo_4628934_poultry_fecal/content (2)/imgSegmentation/salmo/salmo.2206.json,salmo.2206.jpg,salmonella,3,train,1
../../Data/downloads/zenodo_4628934_poultry_fecal/content (2)/imgSegmentation/salmo/salmo.2207.json,salmo.2207.jpg,salmonella,3,train,1
../../Data/downloads/zenodo_4628934_poultry_fecal/content (2)/imgSegmentation/salmo/salmo.2208.json,salmo.2208.jpg,salmonella,3,test,1
../../Data/downloads/zenodo_4628934_poultry_fecal/content (2)/imgSegmentation/salmo/salmo.2209.json,salmo.2209.jpg,salmonella,3,val,1
../../Data/downloads/zenodo_4628934_poultry_fecal/content (2)/imgSegmentation/salmo/salmo.221.json,salmo.221.jpg,salmonella,3,test,1
../../Data/downloads/zenodo_4628934_poultry_fecal/content (2)/imgSegmentation/salmo/salmo.2210.json,salmo.2210.jpg,salmonella,3,test,1
../../Data/downloads/zenodo_4628934_poultry_fecal/content (2)/imgSegmentation/salmo/salmo.2211.json,salmo.2211.jpg,salmonella,3,val,1
../../Data/downloads/zenodo_4628934_poultry_fecal/content (2)/imgSegmentation/salmo/salmo.2212.json,salmo.2212.jpg,salmonella,3,train,1
../../Data/downloads/zenodo_4628934_poultry_fecal/content (2)/imgSegmentation/salmo/salmo.2213.json,salmo.2213.jpg,salmonella,3,train,1
../../Data/downloads/zenodo_4628934_poultry_fecal/content (2)/imgSegmentation/salmo/salmo.2214.json,salmo.2214.jpg,salmonella,3,val,1
../../Data/downloads/zenodo_4628934_poultry_fecal/content (2)/imgSegmentation/salmo/salmo.2215.json,salmo.2215.jpg,salmonella,3,test,1
../../Data/downloads/zenodo_4628934_poultry_fecal/content (2)/imgSegmentation/salmo/salmo.2216.json,salmo.2216.jpg,salmonella,3,val,1
../../Data/downloads/zenodo_4628934_poultry_fecal/content (2)/imgSegmentation/salmo/salmo.2217.json,salmo.2217.jpg,salmonella,3,train,1
../../Data/downloads/zenodo_4628934_poultry_fecal/content (2)/imgSegmentation/salmo/salmo.2218.json,salmo.2218.jpg,salmonella,3,train,1
../../Data/downloads/zenodo_4628934_poultry_fecal/content (2)/imgSegmentation/salmo/salmo.2219.json,salmo.2219.jpg,salmonella,3,train,1
../../Data/downloads/zenodo_4628934_poultry_fecal/content (2)/imgSegmentation/salmo/salmo.222.json,salmo.222.jpg,salmonella,3,train,1
../../Data/downloads/zenodo_4628934_poultry_fecal/content (2)/imgSegmentation/salmo/salmo.2220.json,salmo.2220.jpg,salmonella,3,train,1
../../Data/downloads/zenodo_4628934_poultry_fecal/content (2)/imgSegmentation/salmo/salmo.2221.json,salmo.2221.jpg,salmonella,3,train,1
../../Data/downloads/zenodo_4628934_poultry_fecal/content (2)/imgSegmentation/salmo/salmo.2222.json,salmo.2222.jpg,salmonella,3,train,1
../../Data/downloads/zenodo_4628934_poultry_fecal/content (2)/imgSegmentation/salmo/salmo.2223.json,salmo.2223.jpg,salmonella,3,val,1
../../Data/downloads/zenodo_4628934_poultry_fecal/content (2)/imgSegmentation/salmo/salmo.2224.json,salmo.2224.jpg,salmonella,3,val,1
../../Data/downloads/zenodo_4628934_poultry_fecal/content (2)/imgSegmentation/salmo/salmo.2225.json,salmo.2225.jpg,salmonella,3,train,1
../../Data/downloads/zenodo_4628934_poultry_fecal/content (2)/imgSegmentation/salmo/salmo.2226.json,salmo.2226.jpg,salmonella,3,test,1
../../Data/downloads/zenodo_4628934_poultry_fecal/content (2)/imgSegmentation/salmo/salmo.2227.json,salmo.2227.jpg,salmonella,3,val,1
../../Data/downloads/zenodo_4628934_poultry_fecal/content (2)/imgSegmentation/salmo/salmo.2228.json,salmo.2228.jpg,salmonella,3,train,1
../../Data/downloads/zenodo_4628934_poultry_fecal/content (2)/imgSegmentation/salmo/salmo.2229.json,salmo.2229.jpg,salmonella,3,val,1
../../Data/downloads/zenodo_4628934_poultry_fecal/content (2)/imgSegmentation/salmo/salmo.223.json,salmo.223.jpg,salmonella,3,val,1
../../Data/downloads/zenodo_4628934_poultry_fecal/content (2)/imgSegmentation/salmo/salmo.2230.json,salmo.2230.jpg,salmonella,3,train,1
../../Data/downloads/zenodo_4628934_poultry_fecal/content (2)/imgSegmentation/salmo/salmo.2231.json,salmo.2231.jpg,salmonella,3,train,1
../../Data/downloads/zenodo_4628934_poultry_fecal/content (2)/imgSegmentation/salmo/salmo.2232.json,salmo.2232.jpg,salmonella,3,test,1
../../Data/downloads/zenodo_4628934_poultry_fecal/content (2)/imgSegmentation/salmo/salmo.2233.json,salmo.2233.jpg,salmonella,3,train,1
../../Data/downloads/zenodo_4628934_poultry_fecal/content (2)/imgSegmentation/salmo/salmo.2234.json,salmo.2234.jpg,salmonella,3,train,1
../../Data/downloads/zenodo_4628934_poultry_fecal/content (2)/imgSegmentation/salmo/salmo.2235.json,salmo.2235.jpg,salmonella,3,train,1
../../Data/downloads/zenodo_4628934_poultry_fecal/content (2)/imgSegmentation/salmo/salmo.2236.json,salmo.2236.jpg,salmonella,3,train,1
../../Data/downloads/zenodo_4628934_poultry_fecal/content (2)/imgSegmentation/salmo/salmo.2237.json,salmo.2237.jpg,salmonella,3,train,1
../../Data/downloads/zenodo_4628934_poultry_fecal/content (2)/imgSegmentation/salmo/salmo.2238.json,salmo.2238.jpg,salmonella,3,train,1
../../Data/downloads/zenodo_4628934_poultry_fecal/content (2)/imgSegmentation/salmo/salmo.2239.json,salmo.2239.jpg,salmonella,3,val,1
../../Data/downloads/zenodo_4628934_poultry_fecal/content (2)/imgSegmentation/salmo/salmo.224.json,salmo.224.jpg,salmonella,3,train,1
../../Data/downloads/zenodo_4628934_poultry_fecal/content (2)/imgSegmentation/salmo/salmo.2240.json,salmo.2240.jpg,salmonella,3,train,1
../../Data/downloads/zenodo_4628934_poultry_fecal/content (2)/imgSegmentation/salmo/salmo.2241.json,salmo.2241.jpg,salmonella,3,train,1
../../Data/downloads/zenodo_4628934_poultry_fecal/content (2)/imgSegmentation/salmo/salmo.2242.json,salmo.2242.jpg,salmonella,3,train,1
../../Data/downloads/zenodo_4628934_poultry_fecal/content (2)/imgSegmentation/salmo/salmo.2243.json,salmo.2243.jpg,salmonella,3,train,1
../../Data/downloads/zenodo_4628934_poultry_fecal/content (2)/imgSegmentation/salmo/salmo.2244.json,salmo.2244.jpg,salmonella,3,test,1
../../Data/downloads/zenodo_4628934_poultry_fecal/content (2)/imgSegmentation/salmo/salmo.2245.json,salmo.2245.jpg,salmonella,3,train,1
../../Data/downloads/zenodo_4628934_poultry_fecal/content (2)/imgSegmentation/salmo/salmo.2246.json,salmo.2246.jpg,salmonella,3,test,1
../../Data/downloads/zenodo_4628934_poultry_fecal/content (2)/imgSegmentation/salmo/salmo.2247.json,salmo.2247.jpg,salmonella,3,val,1
../../Data/downloads/zenodo_4628934_poultry_fecal/content (2)/imgSegmentation/salmo/salmo.2248.json,salmo.2248.jpg,salmonella,3,train,1
../../Data/downloads/zenodo_4628934_poultry_fecal/content (2)/imgSegmentation/salmo/salmo.2249.json,salmo.2249.jpg,salmonella,3,train,1
../../Data/downloads/zenodo_4628934_poultry_fecal/content (2)/imgSegmentation/salmo/salmo.225.json,salmo.225.jpg,salmonella,3,val,1
../../Data/downloads/zenodo_4628934_poultry_fecal/content (2)/imgSegmentation/salmo/salmo.2250.json,salmo.2250.jpg,salmonella,3,train,1
../../Data/downloads/zenodo_4628934_poultry_fecal/content (2)/imgSegmentation/salmo/salmo.2251.json,salmo.2251.jpg,salmonella,3,val,1
../../Data/downloads/zenodo_4628934_poultry_fecal/content (2)/imgSegmentation/salmo/salmo.2252.json,salmo.2252.jpg,salmonella,3,train,1
../../Data/downloads/zenodo_4628934_poultry_fecal/content (2)/imgSegmentation/salmo/salmo.2253.json,salmo.2253.jpg,salmonella,3,train,1
../../Data/downloads/zenodo_4628934_poultry_fecal/content (2)/imgSegmentation/salmo/salmo.2254.json,salmo.2254.jpg,salmonella,3,train,1
../../Data/downloads/zenodo_4628934_poultry_fecal/content (2)/imgSegmentation/salmo/salmo.2255.json,salmo.2255.jpg,salmonella,3,test,1
../../Data/downloads/zenodo_4628934_poultry_fecal/content (2)/imgSegmentation/salmo/salmo.2256.json,salmo.2256.jpg,salmonella,3,train,1
../../Data/downloads/zenodo_4628934_poultry_fecal/content (2)/imgSegmentation/salmo/salmo.2257.json,salmo.2257.jpg,salmonella,3,train,1
../../Data/downloads/zenodo_4628934_poultry_fecal/content (2)/imgSegmentation/salmo/salmo.2258.json,salmo.2258.jpg,salmonella,3,train,1
../../Data/downloads/zenodo_4628934_poultry_fecal/content (2)/imgSegmentation/salmo/salmo.2259.json,salmo.2259.jpg,salmonella,3,train,1
../../Data/downloads/zenodo_4628934_poultry_fecal/content (2)/imgSegmentation/salmo/salmo.226.json,salmo.226.jpg,salmonella,3,test,1
../../Data/downloads/zenodo_4628934_poultry_fecal/content (2)/imgSegmentation/salmo/salmo.2260.json,salmo.2260.jpg,salmonella,3,train,1
../../Data/downloads/zenodo_4628934_poultry_fecal/content (2)/imgSegmentation/salmo/salmo.2261.json,salmo.2261.jpg,salmonella,3,train,1
../../Data/downloads/zenodo_4628934_poultry_fecal/content (2)/imgSegmentation/salmo/salmo.2262.json,salmo.2262.jpg,salmonella,3,train,1
../../Data/downloads/zenodo_4628934_poultry_fecal/content (2)/imgSegmentation/salmo/salmo.2263.json,salmo.2263.jpg,salmonella,3,train,1
../../Data/downloads/zenodo_4628934_poultry_fecal/content (2)/imgSegmentation/salmo/salmo.2264.json,salmo.2264.jpg,salmonella,3,train,1
../../Data/downloads/zenodo_4628934_poultry_fecal/content (2)/imgSegmentation/salmo/salmo.2265.json,salmo.2265.jpg,salmonella,3,test,1
../../Data/downloads/zenodo_4628934_poultry_fecal/content (2)/imgSegmentation/salmo/salmo.2266.json,salmo.2266.jpg,salmonella,3,test,1
../../Data/downloads/zenodo_4628934_poultry_fecal/content (2)/imgSegmentation/salmo/salmo.2267.json,salmo.2267.jpg,salmonella,3,train,1
../../Data/downloads/zenodo_4628934_poultry_fecal/content (2)/imgSegmentation/salmo/salmo.2268.json,salmo.2268.jpg,salmonella,3,train,1
../../Data/downloads/zenodo_4628934_poultry_fecal/content (2)/imgSegmentation/salmo/salmo.2269.json,salmo.2269.jpg,salmonella,3,train,1
../../Data/downloads/zenodo_4628934_poultry_fecal/content (2)/imgSegmentation/salmo/salmo.227.json,salmo.227.jpg,salmonella,3,train,1
../../Data/downloads/zenodo_4628934_poultry_fecal/content (2)/imgSegmentation/salmo/salmo.2270.json,salmo.2270.jpg,salmonella,3,test,1
../../Data/downloads/zenodo_4628934_poultry_fecal/content (2)/imgSegmentation/salmo/salmo.2271.json,salmo.2271.jpg,salmonella,3,train,1
../../Data/downloads/zenodo_4628934_poultry_fecal/content (2)/imgSegmentation/salmo/salmo.2272.json,salmo.2272.jpg,salmonella,3,train,1
../../Data/downloads/zenodo_4628934_poultry_fecal/content (2)/imgSegmentation/salmo/salmo.2273.json,salmo.2273.jpg,salmonella,3,train,1
../../Data/downloads/zenodo_4628934_poultry_fecal/content (2)/imgSegmentation/salmo/salmo.2274.json,salmo.2274.jpg,salmonella,3,train,1
../../Data/downloads/zenodo_4628934_poultry_fecal/content (2)/imgSegmentation/salmo/salmo.2275.json,salmo.2275.jpg,salmonella,3,test,1
../../Data/downloads/zenodo_4628934_poultry_fecal/content (2)/imgSegmentation/salmo/salmo.228.json,salmo.228.jpg,salmonella,3,train,1
../../Data/downloads/zenodo_4628934_poultry_fecal/content (2)/imgSegmentation/salmo/salmo.229.json,salmo.229.jpg,salmonella,3,test,1
../../Data/downloads/zenodo_4628934_poultry_fecal/content (2)/imgSegmentation/salmo/salmo.23.json,salmo.23.jpg,salmonella,3,train,1
../../Data/downloads/zenodo_4628934_poultry_fecal/content (2)/imgSegmentation/salmo/salmo.230.json,salmo.230.jpg,salmonella,3,train,1
../../Data/downloads/zenodo_4628934_poultry_fecal/content (2)/imgSegmentation/salmo/salmo.231.json,salmo.231.jpg,salmonella,3,train,1
../../Data/downloads/zenodo_4628934_poultry_fecal/content (2)/imgSegmentation/salmo/salmo.232.json,salmo.232.jpg,salmonella,3,val,1
../../Data/downloads/zenodo_4628934_poultry_fecal/content (2)/imgSegmentation/salmo/salmo.233.json,salmo.233.jpg,salmonella,3,val,1
../../Data/downloads/zenodo_4628934_poultry_fecal/content (2)/imgSegmentation/salmo/salmo.234.json,salmo.234.jpg,salmonella,3,train,1
../../Data/downloads/zenodo_4628934_poultry_fecal/content (2)/imgSegmentation/salmo/salmo.235.json,salmo.235.jpg,salmonella,3,test,1
../../Data/downloads/zenodo_4628934_poultry_fecal/content (2)/imgSegmentation/salmo/salmo.236.json,salmo.236.jpg,salmonella,3,train,1
../../Data/downloads/zenodo_4628934_poultry_fecal/content (2)/imgSegmentation/salmo/salmo.237.json,salmo.237.jpg,salmonella,3,val,1
../../Data/downloads/zenodo_4628934_poultry_fecal/content (2)/imgSegmentation/salmo/salmo.238.json,salmo.238.jpg,salmonella,3,train,1
../../Data/downloads/zenodo_4628934_poultry_fecal/content (2)/imgSegmentation/salmo/salmo.239.json,salmo.239.jpg,salmonella,3,train,1
../../Data/downloads/zenodo_4628934_poultry_fecal/content (2)/imgSegmentation/salmo/salmo.24.json,salmo.24.jpg,salmonella,3,val,1
../../Data/downloads/zenodo_4628934_poultry_fecal/content (2)/imgSegmentation/salmo/salmo.240.json,salmo.240.jpg,salmonella,3,train,1
../../Data/downloads/zenodo_4628934_poultry_fecal/content (2)/imgSegmentation/salmo/salmo.241.json,salmo.241.jpg,salmonella,3,val,1
../../Data/downloads/zenodo_4628934_poultry_fecal/content (2)/imgSegmentation/salmo/salmo.242.json,salmo.242.jpg,salmonella,3,train,1
../../Data/downloads/zenodo_4628934_poultry_fecal/content (2)/imgSegmentation/salmo/salmo.243.json,salmo.243.jpg,salmonella,3,train,1
../../Data/downloads/zenodo_4628934_poultry_fecal/content (2)/imgSegmentation/salmo/salmo.244.json,salmo.244.jpg,salmonella,3,train,1
../../Data/downloads/zenodo_4628934_poultry_fecal/content (2)/imgSegmentation/salmo/salmo.245.json,salmo.245.jpg,salmonella,3,train,1
../../Data/downloads/zenodo_4628934_poultry_fecal/content (2)/imgSegmentation/salmo/salmo.246.json,salmo.246.jpg,salmonella,3,test,1
../../Data/downloads/zenodo_4628934_poultry_fecal/content (2)/imgSegmentation/salmo/salmo.247.json,salmo.247.jpg,salmonella,3,train,1
../../Data/downloads/zenodo_4628934_poultry_fecal/content (2)/imgSegmentation/salmo/salmo.248.json,salmo.248.jpg,salmonella,3,train,1
../../Data/downloads/zenodo_4628934_poultry_fecal/content (2)/imgSegmentation/salmo/salmo.249.json,salmo.249.jpg,salmonella,3,train,1
../../Data/downloads/zenodo_4628934_poultry_fecal/content (2)/imgSegmentation/salmo/salmo.25.json,salmo.25.jpg,salmonella,3,train,1
../../Data/downloads/zenodo_4628934_poultry_fecal/content (2)/imgSegmentation/salmo/salmo.250.json,salmo.250.jpg,salmonella,3,train,1
../../Data/downloads/zenodo_4628934_poultry_fecal/content (2)/imgSegmentation/salmo/salmo.251.json,salmo.251.jpg,salmonella,3,val,1
../../Data/downloads/zenodo_4628934_poultry_fecal/content (2)/imgSegmentation/salmo/salmo.252.json,salmo.252.jpg,salmonella,3,val,1
../../Data/downloads/zenodo_4628934_poultry_fecal/content (2)/imgSegmentation/salmo/salmo.253.json,salmo.253.jpg,salmonella,3,train,1
../../Data/downloads/zenodo_4628934_poultry_fecal/content (2)/imgSegmentation/salmo/salmo.254.json,salmo.254.jpg,salmonella,3,train,1
../../Data/downloads/zenodo_4628934_poultry_fecal/content (2)/imgSegmentation/salmo/salmo.255.json,salmo.255.jpg,salmonella,3,train,1
../../Data/downloads/zenodo_4628934_poultry_fecal/content (2)/imgSegmentation/salmo/salmo.256.json,salmo.256.jpg,salmonella,3,train,1
../../Data/downloads/zenodo_4628934_poultry_fecal/content (2)/imgSegmentation/salmo/salmo.257.json,salmo.257.jpg,salmonella,3,train,1
../../Data/downloads/zenodo_4628934_poultry_fecal/content (2)/imgSegmentation/salmo/salmo.258.json,salmo.258.jpg,salmonella,3,train,1
../../Data/downloads/zenodo_4628934_poultry_fecal/content (2)/imgSegmentation/salmo/salmo.259.json,salmo.259.jpg,salmonella,3,train,1
../../Data/downloads/zenodo_4628934_poultry_fecal/content (2)/imgSegmentation/salmo/salmo.26.json,salmo.26.jpg,salmonella,3,train,1
../../Data/downloads/zenodo_4628934_poultry_fecal/content (2)/imgSegmentation/salmo/salmo.260.json,salmo.260.jpg,salmonella,3,train,1
../../Data/downloads/zenodo_4628934_poultry_fecal/content (2)/imgSegmentation/salmo/salmo.261.json,salmo.261.jpg,salmonella,3,train,1
../../Data/downloads/zenodo_4628934_poultry_fecal/content (2)/imgSegmentation/salmo/salmo.262.json,salmo.262.jpg,salmonella,3,train,1
../../Data/downloads/zenodo_4628934_poultry_fecal/content (2)/imgSegmentation/salmo/salmo.263.json,salmo.263.jpg,salmonella,3,train,1
../../Data/downloads/zenodo_4628934_poultry_fecal/content (2)/imgSegmentation/salmo/salmo.264.json,salmo.264.jpg,salmonella,3,train,1
../../Data/downloads/zenodo_4628934_poultry_fecal/content (2)/imgSegmentation/salmo/salmo.265.json,salmo.265.jpg,salmonella,3,test,1
../../Data/downloads/zenodo_4628934_poultry_fecal/content (2)/imgSegmentation/salmo/salmo.266.json,salmo.266.jpg,salmonella,3,train,1
../../Data/downloads/zenodo_4628934_poultry_fecal/content (2)/imgSegmentation/salmo/salmo.267.json,salmo.267.jpg,salmonella,3,train,1
../../Data/downloads/zenodo_4628934_poultry_fecal/content (2)/imgSegmentation/salmo/salmo.268.json,salmo.268.jpg,salmonella,3,train,1
../../Data/downloads/zenodo_4628934_poultry_fecal/content (2)/imgSegmentation/salmo/salmo.269.json,salmo.269.jpg,salmonella,3,val,1
../../Data/downloads/zenodo_4628934_poultry_fecal/content (2)/imgSegmentation/salmo/salmo.27.json,salmo.27.jpg,salmonella,3,test,1
../../Data/downloads/zenodo_4628934_poultry_fecal/content (2)/imgSegmentation/salmo/salmo.270.json,salmo.270.jpg,salmonella,3,test,1
../../Data/downloads/zenodo_4628934_poultry_fecal/content (2)/imgSegmentation/salmo/salmo.271.json,salmo.271.jpg,salmonella,3,train,1
../../Data/downloads/zenodo_4628934_poultry_fecal/content (2)/imgSegmentation/salmo/salmo.272.json,salmo.272.jpg,salmonella,3,val,1
../../Data/downloads/zenodo_4628934_poultry_fecal/content (2)/imgSegmentation/salmo/salmo.273.json,salmo.273.jpg,salmonella,3,train,1
../../Data/downloads/zenodo_4628934_poultry_fecal/content (2)/imgSegmentation/salmo/salmo.274.json,salmo.274.jpg,salmonella,3,train,1
../../Data/downloads/zenodo_4628934_poultry_fecal/content (2)/imgSegmentation/salmo/salmo.275.json,salmo.275.jpg,salmonella,3,train,1
../../Data/downloads/zenodo_4628934_poultry_fecal/content (2)/imgSegmentation/salmo/salmo.276.json,salmo.276.jpg,salmonella,3,val,1
../../Data/downloads/zenodo_4628934_poultry_fecal/content (2)/imgSegmentation/salmo/salmo.277.json,salmo.277.jpg,salmonella,3,val,1
../../Data/downloads/zenodo_4628934_poultry_fecal/content (2)/imgSegmentation/salmo/salmo.278.json,salmo.278.jpg,salmonella,3,val,1
../../Data/downloads/zenodo_4628934_poultry_fecal/content (2)/imgSegmentation/salmo/salmo.279.json,salmo.279.jpg,salmonella,3,train,1
../../Data/downloads/zenodo_4628934_poultry_fecal/content (2)/imgSegmentation/salmo/salmo.28.json,salmo.28.jpg,salmonella,3,train,1
../../Data/downloads/zenodo_4628934_poultry_fecal/content (2)/imgSegmentation/salmo/salmo.280.json,salmo.280.jpg,salmonella,3,train,1
../../Data/downloads/zenodo_4628934_poultry_fecal/content (2)/imgSegmentation/salmo/salmo.281.json,salmo.281.jpg,salmonella,3,train,1
../../Data/downloads/zenodo_4628934_poultry_fecal/content (2)/imgSegmentation/salmo/salmo.282.json,salmo.282.jpg,salmonella,3,train,1
../../Data/downloads/zenodo_4628934_poultry_fecal/content (2)/imgSegmentation/salmo/salmo.283.json,salmo.283.jpg,salmonella,3,train,1
../../Data/downloads/zenodo_4628934_poultry_fecal/content (2)/imgSegmentation/salmo/salmo.284.json,salmo.284.jpg,salmonella,3,train,1
../../Data/downloads/zenodo_4628934_poultry_fecal/content (2)/imgSegmentation/salmo/salmo.285.json,salmo.285.jpg,salmonella,3,train,1
../../Data/downloads/zenodo_4628934_poultry_fecal/content (2)/imgSegmentation/salmo/salmo.286.json,salmo.286.jpg,salmonella,3,test,1
../../Data/downloads/zenodo_4628934_poultry_fecal/content (2)/imgSegmentation/salmo/salmo.287.json,salmo.287.jpg,salmonella,3,train,1
../../Data/downloads/zenodo_4628934_poultry_fecal/content (2)/imgSegmentation/salmo/salmo.288.json,salmo.288.jpg,salmonella,3,val,1
../../Data/downloads/zenodo_4628934_poultry_fecal/content (2)/imgSegmentation/salmo/salmo.289.json,salmo.289.jpg,salmonella,3,train,1
../../Data/downloads/zenodo_4628934_poultry_fecal/content (2)/imgSegmentation/salmo/salmo.29.json,salmo.29.jpg,salmonella,3,train,1
../../Data/downloads/zenodo_4628934_poultry_fecal/content (2)/imgSegmentation/salmo/salmo.290.json,salmo.290.jpg,salmonella,3,val,1
../../Data/downloads/zenodo_4628934_poultry_fecal/content (2)/imgSegmentation/salmo/salmo.291.json,salmo.291.jpg,salmonella,3,train,1
../../Data/downloads/zenodo_4628934_poultry_fecal/content (2)/imgSegmentation/salmo/salmo.292.json,salmo.292.jpg,salmonella,3,train,1
../../Data/downloads/zenodo_4628934_poultry_fecal/content (2)/imgSegmentation/salmo/salmo.293.json,salmo.293.jpg,salmonella,3,train,1
../../Data/downloads/zenodo_4628934_poultry_fecal/content (2)/imgSegmentation/salmo/salmo.294.json,salmo.294.jpg,salmonella,3,train,1
../../Data/downloads/zenodo_4628934_poultry_fecal/content (2)/imgSegmentation/salmo/salmo.295.json,salmo.295.jpg,salmonella,3,test,1
../../Data/downloads/zenodo_4628934_poultry_fecal/content (2)/imgSegmentation/salmo/salmo.296.json,salmo.296.jpg,salmonella,3,train,1
../../Data/downloads/zenodo_4628934_poultry_fecal/content (2)/imgSegmentation/salmo/salmo.297.json,salmo.297.jpg,salmonella,3,val,1
../../Data/downloads/zenodo_4628934_poultry_fecal/content (2)/imgSegmentation/salmo/salmo.298.json,salmo.298.jpg,salmonella,3,val,1
../../Data/downloads/zenodo_4628934_poultry_fecal/content (2)/imgSegmentation/salmo/salmo.299.json,salmo.299.jpg,salmonella,3,test,1
../../Data/downloads/zenodo_4628934_poultry_fecal/content (2)/imgSegmentation/salmo/salmo.3.json,salmo.3.jpg,salmonella,3,train,1
../../Data/downloads/zenodo_4628934_poultry_fecal/content (2)/imgSegmentation/salmo/salmo.30.json,salmo.30.jpg,salmonella,3,test,1
../../Data/downloads/zenodo_4628934_poultry_fecal/content (2)/imgSegmentation/salmo/salmo.300.json,salmo.300.jpg,salmonella,3,train,1
../../Data/downloads/zenodo_4628934_poultry_fecal/content (2)/imgSegmentation/salmo/salmo.301.json,salmo.301.jpg,salmonella,3,train,1
../../Data/downloads/zenodo_4628934_poultry_fecal/content (2)/imgSegmentation/salmo/salmo.302.json,salmo.302.jpg,salmonella,3,train,1
../../Data/downloads/zenodo_4628934_poultry_fecal/content (2)/imgSegmentation/salmo/salmo.303.json,salmo.303.jpg,salmonella,3,train,1
../../Data/downloads/zenodo_4628934_poultry_fecal/content (2)/imgSegmentation/salmo/salmo.304.json,salmo.304.jpg,salmonella,3,val,1
../../Data/downloads/zenodo_4628934_poultry_fecal/content (2)/imgSegmentation/salmo/salmo.305.json,salmo.305.jpg,salmonella,3,train,1
../../Data/downloads/zenodo_4628934_poultry_fecal/content (2)/imgSegmentation/salmo/salmo.306.json,salmo.306.jpg,salmonella,3,test,1
../../Data/downloads/zenodo_4628934_poultry_fecal/content (2)/imgSegmentation/salmo/salmo.307.json,salmo.307.jpg,salmonella,3,train,1
../../Data/downloads/zenodo_4628934_poultry_fecal/content (2)/imgSegmentation/salmo/salmo.308.json,salmo.308.jpg,salmonella,3,train,1
../../Data/downloads/zenodo_4628934_poultry_fecal/content (2)/imgSegmentation/salmo/salmo.309.json,salmo.309.jpg,salmonella,3,val,1
../../Data/downloads/zenodo_4628934_poultry_fecal/content (2)/imgSegmentation/salmo/salmo.31.json,salmo.31.jpg,salmonella,3,train,1
../../Data/downloads/zenodo_4628934_poultry_fecal/content (2)/imgSegmentation/salmo/salmo.310.json,salmo.310.jpg,salmonella,3,train,1
../../Data/downloads/zenodo_4628934_poultry_fecal/content (2)/imgSegmentation/salmo/salmo.311.json,salmo.311.jpg,salmonella,3,train,1
../../Data/downloads/zenodo_4628934_poultry_fecal/content (2)/imgSegmentation/salmo/salmo.312.json,salmo.312.jpg,salmonella,3,test,1
../../Data/downloads/zenodo_4628934_poultry_fecal/content (2)/imgSegmentation/salmo/salmo.313.json,salmo.313.jpg,salmonella,3,train,1
../../Data/downloads/zenodo_4628934_poultry_fecal/content (2)/imgSegmentation/salmo/salmo.314.json,salmo.314.jpg,salmonella,3,val,1
../../Data/downloads/zenodo_4628934_poultry_fecal/content (2)/imgSegmentation/salmo/salmo.315.json,salmo.315.jpg,salmonella,3,val,1
../../Data/downloads/zenodo_4628934_poultry_fecal/content (2)/imgSegmentation/salmo/salmo.316.json,salmo.316.jpg,salmonella,3,train,1
../../Data/downloads/zenodo_4628934_poultry_fecal/content (2)/imgSegmentation/salmo/salmo.317.json,salmo.317.jpg,salmonella,3,train,1
../../Data/downloads/zenodo_4628934_poultry_fecal/content (2)/imgSegmentation/salmo/salmo.318.json,salmo.318.jpg,salmonella,3,train,1
../../Data/downloads/zenodo_4628934_poultry_fecal/content (2)/imgSegmentation/salmo/salmo.319.json,salmo.319.jpg,salmonella,3,train,1
../../Data/downloads/zenodo_4628934_poultry_fecal/content (2)/imgSegmentation/salmo/salmo.32.json,salmo.32.jpg,salmonella,3,test,1
../../Data/downloads/zenodo_4628934_poultry_fecal/content (2)/imgSegmentation/salmo/salmo.320.json,salmo.320.jpg,salmonella,3,train,1
../../Data/downloads/zenodo_4628934_poultry_fecal/content (2)/imgSegmentation/salmo/salmo.321.json,salmo.321.jpg,salmonella,3,train,1
../../Data/downloads/zenodo_4628934_poultry_fecal/content (2)/imgSegmentation/salmo/salmo.322.json,salmo.322.jpg,salmonella,3,test,1
../../Data/downloads/zenodo_4628934_poultry_fecal/content (2)/imgSegmentation/salmo/salmo.323.json,salmo.323.jpg,salmonella,3,train,1
../../Data/downloads/zenodo_4628934_poultry_fecal/content (2)/imgSegmentation/salmo/salmo.324.json,salmo.324.jpg,salmonella,3,train,1
../../Data/downloads/zenodo_4628934_poultry_fecal/content (2)/imgSegmentation/salmo/salmo.325.json,salmo.325.jpg,salmonella,3,train,1
../../Data/downloads/zenodo_4628934_poultry_fecal/content (2)/imgSegmentation/salmo/salmo.326.json,salmo.326.jpg,salmonella,3,train,1
../../Data/downloads/zenodo_4628934_poultry_fecal/content (2)/imgSegmentation/salmo/salmo.327.json,salmo.327.jpg,salmonella,3,train,1
../../Data/downloads/zenodo_4628934_poultry_fecal/content (2)/imgSegmentation/salmo/salmo.328.json,salmo.328.jpg,salmonella,3,train,1
../../Data/downloads/zenodo_4628934_poultry_fecal/content (2)/imgSegmentation/salmo/salmo.329.json,salmo.329.jpg,salmonella,3,train,1
../../Data/downloads/zenodo_4628934_poultry_fecal/content (2)/imgSegmentation/salmo/salmo.33.json,salmo.33.jpg,salmonella,3,train,1
../../Data/downloads/zenodo_4628934_poultry_fecal/content (2)/imgSegmentation/salmo/salmo.330.json,salmo.330.jpg,salmonella,3,train,1
../../Data/downloads/zenodo_4628934_poultry_fecal/content (2)/imgSegmentation/salmo/salmo.331.json,salmo.331.jpg,salmonella,3,val,1
../../Data/downloads/zenodo_4628934_poultry_fecal/content (2)/imgSegmentation/salmo/salmo.332.json,salmo.332.jpg,salmonella,3,train,1
../../Data/downloads/zenodo_4628934_poultry_fecal/content (2)/imgSegmentation/salmo/salmo.333.json,salmo.333.jpg,salmonella,3,test,1
../../Data/downloads/zenodo_4628934_poultry_fecal/content (2)/imgSegmentation/salmo/salmo.334.json,salmo.334.jpg,salmonella,3,train,1
../../Data/downloads/zenodo_4628934_poultry_fecal/content (2)/imgSegmentation/salmo/salmo.335.json,salmo.335.jpg,salmonella,3,test,1
../../Data/downloads/zenodo_4628934_poultry_fecal/content (2)/imgSegmentation/salmo/salmo.336.json,salmo.336.jpg,salmonella,3,train,1
../../Data/downloads/zenodo_4628934_poultry_fecal/content (2)/imgSegmentation/salmo/salmo.337.json,salmo.337.jpg,salmonella,3,train,1
../../Data/downloads/zenodo_4628934_poultry_fecal/content (2)/imgSegmentation/salmo/salmo.338.json,salmo.338.jpg,salmonella,3,train,1
../../Data/downloads/zenodo_4628934_poultry_fecal/content (2)/imgSegmentation/salmo/salmo.339.json,salmo.339.jpg,salmonella,3,train,1
../../Data/downloads/zenodo_4628934_poultry_fecal/content (2)/imgSegmentation/salmo/salmo.34.json,salmo.34.jpg,salmonella,3,train,1
../../Data/downloads/zenodo_4628934_poultry_fecal/content (2)/imgSegmentation/salmo/salmo.340.json,salmo.340.jpg,salmonella,3,train,1
../../Data/downloads/zenodo_4628934_poultry_fecal/content (2)/imgSegmentation/salmo/salmo.341.json,salmo.341.jpg,salmonella,3,train,1
../../Data/downloads/zenodo_4628934_poultry_fecal/content (2)/imgSegmentation/salmo/salmo.342.json,salmo.342.jpg,salmonella,3,test,1
../../Data/downloads/zenodo_4628934_poultry_fecal/content (2)/imgSegmentation/salmo/salmo.343.json,salmo.343.jpg,salmonella,3,train,1
../../Data/downloads/zenodo_4628934_poultry_fecal/content (2)/imgSegmentation/salmo/salmo.344.json,salmo.344.jpg,salmonella,3,train,1
../../Data/downloads/zenodo_4628934_poultry_fecal/content (2)/imgSegmentation/salmo/salmo.345.json,salmo.345.jpg,salmonella,3,val,1
../../Data/downloads/zenodo_4628934_poultry_fecal/content (2)/imgSegmentation/salmo/salmo.346.json,salmo.346.jpg,salmonella,3,train,1
../../Data/downloads/zenodo_4628934_poultry_fecal/content (2)/imgSegmentation/salmo/salmo.347.json,salmo.347.jpg,salmonella,3,train,1
../../Data/downloads/zenodo_4628934_poultry_fecal/content (2)/imgSegmentation/salmo/salmo.348.json,salmo.348.jpg,salmonella,3,train,1
../../Data/downloads/zenodo_4628934_poultry_fecal/content (2)/imgSegmentation/salmo/salmo.349.json,salmo.349.jpg,salmonella,3,train,1
../../Data/downloads/zenodo_4628934_poultry_fecal/content (2)/imgSegmentation/salmo/salmo.35.json,salmo.35.jpg,salmonella,3,train,1
../../Data/downloads/zenodo_4628934_poultry_fecal/content (2)/imgSegmentation/salmo/salmo.350.json,salmo.350.jpg,salmonella,3,train,1
../../Data/downloads/zenodo_4628934_poultry_fecal/content (2)/imgSegmentation/salmo/salmo.351.json,salmo.351.jpg,salmonella,3,train,1
../../Data/downloads/zenodo_4628934_poultry_fecal/content (2)/imgSegmentation/salmo/salmo.352.json,salmo.352.jpg,salmonella,3,train,1
../../Data/downloads/zenodo_4628934_poultry_fecal/content (2)/imgSegmentation/salmo/salmo.353.json,salmo.353.jpg,salmonella,3,val,1
../../Data/downloads/zenodo_4628934_poultry_fecal/content (2)/imgSegmentation/salmo/salmo.354.json,salmo.354.jpg,salmonella,3,test,1
../../Data/downloads/zenodo_4628934_poultry_fecal/content (2)/imgSegmentation/salmo/salmo.355.json,salmo.355.jpg,salmonella,3,train,1
../../Data/downloads/zenodo_4628934_poultry_fecal/content (2)/imgSegmentation/salmo/salmo.356.json,salmo.356.jpg,salmonella,3,train,1
../../Data/downloads/zenodo_4628934_poultry_fecal/content (2)/imgSegmentation/salmo/salmo.357.json,salmo.357.jpg,salmonella,3,test,1
../../Data/downloads/zenodo_4628934_poultry_fecal/content (2)/imgSegmentation/salmo/salmo.358.json,salmo.358.jpg,salmonella,3,train,1
../../Data/downloads/zenodo_4628934_poultry_fecal/content (2)/imgSegmentation/salmo/salmo.359.json,salmo.359.jpg,salmonella,3,train,1
../../Data/downloads/zenodo_4628934_poultry_fecal/content (2)/imgSegmentation/salmo/salmo.36.json,salmo.36.jpg,salmonella,3,train,1
../../Data/downloads/zenodo_4628934_poultry_fecal/content (2)/imgSegmentation/salmo/salmo.360.json,salmo.360.jpg,salmonella,3,train,1
../../Data/downloads/zenodo_4628934_poultry_fecal/content (2)/imgSegmentation/salmo/salmo.361.json,salmo.361.jpg,salmonella,3,train,1
../../Data/downloads/zenodo_4628934_poultry_fecal/content (2)/imgSegmentation/salmo/salmo.362.json,salmo.362.jpg,salmonella,3,train,1
../../Data/downloads/zenodo_4628934_poultry_fecal/content (2)/imgSegmentation/salmo/salmo.363.json,salmo.363.jpg,salmonella,3,test,1
../../Data/downloads/zenodo_4628934_poultry_fecal/content (2)/imgSegmentation/salmo/salmo.364.json,salmo.364.jpg,salmonella,3,test,1
../../Data/downloads/zenodo_4628934_poultry_fecal/content (2)/imgSegmentation/salmo/salmo.365.json,salmo.365.jpg,salmonella,3,test,1
../../Data/downloads/zenodo_4628934_poultry_fecal/content (2)/imgSegmentation/salmo/salmo.366.json,salmo.366.jpg,salmonella,3,test,1
../../Data/downloads/zenodo_4628934_poultry_fecal/content (2)/imgSegmentation/salmo/salmo.367.json,salmo.367.jpg,salmonella,3,train,1
../../Data/downloads/zenodo_4628934_poultry_fecal/content (2)/imgSegmentation/salmo/salmo.368.json,salmo.368.jpg,salmonella,3,train,1
../../Data/downloads/zenodo_4628934_poultry_fecal/content (2)/imgSegmentation/salmo/salmo.369.json,salmo.369.jpg,salmonella,3,train,1
../../Data/downloads/zenodo_4628934_poultry_fecal/content (2)/imgSegmentation/salmo/salmo.37.json,salmo.37.jpg,salmonella,3,val,1
../../Data/downloads/zenodo_4628934_poultry_fecal/content (2)/imgSegmentation/salmo/salmo.370.json,salmo.370.jpg,salmonella,3,train,1
../../Data/downloads/zenodo_4628934_poultry_fecal/content (2)/imgSegmentation/salmo/salmo.371.json,salmo.371.jpg,salmonella,3,train,1
../../Data/downloads/zenodo_4628934_poultry_fecal/content (2)/imgSegmentation/salmo/salmo.372.json,salmo.372.jpg,salmonella,3,train,1
../../Data/downloads/zenodo_4628934_poultry_fecal/content (2)/imgSegmentation/salmo/salmo.373.json,salmo.373.jpg,salmonella,3,train,1
../../Data/downloads/zenodo_4628934_poultry_fecal/content (2)/imgSegmentation/salmo/salmo.374.json,salmo.374.jpg,salmonella,3,train,1
../../Data/downloads/zenodo_4628934_poultry_fecal/content (2)/imgSegmentation/salmo/salmo.375.json,salmo.375.jpg,salmonella,3,val,1
../../Data/downloads/zenodo_4628934_poultry_fecal/content (2)/imgSegmentation/salmo/salmo.376.json,salmo.376.jpg,salmonella,3,test,1
../../Data/downloads/zenodo_4628934_poultry_fecal/content (2)/imgSegmentation/salmo/salmo.377.json,salmo.377.jpg,salmonella,3,train,1
../../Data/downloads/zenodo_4628934_poultry_fecal/content (2)/imgSegmentation/salmo/salmo.378.json,salmo.378.jpg,salmonella,3,train,1
../../Data/downloads/zenodo_4628934_poultry_fecal/content (2)/imgSegmentation/salmo/salmo.379.json,salmo.379.jpg,salmonella,3,train,1
../../Data/downloads/zenodo_4628934_poultry_fecal/content (2)/imgSegmentation/salmo/salmo.38.json,salmo.38.jpg,salmonella,3,val,1
../../Data/downloads/zenodo_4628934_poultry_fecal/content (2)/imgSegmentation/salmo/salmo.380.json,salmo.380.jpg,salmonella,3,train,1
../../Data/downloads/zenodo_4628934_poultry_fecal/content (2)/imgSegmentation/salmo/salmo.381.json,salmo.381.jpg,salmonella,3,train,1
../../Data/downloads/zenodo_4628934_poultry_fecal/content (2)/imgSegmentation/salmo/salmo.382.json,salmo.382.jpg,salmonella,3,train,1
../../Data/downloads/zenodo_4628934_poultry_fecal/content (2)/imgSegmentation/salmo/salmo.383.json,salmo.383.jpg,salmonella,3,train,1
../../Data/downloads/zenodo_4628934_poultry_fecal/content (2)/imgSegmentation/salmo/salmo.384.json,salmo.384.jpg,salmonella,3,val,1
../../Data/downloads/zenodo_4628934_poultry_fecal/content (2)/imgSegmentation/salmo/salmo.385.json,salmo.385.jpg,salmonella,3,train,1
../../Data/downloads/zenodo_4628934_poultry_fecal/content (2)/imgSegmentation/salmo/salmo.386.json,salmo.386.jpg,salmonella,3,train,1
../../Data/downloads/zenodo_4628934_poultry_fecal/content (2)/imgSegmentation/salmo/salmo.387.json,salmo.387.jpg,salmonella,3,val,1
../../Data/downloads/zenodo_4628934_poultry_fecal/content (2)/imgSegmentation/salmo/salmo.388.json,salmo.388.jpg,salmonella,3,train,1
../../Data/downloads/zenodo_4628934_poultry_fecal/content (2)/imgSegmentation/salmo/salmo.389.json,salmo.389.jpg,salmonella,3,train,1
../../Data/downloads/zenodo_4628934_poultry_fecal/content (2)/imgSegmentation/salmo/salmo.39.json,salmo.39.jpg,salmonella,3,train,1
../../Data/downloads/zenodo_4628934_poultry_fecal/content (2)/imgSegmentation/salmo/salmo.390.json,salmo.390.jpg,salmonella,3,train,1
../../Data/downloads/zenodo_4628934_poultry_fecal/content (2)/imgSegmentation/salmo/salmo.391.json,salmo.391.jpg,salmonella,3,val,1
../../Data/downloads/zenodo_4628934_poultry_fecal/content (2)/imgSegmentation/salmo/salmo.392.json,salmo.392.jpg,salmonella,3,train,1
../../Data/downloads/zenodo_4628934_poultry_fecal/content (2)/imgSegmentation/salmo/salmo.393.json,salmo.393.jpg,salmonella,3,train,1
../../Data/downloads/zenodo_4628934_poultry_fecal/content (2)/imgSegmentation/salmo/salmo.394.json,salmo.394.jpg,salmonella,3,train,1
../../Data/downloads/zenodo_4628934_poultry_fecal/content (2)/imgSegmentation/salmo/salmo.395.json,salmo.395.jpg,salmonella,3,train,1
../../Data/downloads/zenodo_4628934_poultry_fecal/content (2)/imgSegmentation/salmo/salmo.396.json,salmo.396.jpg,salmonella,3,train,1
../../Data/downloads/zenodo_4628934_poultry_fecal/content (2)/imgSegmentation/salmo/salmo.397.json,salmo.397.jpg,salmonella,3,train,1
../../Data/downloads/zenodo_4628934_poultry_fecal/content (2)/imgSegmentation/salmo/salmo.398.json,salmo.398.jpg,salmonella,3,train,1
../../Data/downloads/zenodo_4628934_poultry_fecal/content (2)/imgSegmentation/salmo/salmo.399.json,salmo.399.jpg,salmonella,3,train,1
../../Data/downloads/zenodo_4628934_poultry_fecal/content (2)/imgSegmentation/salmo/salmo.4.json,salmo.4.jpg,salmonella,3,test,1
../../Data/downloads/zenodo_4628934_poultry_fecal/content (2)/imgSegmentation/salmo/salmo.40.json,salmo.40.jpg,salmonella,3,train,1
../../Data/downloads/zenodo_4628934_poultry_fecal/content (2)/imgSegmentation/salmo/salmo.400.json,salmo.400.jpg,salmonella,3,train,1
../../Data/downloads/zenodo_4628934_poultry_fecal/content (2)/imgSegmentation/salmo/salmo.401.json,salmo.401.jpg,salmonella,3,test,1
../../Data/downloads/zenodo_4628934_poultry_fecal/content (2)/imgSegmentation/salmo/salmo.402.json,salmo.402.jpg,salmonella,3,train,1
../../Data/downloads/zenodo_4628934_poultry_fecal/content (2)/imgSegmentation/salmo/salmo.403.json,salmo.403.jpg,salmonella,3,val,1
../../Data/downloads/zenodo_4628934_poultry_fecal/content (2)/imgSegmentation/salmo/salmo.404.json,salmo.404.jpg,salmonella,3,train,1
../../Data/downloads/zenodo_4628934_poultry_fecal/content (2)/imgSegmentation/salmo/salmo.405.json,salmo.405.jpg,salmonella,3,train,1
../../Data/downloads/zenodo_4628934_poultry_fecal/content (2)/imgSegmentation/salmo/salmo.406.json,salmo.406.jpg,salmonella,3,train,1
../../Data/downloads/zenodo_4628934_poultry_fecal/content (2)/imgSegmentation/salmo/salmo.407.json,salmo.407.jpg,salmonella,3,train,1
../../Data/downloads/zenodo_4628934_poultry_fecal/content (2)/imgSegmentation/salmo/salmo.408.json,salmo.408.jpg,salmonella,3,train,1
../../Data/downloads/zenodo_4628934_poultry_fecal/content (2)/imgSegmentation/salmo/salmo.409.json,salmo.409.jpg,salmonella,3,test,1
../../Data/downloads/zenodo_4628934_poultry_fecal/content (2)/imgSegmentation/salmo/salmo.41.json,salmo.41.jpg,salmonella,3,test,1
../../Data/downloads/zenodo_4628934_poultry_fecal/content (2)/imgSegmentation/salmo/salmo.410.json,salmo.410.jpg,salmonella,3,train,1
../../Data/downloads/zenodo_4628934_poultry_fecal/content (2)/imgSegmentation/salmo/salmo.411.json,salmo.411.jpg,salmonella,3,train,1
../../Data/downloads/zenodo_4628934_poultry_fecal/content (2)/imgSegmentation/salmo/salmo.412.json,salmo.412.jpg,salmonella,3,test,1
../../Data/downloads/zenodo_4628934_poultry_fecal/content (2)/imgSegmentation/salmo/salmo.413.json,salmo.413.jpg,salmonella,3,train,1
../../Data/downloads/zenodo_4628934_poultry_fecal/content (2)/imgSegmentation/salmo/salmo.414.json,salmo.414.jpg,salmonella,3,train,1
../../Data/downloads/zenodo_4628934_poultry_fecal/content (2)/imgSegmentation/salmo/salmo.415.json,salmo.415.jpg,salmonella,3,train,1
../../Data/downloads/zenodo_4628934_poultry_fecal/content (2)/imgSegmentation/salmo/salmo.416.json,salmo.416.jpg,salmonella,3,train,1
../../Data/downloads/zenodo_4628934_poultry_fecal/content (2)/imgSegmentation/salmo/salmo.417.json,salmo.417.jpg,salmonella,3,test,1
../../Data/downloads/zenodo_4628934_poultry_fecal/content (2)/imgSegmentation/salmo/salmo.418.json,salmo.418.jpg,salmonella,3,train,1
../../Data/downloads/zenodo_4628934_poultry_fecal/content (2)/imgSegmentation/salmo/salmo.419.json,salmo.419.jpg,salmonella,3,train,1
../../Data/downloads/zenodo_4628934_poultry_fecal/content (2)/imgSegmentation/salmo/salmo.42.json,salmo.42.jpg,salmonella,3,test,1
../../Data/downloads/zenodo_4628934_poultry_fecal/content (2)/imgSegmentation/salmo/salmo.420.json,salmo.420.jpg,salmonella,3,train,1
../../Data/downloads/zenodo_4628934_poultry_fecal/content (2)/imgSegmentation/salmo/salmo.421.json,salmo.421.jpg,salmonella,3,train,1
../../Data/downloads/zenodo_4628934_poultry_fecal/content (2)/imgSegmentation/salmo/salmo.422.json,salmo.422.jpg,salmonella,3,train,1
../../Data/downloads/zenodo_4628934_poultry_fecal/content (2)/imgSegmentation/salmo/salmo.423.json,salmo.423.jpg,salmonella,3,train,1
../../Data/downloads/zenodo_4628934_poultry_fecal/content (2)/imgSegmentation/salmo/salmo.424.json,salmo.424.jpg,salmonella,3,train,1
../../Data/downloads/zenodo_4628934_poultry_fecal/content (2)/imgSegmentation/salmo/salmo.425.json,salmo.425.jpg,salmonella,3,val,1
../../Data/downloads/zenodo_4628934_poultry_fecal/content (2)/imgSegmentation/salmo/salmo.426.json,salmo.426.jpg,salmonella,3,test,1
../../Data/downloads/zenodo_4628934_poultry_fecal/content (2)/imgSegmentation/salmo/salmo.427.json,salmo.427.jpg,salmonella,3,train,1
../../Data/downloads/zenodo_4628934_poultry_fecal/content (2)/imgSegmentation/salmo/salmo.428.json,salmo.428.jpg,salmonella,3,train,1
../../Data/downloads/zenodo_4628934_poultry_fecal/content (2)/imgSegmentation/salmo/salmo.429.json,salmo.429.jpg,salmonella,3,train,1
../../Data/downloads/zenodo_4628934_poultry_fecal/content (2)/imgSegmentation/salmo/salmo.43.json,salmo.43.jpg,salmonella,3,test,1
../../Data/downloads/zenodo_4628934_poultry_fecal/content (2)/imgSegmentation/salmo/salmo.430.json,salmo.430.jpg,salmonella,3,train,1
../../Data/downloads/zenodo_4628934_poultry_fecal/content (2)/imgSegmentation/salmo/salmo.431.json,salmo.431.jpg,salmonella,3,train,1
../../Data/downloads/zenodo_4628934_poultry_fecal/content (2)/imgSegmentation/salmo/salmo.432.json,salmo.432.jpg,salmonella,3,val,1
../../Data/downloads/zenodo_4628934_poultry_fecal/content (2)/imgSegmentation/salmo/salmo.433.json,salmo.433.jpg,salmonella,3,train,1
../../Data/downloads/zenodo_4628934_poultry_fecal/content (2)/imgSegmentation/salmo/salmo.434.json,salmo.434.jpg,salmonella,3,train,1
../../Data/downloads/zenodo_4628934_poultry_fecal/content (2)/imgSegmentation/salmo/salmo.435.json,salmo.435.jpg,salmonella,3,test,1
../../Data/downloads/zenodo_4628934_poultry_fecal/content (2)/imgSegmentation/salmo/salmo.436.json,salmo.436.jpg,salmonella,3,train,1
../../Data/downloads/zenodo_4628934_poultry_fecal/content (2)/imgSegmentation/salmo/salmo.437.json,salmo.437.jpg,salmonella,3,train,1
../../Data/downloads/zenodo_4628934_poultry_fecal/content (2)/imgSegmentation/salmo/salmo.438.json,salmo.438.jpg,salmonella,3,train,1
../../Data/downloads/zenodo_4628934_poultry_fecal/content (2)/imgSegmentation/salmo/salmo.439.json,salmo.439.jpg,salmonella,3,train,1
../../Data/downloads/zenodo_4628934_poultry_fecal/content (2)/imgSegmentation/salmo/salmo.44.json,salmo.44.jpg,salmonella,3,train,1
../../Data/downloads/zenodo_4628934_poultry_fecal/content (2)/imgSegmentation/salmo/salmo.440.json,salmo.440.jpg,salmonella,3,train,1
../../Data/downloads/zenodo_4628934_poultry_fecal/content (2)/imgSegmentation/salmo/salmo.441.json,salmo.441.jpg,salmonella,3,val,1
../../Data/downloads/zenodo_4628934_poultry_fecal/content (2)/imgSegmentation/salmo/salmo.442.json,salmo.442.jpg,salmonella,3,train,1
../../Data/downloads/zenodo_4628934_poultry_fecal/content (2)/imgSegmentation/salmo/salmo.443.json,salmo.443.jpg,salmonella,3,train,1
../../Data/downloads/zenodo_4628934_poultry_fecal/content (2)/imgSegmentation/salmo/salmo.444.json,salmo.444.jpg,salmonella,3,train,1
../../Data/downloads/zenodo_4628934_poultry_fecal/content (2)/imgSegmentation/salmo/salmo.445.json,salmo.445.jpg,salmonella,3,train,1
../../Data/downloads/zenodo_4628934_poultry_fecal/content (2)/imgSegmentation/salmo/salmo.446.json,salmo.446.jpg,salmonella,3,train,1
../../Data/downloads/zenodo_4628934_poultry_fecal/content (2)/imgSegmentation/salmo/salmo.447.json,salmo.447.jpg,salmonella,3,train,1
../../Data/downloads/zenodo_4628934_poultry_fecal/content (2)/imgSegmentation/salmo/salmo.448.json,salmo.448.jpg,salmonella,3,train,1
../../Data/downloads/zenodo_4628934_poultry_fecal/content (2)/imgSegmentation/salmo/salmo.449.json,salmo.449.jpg,salmonella,3,train,1
../../Data/downloads/zenodo_4628934_poultry_fecal/content (2)/imgSegmentation/salmo/salmo.45.json,salmo.45.jpg,salmonella,3,train,1
../../Data/downloads/zenodo_4628934_poultry_fecal/content (2)/imgSegmentation/salmo/salmo.450.json,salmo.450.jpg,salmonella,3,train,1
../../Data/downloads/zenodo_4628934_poultry_fecal/content (2)/imgSegmentation/salmo/salmo.451.json,salmo.451.jpg,salmonella,3,train,1
../../Data/downloads/zenodo_4628934_poultry_fecal/content (2)/imgSegmentation/salmo/salmo.452.json,salmo.452.jpg,salmonella,3,test,1
../../Data/downloads/zenodo_4628934_poultry_fecal/content (2)/imgSegmentation/salmo/salmo.453.json,salmo.453.jpg,salmonella,3,train,1
../../Data/downloads/zenodo_4628934_poultry_fecal/content (2)/imgSegmentation/salmo/salmo.454.json,salmo.454.jpg,salmonella,3,train,1
../../Data/downloads/zenodo_4628934_poultry_fecal/content (2)/imgSegmentation/salmo/salmo.455.json,salmo.455.jpg,salmonella,3,val,1
../../Data/downloads/zenodo_4628934_poultry_fecal/content (2)/imgSegmentation/salmo/salmo.456.json,salmo.456.jpg,salmonella,3,train,1
../../Data/downloads/zenodo_4628934_poultry_fecal/content (2)/imgSegmentation/salmo/salmo.457.json,salmo.457.jpg,salmonella,3,train,1
../../Data/downloads/zenodo_4628934_poultry_fecal/content (2)/imgSegmentation/salmo/salmo.458.json,salmo.458.jpg,salmonella,3,val,1
../../Data/downloads/zenodo_4628934_poultry_fecal/content (2)/imgSegmentation/salmo/salmo.459.json,salmo.459.jpg,salmonella,3,train,1
../../Data/downloads/zenodo_4628934_poultry_fecal/content (2)/imgSegmentation/salmo/salmo.46.json,salmo.46.jpg,salmonella,3,train,1
../../Data/downloads/zenodo_4628934_poultry_fecal/content (2)/imgSegmentation/salmo/salmo.460.json,salmo.460.jpg,salmonella,3,val,1
../../Data/downloads/zenodo_4628934_poultry_fecal/content (2)/imgSegmentation/salmo/salmo.461.json,salmo.461.jpg,salmonella,3,train,1
../../Data/downloads/zenodo_4628934_poultry_fecal/content (2)/imgSegmentation/salmo/salmo.462.json,salmo.462.jpg,salmonella,3,train,1
../../Data/downloads/zenodo_4628934_poultry_fecal/content (2)/imgSegmentation/salmo/salmo.463.json,salmo.463.jpg,salmonella,3,test,1
../../Data/downloads/zenodo_4628934_poultry_fecal/content (2)/imgSegmentation/salmo/salmo.464.json,salmo.464.jpg,salmonella,3,train,1
../../Data/downloads/zenodo_4628934_poultry_fecal/content (2)/imgSegmentation/salmo/salmo.465.json,salmo.465.jpg,salmonella,3,train,1
../../Data/downloads/zenodo_4628934_poultry_fecal/content (2)/imgSegmentation/salmo/salmo.466.json,salmo.466.jpg,salmonella,3,train,1
../../Data/downloads/zenodo_4628934_poultry_fecal/content (2)/imgSegmentation/salmo/salmo.467.json,salmo.467.jpg,salmonella,3,train,1
../../Data/downloads/zenodo_4628934_poultry_fecal/content (2)/imgSegmentation/salmo/salmo.468.json,salmo.468.jpg,salmonella,3,train,1
../../Data/downloads/zenodo_4628934_poultry_fecal/content (2)/imgSegmentation/salmo/salmo.469.json,salmo.469.jpg,salmonella,3,train,1
../../Data/downloads/zenodo_4628934_poultry_fecal/content (2)/imgSegmentation/salmo/salmo.47.json,salmo.47.jpg,salmonella,3,val,1
../../Data/downloads/zenodo_4628934_poultry_fecal/content (2)/imgSegmentation/salmo/salmo.470.json,salmo.470.jpg,salmonella,3,train,1
../../Data/downloads/zenodo_4628934_poultry_fecal/content (2)/imgSegmentation/salmo/salmo.471.json,salmo.471.jpg,salmonella,3,train,1
../../Data/downloads/zenodo_4628934_poultry_fecal/content (2)/imgSegmentation/salmo/salmo.472.json,salmo.472.jpg,salmonella,3,train,1
../../Data/downloads/zenodo_4628934_poultry_fecal/content (2)/imgSegmentation/salmo/salmo.473.json,salmo.473.jpg,salmonella,3,train,1
../../Data/downloads/zenodo_4628934_poultry_fecal/content (2)/imgSegmentation/salmo/salmo.474.json,salmo.474.jpg,salmonella,3,test,1
../../Data/downloads/zenodo_4628934_poultry_fecal/content (2)/imgSegmentation/salmo/salmo.475.json,salmo.475.jpg,salmonella,3,test,1
../../Data/downloads/zenodo_4628934_poultry_fecal/content (2)/imgSegmentation/salmo/salmo.476.json,salmo.476.jpg,salmonella,3,train,1
../../Data/downloads/zenodo_4628934_poultry_fecal/content (2)/imgSegmentation/salmo/salmo.477.json,salmo.477.jpg,salmonella,3,train,1
../../Data/downloads/zenodo_4628934_poultry_fecal/content (2)/imgSegmentation/salmo/salmo.478.json,salmo.478.jpg,salmonella,3,train,1
../../Data/downloads/zenodo_4628934_poultry_fecal/content (2)/imgSegmentation/salmo/salmo.479.json,salmo.479.jpg,salmonella,3,train,1
../../Data/downloads/zenodo_4628934_poultry_fecal/content (2)/imgSegmentation/salmo/salmo.48.json,salmo.48.jpg,salmonella,3,train,1
../../Data/downloads/zenodo_4628934_poultry_fecal/content (2)/imgSegmentation/salmo/salmo.480.json,salmo.480.jpg,salmonella,3,val,1
../../Data/downloads/zenodo_4628934_poultry_fecal/content (2)/imgSegmentation/salmo/salmo.481.json,salmo.481.jpg,salmonella,3,train,1
../../Data/downloads/zenodo_4628934_poultry_fecal/content (2)/imgSegmentation/salmo/salmo.482.json,salmo.482.jpg,salmonella,3,train,1
../../Data/downloads/zenodo_4628934_poultry_fecal/content (2)/imgSegmentation/salmo/salmo.483.json,salmo.483.jpg,salmonella,3,train,1
../../Data/downloads/zenodo_4628934_poultry_fecal/content (2)/imgSegmentation/salmo/salmo.484.json,salmo.484.jpg,salmonella,3,train,1
../../Data/downloads/zenodo_4628934_poultry_fecal/content (2)/imgSegmentation/salmo/salmo.485.json,salmo.485.jpg,salmonella,3,val,1
../../Data/downloads/zenodo_4628934_poultry_fecal/content (2)/imgSegmentation/salmo/salmo.486.json,salmo.486.jpg,salmonella,3,test,1
../../Data/downloads/zenodo_4628934_poultry_fecal/content (2)/imgSegmentation/salmo/salmo.487.json,salmo.487.jpg,salmonella,3,train,1
../../Data/downloads/zenodo_4628934_poultry_fecal/content (2)/imgSegmentation/salmo/salmo.488.json,salmo.488.jpg,salmonella,3,train,1
../../Data/downloads/zenodo_4628934_poultry_fecal/content (2)/imgSegmentation/salmo/salmo.489.json,salmo.489.jpg,salmonella,3,test,1
../../Data/downloads/zenodo_4628934_poultry_fecal/content (2)/imgSegmentation/salmo/salmo.49.json,salmo.49.jpg,salmonella,3,train,1
../../Data/downloads/zenodo_4628934_poultry_fecal/content (2)/imgSegmentation/salmo/salmo.490.json,salmo.490.jpg,salmonella,3,train,1
../../Data/downloads/zenodo_4628934_poultry_fecal/content (2)/imgSegmentation/salmo/salmo.491.json,salmo.491.jpg,salmonella,3,train,1
../../Data/downloads/zenodo_4628934_poultry_fecal/content (2)/imgSegmentation/salmo/salmo.492.json,salmo.492.jpg,salmonella,3,test,1
../../Data/downloads/zenodo_4628934_poultry_fecal/content (2)/imgSegmentation/salmo/salmo.493.json,salmo.493.jpg,salmonella,3,val,1
../../Data/downloads/zenodo_4628934_poultry_fecal/content (2)/imgSegmentation/salmo/salmo.494.json,salmo.494.jpg,salmonella,3,train,1
../../Data/downloads/zenodo_4628934_poultry_fecal/content (2)/imgSegmentation/salmo/salmo.495.json,salmo.495.jpg,salmonella,3,train,1
../../Data/downloads/zenodo_4628934_poultry_fecal/content (2)/imgSegmentation/salmo/salmo.496.json,salmo.496.jpg,salmonella,3,train,1
../../Data/downloads/zenodo_4628934_poultry_fecal/content (2)/imgSegmentation/salmo/salmo.497.json,salmo.497.jpg,salmonella,3,train,1
../../Data/downloads/zenodo_4628934_poultry_fecal/content (2)/imgSegmentation/salmo/salmo.498.json,salmo.498.jpg,salmonella,3,train,1
../../Data/downloads/zenodo_4628934_poultry_fecal/content (2)/imgSegmentation/salmo/salmo.499.json,salmo.499.jpg,salmonella,3,train,1
../../Data/downloads/zenodo_4628934_poultry_fecal/content (2)/imgSegmentation/salmo/salmo.5.json,salmo.5.jpg,salmonella,3,train,1
../../Data/downloads/zenodo_4628934_poultry_fecal/content (2)/imgSegmentation/salmo/salmo.50.json,salmo.50.jpg,salmonella,3,train,1
../../Data/downloads/zenodo_4628934_poultry_fecal/content (2)/imgSegmentation/salmo/salmo.500.json,salmo.500.jpg,salmonella,3,test,1
../../Data/downloads/zenodo_4628934_poultry_fecal/content (2)/imgSegmentation/salmo/salmo.501.json,salmo.501.jpg,salmonella,3,train,1
../../Data/downloads/zenodo_4628934_poultry_fecal/content (2)/imgSegmentation/salmo/salmo.502.json,salmo.502.jpg,salmonella,3,train,1
../../Data/downloads/zenodo_4628934_poultry_fecal/content (2)/imgSegmentation/salmo/salmo.503.json,salmo.503.jpg,salmonella,3,train,1
../../Data/downloads/zenodo_4628934_poultry_fecal/content (2)/imgSegmentation/salmo/salmo.504.json,salmo.504.jpg,salmonella,3,train,1
../../Data/downloads/zenodo_4628934_poultry_fecal/content (2)/imgSegmentation/salmo/salmo.505.json,salmo.505.jpg,salmonella,3,train,1
../../Data/downloads/zenodo_4628934_poultry_fecal/content (2)/imgSegmentation/salmo/salmo.506.json,salmo.506.jpg,salmonella,3,val,1
../../Data/downloads/zenodo_4628934_poultry_fecal/content (2)/imgSegmentation/salmo/salmo.507.json,salmo.507.jpg,salmonella,3,train,1
../../Data/downloads/zenodo_4628934_poultry_fecal/content (2)/imgSegmentation/salmo/salmo.508.json,salmo.508.jpg,salmonella,3,val,1
../../Data/downloads/zenodo_4628934_poultry_fecal/content (2)/imgSegmentation/salmo/salmo.509.json,salmo.509.jpg,salmonella,3,train,1
../../Data/downloads/zenodo_4628934_poultry_fecal/content (2)/imgSegmentation/salmo/salmo.51.json,salmo.51.jpg,salmonella,3,train,1
../../Data/downloads/zenodo_4628934_poultry_fecal/content (2)/imgSegmentation/salmo/salmo.510.json,salmo.510.jpg,salmonella,3,train,1
../../Data/downloads/zenodo_4628934_poultry_fecal/content (2)/imgSegmentation/salmo/salmo.511.json,salmo.511.jpg,salmonella,3,train,1
../../Data/downloads/zenodo_4628934_poultry_fecal/content (2)/imgSegmentation/salmo/salmo.512.json,salmo.512.jpg,salmonella,3,train,1
../../Data/downloads/zenodo_4628934_poultry_fecal/content (2)/imgSegmentation/salmo/salmo.513.json,salmo.513.jpg,salmonella,3,val,1
../../Data/downloads/zenodo_4628934_poultry_fecal/content (2)/imgSegmentation/salmo/salmo.514.json,salmo.514.jpg,salmonella,3,val,1
../../Data/downloads/zenodo_4628934_poultry_fecal/content (2)/imgSegmentation/salmo/salmo.515.json,salmo.515.jpg,salmonella,3,train,1
../../Data/downloads/zenodo_4628934_poultry_fecal/content (2)/imgSegmentation/salmo/salmo.516.json,salmo.516.jpg,salmonella,3,val,1
../../Data/downloads/zenodo_4628934_poultry_fecal/content (2)/imgSegmentation/salmo/salmo.517.json,salmo.517.jpg,salmonella,3,train,1
../../Data/downloads/zenodo_4628934_poultry_fecal/content (2)/imgSegmentation/salmo/salmo.518.json,salmo.518.jpg,salmonella,3,train,1
../../Data/downloads/zenodo_4628934_poultry_fecal/content (2)/imgSegmentation/salmo/salmo.519.json,salmo.519.jpg,salmonella,3,train,1
../../Data/downloads/zenodo_4628934_poultry_fecal/content (2)/imgSegmentation/salmo/salmo.52.json,salmo.52.jpg,salmonella,3,test,1
../../Data/downloads/zenodo_4628934_poultry_fecal/content (2)/imgSegmentation/salmo/salmo.520.json,salmo.520.jpg,salmonella,3,val,1
../../Data/downloads/zenodo_4628934_poultry_fecal/content (2)/imgSegmentation/salmo/salmo.521.json,salmo.521.jpg,salmonella,3,train,1
../../Data/downloads/zenodo_4628934_poultry_fecal/content (2)/imgSegmentation/salmo/salmo.522.json,salmo.522.jpg,salmonella,3,train,1
../../Data/downloads/zenodo_4628934_poultry_fecal/content (2)/imgSegmentation/salmo/salmo.523.json,salmo.523.jpg,salmonella,3,train,1
../../Data/downloads/zenodo_4628934_poultry_fecal/content (2)/imgSegmentation/salmo/salmo.524.json,salmo.524.jpg,salmonella,3,train,1
../../Data/downloads/zenodo_4628934_poultry_fecal/content (2)/imgSegmentation/salmo/salmo.525.json,salmo.525.jpg,salmonella,3,train,1
../../Data/downloads/zenodo_4628934_poultry_fecal/content (2)/imgSegmentation/salmo/salmo.526.json,salmo.526.jpg,salmonella,3,train,1
../../Data/downloads/zenodo_4628934_poultry_fecal/content (2)/imgSegmentation/salmo/salmo.527.json,salmo.527.jpg,salmonella,3,val,1
../../Data/downloads/zenodo_4628934_poultry_fecal/content (2)/imgSegmentation/salmo/salmo.528.json,salmo.528.jpg,salmonella,3,test,1
../../Data/downloads/zenodo_4628934_poultry_fecal/content (2)/imgSegmentation/salmo/salmo.529.json,salmo.529.jpg,salmonella,3,test,1
../../Data/downloads/zenodo_4628934_poultry_fecal/content (2)/imgSegmentation/salmo/salmo.53.json,salmo.53.jpg,salmonella,3,train,1
../../Data/downloads/zenodo_4628934_poultry_fecal/content (2)/imgSegmentation/salmo/salmo.530.json,salmo.530.jpg,salmonella,3,train,1
../../Data/downloads/zenodo_4628934_poultry_fecal/content (2)/imgSegmentation/salmo/salmo.531.json,salmo.531.jpg,salmonella,3,train,1
../../Data/downloads/zenodo_4628934_poultry_fecal/content (2)/imgSegmentation/salmo/salmo.532.json,salmo.532.jpg,salmonella,3,train,1
../../Data/downloads/zenodo_4628934_poultry_fecal/content (2)/imgSegmentation/salmo/salmo.533.json,salmo.533.jpg,salmonella,3,train,1
../../Data/downloads/zenodo_4628934_poultry_fecal/content (2)/imgSegmentation/salmo/salmo.534.json,salmo.534.jpg,salmonella,3,val,1
../../Data/downloads/zenodo_4628934_poultry_fecal/content (2)/imgSegmentation/salmo/salmo.535.json,salmo.535.jpg,salmonella,3,val,1
../../Data/downloads/zenodo_4628934_poultry_fecal/content (2)/imgSegmentation/salmo/salmo.536.json,salmo.536.jpg,salmonella,3,test,1
../../Data/downloads/zenodo_4628934_poultry_fecal/content (2)/imgSegmentation/salmo/salmo.537.json,salmo.537.jpg,salmonella,3,test,1
../../Data/downloads/zenodo_4628934_poultry_fecal/content (2)/imgSegmentation/salmo/salmo.538.json,salmo.538.jpg,salmonella,3,test,1
../../Data/downloads/zenodo_4628934_poultry_fecal/content (2)/imgSegmentation/salmo/salmo.539.json,salmo.539.jpg,salmonella,3,train,1
../../Data/downloads/zenodo_4628934_poultry_fecal/content (2)/imgSegmentation/salmo/salmo.54.json,salmo.54.jpg,salmonella,3,train,1
../../Data/downloads/zenodo_4628934_poultry_fecal/content (2)/imgSegmentation/salmo/salmo.540.json,salmo.540.jpg,salmonella,3,train,1
../../Data/downloads/zenodo_4628934_poultry_fecal/content (2)/imgSegmentation/salmo/salmo.541.json,salmo.541.jpg,salmonella,3,test,1
../../Data/downloads/zenodo_4628934_poultry_fecal/content (2)/imgSegmentation/salmo/salmo.542.json,salmo.542.jpg,salmonella,3,test,1
../../Data/downloads/zenodo_4628934_poultry_fecal/content (2)/imgSegmentation/salmo/salmo.543.json,salmo.543.jpg,salmonella,3,train,1
../../Data/downloads/zenodo_4628934_poultry_fecal/content (2)/imgSegmentation/salmo/salmo.544.json,salmo.544.jpg,salmonella,3,train,1
../../Data/downloads/zenodo_4628934_poultry_fecal/content (2)/imgSegmentation/salmo/salmo.545.json,salmo.545.jpg,salmonella,3,train,1
../../Data/downloads/zenodo_4628934_poultry_fecal/content (2)/imgSegmentation/salmo/salmo.546.json,salmo.546.jpg,salmonella,3,train,1
../../Data/downloads/zenodo_4628934_poultry_fecal/content (2)/imgSegmentation/salmo/salmo.547.json,salmo.547.jpg,salmonella,3,train,1
../../Data/downloads/zenodo_4628934_poultry_fecal/content (2)/imgSegmentation/salmo/salmo.548.json,salmo.548.jpg,salmonella,3,train,1
../../Data/downloads/zenodo_4628934_poultry_fecal/content (2)/imgSegmentation/salmo/salmo.549.json,salmo.549.jpg,salmonella,3,train,1
../../Data/downloads/zenodo_4628934_poultry_fecal/content (2)/imgSegmentation/salmo/salmo.55.json,salmo.55.jpg,salmonella,3,val,1
../../Data/downloads/zenodo_4628934_poultry_fecal/content (2)/imgSegmentation/salmo/salmo.550.json,salmo.550.jpg,salmonella,3,train,1
../../Data/downloads/zenodo_4628934_poultry_fecal/content (2)/imgSegmentation/salmo/salmo.551.json,salmo.551.jpg,salmonella,3,val,1
../../Data/downloads/zenodo_4628934_poultry_fecal/content (2)/imgSegmentation/salmo/salmo.552.json,salmo.552.jpg,salmonella,3,train,1
../../Data/downloads/zenodo_4628934_poultry_fecal/content (2)/imgSegmentation/salmo/salmo.553.json,salmo.553.jpg,salmonella,3,train,1
../../Data/downloads/zenodo_4628934_poultry_fecal/content (2)/imgSegmentation/salmo/salmo.554.json,salmo.554.jpg,salmonella,3,val,1
../../Data/downloads/zenodo_4628934_poultry_fecal/content (2)/imgSegmentation/salmo/salmo.555.json,salmo.555.jpg,salmonella,3,train,1
../../Data/downloads/zenodo_4628934_poultry_fecal/content (2)/imgSegmentation/salmo/salmo.556.json,salmo.556.jpg,salmonella,3,test,1
../../Data/downloads/zenodo_4628934_poultry_fecal/content (2)/imgSegmentation/salmo/salmo.557.json,salmo.557.jpg,salmonella,3,train,1
../../Data/downloads/zenodo_4628934_poultry_fecal/content (2)/imgSegmentation/salmo/salmo.558.json,salmo.558.jpg,salmonella,3,train,1
../../Data/downloads/zenodo_4628934_poultry_fecal/content (2)/imgSegmentation/salmo/salmo.559.json,salmo.559.jpg,salmonella,3,test,1
../../Data/downloads/zenodo_4628934_poultry_fecal/content (2)/imgSegmentation/salmo/salmo.56.json,salmo.56.jpg,salmonella,3,train,1
../../Data/downloads/zenodo_4628934_poultry_fecal/content (2)/imgSegmentation/salmo/salmo.560.json,salmo.560.jpg,salmonella,3,train,1
../../Data/downloads/zenodo_4628934_poultry_fecal/content (2)/imgSegmentation/salmo/salmo.561.json,salmo.561.jpg,salmonella,3,train,1
../../Data/downloads/zenodo_4628934_poultry_fecal/content (2)/imgSegmentation/salmo/salmo.562.json,salmo.562.jpg,salmonella,3,train,1
../../Data/downloads/zenodo_4628934_poultry_fecal/content (2)/imgSegmentation/salmo/salmo.563.json,salmo.563.jpg,salmonella,3,test,1
../../Data/downloads/zenodo_4628934_poultry_fecal/content (2)/imgSegmentation/salmo/salmo.564.json,salmo.564.jpg,salmonella,3,train,1
../../Data/downloads/zenodo_4628934_poultry_fecal/content (2)/imgSegmentation/salmo/salmo.565.json,salmo.565.jpg,salmonella,3,train,1
../../Data/downloads/zenodo_4628934_poultry_fecal/content (2)/imgSegmentation/salmo/salmo.566.json,salmo.566.jpg,salmonella,3,train,1
../../Data/downloads/zenodo_4628934_poultry_fecal/content (2)/imgSegmentation/salmo/salmo.567.json,salmo.567.jpg,salmonella,3,val,1
../../Data/downloads/zenodo_4628934_poultry_fecal/content (2)/imgSegmentation/salmo/salmo.568.json,salmo.568.jpg,salmonella,3,train,1
../../Data/downloads/zenodo_4628934_poultry_fecal/content (2)/imgSegmentation/salmo/salmo.569.json,salmo.569.jpg,salmonella,3,train,1
../../Data/downloads/zenodo_4628934_poultry_fecal/content (2)/imgSegmentation/salmo/salmo.57.json,salmo.57.jpg,salmonella,3,train,1
../../Data/downloads/zenodo_4628934_poultry_fecal/content (2)/imgSegmentation/salmo/salmo.570.json,salmo.570.jpg,salmonella,3,val,1
../../Data/downloads/zenodo_4628934_poultry_fecal/content (2)/imgSegmentation/salmo/salmo.571.json,salmo.571.jpg,salmonella,3,train,1
../../Data/downloads/zenodo_4628934_poultry_fecal/content (2)/imgSegmentation/salmo/salmo.572.json,salmo.572.jpg,salmonella,3,train,1
../../Data/downloads/zenodo_4628934_poultry_fecal/content (2)/imgSegmentation/salmo/salmo.573.json,salmo.573.jpg,salmonella,3,train,1
../../Data/downloads/zenodo_4628934_poultry_fecal/content (2)/imgSegmentation/salmo/salmo.574.json,salmo.574.jpg,salmonella,3,train,1
../../Data/downloads/zenodo_4628934_poultry_fecal/content (2)/imgSegmentation/salmo/salmo.575.json,salmo.575.jpg,salmonella,3,train,1
../../Data/downloads/zenodo_4628934_poultry_fecal/content (2)/imgSegmentation/salmo/salmo.576.json,salmo.576.jpg,salmonella,3,val,1
../../Data/downloads/zenodo_4628934_poultry_fecal/content (2)/imgSegmentation/salmo/salmo.577.json,salmo.577.jpg,salmonella,3,test,1
../../Data/downloads/zenodo_4628934_poultry_fecal/content (2)/imgSegmentation/salmo/salmo.578.json,salmo.578.jpg,salmonella,3,train,1
../../Data/downloads/zenodo_4628934_poultry_fecal/content (2)/imgSegmentation/salmo/salmo.579.json,salmo.579.jpg,salmonella,3,train,1
../../Data/downloads/zenodo_4628934_poultry_fecal/content (2)/imgSegmentation/salmo/salmo.58.json,salmo.58.jpg,salmonella,3,test,1
../../Data/downloads/zenodo_4628934_poultry_fecal/content (2)/imgSegmentation/salmo/salmo.580.json,salmo.580.jpg,salmonella,3,train,1
../../Data/downloads/zenodo_4628934_poultry_fecal/content (2)/imgSegmentation/salmo/salmo.581.json,salmo.581.jpg,salmonella,3,test,1
../../Data/downloads/zenodo_4628934_poultry_fecal/content (2)/imgSegmentation/salmo/salmo.582.json,salmo.582.jpg,salmonella,3,train,1
../../Data/downloads/zenodo_4628934_poultry_fecal/content (2)/imgSegmentation/salmo/salmo.583.json,salmo.583.jpg,salmonella,3,train,1
../../Data/downloads/zenodo_4628934_poultry_fecal/content (2)/imgSegmentation/salmo/salmo.584.json,salmo.584.jpg,salmonella,3,train,1
../../Data/downloads/zenodo_4628934_poultry_fecal/content (2)/imgSegmentation/salmo/salmo.585.json,salmo.585.jpg,salmonella,3,train,1
../../Data/downloads/zenodo_4628934_poultry_fecal/content (2)/imgSegmentation/salmo/salmo.586.json,salmo.586.jpg,salmonella,3,train,1
../../Data/downloads/zenodo_4628934_poultry_fecal/content (2)/imgSegmentation/salmo/salmo.587.json,salmo.587.jpg,salmonella,3,test,1
../../Data/downloads/zenodo_4628934_poultry_fecal/content (2)/imgSegmentation/salmo/salmo.588.json,salmo.588.jpg,salmonella,3,train,1
../../Data/downloads/zenodo_4628934_poultry_fecal/content (2)/imgSegmentation/salmo/salmo.589.json,salmo.589.jpg,salmonella,3,train,1
../../Data/downloads/zenodo_4628934_poultry_fecal/content (2)/imgSegmentation/salmo/salmo.59.json,salmo.59.jpg,salmonella,3,train,1
../../Data/downloads/zenodo_4628934_poultry_fecal/content (2)/imgSegmentation/salmo/salmo.590.json,salmo.590.jpg,salmonella,3,train,1
../../Data/downloads/zenodo_4628934_poultry_fecal/content (2)/imgSegmentation/salmo/salmo.591.json,salmo.591.jpg,salmonella,3,val,1
../../Data/downloads/zenodo_4628934_poultry_fecal/content (2)/imgSegmentation/salmo/salmo.592.json,salmo.592.jpg,salmonella,3,train,1
../../Data/downloads/zenodo_4628934_poultry_fecal/content (2)/imgSegmentation/salmo/salmo.593.json,salmo.593.jpg,salmonella,3,test,1
../../Data/downloads/zenodo_4628934_poultry_fecal/content (2)/imgSegmentation/salmo/salmo.594.json,salmo.594.jpg,salmonella,3,train,1
../../Data/downloads/zenodo_4628934_poultry_fecal/content (2)/imgSegmentation/salmo/salmo.595.json,salmo.595.jpg,salmonella,3,test,1
../../Data/downloads/zenodo_4628934_poultry_fecal/content (2)/imgSegmentation/salmo/salmo.596.json,salmo.596.jpg,salmonella,3,val,1
../../Data/downloads/zenodo_4628934_poultry_fecal/content (2)/imgSegmentation/salmo/salmo.597.json,salmo.597.jpg,salmonella,3,val,1
../../Data/downloads/zenodo_4628934_poultry_fecal/content (2)/imgSegmentation/salmo/salmo.598.json,salmo.598.jpg,salmonella,3,val,1
../../Data/downloads/zenodo_4628934_poultry_fecal/content (2)/imgSegmentation/salmo/salmo.599.json,salmo.599.jpg,salmonella,3,test,1
../../Data/downloads/zenodo_4628934_poultry_fecal/content (2)/imgSegmentation/salmo/salmo.6.json,salmo.6.jpg,salmonella,3,train,1
../../Data/downloads/zenodo_4628934_poultry_fecal/content (2)/imgSegmentation/salmo/salmo.60.json,salmo.60.jpg,salmonella,3,train,1
../../Data/downloads/zenodo_4628934_poultry_fecal/content (2)/imgSegmentation/salmo/salmo.600.json,salmo.600.jpg,salmonella,3,train,1
../../Data/downloads/zenodo_4628934_poultry_fecal/content (2)/imgSegmentation/salmo/salmo.601.json,salmo.601.jpg,salmonella,3,train,1
../../Data/downloads/zenodo_4628934_poultry_fecal/content (2)/imgSegmentation/salmo/salmo.602.json,salmo.602.jpg,salmonella,3,train,1
../../Data/downloads/zenodo_4628934_poultry_fecal/content (2)/imgSegmentation/salmo/salmo.603.json,salmo.603.jpg,salmonella,3,test,1
../../Data/downloads/zenodo_4628934_poultry_fecal/content (2)/imgSegmentation/salmo/salmo.604.json,salmo.604.jpg,salmonella,3,val,1
../../Data/downloads/zenodo_4628934_poultry_fecal/content (2)/imgSegmentation/salmo/salmo.605.json,salmo.605.jpg,salmonella,3,train,1
../../Data/downloads/zenodo_4628934_poultry_fecal/content (2)/imgSegmentation/salmo/salmo.606.json,salmo.606.jpg,salmonella,3,val,1
../../Data/downloads/zenodo_4628934_poultry_fecal/content (2)/imgSegmentation/salmo/salmo.607.json,salmo.607.jpg,salmonella,3,train,1
../../Data/downloads/zenodo_4628934_poultry_fecal/content (2)/imgSegmentation/salmo/salmo.608.json,salmo.608.jpg,salmonella,3,train,1
../../Data/downloads/zenodo_4628934_poultry_fecal/content (2)/imgSegmentation/salmo/salmo.609.json,salmo.609.jpg,salmonella,3,train,1
../../Data/downloads/zenodo_4628934_poultry_fecal/content (2)/imgSegmentation/salmo/salmo.61.json,salmo.61.jpg,salmonella,3,train,1
../../Data/downloads/zenodo_4628934_poultry_fecal/content (2)/imgSegmentation/salmo/salmo.610.json,salmo.610.jpg,salmonella,3,train,1
../../Data/downloads/zenodo_4628934_poultry_fecal/content (2)/imgSegmentation/salmo/salmo.611.json,salmo.611.jpg,salmonella,3,val,1
../../Data/downloads/zenodo_4628934_poultry_fecal/content (2)/imgSegmentation/salmo/salmo.612.json,salmo.612.jpg,salmonella,3,train,1
../../Data/downloads/zenodo_4628934_poultry_fecal/content (2)/imgSegmentation/salmo/salmo.613.json,salmo.613.jpg,salmonella,3,train,1
../../Data/downloads/zenodo_4628934_poultry_fecal/content (2)/imgSegmentation/salmo/salmo.614.json,salmo.614.jpg,salmonella,3,val,1
../../Data/downloads/zenodo_4628934_poultry_fecal/content (2)/imgSegmentation/salmo/salmo.615.json,salmo.615.jpg,salmonella,3,val,1
../../Data/downloads/zenodo_4628934_poultry_fecal/content (2)/imgSegmentation/salmo/salmo.616.json,salmo.616.jpg,salmonella,3,train,1
../../Data/downloads/zenodo_4628934_poultry_fecal/content (2)/imgSegmentation/salmo/salmo.617.json,salmo.617.jpg,salmonella,3,train,1
../../Data/downloads/zenodo_4628934_poultry_fecal/content (2)/imgSegmentation/salmo/salmo.618.json,salmo.618.jpg,salmonella,3,train,1
../../Data/downloads/zenodo_4628934_poultry_fecal/content (2)/imgSegmentation/salmo/salmo.619.json,salmo.619.jpg,salmonella,3,test,1
../../Data/downloads/zenodo_4628934_poultry_fecal/content (2)/imgSegmentation/salmo/salmo.62.json,salmo.62.jpg,salmonella,3,test,1
../../Data/downloads/zenodo_4628934_poultry_fecal/content (2)/imgSegmentation/salmo/salmo.620.json,salmo.620.jpg,salmonella,3,train,1
../../Data/downloads/zenodo_4628934_poultry_fecal/content (2)/imgSegmentation/salmo/salmo.621.json,salmo.621.jpg,salmonella,3,train,1
../../Data/downloads/zenodo_4628934_poultry_fecal/content (2)/imgSegmentation/salmo/salmo.622.json,salmo.622.jpg,salmonella,3,test,1
../../Data/downloads/zenodo_4628934_poultry_fecal/content (2)/imgSegmentation/salmo/salmo.623.json,salmo.623.jpg,salmonella,3,val,1
../../Data/downloads/zenodo_4628934_poultry_fecal/content (2)/imgSegmentation/salmo/salmo.624.json,salmo.624.jpg,salmonella,3,train,1
../../Data/downloads/zenodo_4628934_poultry_fecal/content (2)/imgSegmentation/salmo/salmo.625.json,salmo.625.jpg,salmonella,3,train,1
../../Data/downloads/zenodo_4628934_poultry_fecal/content (2)/imgSegmentation/salmo/salmo.626.json,salmo.626.jpg,salmonella,3,val,1
../../Data/downloads/zenodo_4628934_poultry_fecal/content (2)/imgSegmentation/salmo/salmo.627.json,salmo.627.jpg,salmonella,3,train,1
../../Data/downloads/zenodo_4628934_poultry_fecal/content (2)/imgSegmentation/salmo/salmo.628.json,salmo.628.jpg,salmonella,3,train,1
../../Data/downloads/zenodo_4628934_poultry_fecal/content (2)/imgSegmentation/salmo/salmo.629.json,salmo.629.jpg,salmonella,3,train,1
../../Data/downloads/zenodo_4628934_poultry_fecal/content (2)/imgSegmentation/salmo/salmo.63.json,salmo.63.jpg,salmonella,3,test,1
../../Data/downloads/zenodo_4628934_poultry_fecal/content (2)/imgSegmentation/salmo/salmo.630.json,salmo.630.jpg,salmonella,3,train,1
../../Data/downloads/zenodo_4628934_poultry_fecal/content (2)/imgSegmentation/salmo/salmo.631.json,salmo.631.jpg,salmonella,3,train,1
../../Data/downloads/zenodo_4628934_poultry_fecal/content (2)/imgSegmentation/salmo/salmo.632.json,salmo.632.jpg,salmonella,3,test,1
../../Data/downloads/zenodo_4628934_poultry_fecal/content (2)/imgSegmentation/salmo/salmo.633.json,salmo.633.jpg,salmonella,3,val,1
../../Data/downloads/zenodo_4628934_poultry_fecal/content (2)/imgSegmentation/salmo/salmo.634.json,salmo.634.jpg,salmonella,3,test,1
../../Data/downloads/zenodo_4628934_poultry_fecal/content (2)/imgSegmentation/salmo/salmo.635.json,salmo.635.jpg,salmonella,3,train,1
../../Data/downloads/zenodo_4628934_poultry_fecal/content (2)/imgSegmentation/salmo/salmo.636.json,salmo.636.jpg,salmonella,3,train,1
../../Data/downloads/zenodo_4628934_poultry_fecal/content (2)/imgSegmentation/salmo/salmo.637.json,salmo.637.jpg,salmonella,3,train,1
../../Data/downloads/zenodo_4628934_poultry_fecal/content (2)/imgSegmentation/salmo/salmo.638.json,salmo.638.jpg,salmonella,3,test,1
../../Data/downloads/zenodo_4628934_poultry_fecal/content (2)/imgSegmentation/salmo/salmo.639.json,salmo.639.jpg,salmonella,3,train,1
../../Data/downloads/zenodo_4628934_poultry_fecal/content (2)/imgSegmentation/salmo/salmo.64.json,salmo.64.jpg,salmonella,3,train,1
../../Data/downloads/zenodo_4628934_poultry_fecal/content (2)/imgSegmentation/salmo/salmo.640.json,salmo.640.jpg,salmonella,3,train,1
../../Data/downloads/zenodo_4628934_poultry_fecal/content (2)/imgSegmentation/salmo/salmo.641.json,salmo.641.jpg,salmonella,3,train,1
../../Data/downloads/zenodo_4628934_poultry_fecal/content (2)/imgSegmentation/salmo/salmo.642.json,salmo.642.jpg,salmonella,3,train,1
../../Data/downloads/zenodo_4628934_poultry_fecal/content (2)/imgSegmentation/salmo/salmo.643.json,salmo.643.jpg,salmonella,3,train,1
../../Data/downloads/zenodo_4628934_poultry_fecal/content (2)/imgSegmentation/salmo/salmo.644.json,salmo.644.jpg,salmonella,3,val,1
../../Data/downloads/zenodo_4628934_poultry_fecal/content (2)/imgSegmentation/salmo/salmo.645.json,salmo.645.jpg,salmonella,3,train,1
../../Data/downloads/zenodo_4628934_poultry_fecal/content (2)/imgSegmentation/salmo/salmo.646.json,salmo.646.jpg,salmonella,3,train,1
../../Data/downloads/zenodo_4628934_poultry_fecal/content (2)/imgSegmentation/salmo/salmo.647.json,salmo.647.jpg,salmonella,3,train,1
../../Data/downloads/zenodo_4628934_poultry_fecal/content (2)/imgSegmentation/salmo/salmo.648.json,salmo.648.jpg,salmonella,3,test,1
../../Data/downloads/zenodo_4628934_poultry_fecal/content (2)/imgSegmentation/salmo/salmo.649.json,salmo.649.jpg,salmonella,3,train,1
../../Data/downloads/zenodo_4628934_poultry_fecal/content (2)/imgSegmentation/salmo/salmo.65.json,salmo.65.jpg,salmonella,3,train,1
../../Data/downloads/zenodo_4628934_poultry_fecal/content (2)/imgSegmentation/salmo/salmo.650.json,salmo.650.jpg,salmonella,3,train,1
../../Data/downloads/zenodo_4628934_poultry_fecal/content (2)/imgSegmentation/salmo/salmo.651.json,salmo.651.jpg,salmonella,3,train,1
../../Data/downloads/zenodo_4628934_poultry_fecal/content (2)/imgSegmentation/salmo/salmo.652.json,salmo.652.jpg,salmonella,3,train,1
../../Data/downloads/zenodo_4628934_poultry_fecal/content (2)/imgSegmentation/salmo/salmo.653.json,salmo.653.jpg,salmonella,3,train,1
../../Data/downloads/zenodo_4628934_poultry_fecal/content (2)/imgSegmentation/salmo/salmo.654.json,salmo.654.jpg,salmonella,3,train,1
../../Data/downloads/zenodo_4628934_poultry_fecal/content (2)/imgSegmentation/salmo/salmo.655.json,salmo.655.jpg,salmonella,3,train,1
../../Data/downloads/zenodo_4628934_poultry_fecal/content (2)/imgSegmentation/salmo/salmo.656.json,salmo.656.jpg,salmonella,3,test,1
../../Data/downloads/zenodo_4628934_poultry_fecal/content (2)/imgSegmentation/salmo/salmo.657.json,salmo.657.jpg,salmonella,3,val,1
../../Data/downloads/zenodo_4628934_poultry_fecal/content (2)/imgSegmentation/salmo/salmo.658.json,salmo.658.jpg,salmonella,3,val,1
../../Data/downloads/zenodo_4628934_poultry_fecal/content (2)/imgSegmentation/salmo/salmo.659.json,salmo.659.jpg,salmonella,3,val,1
../../Data/downloads/zenodo_4628934_poultry_fecal/content (2)/imgSegmentation/salmo/salmo.66.json,salmo.66.jpg,salmonella,3,test,1
../../Data/downloads/zenodo_4628934_poultry_fecal/content (2)/imgSegmentation/salmo/salmo.660.json,salmo.660.jpg,salmonella,3,train,1
../../Data/downloads/zenodo_4628934_poultry_fecal/content (2)/imgSegmentation/salmo/salmo.661.json,salmo.661.jpg,salmonella,3,test,1
../../Data/downloads/zenodo_4628934_poultry_fecal/content (2)/imgSegmentation/salmo/salmo.662.json,salmo.662.jpg,salmonella,3,train,1
../../Data/downloads/zenodo_4628934_poultry_fecal/content (2)/imgSegmentation/salmo/salmo.663.json,salmo.663.jpg,salmonella,3,train,1
../../Data/downloads/zenodo_4628934_poultry_fecal/content (2)/imgSegmentation/salmo/salmo.664.json,salmo.664.jpg,salmonella,3,train,1
../../Data/downloads/zenodo_4628934_poultry_fecal/content (2)/imgSegmentation/salmo/salmo.665.json,salmo.665.jpg,salmonella,3,train,1
../../Data/downloads/zenodo_4628934_poultry_fecal/content (2)/imgSegmentation/salmo/salmo.666.json,salmo.666.jpg,salmonella,3,test,1
../../Data/downloads/zenodo_4628934_poultry_fecal/content (2)/imgSegmentation/salmo/salmo.667.json,salmo.667.jpg,salmonella,3,test,1
../../Data/downloads/zenodo_4628934_poultry_fecal/content (2)/imgSegmentation/salmo/salmo.668.json,salmo.668.jpg,salmonella,3,test,1
../../Data/downloads/zenodo_4628934_poultry_fecal/content (2)/imgSegmentation/salmo/salmo.669.json,salmo.669.jpg,salmonella,3,train,1
../../Data/downloads/zenodo_4628934_poultry_fecal/content (2)/imgSegmentation/salmo/salmo.67.json,salmo.67.jpg,salmonella,3,train,1
../../Data/downloads/zenodo_4628934_poultry_fecal/content (2)/imgSegmentation/salmo/salmo.670.json,salmo.670.jpg,salmonella,3,train,1
../../Data/downloads/zenodo_4628934_poultry_fecal/content (2)/imgSegmentation/salmo/salmo.671.json,salmo.671.jpg,salmonella,3,val,1
../../Data/downloads/zenodo_4628934_poultry_fecal/content (2)/imgSegmentation/salmo/salmo.672.json,salmo.672.jpg,salmonella,3,val,1
../../Data/downloads/zenodo_4628934_poultry_fecal/content (2)/imgSegmentation/salmo/salmo.673.json,salmo.673.jpg,salmonella,3,train,1
../../Data/downloads/zenodo_4628934_poultry_fecal/content (2)/imgSegmentation/salmo/salmo.674.json,salmo.674.jpg,salmonella,3,train,1
../../Data/downloads/zenodo_4628934_poultry_fecal/content (2)/imgSegmentation/salmo/salmo.675.json,salmo.675.jpg,salmonella,3,train,1
../../Data/downloads/zenodo_4628934_poultry_fecal/content (2)/imgSegmentation/salmo/salmo.676.json,salmo.676.jpg,salmonella,3,train,1
../../Data/downloads/zenodo_4628934_poultry_fecal/content (2)/imgSegmentation/salmo/salmo.677.json,salmo.677.jpg,salmonella,3,train,1
../../Data/downloads/zenodo_4628934_poultry_fecal/content (2)/imgSegmentation/salmo/salmo.678.json,salmo.678.jpg,salmonella,3,train,1
../../Data/downloads/zenodo_4628934_poultry_fecal/content (2)/imgSegmentation/salmo/salmo.679.json,salmo.679.jpg,salmonella,3,train,1
../../Data/downloads/zenodo_4628934_poultry_fecal/content (2)/imgSegmentation/salmo/salmo.68.json,salmo.68.jpg,salmonella,3,test,1
../../Data/downloads/zenodo_4628934_poultry_fecal/content (2)/imgSegmentation/salmo/salmo.680.json,salmo.680.jpg,salmonella,3,train,1
../../Data/downloads/zenodo_4628934_poultry_fecal/content (2)/imgSegmentation/salmo/salmo.681.json,salmo.681.jpg,salmonella,3,train,1
../../Data/downloads/zenodo_4628934_poultry_fecal/content (2)/imgSegmentation/salmo/salmo.682.json,salmo.682.jpg,salmonella,3,test,1
../../Data/downloads/zenodo_4628934_poultry_fecal/content (2)/imgSegmentation/salmo/salmo.683.json,salmo.683.jpg,salmonella,3,train,1
../../Data/downloads/zenodo_4628934_poultry_fecal/content (2)/imgSegmentation/salmo/salmo.684.json,salmo.684.jpg,salmonella,3,test,1
../../Data/downloads/zenodo_4628934_poultry_fecal/content (2)/imgSegmentation/salmo/salmo.685.json,salmo.685.jpg,salmonella,3,val,1
../../Data/downloads/zenodo_4628934_poultry_fecal/content (2)/imgSegmentation/salmo/salmo.686.json,salmo.686.jpg,salmonella,3,test,1
../../Data/downloads/zenodo_4628934_poultry_fecal/content (2)/imgSegmentation/salmo/salmo.687.json,salmo.687.jpg,salmonella,3,test,1
../../Data/downloads/zenodo_4628934_poultry_fecal/content (2)/imgSegmentation/salmo/salmo.688.json,salmo.688.jpg,salmonella,3,train,1
../../Data/downloads/zenodo_4628934_poultry_fecal/content (2)/imgSegmentation/salmo/salmo.689.json,salmo.689.jpg,salmonella,3,train,1
../../Data/downloads/zenodo_4628934_poultry_fecal/content (2)/imgSegmentation/salmo/salmo.69.json,salmo.69.jpg,salmonella,3,train,1
../../Data/downloads/zenodo_4628934_poultry_fecal/content (2)/imgSegmentation/salmo/salmo.690.json,salmo.690.jpg,salmonella,3,train,1
../../Data/downloads/zenodo_4628934_poultry_fecal/content (2)/imgSegmentation/salmo/salmo.691.json,salmo.691.jpg,salmonella,3,train,1
../../Data/downloads/zenodo_4628934_poultry_fecal/content (2)/imgSegmentation/salmo/salmo.692.json,salmo.692.jpg,salmonella,3,test,1
../../Data/downloads/zenodo_4628934_poultry_fecal/content (2)/imgSegmentation/salmo/salmo.693.json,salmo.693.jpg,salmonella,3,train,1
../../Data/downloads/zenodo_4628934_poultry_fecal/content (2)/imgSegmentation/salmo/salmo.694.json,salmo.694.jpg,salmonella,3,train,1
../../Data/downloads/zenodo_4628934_poultry_fecal/content (2)/imgSegmentation/salmo/salmo.695.json,salmo.695.jpg,salmonella,3,val,1
../../Data/downloads/zenodo_4628934_poultry_fecal/content (2)/imgSegmentation/salmo/salmo.696.json,salmo.696.jpg,salmonella,3,val,1
../../Data/downloads/zenodo_4628934_poultry_fecal/content (2)/imgSegmentation/salmo/salmo.697.json,salmo.697.jpg,salmonella,3,train,1
../../Data/downloads/zenodo_4628934_poultry_fecal/content (2)/imgSegmentation/salmo/salmo.698.json,salmo.698.jpg,salmonella,3,train,1
../../Data/downloads/zenodo_4628934_poultry_fecal/content (2)/imgSegmentation/salmo/salmo.699.json,salmo.699.jpg,salmonella,3,train,1
../../Data/downloads/zenodo_4628934_poultry_fecal/content (2)/imgSegmentation/salmo/salmo.7.json,salmo.7.jpg,salmonella,3,train,1
../../Data/downloads/zenodo_4628934_poultry_fecal/content (2)/imgSegmentation/salmo/salmo.70.json,salmo.70.jpg,salmonella,3,test,1
../../Data/downloads/zenodo_4628934_poultry_fecal/content (2)/imgSegmentation/salmo/salmo.700.json,salmo.700.jpg,salmonella,3,train,1
../../Data/downloads/zenodo_4628934_poultry_fecal/content (2)/imgSegmentation/salmo/salmo.701.json,salmo.701.jpg,salmonella,3,train,1
../../Data/downloads/zenodo_4628934_poultry_fecal/content (2)/imgSegmentation/salmo/salmo.702.json,salmo.702.jpg,salmonella,3,train,1
../../Data/downloads/zenodo_4628934_poultry_fecal/content (2)/imgSegmentation/salmo/salmo.703.json,salmo.703.jpg,salmonella,3,train,1
../../Data/downloads/zenodo_4628934_poultry_fecal/content (2)/imgSegmentation/salmo/salmo.704.json,salmo.704.jpg,salmonella,3,train,1
../../Data/downloads/zenodo_4628934_poultry_fecal/content (2)/imgSegmentation/salmo/salmo.705.json,salmo.705.jpg,salmonella,3,train,1
../../Data/downloads/zenodo_4628934_poultry_fecal/content (2)/imgSegmentation/salmo/salmo.706.json,salmo.706.jpg,salmonella,3,val,1
../../Data/downloads/zenodo_4628934_poultry_fecal/content (2)/imgSegmentation/salmo/salmo.707.json,salmo.707.jpg,salmonella,3,train,1
../../Data/downloads/zenodo_4628934_poultry_fecal/content (2)/imgSegmentation/salmo/salmo.708.json,salmo.708.jpg,salmonella,3,train,1
../../Data/downloads/zenodo_4628934_poultry_fecal/content (2)/imgSegmentation/salmo/salmo.709.json,salmo.709.jpg,salmonella,3,train,1
../../Data/downloads/zenodo_4628934_poultry_fecal/content (2)/imgSegmentation/salmo/salmo.71.json,salmo.71.jpg,salmonella,3,train,1
../../Data/downloads/zenodo_4628934_poultry_fecal/content (2)/imgSegmentation/salmo/salmo.710.json,salmo.710.jpg,salmonella,3,train,1
../../Data/downloads/zenodo_4628934_poultry_fecal/content (2)/imgSegmentation/salmo/salmo.711.json,salmo.711.jpg,salmonella,3,val,1
../../Data/downloads/zenodo_4628934_poultry_fecal/content (2)/imgSegmentation/salmo/salmo.712.json,salmo.712.jpg,salmonella,3,train,1
../../Data/downloads/zenodo_4628934_poultry_fecal/content (2)/imgSegmentation/salmo/salmo.713.json,salmo.713.jpg,salmonella,3,train,1
../../Data/downloads/zenodo_4628934_poultry_fecal/content (2)/imgSegmentation/salmo/salmo.714.json,salmo.714.jpg,salmonella,3,train,1
../../Data/downloads/zenodo_4628934_poultry_fecal/content (2)/imgSegmentation/salmo/salmo.715.json,salmo.715.jpg,salmonella,3,train,1
../../Data/downloads/zenodo_4628934_poultry_fecal/content (2)/imgSegmentation/salmo/salmo.716.json,salmo.716.jpg,salmonella,3,train,1
../../Data/downloads/zenodo_4628934_poultry_fecal/content (2)/imgSegmentation/salmo/salmo.717.json,salmo.717.jpg,salmonella,3,train,1
../../Data/downloads/zenodo_4628934_poultry_fecal/content (2)/imgSegmentation/salmo/salmo.718.json,salmo.718.jpg,salmonella,3,train,1
../../Data/downloads/zenodo_4628934_poultry_fecal/content (2)/imgSegmentation/salmo/salmo.719.json,salmo.719.jpg,salmonella,3,train,1
../../Data/downloads/zenodo_4628934_poultry_fecal/content (2)/imgSegmentation/salmo/salmo.72.json,salmo.72.jpg,salmonella,3,train,1
../../Data/downloads/zenodo_4628934_poultry_fecal/content (2)/imgSegmentation/salmo/salmo.720.json,salmo.720.jpg,salmonella,3,val,1
../../Data/downloads/zenodo_4628934_poultry_fecal/content (2)/imgSegmentation/salmo/salmo.721.json,salmo.721.jpg,salmonella,3,train,1
../../Data/downloads/zenodo_4628934_poultry_fecal/content (2)/imgSegmentation/salmo/salmo.722.json,salmo.722.jpg,salmonella,3,train,1
../../Data/downloads/zenodo_4628934_poultry_fecal/content (2)/imgSegmentation/salmo/salmo.723.json,salmo.723.jpg,salmonella,3,train,1
../../Data/downloads/zenodo_4628934_poultry_fecal/content (2)/imgSegmentation/salmo/salmo.724.json,salmo.724.jpg,salmonella,3,train,1
../../Data/downloads/zenodo_4628934_poultry_fecal/content (2)/imgSegmentation/salmo/salmo.725.json,salmo.725.jpg,salmonella,3,train,1
../../Data/downloads/zenodo_4628934_poultry_fecal/content (2)/imgSegmentation/salmo/salmo.726.json,salmo.726.jpg,salmonella,3,train,1
../../Data/downloads/zenodo_4628934_poultry_fecal/content (2)/imgSegmentation/salmo/salmo.727.json,salmo.727.jpg,salmonella,3,train,1
../../Data/downloads/zenodo_4628934_poultry_fecal/content (2)/imgSegmentation/salmo/salmo.728.json,salmo.728.jpg,salmonella,3,train,1
../../Data/downloads/zenodo_4628934_poultry_fecal/content (2)/imgSegmentation/salmo/salmo.729.json,salmo.729.jpg,salmonella,3,train,1
../../Data/downloads/zenodo_4628934_poultry_fecal/content (2)/imgSegmentation/salmo/salmo.73.json,salmo.73.jpg,salmonella,3,train,1
../../Data/downloads/zenodo_4628934_poultry_fecal/content (2)/imgSegmentation/salmo/salmo.730.json,salmo.730.jpg,salmonella,3,val,1
../../Data/downloads/zenodo_4628934_poultry_fecal/content (2)/imgSegmentation/salmo/salmo.731.json,salmo.731.jpg,salmonella,3,train,1
../../Data/downloads/zenodo_4628934_poultry_fecal/content (2)/imgSegmentation/salmo/salmo.732.json,salmo.732.jpg,salmonella,3,train,1
../../Data/downloads/zenodo_4628934_poultry_fecal/content (2)/imgSegmentation/salmo/salmo.733.json,salmo.733.jpg,salmonella,3,train,1
../../Data/downloads/zenodo_4628934_poultry_fecal/content (2)/imgSegmentation/salmo/salmo.734.json,salmo.734.jpg,salmonella,3,test,1
../../Data/downloads/zenodo_4628934_poultry_fecal/content (2)/imgSegmentation/salmo/salmo.735.json,salmo.735.jpg,salmonella,3,test,1
../../Data/downloads/zenodo_4628934_poultry_fecal/content (2)/imgSegmentation/salmo/salmo.736.json,salmo.736.jpg,salmonella,3,test,1
../../Data/downloads/zenodo_4628934_poultry_fecal/content (2)/imgSegmentation/salmo/salmo.737.json,salmo.737.jpg,salmonella,3,train,1
../../Data/downloads/zenodo_4628934_poultry_fecal/content (2)/imgSegmentation/salmo/salmo.738.json,salmo.738.jpg,salmonella,3,train,1
../../Data/downloads/zenodo_4628934_poultry_fecal/content (2)/imgSegmentation/salmo/salmo.739.json,salmo.739.jpg,salmonella,3,train,1
../../Data/downloads/zenodo_4628934_poultry_fecal/content (2)/imgSegmentation/salmo/salmo.74.json,salmo.74.jpg,salmonella,3,test,1
../../Data/downloads/zenodo_4628934_poultry_fecal/content (2)/imgSegmentation/salmo/salmo.740.json,salmo.740.jpg,salmonella,3,train,1
../../Data/downloads/zenodo_4628934_poultry_fecal/content (2)/imgSegmentation/salmo/salmo.741.json,salmo.741.jpg,salmonella,3,train,1
../../Data/downloads/zenodo_4628934_poultry_fecal/content (2)/imgSegmentation/salmo/salmo.742.json,salmo.742.jpg,salmonella,3,train,1
../../Data/downloads/zenodo_4628934_poultry_fecal/content (2)/imgSegmentation/salmo/salmo.743.json,salmo.743.jpg,salmonella,3,train,1
../../Data/downloads/zenodo_4628934_poultry_fecal/content (2)/imgSegmentation/salmo/salmo.744.json,salmo.744.jpg,salmonella,3,val,1
../../Data/downloads/zenodo_4628934_poultry_fecal/content (2)/imgSegmentation/salmo/salmo.745.json,salmo.745.jpg,salmonella,3,train,1
../../Data/downloads/zenodo_4628934_poultry_fecal/content (2)/imgSegmentation/salmo/salmo.746.json,salmo.746.jpg,salmonella,3,train,1
../../Data/downloads/zenodo_4628934_poultry_fecal/content (2)/imgSegmentation/salmo/salmo.747.json,salmo.747.jpg,salmonella,3,train,1
../../Data/downloads/zenodo_4628934_poultry_fecal/content (2)/imgSegmentation/salmo/salmo.748.json,salmo.748.jpg,salmonella,3,train,1
../../Data/downloads/zenodo_4628934_poultry_fecal/content (2)/imgSegmentation/salmo/salmo.749.json,salmo.749.jpg,salmonella,3,train,1
../../Data/downloads/zenodo_4628934_poultry_fecal/content (2)/imgSegmentation/salmo/salmo.75.json,salmo.75.jpg,salmonella,3,train,1
../../Data/downloads/zenodo_4628934_poultry_fecal/content (2)/imgSegmentation/salmo/salmo.750.json,salmo.750.jpg,salmonella,3,train,1
../../Data/downloads/zenodo_4628934_poultry_fecal/content (2)/imgSegmentation/salmo/salmo.751.json,salmo.751.jpg,salmonella,3,val,1
../../Data/downloads/zenodo_4628934_poultry_fecal/content (2)/imgSegmentation/salmo/salmo.752.json,salmo.752.jpg,salmonella,3,val,1
../../Data/downloads/zenodo_4628934_poultry_fecal/content (2)/imgSegmentation/salmo/salmo.753.json,salmo.753.jpg,salmonella,3,test,1
../../Data/downloads/zenodo_4628934_poultry_fecal/content (2)/imgSegmentation/salmo/salmo.754.json,salmo.754.jpg,salmonella,3,train,1
../../Data/downloads/zenodo_4628934_poultry_fecal/content (2)/imgSegmentation/salmo/salmo.755.json,salmo.755.jpg,salmonella,3,test,1
../../Data/downloads/zenodo_4628934_poultry_fecal/content (2)/imgSegmentation/salmo/salmo.756.json,salmo.756.jpg,salmonella,3,val,1
../../Data/downloads/zenodo_4628934_poultry_fecal/content (2)/imgSegmentation/salmo/salmo.757.json,salmo.757.jpg,salmonella,3,test,1
../../Data/downloads/zenodo_4628934_poultry_fecal/content (2)/imgSegmentation/salmo/salmo.758.json,salmo.758.jpg,salmonella,3,train,1
../../Data/downloads/zenodo_4628934_poultry_fecal/content (2)/imgSegmentation/salmo/salmo.759.json,salmo.759.jpg,salmonella,3,val,1
../../Data/downloads/zenodo_4628934_poultry_fecal/content (2)/imgSegmentation/salmo/salmo.76.json,salmo.76.jpg,salmonella,3,train,1
../../Data/downloads/zenodo_4628934_poultry_fecal/content (2)/imgSegmentation/salmo/salmo.760.json,salmo.760.jpg,salmonella,3,train,1
../../Data/downloads/zenodo_4628934_poultry_fecal/content (2)/imgSegmentation/salmo/salmo.761.json,salmo.761.jpg,salmonella,3,train,1
../../Data/downloads/zenodo_4628934_poultry_fecal/content (2)/imgSegmentation/salmo/salmo.762.json,salmo.762.jpg,salmonella,3,val,1
../../Data/downloads/zenodo_4628934_poultry_fecal/content (2)/imgSegmentation/salmo/salmo.763.json,salmo.763.jpg,salmonella,3,train,1
../../Data/downloads/zenodo_4628934_poultry_fecal/content (2)/imgSegmentation/salmo/salmo.764.json,salmo.764.jpg,salmonella,3,val,1
../../Data/downloads/zenodo_4628934_poultry_fecal/content (2)/imgSegmentation/salmo/salmo.765.json,salmo.765.jpg,salmonella,3,train,1
../../Data/downloads/zenodo_4628934_poultry_fecal/content (2)/imgSegmentation/salmo/salmo.766.json,salmo.766.jpg,salmonella,3,train,1
../../Data/downloads/zenodo_4628934_poultry_fecal/content (2)/imgSegmentation/salmo/salmo.767.json,salmo.767.jpg,salmonella,3,train,1
../../Data/downloads/zenodo_4628934_poultry_fecal/content (2)/imgSegmentation/salmo/salmo.768.json,salmo.768.jpg,salmonella,3,train,1
../../Data/downloads/zenodo_4628934_poultry_fecal/content (2)/imgSegmentation/salmo/salmo.769.json,salmo.769.jpg,salmonella,3,train,1
../../Data/downloads/zenodo_4628934_poultry_fecal/content (2)/imgSegmentation/salmo/salmo.77.json,salmo.77.jpg,salmonella,3,train,1
../../Data/downloads/zenodo_4628934_poultry_fecal/content (2)/imgSegmentation/salmo/salmo.770.json,salmo.770.jpg,salmonella,3,train,1
../../Data/downloads/zenodo_4628934_poultry_fecal/content (2)/imgSegmentation/salmo/salmo.771.json,salmo.771.jpg,salmonella,3,val,1
../../Data/downloads/zenodo_4628934_poultry_fecal/content (2)/imgSegmentation/salmo/salmo.772.json,salmo.772.jpg,salmonella,3,train,1
../../Data/downloads/zenodo_4628934_poultry_fecal/content (2)/imgSegmentation/salmo/salmo.773.json,salmo.773.jpg,salmonella,3,train,1
../../Data/downloads/zenodo_4628934_poultry_fecal/content (2)/imgSegmentation/salmo/salmo.774.json,salmo.774.jpg,salmonella,3,train,1
../../Data/downloads/zenodo_4628934_poultry_fecal/content (2)/imgSegmentation/salmo/salmo.775.json,salmo.775.jpg,salmonella,3,train,1
../../Data/downloads/zenodo_4628934_poultry_fecal/content (2)/imgSegmentation/salmo/salmo.776.json,salmo.776.jpg,salmonella,3,test,1
../../Data/downloads/zenodo_4628934_poultry_fecal/content (2)/imgSegmentation/salmo/salmo.777.json,salmo.777.jpg,salmonella,3,train,1
../../Data/downloads/zenodo_4628934_poultry_fecal/content (2)/imgSegmentation/salmo/salmo.778.json,salmo.778.jpg,salmonella,3,train,1
../../Data/downloads/zenodo_4628934_poultry_fecal/content (2)/imgSegmentation/salmo/salmo.779.json,salmo.779.jpg,salmonella,3,train,1
../../Data/downloads/zenodo_4628934_poultry_fecal/content (2)/imgSegmentation/salmo/salmo.78.json,salmo.78.jpg,salmonella,3,train,1
../../Data/downloads/zenodo_4628934_poultry_fecal/content (2)/imgSegmentation/salmo/salmo.780.json,salmo.780.jpg,salmonella,3,val,1
../../Data/downloads/zenodo_4628934_poultry_fecal/content (2)/imgSegmentation/salmo/salmo.781.json,salmo.781.jpg,salmonella,3,val,1
../../Data/downloads/zenodo_4628934_poultry_fecal/content (2)/imgSegmentation/salmo/salmo.782.json,salmo.782.jpg,salmonella,3,train,1
../../Data/downloads/zenodo_4628934_poultry_fecal/content (2)/imgSegmentation/salmo/salmo.783.json,salmo.783.jpg,salmonella,3,test,1
../../Data/downloads/zenodo_4628934_poultry_fecal/content (2)/imgSegmentation/salmo/salmo.784.json,salmo.784.jpg,salmonella,3,train,1
../../Data/downloads/zenodo_4628934_poultry_fecal/content (2)/imgSegmentation/salmo/salmo.785.json,salmo.785.jpg,salmonella,3,val,1
../../Data/downloads/zenodo_4628934_poultry_fecal/content (2)/imgSegmentation/salmo/salmo.786.json,salmo.786.jpg,salmonella,3,val,1
../../Data/downloads/zenodo_4628934_poultry_fecal/content (2)/imgSegmentation/salmo/salmo.787.json,salmo.787.jpg,salmonella,3,test,1
../../Data/downloads/zenodo_4628934_poultry_fecal/content (2)/imgSegmentation/salmo/salmo.788.json,salmo.788.jpg,salmonella,3,val,1
../../Data/downloads/zenodo_4628934_poultry_fecal/content (2)/imgSegmentation/salmo/salmo.789.json,salmo.789.jpg,salmonella,3,train,1
../../Data/downloads/zenodo_4628934_poultry_fecal/content (2)/imgSegmentation/salmo/salmo.79.json,salmo.79.jpg,salmonella,3,test,1
../../Data/downloads/zenodo_4628934_poultry_fecal/content (2)/imgSegmentation/salmo/salmo.790.json,salmo.790.jpg,salmonella,3,train,1
../../Data/downloads/zenodo_4628934_poultry_fecal/content (2)/imgSegmentation/salmo/salmo.791.json,salmo.791.jpg,salmonella,3,val,1
../../Data/downloads/zenodo_4628934_poultry_fecal/content (2)/imgSegmentation/salmo/salmo.792.json,salmo.792.jpg,salmonella,3,train,1
../../Data/downloads/zenodo_4628934_poultry_fecal/content (2)/imgSegmentation/salmo/salmo.793.json,salmo.793.jpg,salmonella,3,train,1
../../Data/downloads/zenodo_4628934_poultry_fecal/content (2)/imgSegmentation/salmo/salmo.794.json,salmo.794.jpg,salmonella,3,train,1
../../Data/downloads/zenodo_4628934_poultry_fecal/content (2)/imgSegmentation/salmo/salmo.795.json,salmo.795.jpg,salmonella,3,train,1
../../Data/downloads/zenodo_4628934_poultry_fecal/content (2)/imgSegmentation/salmo/salmo.796.json,salmo.796.jpg,salmonella,3,train,1
../../Data/downloads/zenodo_4628934_poultry_fecal/content (2)/imgSegmentation/salmo/salmo.797.json,salmo.797.jpg,salmonella,3,train,1
../../Data/downloads/zenodo_4628934_poultry_fecal/content (2)/imgSegmentation/salmo/salmo.798.json,salmo.798.jpg,salmonella,3,train,1
../../Data/downloads/zenodo_4628934_poultry_fecal/content (2)/imgSegmentation/salmo/salmo.799.json,salmo.799.jpg,salmonella,3,train,1
../../Data/downloads/zenodo_4628934_poultry_fecal/content (2)/imgSegmentation/salmo/salmo.8.json,salmo.8.jpg,salmonella,3,train,1
../../Data/downloads/zenodo_4628934_poultry_fecal/content (2)/imgSegmentation/salmo/salmo.80.json,salmo.80.jpg,salmonella,3,train,1
../../Data/downloads/zenodo_4628934_poultry_fecal/content (2)/imgSegmentation/salmo/salmo.800.json,salmo.800.jpg,salmonella,3,train,1
../../Data/downloads/zenodo_4628934_poultry_fecal/content (2)/imgSegmentation/salmo/salmo.801.json,salmo.801.jpg,salmonella,3,test,1
../../Data/downloads/zenodo_4628934_poultry_fecal/content (2)/imgSegmentation/salmo/salmo.802.json,salmo.802.jpg,salmonella,3,val,1
../../Data/downloads/zenodo_4628934_poultry_fecal/content (2)/imgSegmentation/salmo/salmo.803.json,salmo.803.jpg,salmonella,3,test,1
../../Data/downloads/zenodo_4628934_poultry_fecal/content (2)/imgSegmentation/salmo/salmo.804.json,salmo.804.jpg,salmonella,3,train,1
../../Data/downloads/zenodo_4628934_poultry_fecal/content (2)/imgSegmentation/salmo/salmo.805.json,salmo.805.jpg,salmonella,3,train,1
../../Data/downloads/zenodo_4628934_poultry_fecal/content (2)/imgSegmentation/salmo/salmo.806.json,salmo.806.jpg,salmonella,3,train,1
../../Data/downloads/zenodo_4628934_poultry_fecal/content (2)/imgSegmentation/salmo/salmo.807.json,salmo.807.jpg,salmonella,3,test,1
../../Data/downloads/zenodo_4628934_poultry_fecal/content (2)/imgSegmentation/salmo/salmo.808.json,salmo.808.jpg,salmonella,3,val,1
../../Data/downloads/zenodo_4628934_poultry_fecal/content (2)/imgSegmentation/salmo/salmo.809.json,salmo.809.jpg,salmonella,3,train,1
../../Data/downloads/zenodo_4628934_poultry_fecal/content (2)/imgSegmentation/salmo/salmo.81.json,salmo.81.jpg,salmonella,3,train,1
../../Data/downloads/zenodo_4628934_poultry_fecal/content (2)/imgSegmentation/salmo/salmo.810.json,salmo.810.jpg,salmonella,3,train,1
../../Data/downloads/zenodo_4628934_poultry_fecal/content (2)/imgSegmentation/salmo/salmo.811.json,salmo.811.jpg,salmonella,3,train,1
../../Data/downloads/zenodo_4628934_poultry_fecal/content (2)/imgSegmentation/salmo/salmo.812.json,salmo.812.jpg,salmonella,3,train,1
../../Data/downloads/zenodo_4628934_poultry_fecal/content (2)/imgSegmentation/salmo/salmo.813.json,salmo.813.jpg,salmonella,3,train,1
../../Data/downloads/zenodo_4628934_poultry_fecal/content (2)/imgSegmentation/salmo/salmo.814.json,salmo.814.jpg,salmonella,3,val,1
../../Data/downloads/zenodo_4628934_poultry_fecal/content (2)/imgSegmentation/salmo/salmo.815.json,salmo.815.jpg,salmonella,3,val,1
../../Data/downloads/zenodo_4628934_poultry_fecal/content (2)/imgSegmentation/salmo/salmo.816.json,salmo.816.jpg,salmonella,3,train,1
../../Data/downloads/zenodo_4628934_poultry_fecal/content (2)/imgSegmentation/salmo/salmo.817.json,salmo.817.jpg,salmonella,3,val,1
../../Data/downloads/zenodo_4628934_poultry_fecal/content (2)/imgSegmentation/salmo/salmo.818.json,salmo.818.jpg,salmonella,3,train,1
../../Data/downloads/zenodo_4628934_poultry_fecal/content (2)/imgSegmentation/salmo/salmo.819.json,salmo.819.jpg,salmonella,3,train,1
../../Data/downloads/zenodo_4628934_poultry_fecal/content (2)/imgSegmentation/salmo/salmo.82.json,salmo.82.jpg,salmonella,3,train,1
../../Data/downloads/zenodo_4628934_poultry_fecal/content (2)/imgSegmentation/salmo/salmo.820.json,salmo.820.jpg,salmonella,3,train,1
../../Data/downloads/zenodo_4628934_poultry_fecal/content (2)/imgSegmentation/salmo/salmo.821.json,salmo.821.jpg,salmonella,3,train,1
../../Data/downloads/zenodo_4628934_poultry_fecal/content (2)/imgSegmentation/salmo/salmo.822.json,salmo.822.jpg,salmonella,3,train,1
../../Data/downloads/zenodo_4628934_poultry_fecal/content (2)/imgSegmentation/salmo/salmo.823.json,salmo.823.jpg,salmonella,3,train,1
../../Data/downloads/zenodo_4628934_poultry_fecal/content (2)/imgSegmentation/salmo/salmo.824.json,salmo.824.jpg,salmonella,3,train,1
../../Data/downloads/zenodo_4628934_poultry_fecal/content (2)/imgSegmentation/salmo/salmo.825.json,salmo.825.jpg,salmonella,3,train,1
../../Data/downloads/zenodo_4628934_poultry_fecal/content (2)/imgSegmentation/salmo/salmo.826.json,salmo.826.jpg,salmonella,3,train,1
../../Data/downloads/zenodo_4628934_poultry_fecal/content (2)/imgSegmentation/salmo/salmo.827.json,salmo.827.jpg,salmonella,3,train,1
../../Data/downloads/zenodo_4628934_poultry_fecal/content (2)/imgSegmentation/salmo/salmo.828.json,salmo.828.jpg,salmonella,3,train,1
../../Data/downloads/zenodo_4628934_poultry_fecal/content (2)/imgSegmentation/salmo/salmo.829.json,salmo.829.jpg,salmonella,3,train,1
../../Data/downloads/zenodo_4628934_poultry_fecal/content (2)/imgSegmentation/salmo/salmo.83.json,salmo.83.jpg,salmonella,3,test,1
../../Data/downloads/zenodo_4628934_poultry_fecal/content (2)/imgSegmentation/salmo/salmo.830.json,salmo.830.jpg,salmonella,3,val,1
../../Data/downloads/zenodo_4628934_poultry_fecal/content (2)/imgSegmentation/salmo/salmo.831.json,salmo.831.jpg,salmonella,3,test,1
../../Data/downloads/zenodo_4628934_poultry_fecal/content (2)/imgSegmentation/salmo/salmo.832.json,salmo.832.jpg,salmonella,3,test,1
../../Data/downloads/zenodo_4628934_poultry_fecal/content (2)/imgSegmentation/salmo/salmo.833.json,salmo.833.jpg,salmonella,3,train,1
../../Data/downloads/zenodo_4628934_poultry_fecal/content (2)/imgSegmentation/salmo/salmo.834.json,salmo.834.jpg,salmonella,3,train,1
../../Data/downloads/zenodo_4628934_poultry_fecal/content (2)/imgSegmentation/salmo/salmo.835.json,salmo.835.jpg,salmonella,3,train,1
../../Data/downloads/zenodo_4628934_poultry_fecal/content (2)/imgSegmentation/salmo/salmo.836.json,salmo.836.jpg,salmonella,3,train,1
../../Data/downloads/zenodo_4628934_poultry_fecal/content (2)/imgSegmentation/salmo/salmo.837.json,salmo.837.jpg,salmonella,3,train,1
../../Data/downloads/zenodo_4628934_poultry_fecal/content (2)/imgSegmentation/salmo/salmo.838.json,salmo.838.jpg,salmonella,3,train,1
../../Data/downloads/zenodo_4628934_poultry_fecal/content (2)/imgSegmentation/salmo/salmo.839.json,salmo.839.jpg,salmonella,3,train,1
../../Data/downloads/zenodo_4628934_poultry_fecal/content (2)/imgSegmentation/salmo/salmo.84.json,salmo.84.jpg,salmonella,3,train,1
../../Data/downloads/zenodo_4628934_poultry_fecal/content (2)/imgSegmentation/salmo/salmo.840.json,salmo.840.jpg,salmonella,3,train,1
../../Data/downloads/zenodo_4628934_poultry_fecal/content (2)/imgSegmentation/salmo/salmo.841.json,salmo.841.jpg,salmonella,3,val,1
../../Data/downloads/zenodo_4628934_poultry_fecal/content (2)/imgSegmentation/salmo/salmo.842.json,salmo.842.jpg,salmonella,3,train,1
../../Data/downloads/zenodo_4628934_poultry_fecal/content (2)/imgSegmentation/salmo/salmo.843.json,salmo.843.jpg,salmonella,3,train,1
../../Data/downloads/zenodo_4628934_poultry_fecal/content (2)/imgSegmentation/salmo/salmo.844.json,salmo.844.jpg,salmonella,3,train,1
../../Data/downloads/zenodo_4628934_poultry_fecal/content (2)/imgSegmentation/salmo/salmo.845.json,salmo.845.jpg,salmonella,3,train,1
../../Data/downloads/zenodo_4628934_poultry_fecal/content (2)/imgSegmentation/salmo/salmo.846.json,salmo.846.jpg,salmonella,3,val,1
../../Data/downloads/zenodo_4628934_poultry_fecal/content (2)/imgSegmentation/salmo/salmo.847.json,salmo.847.jpg,salmonella,3,train,1
../../Data/downloads/zenodo_4628934_poultry_fecal/content (2)/imgSegmentation/salmo/salmo.848.json,salmo.848.jpg,salmonella,3,train,1
../../Data/downloads/zenodo_4628934_poultry_fecal/content (2)/imgSegmentation/salmo/salmo.849.json,salmo.849.jpg,salmonella,3,train,1
../../Data/downloads/zenodo_4628934_poultry_fecal/content (2)/imgSegmentation/salmo/salmo.85.json,salmo.85.jpg,salmonella,3,val,1
../../Data/downloads/zenodo_4628934_poultry_fecal/content (2)/imgSegmentation/salmo/salmo.850.json,salmo.850.jpg,salmonella,3,train,1
../../Data/downloads/zenodo_4628934_poultry_fecal/content (2)/imgSegmentation/salmo/salmo.851.json,salmo.851.jpg,salmonella,3,test,1
../../Data/downloads/zenodo_4628934_poultry_fecal/content (2)/imgSegmentation/salmo/salmo.852.json,salmo.852.jpg,salmonella,3,train,1
../../Data/downloads/zenodo_4628934_poultry_fecal/content (2)/imgSegmentation/salmo/salmo.853.json,salmo.853.jpg,salmonella,3,train,1
../../Data/downloads/zenodo_4628934_poultry_fecal/content (2)/imgSegmentation/salmo/salmo.854.json,salmo.854.jpg,salmonella,3,train,1
../../Data/downloads/zenodo_4628934_poultry_fecal/content (2)/imgSegmentation/salmo/salmo.855.json,salmo.855.jpg,salmonella,3,train,1
../../Data/downloads/zenodo_4628934_poultry_fecal/content (2)/imgSegmentation/salmo/salmo.856.json,salmo.856.jpg,salmonella,3,train,1
../../Data/downloads/zenodo_4628934_poultry_fecal/content (2)/imgSegmentation/salmo/salmo.857.json,salmo.857.jpg,salmonella,3,train,1
../../Data/downloads/zenodo_4628934_poultry_fecal/content (2)/imgSegmentation/salmo/salmo.858.json,salmo.858.jpg,salmonella,3,val,1
../../Data/downloads/zenodo_4628934_poultry_fecal/content (2)/imgSegmentation/salmo/salmo.859.json,salmo.859.jpg,salmonella,3,train,1
../../Data/downloads/zenodo_4628934_poultry_fecal/content (2)/imgSegmentation/salmo/salmo.86.json,salmo.86.jpg,salmonella,3,val,1
../../Data/downloads/zenodo_4628934_poultry_fecal/content (2)/imgSegmentation/salmo/salmo.860.json,salmo.860.jpg,salmonella,3,train,1
../../Data/downloads/zenodo_4628934_poultry_fecal/content (2)/imgSegmentation/salmo/salmo.861.json,salmo.861.jpg,salmonella,3,val,1
../../Data/downloads/zenodo_4628934_poultry_fecal/content (2)/imgSegmentation/salmo/salmo.862.json,salmo.862.jpg,salmonella,3,train,1
../../Data/downloads/zenodo_4628934_poultry_fecal/content (2)/imgSegmentation/salmo/salmo.863.json,salmo.863.jpg,salmonella,3,train,1
../../Data/downloads/zenodo_4628934_poultry_fecal/content (2)/imgSegmentation/salmo/salmo.864.json,salmo.864.jpg,salmonella,3,train,1
../../Data/downloads/zenodo_4628934_poultry_fecal/content (2)/imgSegmentation/salmo/salmo.865.json,salmo.865.jpg,salmonella,3,test,1
../../Data/downloads/zenodo_4628934_poultry_fecal/content (2)/imgSegmentation/salmo/salmo.866.json,salmo.866.jpg,salmonella,3,test,1
../../Data/downloads/zenodo_4628934_poultry_fecal/content (2)/imgSegmentation/salmo/salmo.867.json,salmo.867.jpg,salmonella,3,train,1
../../Data/downloads/zenodo_4628934_poultry_fecal/content (2)/imgSegmentation/salmo/salmo.868.json,salmo.868.jpg,salmonella,3,val,1
../../Data/downloads/zenodo_4628934_poultry_fecal/content (2)/imgSegmentation/salmo/salmo.869.json,salmo.869.jpg,salmonella,3,val,1
../../Data/downloads/zenodo_4628934_poultry_fecal/content (2)/imgSegmentation/salmo/salmo.87.json,salmo.87.jpg,salmonella,3,val,1
../../Data/downloads/zenodo_4628934_poultry_fecal/content (2)/imgSegmentation/salmo/salmo.870.json,salmo.870.jpg,salmonella,3,train,1
../../Data/downloads/zenodo_4628934_poultry_fecal/content (2)/imgSegmentation/salmo/salmo.871.json,salmo.871.jpg,salmonella,3,train,1
../../Data/downloads/zenodo_4628934_poultry_fecal/content (2)/imgSegmentation/salmo/salmo.872.json,salmo.872.jpg,salmonella,3,test,1
../../Data/downloads/zenodo_4628934_poultry_fecal/content (2)/imgSegmentation/salmo/salmo.873.json,salmo.873.jpg,salmonella,3,val,1
../../Data/downloads/zenodo_4628934_poultry_fecal/content (2)/imgSegmentation/salmo/salmo.874.json,salmo.874.jpg,salmonella,3,train,1
../../Data/downloads/zenodo_4628934_poultry_fecal/content (2)/imgSegmentation/salmo/salmo.875.json,salmo.875.jpg,salmonella,3,test,1
../../Data/downloads/zenodo_4628934_poultry_fecal/content (2)/imgSegmentation/salmo/salmo.876.json,salmo.876.jpg,salmonella,3,test,1
../../Data/downloads/zenodo_4628934_poultry_fecal/content (2)/imgSegmentation/salmo/salmo.877.json,salmo.877.jpg,salmonella,3,train,1
../../Data/downloads/zenodo_4628934_poultry_fecal/content (2)/imgSegmentation/salmo/salmo.878.json,salmo.878.jpg,salmonella,3,train,1
../../Data/downloads/zenodo_4628934_poultry_fecal/content (2)/imgSegmentation/salmo/salmo.879.json,salmo.879.jpg,salmonella,3,train,1
../../Data/downloads/zenodo_4628934_poultry_fecal/content (2)/imgSegmentation/salmo/salmo.88.json,salmo.88.jpg,salmonella,3,train,1
../../Data/downloads/zenodo_4628934_poultry_fecal/content (2)/imgSegmentation/salmo/salmo.880.json,salmo.880.jpg,salmonella,3,train,1
../../Data/downloads/zenodo_4628934_poultry_fecal/content (2)/imgSegmentation/salmo/salmo.881.json,salmo.881.jpg,salmonella,3,train,1
../../Data/downloads/zenodo_4628934_poultry_fecal/content (2)/imgSegmentation/salmo/salmo.882.json,salmo.882.jpg,salmonella,3,train,1
../../Data/downloads/zenodo_4628934_poultry_fecal/content (2)/imgSegmentation/salmo/salmo.883.json,salmo.883.jpg,salmonella,3,train,1
../../Data/downloads/zenodo_4628934_poultry_fecal/content (2)/imgSegmentation/salmo/salmo.884.json,salmo.884.jpg,salmonella,3,train,1
../../Data/downloads/zenodo_4628934_poultry_fecal/content (2)/imgSegmentation/salmo/salmo.885.json,salmo.885.jpg,salmonella,3,test,1
../../Data/downloads/zenodo_4628934_poultry_fecal/content (2)/imgSegmentation/salmo/salmo.886.json,salmo.886.jpg,salmonella,3,train,1
../../Data/downloads/zenodo_4628934_poultry_fecal/content (2)/imgSegmentation/salmo/salmo.887.json,salmo.887.jpg,salmonella,3,train,1
../../Data/downloads/zenodo_4628934_poultry_fecal/content (2)/imgSegmentation/salmo/salmo.888.json,salmo.888.jpg,salmonella,3,val,1
../../Data/downloads/zenodo_4628934_poultry_fecal/content (2)/imgSegmentation/salmo/salmo.889.json,salmo.889.jpg,salmonella,3,val,1
../../Data/downloads/zenodo_4628934_poultry_fecal/content (2)/imgSegmentation/salmo/salmo.89.json,salmo.89.jpg,salmonella,3,train,1
../../Data/downloads/zenodo_4628934_poultry_fecal/content (2)/imgSegmentation/salmo/salmo.890.json,salmo.890.jpg,salmonella,3,train,1
../../Data/downloads/zenodo_4628934_poultry_fecal/content (2)/imgSegmentation/salmo/salmo.891.json,salmo.891.jpg,salmonella,3,test,1
../../Data/downloads/zenodo_4628934_poultry_fecal/content (2)/imgSegmentation/salmo/salmo.892.json,salmo.892.jpg,salmonella,3,test,1
../../Data/downloads/zenodo_4628934_poultry_fecal/content (2)/imgSegmentation/salmo/salmo.893.json,salmo.893.jpg,salmonella,3,train,1
../../Data/downloads/zenodo_4628934_poultry_fecal/content (2)/imgSegmentation/salmo/salmo.894.json,salmo.894.jpg,salmonella,3,test,1
../../Data/downloads/zenodo_4628934_poultry_fecal/content (2)/imgSegmentation/salmo/salmo.895.json,salmo.895.jpg,salmonella,3,test,1
../../Data/downloads/zenodo_4628934_poultry_fecal/content (2)/imgSegmentation/salmo/salmo.896.json,salmo.896.jpg,salmonella,3,val,1
../../Data/downloads/zenodo_4628934_poultry_fecal/content (2)/imgSegmentation/salmo/salmo.897.json,salmo.897.jpg,salmonella,3,train,1
../../Data/downloads/zenodo_4628934_poultry_fecal/content (2)/imgSegmentation/salmo/salmo.898.json,salmo.898.jpg,salmonella,3,val,1
../../Data/downloads/zenodo_4628934_poultry_fecal/content (2)/imgSegmentation/salmo/salmo.899.json,salmo.899.jpg,salmonella,3,test,1
../../Data/downloads/zenodo_4628934_poultry_fecal/content (2)/imgSegmentation/salmo/salmo.9.json,salmo.9.jpg,salmonella,3,train,1
../../Data/downloads/zenodo_4628934_poultry_fecal/content (2)/imgSegmentation/salmo/salmo.90.json,salmo.90.jpg,salmonella,3,train,1
../../Data/downloads/zenodo_4628934_poultry_fecal/content (2)/imgSegmentation/salmo/salmo.900.json,salmo.900.jpg,salmonella,3,test,1
../../Data/downloads/zenodo_4628934_poultry_fecal/content (2)/imgSegmentation/salmo/salmo.901.json,salmo.901.jpg,salmonella,3,train,1
../../Data/downloads/zenodo_4628934_poultry_fecal/content (2)/imgSegmentation/salmo/salmo.902.json,salmo.902.jpg,salmonella,3,train,1
../../Data/downloads/zenodo_4628934_poultry_fecal/content (2)/imgSegmentation/salmo/salmo.903.json,salmo.903.jpg,salmonella,3,train,1
../../Data/downloads/zenodo_4628934_poultry_fecal/content (2)/imgSegmentation/salmo/salmo.904.json,salmo.904.jpg,salmonella,3,train,1
../../Data/downloads/zenodo_4628934_poultry_fecal/content (2)/imgSegmentation/salmo/salmo.905.json,salmo.905.jpg,salmonella,3,train,1
../../Data/downloads/zenodo_4628934_poultry_fecal/content (2)/imgSegmentation/salmo/salmo.906.json,salmo.906.jpg,salmonella,3,train,1
../../Data/downloads/zenodo_4628934_poultry_fecal/content (2)/imgSegmentation/salmo/salmo.907.json,salmo.907.jpg,salmonella,3,train,1
../../Data/downloads/zenodo_4628934_poultry_fecal/content (2)/imgSegmentation/salmo/salmo.908.json,salmo.908.jpg,salmonella,3,train,1
../../Data/downloads/zenodo_4628934_poultry_fecal/content (2)/imgSegmentation/salmo/salmo.909.json,salmo.909.jpg,salmonella,3,train,1
../../Data/downloads/zenodo_4628934_poultry_fecal/content (2)/imgSegmentation/salmo/salmo.91.json,salmo.91.jpg,salmonella,3,val,1
../../Data/downloads/zenodo_4628934_poultry_fecal/content (2)/imgSegmentation/salmo/salmo.910.json,salmo.910.jpg,salmonella,3,test,1
../../Data/downloads/zenodo_4628934_poultry_fecal/content (2)/imgSegmentation/salmo/salmo.911.json,salmo.911.jpg,salmonella,3,train,1
../../Data/downloads/zenodo_4628934_poultry_fecal/content (2)/imgSegmentation/salmo/salmo.912.json,salmo.912.jpg,salmonella,3,train,1
../../Data/downloads/zenodo_4628934_poultry_fecal/content (2)/imgSegmentation/salmo/salmo.913.json,salmo.913.jpg,salmonella,3,train,1
../../Data/downloads/zenodo_4628934_poultry_fecal/content (2)/imgSegmentation/salmo/salmo.914.json,salmo.914.jpg,salmonella,3,train,1
../../Data/downloads/zenodo_4628934_poultry_fecal/content (2)/imgSegmentation/salmo/salmo.915.json,salmo.915.jpg,salmonella,3,test,1
../../Data/downloads/zenodo_4628934_poultry_fecal/content (2)/imgSegmentation/salmo/salmo.916.json,salmo.916.jpg,salmonella,3,val,1
../../Data/downloads/zenodo_4628934_poultry_fecal/content (2)/imgSegmentation/salmo/salmo.917.json,salmo.917.jpg,salmonella,3,test,1
../../Data/downloads/zenodo_4628934_poultry_fecal/content (2)/imgSegmentation/salmo/salmo.918.json,salmo.918.jpg,salmonella,3,train,1
../../Data/downloads/zenodo_4628934_poultry_fecal/content (2)/imgSegmentation/salmo/salmo.919.json,salmo.919.jpg,salmonella,3,train,1
../../Data/downloads/zenodo_4628934_poultry_fecal/content (2)/imgSegmentation/salmo/salmo.92.json,salmo.92.jpg,salmonella,3,train,1
../../Data/downloads/zenodo_4628934_poultry_fecal/content (2)/imgSegmentation/salmo/salmo.920.json,salmo.920.jpg,salmonella,3,train,1
../../Data/downloads/zenodo_4628934_poultry_fecal/content (2)/imgSegmentation/salmo/salmo.921.json,salmo.921.jpg,salmonella,3,train,1
../../Data/downloads/zenodo_4628934_poultry_fecal/content (2)/imgSegmentation/salmo/salmo.922.json,salmo.922.jpg,salmonella,3,train,1
../../Data/downloads/zenodo_4628934_poultry_fecal/content (2)/imgSegmentation/salmo/salmo.923.json,salmo.923.jpg,salmonella,3,train,1
../../Data/downloads/zenodo_4628934_poultry_fecal/content (2)/imgSegmentation/salmo/salmo.924.json,salmo.924.jpg,salmonella,3,val,1
../../Data/downloads/zenodo_4628934_poultry_fecal/content (2)/imgSegmentation/salmo/salmo.925.json,salmo.925.jpg,salmonella,3,train,1
../../Data/downloads/zenodo_4628934_poultry_fecal/content (2)/imgSegmentation/salmo/salmo.926.json,salmo.926.jpg,salmonella,3,val,1
../../Data/downloads/zenodo_4628934_poultry_fecal/content (2)/imgSegmentation/salmo/salmo.927.json,salmo.927.jpg,salmonella,3,train,1
../../Data/downloads/zenodo_4628934_poultry_fecal/content (2)/imgSegmentation/salmo/salmo.928.json,salmo.928.jpg,salmonella,3,train,1
../../Data/downloads/zenodo_4628934_poultry_fecal/content (2)/imgSegmentation/salmo/salmo.929.json,salmo.929.jpg,salmonella,3,train,1
../../Data/downloads/zenodo_4628934_poultry_fecal/content (2)/imgSegmentation/salmo/salmo.93.json,salmo.93.jpg,salmonella,3,train,1
../../Data/downloads/zenodo_4628934_poultry_fecal/content (2)/imgSegmentation/salmo/salmo.930.json,salmo.930.jpg,salmonella,3,val,1
../../Data/downloads/zenodo_4628934_poultry_fecal/content (2)/imgSegmentation/salmo/salmo.931.json,salmo.931.jpg,salmonella,3,train,1
../../Data/downloads/zenodo_4628934_poultry_fecal/content (2)/imgSegmentation/salmo/salmo.932.json,salmo.932.jpg,salmonella,3,train,1
../../Data/downloads/zenodo_4628934_poultry_fecal/content (2)/imgSegmentation/salmo/salmo.933.json,salmo.933.jpg,salmonella,3,train,1
../../Data/downloads/zenodo_4628934_poultry_fecal/content (2)/imgSegmentation/salmo/salmo.934.json,salmo.934.jpg,salmonella,3,val,1
../../Data/downloads/zenodo_4628934_poultry_fecal/content (2)/imgSegmentation/salmo/salmo.935.json,salmo.935.jpg,salmonella,3,train,1
../../Data/downloads/zenodo_4628934_poultry_fecal/content (2)/imgSegmentation/salmo/salmo.936.json,salmo.936.jpg,salmonella,3,train,1
../../Data/downloads/zenodo_4628934_poultry_fecal/content (2)/imgSegmentation/salmo/salmo.937.json,salmo.937.jpg,salmonella,3,test,1
../../Data/downloads/zenodo_4628934_poultry_fecal/content (2)/imgSegmentation/salmo/salmo.938.json,salmo.938.jpg,salmonella,3,train,1
../../Data/downloads/zenodo_4628934_poultry_fecal/content (2)/imgSegmentation/salmo/salmo.939.json,salmo.939.jpg,salmonella,3,test,1
../../Data/downloads/zenodo_4628934_poultry_fecal/content (2)/imgSegmentation/salmo/salmo.94.json,salmo.94.jpg,salmonella,3,test,1
../../Data/downloads/zenodo_4628934_poultry_fecal/content (2)/imgSegmentation/salmo/salmo.940.json,salmo.940.jpg,salmonella,3,test,1
../../Data/downloads/zenodo_4628934_poultry_fecal/content (2)/imgSegmentation/salmo/salmo.941.json,salmo.941.jpg,salmonella,3,train,1
../../Data/downloads/zenodo_4628934_poultry_fecal/content (2)/imgSegmentation/salmo/salmo.942.json,salmo.942.jpg,salmonella,3,val,1
../../Data/downloads/zenodo_4628934_poultry_fecal/content (2)/imgSegmentation/salmo/salmo.943.json,salmo.943.jpg,salmonella,3,train,1
../../Data/downloads/zenodo_4628934_poultry_fecal/content (2)/imgSegmentation/salmo/salmo.944.json,salmo.944.jpg,salmonella,3,train,1
../../Data/downloads/zenodo_4628934_poultry_fecal/content (2)/imgSegmentation/salmo/salmo.945.json,salmo.945.jpg,salmonella,3,test,1
../../Data/downloads/zenodo_4628934_poultry_fecal/content (2)/imgSegmentation/salmo/salmo.946.json,salmo.946.jpg,salmonella,3,train,1
../../Data/downloads/zenodo_4628934_poultry_fecal/content (2)/imgSegmentation/salmo/salmo.947.json,salmo.947.jpg,salmonella,3,train,1
../../Data/downloads/zenodo_4628934_poultry_fecal/content (2)/imgSegmentation/salmo/salmo.948.json,salmo.948.jpg,salmonella,3,test,1
../../Data/downloads/zenodo_4628934_poultry_fecal/content (2)/imgSegmentation/salmo/salmo.949.json,salmo.949.jpg,salmonella,3,val,1
../../Data/downloads/zenodo_4628934_poultry_fecal/content (2)/imgSegmentation/salmo/salmo.95.json,salmo.95.jpg,salmonella,3,train,1
../../Data/downloads/zenodo_4628934_poultry_fecal/content (2)/imgSegmentation/salmo/salmo.950.json,salmo.950.jpg,salmonella,3,test,1
../../Data/downloads/zenodo_4628934_poultry_fecal/content (2)/imgSegmentation/salmo/salmo.951.json,salmo.951.jpg,salmonella,3,train,1
../../Data/downloads/zenodo_4628934_poultry_fecal/content (2)/imgSegmentation/salmo/salmo.952.json,salmo.952.jpg,salmonella,3,train,1
../../Data/downloads/zenodo_4628934_poultry_fecal/content (2)/imgSegmentation/salmo/salmo.953.json,salmo.953.jpg,salmonella,3,val,1
../../Data/downloads/zenodo_4628934_poultry_fecal/content (2)/imgSegmentation/salmo/salmo.954.json,salmo.954.jpg,salmonella,3,test,1
../../Data/downloads/zenodo_4628934_poultry_fecal/content (2)/imgSegmentation/salmo/salmo.955.json,salmo.955.jpg,salmonella,3,test,1
../../Data/downloads/zenodo_4628934_poultry_fecal/content (2)/imgSegmentation/salmo/salmo.956.json,salmo.956.jpg,salmonella,3,test,1
../../Data/downloads/zenodo_4628934_poultry_fecal/content (2)/imgSegmentation/salmo/salmo.957.json,salmo.957.jpg,salmonella,3,val,1
../../Data/downloads/zenodo_4628934_poultry_fecal/content (2)/imgSegmentation/salmo/salmo.958.json,salmo.958.jpg,salmonella,3,train,1
../../Data/downloads/zenodo_4628934_poultry_fecal/content (2)/imgSegmentation/salmo/salmo.959.json,salmo.959.jpg,salmonella,3,train,1
../../Data/downloads/zenodo_4628934_poultry_fecal/content (2)/imgSegmentation/salmo/salmo.96.json,salmo.96.jpg,salmonella,3,train,1
../../Data/downloads/zenodo_4628934_poultry_fecal/content (2)/imgSegmentation/salmo/salmo.960.json,salmo.960.jpg,salmonella,3,val,1
../../Data/downloads/zenodo_4628934_poultry_fecal/content (2)/imgSegmentation/salmo/salmo.961.json,salmo.961.jpg,salmonella,3,train,1
../../Data/downloads/zenodo_4628934_poultry_fecal/content (2)/imgSegmentation/salmo/salmo.962.json,salmo.962.jpg,salmonella,3,train,1
../../Data/downloads/zenodo_4628934_poultry_fecal/content (2)/imgSegmentation/salmo/salmo.963.json,salmo.963.jpg,salmonella,3,train,1
../../Data/downloads/zenodo_4628934_poultry_fecal/content (2)/imgSegmentation/salmo/salmo.964.json,salmo.964.jpg,salmonella,3,train,1
../../Data/downloads/zenodo_4628934_poultry_fecal/content (2)/imgSegmentation/salmo/salmo.965.json,salmo.965.jpg,salmonella,3,train,1
../../Data/downloads/zenodo_4628934_poultry_fecal/content (2)/imgSegmentation/salmo/salmo.966.json,salmo.966.jpg,salmonella,3,train,1
../../Data/downloads/zenodo_4628934_poultry_fecal/content (2)/imgSegmentation/salmo/salmo.967.json,salmo.967.jpg,salmonella,3,train,1
../../Data/downloads/zenodo_4628934_poultry_fecal/content (2)/imgSegmentation/salmo/salmo.968.json,salmo.968.jpg,salmonella,3,test,1
../../Data/downloads/zenodo_4628934_poultry_fecal/content (2)/imgSegmentation/salmo/salmo.969.json,salmo.969.jpg,salmonella,3,test,1
../../Data/downloads/zenodo_4628934_poultry_fecal/content (2)/imgSegmentation/salmo/salmo.97.json,salmo.97.jpg,salmonella,3,val,1
../../Data/downloads/zenodo_4628934_poultry_fecal/content (2)/imgSegmentation/salmo/salmo.970.json,salmo.970.jpg,salmonella,3,train,1
../../Data/downloads/zenodo_4628934_poultry_fecal/content (2)/imgSegmentation/salmo/salmo.971.json,salmo.971.jpg,salmonella,3,train,1
../../Data/downloads/zenodo_4628934_poultry_fecal/content (2)/imgSegmentation/salmo/salmo.972.json,salmo.972.jpg,salmonella,3,train,1
../../Data/downloads/zenodo_4628934_poultry_fecal/content (2)/imgSegmentation/salmo/salmo.973.json,salmo.973.jpg,salmonella,3,train,1
../../Data/downloads/zenodo_4628934_poultry_fecal/content (2)/imgSegmentation/salmo/salmo.974.json,salmo.974.jpg,salmonella,3,train,1
../../Data/downloads/zenodo_4628934_poultry_fecal/content (2)/imgSegmentation/salmo/salmo.975.json,salmo.975.jpg,salmonella,3,train,1
../../Data/downloads/zenodo_4628934_poultry_fecal/content (2)/imgSegmentation/salmo/salmo.976.json,salmo.976.jpg,salmonella,3,train,1
../../Data/downloads/zenodo_4628934_poultry_fecal/content (2)/imgSegmentation/salmo/salmo.977.json,salmo.977.jpg,salmonella,3,test,1
../../Data/downloads/zenodo_4628934_poultry_fecal/content (2)/imgSegmentation/salmo/salmo.978.json,salmo.978.jpg,salmonella,3,train,1
../../Data/downloads/zenodo_4628934_poultry_fecal/content (2)/imgSegmentation/salmo/salmo.979.json,salmo.979.jpg,salmonella,3,train,1
../../Data/downloads/zenodo_4628934_poultry_fecal/content (2)/imgSegmentation/salmo/salmo.98.json,salmo.98.jpg,salmonella,3,train,1
../../Data/downloads/zenodo_4628934_poultry_fecal/content (2)/imgSegmentation/salmo/salmo.980.json,salmo.980.jpg,salmonella,3,test,1
../../Data/downloads/zenodo_4628934_poultry_fecal/content (2)/imgSegmentation/salmo/salmo.981.json,salmo.981.jpg,salmonella,3,train,1
../../Data/downloads/zenodo_4628934_poultry_fecal/content (2)/imgSegmentation/salmo/salmo.982.json,salmo.982.jpg,salmonella,3,train,1
../../Data/downloads/zenodo_4628934_poultry_fecal/content (2)/imgSegmentation/salmo/salmo.983.json,salmo.983.jpg,salmonella,3,train,1
../../Data/downloads/zenodo_4628934_poultry_fecal/content (2)/imgSegmentation/salmo/salmo.984.json,salmo.984.jpg,salmonella,3,test,1
../../Data/downloads/zenodo_4628934_poultry_fecal/content (2)/imgSegmentation/salmo/salmo.985.json,salmo.985.jpg,salmonella,3,train,1
../../Data/downloads/zenodo_4628934_poultry_fecal/content (2)/imgSegmentation/salmo/salmo.986.json,salmo.986.jpg,salmonella,3,train,1
../../Data/downloads/zenodo_4628934_poultry_fecal/content (2)/imgSegmentation/salmo/salmo.987.json,salmo.987.jpg,salmonella,3,val,1
../../Data/downloads/zenodo_4628934_poultry_fecal/content (2)/imgSegmentation/salmo/salmo.988.json,salmo.988.jpg,salmonella,3,test,1
../../Data/downloads/zenodo_4628934_poultry_fecal/content (2)/imgSegmentation/salmo/salmo.989.json,salmo.989.jpg,salmonella,3,val,1
../../Data/downloads/zenodo_4628934_poultry_fecal/content (2)/imgSegmentation/salmo/salmo.99.json,salmo.99.jpg,salmonella,3,train,1
../../Data/downloads/zenodo_4628934_poultry_fecal/content (2)/imgSegmentation/salmo/salmo.990.json,salmo.990.jpg,salmonella,3,test,1
../../Data/downloads/zenodo_4628934_poultry_fecal/content (2)/imgSegmentation/salmo/salmo.991.json,salmo.991.jpg,salmonella,3,train,1
../../Data/downloads/zenodo_4628934_poultry_fecal/content (2)/imgSegmentation/salmo/salmo.992.json,salmo.992.jpg,salmonella,3,train,1
../../Data/downloads/zenodo_4628934_poultry_fecal/content (2)/imgSegmentation/salmo/salmo.993.json,salmo.993.jpg,salmonella,3,val,1
../../Data/downloads/zenodo_4628934_poultry_fecal/content (2)/imgSegmentation/salmo/salmo.994.json,salmo.994.jpg,salmonella,3,train,1
../../Data/downloads/zenodo_4628934_poultry_fecal/content (2)/imgSegmentation/salmo/salmo.995.json,salmo.995.jpg,salmonella,3,train,1
../../Data/downloads/zenodo_4628934_poultry_fecal/content (2)/imgSegmentation/salmo/salmo.996.json,salmo.996.jpg,salmonella,3,train,1
../../Data/downloads/zenodo_4628934_poultry_fecal/content (2)/imgSegmentation/salmo/salmo.997.json,salmo.997.jpg,salmonella,3,train,1
../../Data/downloads/zenodo_4628934_poultry_fecal/content (2)/imgSegmentation/salmo/salmo.998.json,salmo.998.jpg,salmonella,3,val,1
../../Data/downloads/zenodo_4628934_poultry_fecal/content (2)/imgSegmentation/salmo/salmo.999.json,salmo.999.jpg,salmonella,3,test,1
