path,label_path,clip,orig_split,split,n_objects,class_hist
../Data/downloads/Roboflow/Data/downloads/roboflow_chicken_pose/train/images/100030-4_png.rf.50e6f8aaf5c7c63a25c4c5ecdea3e3d9.jpg,../Data/downloads/Roboflow/Data/downloads/roboflow_chicken_pose/train/labels/100030-4_png.rf.50e6f8aaf5c7c63a25c4c5ecdea3e3d9.txt,100030,train,test,12,6|5|1
../Data/downloads/Roboflow/Data/downloads/roboflow_chicken_pose/train/images/1000_jpg.rf.11d830f32e842cef43e8d5d1c72f2b38.jpg,../Data/downloads/Roboflow/Data/downloads/roboflow_chicken_pose/train/labels/1000_jpg.rf.11d830f32e842cef43e8d5d1c72f2b38.txt,1000,train,train,11,1|4|6
../Data/downloads/Roboflow/Data/downloads/roboflow_chicken_pose/train/images/1001_jpg.rf.ef0ad44ed889ad589f629949960304af.jpg,../Data/downloads/Roboflow/Data/downloads/roboflow_chicken_pose/train/labels/1001_jpg.rf.ef0ad44ed889ad589f629949960304af.txt,1001,train,test,12,0|2|10
../Data/downloads/Roboflow/Data/downloads/roboflow_chicken_pose/train/images/1002_jpg.rf.213ffb2d37223feae0dcfa30fe09ef2b.jpg,../Data/downloads/Roboflow/Data/downloads/roboflow_chicken_pose/train/labels/1002_jpg.rf.213ffb2d37223feae0dcfa30fe09ef2b.txt,1002,train,train,12,1|7|4
../Data/downloads/Roboflow/Data/downloads/roboflow_chicken_pose/train/images/1003_jpg.rf.bb481aaf6fac14d4f706f28a6ece9ffc.jpg,../Data/downloads/Roboflow/Data/downloads/roboflow_chicken_pose/train/labels/1003_jpg.rf.bb481aaf6fac14d4f706f28a6ece9ffc.txt,1003,train,val,12,4|3|5
../Data/downloads/Roboflow/Data/downloads/roboflow_chicken_pose/train/images/1004_jpg.rf.e6231ad1d25f0d0526e10cdacacf376f.jpg,../Data/downloads/Roboflow/Data/downloads/roboflow_chicken_pose/train/labels/1004_jpg.rf.e6231ad1d25f0d0526e10cdacacf376f.txt,1004,train,train,12,5|2|5
../Data/downloads/Roboflow/Data/downloads/roboflow_chicken_pose/train/images/1005_jpg.rf.a2918ccd6ccad8aa0f8e5c72eba54b7d.jpg,../Data/downloads/Roboflow/Data/downloads/roboflow_chicken_pose/train/labels/1005_jpg.rf.a2918ccd6ccad8aa0f8e5c72eba54b7d.txt,1005,train,train,12,2|3|7
../Data/downloads/Roboflow/Data/downloads/roboflow_chicken_pose/train/images/1006_jpg.rf.2fd2e2d49bdb0ae161c1d5a1103ec1ab.jpg,../Data/downloads/Roboflow/Data/downloads/roboflow_chicken_pose/train/labels/1006_jpg.rf.2fd2e2d49bdb0ae161c1d5a1103ec1ab.txt,1006,train,val,12,2|10|0
../Data/downloads/Roboflow/Data/downloads/roboflow_chicken_pose/train/images/1007_jpg.rf.c0e3e3ecaa454d9b26ef9994e934f09f.jpg,../Data/downloads/Roboflow/Data/downloads/roboflow_chicken_pose/train/labels/1007_jpg.rf.c0e3e3ecaa454d9b26ef9994e934f09f.txt,1007,train,test,12,1|10|1
../Data/downloads/Roboflow/Data/downloads/roboflow_chicken_pose/train/images/1008_jpg.rf.c23c6237a4d8709dcb3dacec8c072228.jpg,../Data/downloads/Roboflow/Data/downloads/roboflow_chicken_pose/train/labels/1008_jpg.rf.c23c6237a4d8709dcb3dacec8c072228.txt,1008,train,train,12,0|6|6
../Data/downloads/Roboflow/Data/downloads/roboflow_chicken_pose/train/images/100927-2_png.rf.64de1406be5bb9545d5cd8d72e883786.jpg,../Data/downloads/Roboflow/Data/downloads/roboflow_chicken_pose/train/labels/100927-2_png.rf.64de1406be5bb9545d5cd8d72e883786.txt,100927,train,train,12,2|7|3
../Data/downloads/Roboflow/Data/downloads/roboflow_chicken_pose/train/images/100927-3_png.rf.33df5c617db546d909070ffea68e8235.jpg,../Data/downloads/Roboflow/Data/downloads/roboflow_chicken_pose/train/labels/100927-3_png.rf.33df5c617db546d909070ffea68e8235.txt,100927,train,train,12,3|7|2
../Data/downloads/Roboflow/Data/downloads/roboflow_chicken_pose/train/images/100927-4_png.rf.704196de35e845d3db7b10e083ea25e0.jpg,../Data/downloads/Roboflow/Data/downloads/roboflow_chicken_pose/train/labels/100927-4_png.rf.704196de35e845d3db7b10e083ea25e0.txt,100927,train,train,13,4|7|2
../Data/downloads/Roboflow/Data/downloads/roboflow_chicken_pose/train/images/1009_jpg.rf.6fc7087e2d44fb045902af37c023565e.jpg,../Data/downloads/Roboflow/Data/downloads/roboflow_chicken_pose/train/labels/1009_jpg.rf.6fc7087e2d44fb045902af37c023565e.txt,1009,train,train,12,2|2|8
../Data/downloads/Roboflow/Data/downloads/roboflow_chicken_pose/train/images/1011_jpg.rf.f10354ca0c61314b6de33d9dbd83f308.jpg,../Data/downloads/Roboflow/Data/downloads/roboflow_chicken_pose/train/labels/1011_jpg.rf.f10354ca0c61314b6de33d9dbd83f308.txt,1011,train,train,12,1|7|4
../Data/downloads/Roboflow/Data/downloads/roboflow_chicken_pose/train/images/1012_jpg.rf.31e78f111e6df9b6ffdc16503f3eb285.jpg,../Data/downloads/Roboflow/Data/downloads/roboflow_chicken_pose/train/labels/1012_jpg.rf.31e78f111e6df9b6ffdc16503f3eb285.txt,1012,train,test,12,5|4|3
../Data/downloads/Roboflow/Data/downloads/roboflow_chicken_pose/train/images/101337-1_png.rf.cabb3b642e77e870b481c90f74996d8c.jpg,../Data/downloads/Roboflow/Data/downloads/roboflow_chicken_pose/train/labels/101337-1_png.rf.cabb3b642e77e870b481c90f74996d8c.txt,101337,train,train,12,5|4|3
../Data/downloads/Roboflow/Data/downloads/roboflow_chicken_pose/train/images/101337-2_png.rf.49bb314a5f6dc4bbcbdc006abe80a9dc.jpg,../Data/downloads/Roboflow/Data/downloads/roboflow_chicken_pose/train/labels/101337-2_png.rf.49bb314a5f6dc4bbcbdc006abe80a9dc.txt,101337,train,train,12,4|6|2
../Data/downloads/Roboflow/Data/downloads/roboflow_chicken_pose/train/images/101337-4_png.rf.e018a5a80de7138bd56a3511090946df.jpg,../Data/downloads/Roboflow/Data/downloads/roboflow_chicken_pose/train/labels/101337-4_png.rf.e018a5a80de7138bd56a3511090946df.txt,101337,train,train,12,2|7|3
../Data/downloads/Roboflow/Data/downloads/roboflow_chicken_pose/train/images/101337-5_png.rf.3dc1e4fff0facbd0095dc872824f25ac.jpg,../Data/downloads/Roboflow/Data/downloads/roboflow_chicken_pose/train/labels/101337-5_png.rf.3dc1e4fff0facbd0095dc872824f25ac.txt,101337,train,train,12,4|7|1
../Data/downloads/Roboflow/Data/downloads/roboflow_chicken_pose/train/images/101337-6_png.rf.2e61fcca9101b8077324f9402b85b14b.jpg,../Data/downloads/Roboflow/Data/downloads/roboflow_chicken_pose/train/labels/101337-6_png.rf.2e61fcca9101b8077324f9402b85b14b.txt,101337,train,train,12,0|1|11
../Data/downloads/Roboflow/Data/downloads/roboflow_chicken_pose/train/images/1013_jpg.rf.9c4c4de983ddd29cb4081c2a5296fa33.jpg,../Data/downloads/Roboflow/Data/downloads/roboflow_chicken_pose/train/labels/1013_jpg.rf.9c4c4de983ddd29cb4081c2a5296fa33.txt,1013,train,val,12,2|7|3
../Data/downloads/Roboflow/Data/downloads/roboflow_chicken_pose/train/images/1014_jpg.rf.e27a84e117b75dda7476463659dfd029.jpg,../Data/downloads/Roboflow/Data/downloads/roboflow_chicken_pose/train/labels/1014_jpg.rf.e27a84e117b75dda7476463659dfd029.txt,1014,train,train,11,2|1|8
../Data/downloads/Roboflow/Data/downloads/roboflow_chicken_pose/train/images/1015_jpg.rf.a6cad18d169510e0ff29357d4b8f389e.jpg,../Data/downloads/Roboflow/Data/downloads/roboflow_chicken_pose/train/labels/1015_jpg.rf.a6cad18d169510e0ff29357d4b8f389e.txt,1015,train,train,12,5|2|5
../Data/downloads/Roboflow/Data/downloads/roboflow_chicken_pose/train/images/1016_jpg.rf.ca83a944140e9fac0e1e1fa746354339.jpg,../Data/downloads/Roboflow/Data/downloads/roboflow_chicken_pose/train/labels/1016_jpg.rf.ca83a944140e9fac0e1e1fa746354339.txt,1016,train,train,12,3|5|4
../Data/downloads/Roboflow/Data/downloads/roboflow_chicken_pose/train/images/1017_jpg.rf.07b2f57ac000a9c262cdeefd32373b2d.jpg,../Data/downloads/Roboflow/Data/downloads/roboflow_chicken_pose/train/labels/1017_jpg.rf.07b2f57ac000a9c262cdeefd32373b2d.txt,1017,train,train,12,2|6|4
../Data/downloads/Roboflow/Data/downloads/roboflow_chicken_pose/train/images/1018_jpg.rf.4e5debf1a2fcb5d77b54fbc6d8256c25.jpg,../Data/downloads/Roboflow/Data/downloads/roboflow_chicken_pose/train/labels/1018_jpg.rf.4e5debf1a2fcb5d77b54fbc6d8256c25.txt,1018,train,train,12,0|4|8
../Data/downloads/Roboflow/Data/downloads/roboflow_chicken_pose/train/images/1019_jpg.rf.42e15c2346627df02cc5619f720ea048.jpg,../Data/downloads/Roboflow/Data/downloads/roboflow_chicken_pose/train/labels/1019_jpg.rf.42e15c2346627df02cc5619f720ea048.txt,1019,train,train,12,5|3|4
../Data/downloads/Roboflow/Data/downloads/roboflow_chicken_pose/train/images/101_jpg.rf.27fa37e1748a41ea4cb35aa5ec2d10dd.jpg,../Data/downloads/Roboflow/Data/downloads/roboflow_chicken_pose/train/labels/101_jpg.rf.27fa37e1748a41ea4cb35aa5ec2d10dd.txt,101,train,test,12,3|7|2
../Data/downloads/Roboflow/Data/downloads/roboflow_chicken_pose/train/images/1020_jpg.rf.039c5cdc71bde9feb992784da46d7e47.jpg,../Data/downloads/Roboflow/Data/downloads/roboflow_chicken_pose/train/labels/1020_jpg.rf.039c5cdc71bde9feb992784da46d7e47.txt,1020,train,test,12,4|3|5
../Data/downloads/Roboflow/Data/downloads/roboflow_chicken_pose/train/images/102125-1-_png.rf.782366c6f8af23edd0c4f841424e8a57.jpg,../Data/downloads/Roboflow/Data/downloads/roboflow_chicken_pose/train/labels/102125-1-_png.rf.782366c6f8af23edd0c4f841424e8a57.txt,102125-1-,train,train,12,0|5|7
../Data/downloads/Roboflow/Data/downloads/roboflow_chicken_pose/train/images/102125-10-_png.rf.7f08643ef6bb810cde302442dafb6e2c.jpg,../Data/downloads/Roboflow/Data/downloads/roboflow_chicken_pose/train/labels/102125-10-_png.rf.7f08643ef6bb810cde302442dafb6e2c.txt,102125-10-,train,train,12,4|2|6
../Data/downloads/Roboflow/Data/downloads/roboflow_chicken_pose/train/images/102125-11-_png.rf.23c211672532a46dafac74429d040b8f.jpg,../Data/downloads/Roboflow/Data/downloads/roboflow_chicken_pose/train/labels/102125-11-_png.rf.23c211672532a46dafac74429d040b8f.txt,102125-11-,train,train,12,4|5|3
../Data/downloads/Roboflow/Data/downloads/roboflow_chicken_pose/train/images/102125-12-_png.rf.ab5456bbabc9dc8cc37e650546954b80.jpg,../Data/downloads/Roboflow/Data/downloads/roboflow_chicken_pose/train/labels/102125-12-_png.rf.ab5456bbabc9dc8cc37e650546954b80.txt,102125-12-,train,train,12,3|7|2
../Data/downloads/Roboflow/Data/downloads/roboflow_chicken_pose/train/images/102125-13-_png.rf.c6c14cb2faabcae59162d90e4b9691e5.jpg,../Data/downloads/Roboflow/Data/downloads/roboflow_chicken_pose/train/labels/102125-13-_png.rf.c6c14cb2faabcae59162d90e4b9691e5.txt,102125-13-,train,train,12,1|6|5
../Data/downloads/Roboflow/Data/downloads/roboflow_chicken_pose/train/images/102125-14-_png.rf.8b4163e57d0965ac777f346e2b8f4e7d.jpg,../Data/downloads/Roboflow/Data/downloads/roboflow_chicken_pose/train/labels/102125-14-_png.rf.8b4163e57d0965ac777f346e2b8f4e7d.txt,102125-14-,train,train,12,2|8|2
../Data/downloads/Roboflow/Data/downloads/roboflow_chicken_pose/train/images/102125-15-_png.rf.3108a0c36f469c99523ae6c12e8fbeb0.jpg,../Data/downloads/Roboflow/Data/downloads/roboflow_chicken_pose/train/labels/102125-15-_png.rf.3108a0c36f469c99523ae6c12e8fbeb0.txt,102125-15-,train,test,12,5|4|3
../Data/downloads/Roboflow/Data/downloads/roboflow_chicken_pose/train/images/102125-16-_png.rf.9a2ca7746f6a8a60b3c86d30a37fe6fd.jpg,../Data/downloads/Roboflow/Data/downloads/roboflow_chicken_pose/train/labels/102125-16-_png.rf.9a2ca7746f6a8a60b3c86d30a37fe6fd.txt,102125-16-,train,train,12,5|5|2
../Data/downloads/Roboflow/Data/downloads/roboflow_chicken_pose/train/images/102125-2-_png.rf.a2cc15731901393f3caa82651972269a.jpg,../Data/downloads/Roboflow/Data/downloads/roboflow_chicken_pose/train/labels/102125-2-_png.rf.a2cc15731901393f3caa82651972269a.txt,102125-2-,train,train,12,2|7|3
../Data/downloads/Roboflow/Data/downloads/roboflow_chicken_pose/train/images/102125-3-_png.rf.7e8d7fb551ce54d2a18042c2de8b8fce.jpg,../Data/downloads/Roboflow/Data/downloads/roboflow_chicken_pose/train/labels/102125-3-_png.rf.7e8d7fb551ce54d2a18042c2de8b8fce.txt,102125-3-,train,train,12,2|8|2
../Data/downloads/Roboflow/Data/downloads/roboflow_chicken_pose/train/images/102125-5-_png.rf.cdadd37a8d14aa3b8dee4225948b9ad9.jpg,../Data/downloads/Roboflow/Data/downloads/roboflow_chicken_pose/train/labels/102125-5-_png.rf.cdadd37a8d14aa3b8dee4225948b9ad9.txt,102125-5-,train,train,12,0|10|2
../Data/downloads/Roboflow/Data/downloads/roboflow_chicken_pose/train/images/102125-6-_png.rf.90505f8e891749add9f27b92489b87ab.jpg,../Data/downloads/Roboflow/Data/downloads/roboflow_chicken_pose/train/labels/102125-6-_png.rf.90505f8e891749add9f27b92489b87ab.txt,102125-6-,train,train,12,5|5|2
../Data/downloads/Roboflow/Data/downloads/roboflow_chicken_pose/train/images/102125-7-_png.rf.1f9fc7259c8eab15cf79254bae1b105c.jpg,../Data/downloads/Roboflow/Data/downloads/roboflow_chicken_pose/train/labels/102125-7-_png.rf.1f9fc7259c8eab15cf79254bae1b105c.txt,102125-7-,train,train,12,1|10|1
../Data/downloads/Roboflow/Data/downloads/roboflow_chicken_pose/train/images/102125-8-_png.rf.0c3035458ce33b3100a6958e2cfbe00f.jpg,../Data/downloads/Roboflow/Data/downloads/roboflow_chicken_pose/train/labels/102125-8-_png.rf.0c3035458ce33b3100a6958e2cfbe00f.txt,102125-8-,train,train,12,4|7|1
../Data/downloads/Roboflow/Data/downloads/roboflow_chicken_pose/train/images/102125-9-_png.rf.a9943fdc5e2d5bac112ed680519fe31c.jpg,../Data/downloads/Roboflow/Data/downloads/roboflow_chicken_pose/train/labels/102125-9-_png.rf.a9943fdc5e2d5bac112ed680519fe31c.txt,102125-9-,train,train,12,2|9|1
../Data/downloads/Roboflow/Data/downloads/roboflow_chicken_pose/train/images/1021_jpg.rf.3ac6afd4bc0ba16b6ae2042211cb2522.jpg,../Data/downloads/Roboflow/Data/downloads/roboflow_chicken_pose/train/labels/1021_jpg.rf.3ac6afd4bc0ba16b6ae2042211cb2522.txt,1021,train,train,12,6|4|2
../Data/downloads/Roboflow/Data/downloads/roboflow_chicken_pose/train/images/1021_jpg.rf.6d8fb234537fe4228dd59c66f9c61f16.jpg,../Data/downloads/Roboflow/Data/downloads/roboflow_chicken_pose/train/labels/1021_jpg.rf.6d8fb234537fe4228dd59c66f9c61f16.txt,1021,train,train,12,0|3|9
../Data/downloads/Roboflow/Data/downloads/roboflow_chicken_pose/train/images/1022_jpg.rf.20f5b83f0733178b38d6ca4ba37d1ff5.jpg,../Data/downloads/Roboflow/Data/downloads/roboflow_chicken_pose/train/labels/1022_jpg.rf.20f5b83f0733178b38d6ca4ba37d1ff5.txt,1022,train,val,12,0|8|4
../Data/downloads/Roboflow/Data/downloads/roboflow_chicken_pose/train/images/1023_jpg.rf.eea3232ad32535d9aa305e3f3855a14f.jpg,../Data/downloads/Roboflow/Data/downloads/roboflow_chicken_pose/train/labels/1023_jpg.rf.eea3232ad32535d9aa305e3f3855a14f.txt,1023,train,train,12,3|3|6
../Data/downloads/Roboflow/Data/downloads/roboflow_chicken_pose/train/images/1023_jpg.rf.f3019d3a63a09c222a46d51c32075d95.jpg,../Data/downloads/Roboflow/Data/downloads/roboflow_chicken_pose/train/labels/1023_jpg.rf.f3019d3a63a09c222a46d51c32075d95.txt,1023,train,train,2,2|0|0
../Data/downloads/Roboflow/Data/downloads/roboflow_chicken_pose/train/images/1024_jpg.rf.7415c622a19839f4f35300d76f053a96.jpg,../Data/downloads/Roboflow/Data/downloads/roboflow_chicken_pose/train/labels/1024_jpg.rf.7415c622a19839f4f35300d76f053a96.txt,1024,train,train,12,5|4|3
../Data/downloads/Roboflow/Data/downloads/roboflow_chicken_pose/train/images/1024_jpg.rf.eec6b461391d5db84a78443e380cda38.jpg,../Data/downloads/Roboflow/Data/downloads/roboflow_chicken_pose/train/labels/1024_jpg.rf.eec6b461391d5db84a78443e380cda38.txt,1024,train,train,12,0|4|8
../Data/downloads/Roboflow/Data/downloads/roboflow_chicken_pose/train/images/102501-10_png.rf.4576721cb2ba522f7141a90eeb7181e2.jpg,../Data/downloads/Roboflow/Data/downloads/roboflow_chicken_pose/train/labels/102501-10_png.rf.4576721cb2ba522f7141a90eeb7181e2.txt,102501,train,train,12,3|3|6
../Data/downloads/Roboflow/Data/downloads/roboflow_chicken_pose/train/images/102501-13_png.rf.a238f3b98462c6d874b3177012b3bdcd.jpg,../Data/downloads/Roboflow/Data/downloads/roboflow_chicken_pose/train/labels/102501-13_png.rf.a238f3b98462c6d874b3177012b3bdcd.txt,102501,train,train,12,2|3|7
../Data/downloads/Roboflow/Data/downloads/roboflow_chicken_pose/train/images/102501-1_png.rf.9c496fd35a051191f5fe94d8825b1320.jpg,../Data/downloads/Roboflow/Data/downloads/roboflow_chicken_pose/train/labels/102501-1_png.rf.9c496fd35a051191f5fe94d8825b1320.txt,102501,train,train,12,7|2|3
../Data/downloads/Roboflow/Data/downloads/roboflow_chicken_pose/train/images/102501-2_png.rf.5bc99e19b6f8c6fecde92683feda024d.jpg,../Data/downloads/Roboflow/Data/downloads/roboflow_chicken_pose/train/labels/102501-2_png.rf.5bc99e19b6f8c6fecde92683feda024d.txt,102501,train,train,12,1|6|5
../Data/downloads/Roboflow/Data/downloads/roboflow_chicken_pose/train/images/102501-3_png.rf.f19b1dc079ffe26b3d57ab10a36db533.jpg,../Data/downloads/Roboflow/Data/downloads/roboflow_chicken_pose/train/labels/102501-3_png.rf.f19b1dc079ffe26b3d57ab10a36db533.txt,102501,train,train,12,3|4|5
../Data/downloads/Roboflow/Data/downloads/roboflow_chicken_pose/train/images/102501-4_png.rf.f36bae7161fd479e088b3064e138f5eb.jpg,../Data/downloads/Roboflow/Data/downloads/roboflow_chicken_pose/train/labels/102501-4_png.rf.f36bae7161fd479e088b3064e138f5eb.txt,102501,train,train,12,3|3|6
../Data/downloads/Roboflow/Data/downloads/roboflow_chicken_pose/train/images/102501-5_png.rf.384fcfd2f62a84f2e7159e7a32c32212.jpg,../Data/downloads/Roboflow/Data/downloads/roboflow_chicken_pose/train/labels/102501-5_png.rf.384fcfd2f62a84f2e7159e7a32c32212.txt,102501,train,train,12,0|10|2
../Data/downloads/Roboflow/Data/downloads/roboflow_chicken_pose/train/images/102501-6_png.rf.492cc1bf98e899cedd83cabc456079ac.jpg,../Data/downloads/Roboflow/Data/downloads/roboflow_chicken_pose/train/labels/102501-6_png.rf.492cc1bf98e899cedd83cabc456079ac.txt,102501,train,train,12,2|6|4
../Data/downloads/Roboflow/Data/downloads/roboflow_chicken_pose/train/images/102501-8_png.rf.851c7636581fe2cdfe7ecc7f25d60d06.jpg,../Data/downloads/Roboflow/Data/downloads/roboflow_chicken_pose/train/labels/102501-8_png.rf.851c7636581fe2cdfe7ecc7f25d60d06.txt,102501,train,train,12,0|3|9
../Data/downloads/Roboflow/Data/downloads/roboflow_chicken_pose/train/images/102501-9_png.rf.02430e361fd29fba6fbd73c746610eb8.jpg,../Data/downloads/Roboflow/Data/downloads/roboflow_chicken_pose/train/labels/102501-9_png.rf.02430e361fd29fba6fbd73c746610eb8.txt,102501,train,train,13,0|8|5
../Data/downloads/Roboflow/Data/downloads/roboflow_chicken_pose/train/images/1025_jpg.rf.1dca6212dfa6ca3e38a06b5d486bad61.jpg,../Data/downloads/Roboflow/Data/downloads/roboflow_chicken_pose/train/labels/1025_jpg.rf.1dca6212dfa6ca3e38a06b5d486bad61.txt,1025,train,train,12,3|4|5
../Data/downloads/Roboflow/Data/downloads/roboflow_chicken_pose/train/images/1025_jpg.rf.fb7ab962b1f784a0f846bd0844d86d05.jpg,../Data/downloads/Roboflow/Data/downloads/roboflow_chicken_pose/train/labels/1025_jpg.rf.fb7ab962b1f784a0f846bd0844d86d05.txt,1025,train,train,1,1|0|0
../Data/downloads/Roboflow/Data/downloads/roboflow_chicken_pose/train/images/1026_jpg.rf.d4cc6f55f9e10bdf3756fad906f2bf9e.jpg,../Data/downloads/Roboflow/Data/downloads/roboflow_chicken_pose/train/labels/1026_jpg.rf.d4cc6f55f9e10bdf3756fad906f2bf9e.txt,1026,train,val,11,1|7|3
../Data/downloads/Roboflow/Data/downloads/roboflow_chicken_pose/train/images/1027_jpg.rf.d1f54bc99f63b727609de5c0ceaef4a2.jpg,../Data/downloads/Roboflow/Data/downloads/roboflow_chicken_pose/train/labels/1027_jpg.rf.d1f54bc99f63b727609de5c0ceaef4a2.txt,1027,train,train,12,3|5|4
../Data/downloads/Roboflow/Data/downloads/roboflow_chicken_pose/train/images/1027_jpg.rf.e7f823636456bbd94c05cd8e00a2ad05.jpg,../Data/downloads/Roboflow/Data/downloads/roboflow_chicken_pose/train/labels/1027_jpg.rf.e7f823636456bbd94c05cd8e00a2ad05.txt,1027,train,train,5,5|0|0
../Data/downloads/Roboflow/Data/downloads/roboflow_chicken_pose/train/images/1028_jpg.rf.326d56400b7b3830226b6e70b347739a.jpg,../Data/downloads/Roboflow/Data/downloads/roboflow_chicken_pose/train/labels/1028_jpg.rf.326d56400b7b3830226b6e70b347739a.txt,1028,train,val,11,1|4|6
../Data/downloads/Roboflow/Data/downloads/roboflow_chicken_pose/train/images/1028_jpg.rf.6c8e8b8ecd3ea94403d5fa66c804b52d.jpg,../Data/downloads/Roboflow/Data/downloads/roboflow_chicken_pose/train/labels/1028_jpg.rf.6c8e8b8ecd3ea94403d5fa66c804b52d.txt,1028,train,val,12,0|8|4
../Data/downloads/Roboflow/Data/downloads/roboflow_chicken_pose/train/images/1029_jpg.rf.507e28f4b1ac763da692e0e2e7bf4e54.jpg,../Data/downloads/Roboflow/Data/downloads/roboflow_chicken_pose/train/labels/1029_jpg.rf.507e28f4b1ac763da692e0e2e7bf4e54.txt,1029,train,train,2,2|0|0
../Data/downloads/Roboflow/Data/downloads/roboflow_chicken_pose/train/images/102_jpg.rf.2db3dae11cb6c09ae028f81cdb8881bb.jpg,../Data/downloads/Roboflow/Data/downloads/roboflow_chicken_pose/train/labels/102_jpg.rf.2db3dae11cb6c09ae028f81cdb8881bb.txt,102,train,train,12,2|4|6
../Data/downloads/Roboflow/Data/downloads/roboflow_chicken_pose/train/images/1030_jpg.rf.05d140bca0669c73d7a138a403f18dcb.jpg,../Data/downloads/Roboflow/Data/downloads/roboflow_chicken_pose/train/labels/1030_jpg.rf.05d140bca0669c73d7a138a403f18dcb.txt,1030,train,train,11,0|4|7
../Data/downloads/Roboflow/Data/downloads/roboflow_chicken_pose/train/images/1030_jpg.rf.24416e4f332b008d70e8a3f3c30475e3.jpg,../Data/downloads/Roboflow/Data/downloads/roboflow_chicken_pose/train/labels/1030_jpg.rf.24416e4f332b008d70e8a3f3c30475e3.txt,1030,train,train,12,3|4|5
../Data/downloads/Roboflow/Data/downloads/roboflow_chicken_pose/train/images/1031_jpg.rf.32c1210d70403ccb741fe2fe1d1eff1a.jpg,../Data/downloads/Roboflow/Data/downloads/roboflow_chicken_pose/train/labels/1031_jpg.rf.32c1210d70403ccb741fe2fe1d1eff1a.txt,1031,train,train,12,6|2|4
../Data/downloads/Roboflow/Data/downloads/roboflow_chicken_pose/train/images/1031_jpg.rf.35227789bdbdad62804ba97d80cc83ec.jpg,../Data/downloads/Roboflow/Data/downloads/roboflow_chicken_pose/train/labels/1031_jpg.rf.35227789bdbdad62804ba97d80cc83ec.txt,1031,train,train,2,2|0|0
../Data/downloads/Roboflow/Data/downloads/roboflow_chicken_pose/train/images/1032_jpg.rf.874ec18c9762534deb9a89b156449f33.jpg,../Data/downloads/Roboflow/Data/downloads/roboflow_chicken_pose/train/labels/1032_jpg.rf.874ec18c9762534deb9a89b156449f33.txt,1032,train,test,12,0|5|7
../Data/downloads/Roboflow/Data/downloads/roboflow_chicken_pose/train/images/1032_jpg.rf.f8d0aecce3110c9abd061bb7cb73ef0b.jpg,../Data/downloads/Roboflow/Data/downloads/roboflow_chicken_pose/train/labels/1032_jpg.rf.f8d0aecce3110c9abd061bb7cb73ef0b.txt,1032,train,test,12,4|5|3
../Data/downloads/Roboflow/Data/downloads/roboflow_chicken_pose/train/images/1033_jpg.rf.de9cf3ee8f03fdb986d42e5c4fb3189a.jpg,../Data/downloads/Roboflow/Data/downloads/roboflow_chicken_pose/train/labels/1033_jpg.rf.de9cf3ee8f03fdb986d42e5c4fb3189a.txt,1033,train,train,3,3|0|0
../Data/downloads/Roboflow/Data/downloads/roboflow_chicken_pose/train/images/1034_jpg.rf.0b811dde1f3b840cc23b0c0defa9ddfd.jpg,../Data/downloads/Roboflow/Data/downloads/roboflow_chicken_pose/train/labels/1034_jpg.rf.0b811dde1f3b840cc23b0c0defa9ddfd.txt,1034,train,train,1,1|0|0
../Data/downloads/Roboflow/Data/downloads/roboflow_chicken_pose/train/images/1034_jpg.rf.2d71b11fd510054aca3bd0ae4997d316.jpg,../Data/downloads/Roboflow/Data/downloads/roboflow_chicken_pose/train/labels/1034_jpg.rf.2d71b11fd510054aca3bd0ae4997d316.txt,1034,train,train,12,4|5|3
../Data/downloads/Roboflow/Data/downloads/roboflow_chicken_pose/train/images/1035_jpg.rf.6f04b29b57f87766c5975e9aa043472d.jpg,../Data/downloads/Roboflow/Data/downloads/roboflow_chicken_pose/train/labels/1035_jpg.rf.6f04b29b57f87766c5975e9aa043472d.txt,1035,train,test,2,2|0|0
../Data/downloads/Roboflow/Data/downloads/roboflow_chicken_pose/train/images/1035_jpg.rf.7544c78971d9788c0a65c2fc9ad16646.jpg,../Data/downloads/Roboflow/Data/downloads/roboflow_chicken_pose/train/labels/1035_jpg.rf.7544c78971d9788c0a65c2fc9ad16646.txt,1035,train,test,12,4|6|2
../Data/downloads/Roboflow/Data/downloads/roboflow_chicken_pose/train/images/1036_jpg.rf.4b65945bc81aed61cc726e5fc7b698ca.jpg,../Data/downloads/Roboflow/Data/downloads/roboflow_chicken_pose/train/labels/1036_jpg.rf.4b65945bc81aed61cc726e5fc7b698ca.txt,1036,train,val,1,1|0|0
../Data/downloads/Roboflow/Data/downloads/roboflow_chicken_pose/train/images/1037_jpg.rf.aed8af1b5aebe82c52847a6f5f14ad7f.jpg,../Data/downloads/Roboflow/Data/downloads/roboflow_chicken_pose/train/labels/1037_jpg.rf.aed8af1b5aebe82c52847a6f5f14ad7f.txt,1037,train,train,12,2|3|7
../Data/downloads/Roboflow/Data/downloads/roboflow_chicken_pose/train/images/1038_jpg.rf.bc3c5e857d948bdaa09c05fe1274ea2a.jpg,../Data/downloads/Roboflow/Data/downloads/roboflow_chicken_pose/train/labels/1038_jpg.rf.bc3c5e857d948bdaa09c05fe1274ea2a.txt,1038,train,train,12,0|11|1
../Data/downloads/Roboflow/Data/downloads/roboflow_chicken_pose/train/images/1039_jpg.rf.c2d6bc4f4937a2149a9e602028219cf0.jpg,../Data/downloads/Roboflow/Data/downloads/roboflow_chicken_pose/train/labels/1039_jpg.rf.c2d6bc4f4937a2149a9e602028219cf0.txt,1039,train,train,12,3|4|5
../Data/downloads/Roboflow/Data/downloads/roboflow_chicken_pose/train/images/1039_jpg.rf.e31766ffb0e05d8cc303ff5d30bb499c.jpg,../Data/downloads/Roboflow/Data/downloads/roboflow_chicken_pose/train/labels/1039_jpg.rf.e31766ffb0e05d8cc303ff5d30bb499c.txt,1039,train,train,4,4|0|0
../Data/downloads/Roboflow/Data/downloads/roboflow_chicken_pose/train/images/103_jpg.rf.d31ad5553e8bd07d51a34f6957b121d4.jpg,../Data/downloads/Roboflow/Data/downloads/roboflow_chicken_pose/train/labels/103_jpg.rf.d31ad5553e8bd07d51a34f6957b121d4.txt,103,train,val,12,0|7|5
../Data/downloads/Roboflow/Data/downloads/roboflow_chicken_pose/train/images/1040_jpg.rf.3e9aee35a279507eb185e1bdeeda38be.jpg,../Data/downloads/Roboflow/Data/downloads/roboflow_chicken_pose/train/labels/1040_jpg.rf.3e9aee35a279507eb185e1bdeeda38be.txt,1040,train,train,5,5|0|0
../Data/downloads/Roboflow/Data/downloads/roboflow_chicken_pose/train/images/1040_jpg.rf.a563dfdfffee1d642b85797a05e9d13f.jpg,../Data/downloads/Roboflow/Data/downloads/roboflow_chicken_pose/train/labels/1040_jpg.rf.a563dfdfffee1d642b85797a05e9d13f.txt,1040,train,train,12,2|5|5
../Data/downloads/Roboflow/Data/downloads/roboflow_chicken_pose/train/images/1041_jpg.rf.18d5939b8710d902b966afd702d1bcec.jpg,../Data/downloads/Roboflow/Data/downloads/roboflow_chicken_pose/train/labels/1041_jpg.rf.18d5939b8710d902b966afd702d1bcec.txt,1041,train,train,1,1|0|0
../Data/downloads/Roboflow/Data/downloads/roboflow_chicken_pose/train/images/1041_jpg.rf.585ffc7716ba58c3969e2d4fe7fe3aa6.jpg,../Data/downloads/Roboflow/Data/downloads/roboflow_chicken_pose/train/labels/1041_jpg.rf.585ffc7716ba58c3969e2d4fe7fe3aa6.txt,1041,train,train,12,3|6|3
../Data/downloads/Roboflow/Data/downloads/roboflow_chicken_pose/train/images/1043_jpg.rf.7c2b1c31013d250e3ac07b15c1770b27.jpg,../Data/downloads/Roboflow/Data/downloads/roboflow_chicken_pose/train/labels/1043_jpg.rf.7c2b1c31013d250e3ac07b15c1770b27.txt,1043,train,train,12,2|3|7
../Data/downloads/Roboflow/Data/downloads/roboflow_chicken_pose/train/images/1043_jpg.rf.c1e7c1f86783b88a31e92e7c2df3b379.jpg,../Data/downloads/Roboflow/Data/downloads/roboflow_chicken_pose/train/labels/1043_jpg.rf.c1e7c1f86783b88a31e92e7c2df3b379.txt,1043,train,train,2,2|0|0
../Data/downloads/Roboflow/Data/downloads/roboflow_chicken_pose/train/images/1044_jpg.rf.7abac05f64c521fc8e1101ed68cee616.jpg,../Data/downloads/Roboflow/Data/downloads/roboflow_chicken_pose/train/labels/1044_jpg.rf.7abac05f64c521fc8e1101ed68cee616.txt,1044,train,train,12,4|6|2
../Data/downloads/Roboflow/Data/downloads/roboflow_chicken_pose/train/images/1045_jpg.rf.1a3d8c78dccb5969d7f6cb5daf443c3e.jpg,../Data/downloads/Roboflow/Data/downloads/roboflow_chicken_pose/train/labels/1045_jpg.rf.1a3d8c78dccb5969d7f6cb5daf443c3e.txt,1045,train,train,12,2|6|4
../Data/downloads/Roboflow/Data/downloads/roboflow_chicken_pose/train/images/1045_jpg.rf.a1b4efde2d7042288a97088fbd4db21c.jpg,../Data/downloads/Roboflow/Data/downloads/roboflow_chicken_pose/train/labels/1045_jpg.rf.a1b4efde2d7042288a97088fbd4db21c.txt,1045,train,train,2,2|0|0
../Data/downloads/Roboflow/Data/downloads/roboflow_chicken_pose/train/images/1046_jpg.rf.8c08fd9c38e0def579dd67984435321e.jpg,../Data/downloads/Roboflow/Data/downloads/roboflow_chicken_pose/train/labels/1046_jpg.rf.8c08fd9c38e0def579dd67984435321e.txt,1046,train,val,3,3|0|0
../Data/downloads/Roboflow/Data/downloads/roboflow_chicken_pose/train/images/1046_jpg.rf.c4551e6134e125c9b024833bb27fbbbb.jpg,../Data/downloads/Roboflow/Data/downloads/roboflow_chicken_pose/train/labels/1046_jpg.rf.c4551e6134e125c9b024833bb27fbbbb.txt,1046,train,val,12,2|4|6
../Data/downloads/Roboflow/Data/downloads/roboflow_chicken_pose/train/images/1047_jpg.rf.4ec43fa8c1569ce1bad970f335fe1e4d.jpg,../Data/downloads/Roboflow/Data/downloads/roboflow_chicken_pose/train/labels/1047_jpg.rf.4ec43fa8c1569ce1bad970f335fe1e4d.txt,1047,train,train,8,8|0|0
../Data/downloads/Roboflow/Data/downloads/roboflow_chicken_pose/train/images/1047_jpg.rf.743de1d1e91abaf9647212e8c74fb756.jpg,../Data/downloads/Roboflow/Data/downloads/roboflow_chicken_pose/train/labels/1047_jpg.rf.743de1d1e91abaf9647212e8c74fb756.txt,1047,train,train,12,3|4|5
../Data/downloads/Roboflow/Data/downloads/roboflow_chicken_pose/train/images/1048_jpg.rf.688631ab18db37de36f638487a591788.jpg,../Data/downloads/Roboflow/Data/downloads/roboflow_chicken_pose/train/labels/1048_jpg.rf.688631ab18db37de36f638487a591788.txt,1048,train,train,1,1|0|0
../Data/downloads/Roboflow/Data/downloads/roboflow_chicken_pose/train/images/1048_jpg.rf.c3a4ade5a411131f6c1bb6b916d1e333.jpg,../Data/downloads/Roboflow/Data/downloads/roboflow_chicken_pose/train/labels/1048_jpg.rf.c3a4ade5a411131f6c1bb6b916d1e333.txt,1048,train,train,12,2|3|7
../Data/downloads/Roboflow/Data/downloads/roboflow_chicken_pose/train/images/1049_jpg.rf.b82e7e72df35c3de5226ecabe87d4a0c.jpg,../Data/downloads/Roboflow/Data/downloads/roboflow_chicken_pose/train/labels/1049_jpg.rf.b82e7e72df35c3de5226ecabe87d4a0c.txt,1049,train,train,4,4|0|0
../Data/downloads/Roboflow/Data/downloads/roboflow_chicken_pose/train/images/1049_jpg.rf.e803a5d374aad58fa161993f5142ba79.jpg,../Data/downloads/Roboflow/Data/downloads/roboflow_chicken_pose/train/labels/1049_jpg.rf.e803a5d374aad58fa161993f5142ba79.txt,1049,train,train,12,2|2|8
../Data/downloads/Roboflow/Data/downloads/roboflow_chicken_pose/train/images/104_jpg.rf.b15887c5f978a8e30edee1c9301f4388.jpg,../Data/downloads/Roboflow/Data/downloads/roboflow_chicken_pose/train/labels/104_jpg.rf.b15887c5f978a8e30edee1c9301f4388.txt,104,train,train,12,2|10|0
../Data/downloads/Roboflow/Data/downloads/roboflow_chicken_pose/train/images/1050_jpg.rf.8582b31a756ec1522f551a5738d927b3.jpg,../Data/downloads/Roboflow/Data/downloads/roboflow_chicken_pose/train/labels/1050_jpg.rf.8582b31a756ec1522f551a5738d927b3.txt,1050,train,train,12,0|7|5
../Data/downloads/Roboflow/Data/downloads/roboflow_chicken_pose/train/images/1050_jpg.rf.f0ae86d830bc536cda1bc95a2c1dc2a2.jpg,../Data/downloads/Roboflow/Data/downloads/roboflow_chicken_pose/train/labels/1050_jpg.rf.f0ae86d830bc536cda1bc95a2c1dc2a2.txt,1050,train,train,12,3|6|3
../Data/downloads/Roboflow/Data/downloads/roboflow_chicken_pose/train/images/1051_jpg.rf.009691f9ccb9dd53577ea64bcc6d6106.jpg,../Data/downloads/Roboflow/Data/downloads/roboflow_chicken_pose/train/labels/1051_jpg.rf.009691f9ccb9dd53577ea64bcc6d6106.txt,1051,train,train,2,2|0|0
../Data/downloads/Roboflow/Data/downloads/roboflow_chicken_pose/train/images/1051_jpg.rf.71f85813df831120601d2cd6a0672dd0.jpg,../Data/downloads/Roboflow/Data/downloads/roboflow_chicken_pose/train/labels/1051_jpg.rf.71f85813df831120601d2cd6a0672dd0.txt,1051,train,train,12,1|7|4
../Data/downloads/Roboflow/Data/downloads/roboflow_chicken_pose/train/images/1052_jpg.rf.5d0ef8699eff65d5a68f51f59fdc83a1.jpg,../Data/downloads/Roboflow/Data/downloads/roboflow_chicken_pose/train/labels/1052_jpg.rf.5d0ef8699eff65d5a68f51f59fdc83a1.txt,1052,train,train,12,2|4|6
../Data/downloads/Roboflow/Data/downloads/roboflow_chicken_pose/train/images/1052_jpg.rf.8dd5569ad1129294d9b89a7f0b33afa9.jpg,../Data/downloads/Roboflow/Data/downloads/roboflow_chicken_pose/train/labels/1052_jpg.rf.8dd5569ad1129294d9b89a7f0b33afa9.txt,1052,train,train,1,1|0|0
../Data/downloads/Roboflow/Data/downloads/roboflow_chicken_pose/train/images/1053_jpg.rf.b1588b48d832049a0b45d1fda91205a9.jpg,../Data/downloads/Roboflow/Data/downloads/roboflow_chicken_pose/train/labels/1053_jpg.rf.b1588b48d832049a0b45d1fda91205a9.txt,1053,train,train,12,3|4|5
../Data/downloads/Roboflow/Data/downloads/roboflow_chicken_pose/train/images/1053_jpg.rf.d823e7797770ec20d605bd87c607b6ed.jpg,../Data/downloads/Roboflow/Data/downloads/roboflow_chicken_pose/train/labels/1053_jpg.rf.d823e7797770ec20d605bd87c607b6ed.txt,1053,train,train,1,1|0|0
../Data/downloads/Roboflow/Data/downloads/roboflow_chicken_pose/train/images/1054_jpg.rf.222dfe411da9e2d6d4f61c8e5d65280d.jpg,../Data/downloads/Roboflow/Data/downloads/roboflow_chicken_pose/train/labels/1054_jpg.rf.222dfe411da9e2d6d4f61c8e5d65280d.txt,1054,train,train,1,1|0|0
../Data/downloads/Roboflow/Data/downloads/roboflow_chicken_pose/train/images/1054_jpg.rf.b53d32dd950a2005364b4526990a3b05.jpg,../Data/downloads/Roboflow/Data/downloads/roboflow_chicken_pose/train/labels/1054_jpg.rf.b53d32dd950a2005364b4526990a3b05.txt,1054,train,train,12,1|6|5
../Data/downloads/Roboflow/Data/downloads/roboflow_chicken_pose/train/images/1055_jpg.rf.5a564442e3f4c6a935814c27ea2c873e.jpg,../Data/downloads/Roboflow/Data/downloads/roboflow_chicken_pose/train/labels/1055_jpg.rf.5a564442e3f4c6a935814c27ea2c873e.txt,1055,train,train,1,1|0|0
../Data/downloads/Roboflow/Data/downloads/roboflow_chicken_pose/train/images/1056_jpg.rf.130a49db56ab9db041a25621bd0c1a7f.jpg,../Data/downloads/Roboflow/Data/downloads/roboflow_chicken_pose/train/labels/1056_jpg.rf.130a49db56ab9db041a25621bd0c1a7f.txt,1056,train,val,12,0|5|7
../Data/downloads/Roboflow/Data/downloads/roboflow_chicken_pose/train/images/1057_jpg.rf.0db588c7736f8dba92ba869af4b6ada5.jpg,../Data/downloads/Roboflow/Data/downloads/roboflow_chicken_pose/train/labels/1057_jpg.rf.0db588c7736f8dba92ba869af4b6ada5.txt,1057,train,train,12,2|3|7
../Data/downloads/Roboflow/Data/downloads/roboflow_chicken_pose/train/images/1058_jpg.rf.db8bcd083e6cdde71173c3d1d7642cc3.jpg,../Data/downloads/Roboflow/Data/downloads/roboflow_chicken_pose/train/labels/1058_jpg.rf.db8bcd083e6cdde71173c3d1d7642cc3.txt,1058,train,train,1,1|0|0
../Data/downloads/Roboflow/Data/downloads/roboflow_chicken_pose/train/images/1058_jpg.rf.f2f6c38bedf5f308b606ea67ef49d21f.jpg,../Data/downloads/Roboflow/Data/downloads/roboflow_chicken_pose/train/labels/1058_jpg.rf.f2f6c38bedf5f308b606ea67ef49d21f.txt,1058,train,train,12,5|2|5
../Data/downloads/Roboflow/Data/downloads/roboflow_chicken_pose/train/images/1059_jpg.rf.28232d54253ea56514590533e09f515e.jpg,../Data/downloads/Roboflow/Data/downloads/roboflow_chicken_pose/train/labels/1059_jpg.rf.28232d54253ea56514590533e09f515e.txt,1059,train,test,12,3|4|5
../Data/downloads/Roboflow/Data/downloads/roboflow_chicken_pose/train/images/1060_jpg.rf.6fa928797156dfea10e5ec59c19db592.jpg,../Data/downloads/Roboflow/Data/downloads/roboflow_chicken_pose/train/labels/1060_jpg.rf.6fa928797156dfea10e5ec59c19db592.txt,1060,train,test,12,4|4|4
../Data/downloads/Roboflow/Data/downloads/roboflow_chicken_pose/train/images/1060_jpg.rf.a8f08f0f06eeb6d3c88446438de3336f.jpg,../Data/downloads/Roboflow/Data/downloads/roboflow_chicken_pose/train/labels/1060_jpg.rf.a8f08f0f06eeb6d3c88446438de3336f.txt,1060,train,test,1,1|0|0
../Data/downloads/Roboflow/Data/downloads/roboflow_chicken_pose/train/images/1062_jpg.rf.47938c3983a594755494a82e501b5fce.jpg,../Data/downloads/Roboflow/Data/downloads/roboflow_chicken_pose/train/labels/1062_jpg.rf.47938c3983a594755494a82e501b5fce.txt,1062,train,test,3,3|0|0
../Data/downloads/Roboflow/Data/downloads/roboflow_chicken_pose/train/images/1062_jpg.rf.9804e20c33cb0e1c67ee9b725f0e8a0f.jpg,../Data/downloads/Roboflow/Data/downloads/roboflow_chicken_pose/train/labels/1062_jpg.rf.9804e20c33cb0e1c67ee9b725f0e8a0f.txt,1062,train,test,12,3|2|7
../Data/downloads/Roboflow/Data/downloads/roboflow_chicken_pose/train/images/1063_jpg.rf.4a3028bcfee6daf558a1a2cc1f5b4211.jpg,../Data/downloads/Roboflow/Data/downloads/roboflow_chicken_pose/train/labels/1063_jpg.rf.4a3028bcfee6daf558a1a2cc1f5b4211.txt,1063,train,train,12,4|4|4
../Data/downloads/Roboflow/Data/downloads/roboflow_chicken_pose/train/images/1063_jpg.rf.5d5b62e0583e5997e15cc3170e85f5e1.jpg,../Data/downloads/Roboflow/Data/downloads/roboflow_chicken_pose/train/labels/1063_jpg.rf.5d5b62e0583e5997e15cc3170e85f5e1.txt,1063,train,train,3,3|0|0
../Data/downloads/Roboflow/Data/downloads/roboflow_chicken_pose/train/images/1065_jpg.rf.1fd26102c5ab0b3cbae08517bd8c660f.jpg,../Data/downloads/Roboflow/Data/downloads/roboflow_chicken_pose/train/labels/1065_jpg.rf.1fd26102c5ab0b3cbae08517bd8c660f.txt,1065,train,val,2,2|0|0
../Data/downloads/Roboflow/Data/downloads/roboflow_chicken_pose/train/images/1065_jpg.rf.d7ced6997420b752286159f5673812e3.jpg,../Data/downloads/Roboflow/Data/downloads/roboflow_chicken_pose/train/labels/1065_jpg.rf.d7ced6997420b752286159f5673812e3.txt,1065,train,val,12,4|4|4
../Data/downloads/Roboflow/Data/downloads/roboflow_chicken_pose/train/images/1066_jpg.rf.334174e93b3c2a53ddfce7ce84144331.jpg,../Data/downloads/Roboflow/Data/downloads/roboflow_chicken_pose/train/labels/1066_jpg.rf.334174e93b3c2a53ddfce7ce84144331.txt,1066,train,test,12,4|4|4
../Data/downloads/Roboflow/Data/downloads/roboflow_chicken_pose/train/images/1067_jpg.rf.58baf99a9882a8ddf51079c37c96cccd.jpg,../Data/downloads/Roboflow/Data/downloads/roboflow_chicken_pose/train/labels/1067_jpg.rf.58baf99a9882a8ddf51079c37c96cccd.txt,1067,train,val,1,1|0|0
../Data/downloads/Roboflow/Data/downloads/roboflow_chicken_pose/train/images/1067_jpg.rf.7e52f8e1ff4d0b789b1e250e67bf8b76.jpg,../Data/downloads/Roboflow/Data/downloads/roboflow_chicken_pose/train/labels/1067_jpg.rf.7e52f8e1ff4d0b789b1e250e67bf8b76.txt,1067,train,val,12,3|2|7
../Data/downloads/Roboflow/Data/downloads/roboflow_chicken_pose/train/images/1069_jpg.rf.7c43f87f485944b821fb54db2b5df2a9.jpg,../Data/downloads/Roboflow/Data/downloads/roboflow_chicken_pose/train/labels/1069_jpg.rf.7c43f87f485944b821fb54db2b5df2a9.txt,1069,train,train,12,5|3|4
../Data/downloads/Roboflow/Data/downloads/roboflow_chicken_pose/train/images/1069_jpg.rf.e7ee2f1f260a817465ab0be790395db9.jpg,../Data/downloads/Roboflow/Data/downloads/roboflow_chicken_pose/train/labels/1069_jpg.rf.e7ee2f1f260a817465ab0be790395db9.txt,1069,train,train,12,0|6|6
../Data/downloads/Roboflow/Data/downloads/roboflow_chicken_pose/train/images/106_jpg.rf.3ba48a7dd11fce95b08521de39f8ef32.jpg,../Data/downloads/Roboflow/Data/downloads/roboflow_chicken_pose/train/labels/106_jpg.rf.3ba48a7dd11fce95b08521de39f8ef32.txt,106,train,train,12,0|6|6
../Data/downloads/Roboflow/Data/downloads/roboflow_chicken_pose/train/images/1070_jpg.rf.55cc5b191ef7c33b49d283352e4fb1d1.jpg,../Data/downloads/Roboflow/Data/downloads/roboflow_chicken_pose/train/labels/1070_jpg.rf.55cc5b191ef7c33b49d283352e4fb1d1.txt,1070,train,train,2,2|0|0
../Data/downloads/Roboflow/Data/downloads/roboflow_chicken_pose/train/images/1070_jpg.rf.7e0016787fa15c6dee6ed9569096a04a.jpg,../Data/downloads/Roboflow/Data/downloads/roboflow_chicken_pose/train/labels/1070_jpg.rf.7e0016787fa15c6dee6ed9569096a04a.txt,1070,train,train,12,6|2|4
../Data/downloads/Roboflow/Data/downloads/roboflow_chicken_pose/train/images/1071_jpg.rf.8df7c82b13acde8d77d5d7a99e256f0d.jpg,../Data/downloads/Roboflow/Data/downloads/roboflow_chicken_pose/train/labels/1071_jpg.rf.8df7c82b13acde8d77d5d7a99e256f0d.txt,1071,train,val,12,5|3|4
../Data/downloads/Roboflow/Data/downloads/roboflow_chicken_pose/train/images/1072_jpg.rf.860faf3b5da0b6e2ced86a833b9d5435.jpg,../Data/downloads/Roboflow/Data/downloads/roboflow_chicken_pose/train/labels/1072_jpg.rf.860faf3b5da0b6e2ced86a833b9d5435.txt,1072,train,val,4,4|0|0
../Data/downloads/Roboflow/Data/downloads/roboflow_chicken_pose/train/images/1073_jpg.rf.824128335d55342ea72b5069ee48e845.jpg,../Data/downloads/Roboflow/Data/downloads/roboflow_chicken_pose/train/labels/1073_jpg.rf.824128335d55342ea72b5069ee48e845.txt,1073,train,train,3,3|0|0
../Data/downloads/Roboflow/Data/downloads/roboflow_chicken_pose/train/images/1074_jpg.rf.8c35b342cc6e9f0b2af9b7865a15efee.jpg,../Data/downloads/Roboflow/Data/downloads/roboflow_chicken_pose/train/labels/1074_jpg.rf.8c35b342cc6e9f0b2af9b7865a15efee.txt,1074,train,train,2,2|0|0
../Data/downloads/Roboflow/Data/downloads/roboflow_chicken_pose/train/images/1075_jpg.rf.660d7f4c6ff4210930499ff2c1b98f21.jpg,../Data/downloads/Roboflow/Data/downloads/roboflow_chicken_pose/train/labels/1075_jpg.rf.660d7f4c6ff4210930499ff2c1b98f21.txt,1075,train,train,7,7|0|0
../Data/downloads/Roboflow/Data/downloads/roboflow_chicken_pose/train/images/1077_jpg.rf.df143b82d64519c921a1e604b5af94bd.jpg,../Data/downloads/Roboflow/Data/downloads/roboflow_chicken_pose/train/labels/1077_jpg.rf.df143b82d64519c921a1e604b5af94bd.txt,1077,train,test,3,3|0|0
../Data/downloads/Roboflow/Data/downloads/roboflow_chicken_pose/train/images/107_jpg.rf.c53e3dace4f3320cfde70cc693375173.jpg,../Data/downloads/Roboflow/Data/downloads/roboflow_chicken_pose/train/labels/107_jpg.rf.c53e3dace4f3320cfde70cc693375173.txt,107,train,train,12,2|4|6
../Data/downloads/Roboflow/Data/downloads/roboflow_chicken_pose/train/images/1080_jpg.rf.3077505f161abb9d26526efada635761.jpg,../Data/downloads/Roboflow/Data/downloads/roboflow_chicken_pose/train/labels/1080_jpg.rf.3077505f161abb9d26526efada635761.txt,1080,train,train,1,1|0|0
../Data/downloads/Roboflow/Data/downloads/roboflow_chicken_pose/train/images/1081_jpg.rf.f3bb28b9dfe90643287ad7750ba16d51.jpg,../Data/downloads/Roboflow/Data/downloads/roboflow_chicken_pose/train/labels/1081_jpg.rf.f3bb28b9dfe90643287ad7750ba16d51.txt,1081,train,val,3,3|0|0
../Data/downloads/Roboflow/Data/downloads/roboflow_chicken_pose/train/images/1083_jpg.rf.381dae702766e6e6fe1726f77ecc5c18.jpg,../Data/downloads/Roboflow/Data/downloads/roboflow_chicken_pose/train/labels/1083_jpg.rf.381dae702766e6e6fe1726f77ecc5c18.txt,1083,train,train,1,1|0|0
../Data/downloads/Roboflow/Data/downloads/roboflow_chicken_pose/train/images/1084_jpg.rf.f76ad964f9abc672d655da41b3fecefd.jpg,../Data/downloads/Roboflow/Data/downloads/roboflow_chicken_pose/train/labels/1084_jpg.rf.f76ad964f9abc672d655da41b3fecefd.txt,1084,train,train,3,3|0|0
../Data/downloads/Roboflow/Data/downloads/roboflow_chicken_pose/train/images/1085_jpg.rf.3b2bccd786b79484856f188ab8ba5b5f.jpg,../Data/downloads/Roboflow/Data/downloads/roboflow_chicken_pose/train/labels/1085_jpg.rf.3b2bccd786b79484856f188ab8ba5b5f.txt,1085,train,val,12,0|9|3
../Data/downloads/Roboflow/Data/downloads/roboflow_chicken_pose/train/images/1086_jpg.rf.d2ef983c2dde29d8de903aa6f6573f6b.jpg,../Data/downloads/Roboflow/Data/downloads/roboflow_chicken_pose/train/labels/1086_jpg.rf.d2ef983c2dde29d8de903aa6f6573f6b.txt,1086,train,test,4,4|0|0
../Data/downloads/Roboflow/Data/downloads/roboflow_chicken_pose/train/images/1087_jpg.rf.6d96ead05a94b2b307df3b9487036cbd.jpg,../Data/downloads/Roboflow/Data/downloads/roboflow_chicken_pose/train/labels/1087_jpg.rf.6d96ead05a94b2b307df3b9487036cbd.txt,1087,train,train,2,2|0|0
../Data/downloads/Roboflow/Data/downloads/roboflow_chicken_pose/train/images/1088_jpg.rf.761cf50db2cd13eba652201eda733dcb.jpg,../Data/downloads/Roboflow/Data/downloads/roboflow_chicken_pose/train/labels/1088_jpg.rf.761cf50db2cd13eba652201eda733dcb.txt,1088,train,train,4,4|0|0
../Data/downloads/Roboflow/Data/downloads/roboflow_chicken_pose/train/images/1089_jpg.rf.c4c4a69e47077e27863e52686089f71e.jpg,../Data/downloads/Roboflow/Data/downloads/roboflow_chicken_pose/train/labels/1089_jpg.rf.c4c4a69e47077e27863e52686089f71e.txt,1089,train,train,3,3|0|0
../Data/downloads/Roboflow/Data/downloads/roboflow_chicken_pose/train/images/108_jpg.rf.0efecf23a71f5c53eebcc849928910c9.jpg,../Data/downloads/Roboflow/Data/downloads/roboflow_chicken_pose/train/labels/108_jpg.rf.0efecf23a71f5c53eebcc849928910c9.txt,108,train,train,12,1|6|5
../Data/downloads/Roboflow/Data/downloads/roboflow_chicken_pose/train/images/1090_jpg.rf.1a68252eabcbbea8cee971bae9c569a3.jpg,../Data/downloads/Roboflow/Data/downloads/roboflow_chicken_pose/train/labels/1090_jpg.rf.1a68252eabcbbea8cee971bae9c569a3.txt,1090,train,train,4,4|0|0
../Data/downloads/Roboflow/Data/downloads/roboflow_chicken_pose/train/images/1092_jpg.rf.fc2fc402aed6758df235f4d59747db3b.jpg,../Data/downloads/Roboflow/Data/downloads/roboflow_chicken_pose/train/labels/1092_jpg.rf.fc2fc402aed6758df235f4d59747db3b.txt,1092,train,train,4,4|0|0
../Data/downloads/Roboflow/Data/downloads/roboflow_chicken_pose/train/images/1093_jpg.rf.3b55ecbc21e55369cce20e5161fa47f4.jpg,../Data/downloads/Roboflow/Data/downloads/roboflow_chicken_pose/train/labels/1093_jpg.rf.3b55ecbc21e55369cce20e5161fa47f4.txt,1093,train,test,1,1|0|0
../Data/downloads/Roboflow/Data/downloads/roboflow_chicken_pose/train/images/1094_jpg.rf.ee075b2f16fea4f38e13da72c40d1eee.jpg,../Data/downloads/Roboflow/Data/downloads/roboflow_chicken_pose/train/labels/1094_jpg.rf.ee075b2f16fea4f38e13da72c40d1eee.txt,1094,train,train,2,2|0|0
../Data/downloads/Roboflow/Data/downloads/roboflow_chicken_pose/train/images/1095_jpg.rf.de6517d1cd386055ff1b94d7fd091842.jpg,../Data/downloads/Roboflow/Data/downloads/roboflow_chicken_pose/train/labels/1095_jpg.rf.de6517d1cd386055ff1b94d7fd091842.txt,1095,train,train,2,2|0|0
../Data/downloads/Roboflow/Data/downloads/roboflow_chicken_pose/train/images/1096_jpg.rf.2b32e07b5e98a7e718022d2ce99c0379.jpg,../Data/downloads/Roboflow/Data/downloads/roboflow_chicken_pose/train/labels/1096_jpg.rf.2b32e07b5e98a7e718022d2ce99c0379.txt,1096,train,train,3,3|0|0
../Data/downloads/Roboflow/Data/downloads/roboflow_chicken_pose/train/images/1098_jpg.rf.a7234939aa971468f086a9c00e3f59e8.jpg,../Data/downloads/Roboflow/Data/downloads/roboflow_chicken_pose/train/labels/1098_jpg.rf.a7234939aa971468f086a9c00e3f59e8.txt,1098,train,val,2,2|0|0
../Data/downloads/Roboflow/Data/downloads/roboflow_chicken_pose/train/images/1099_jpg.rf.11eefbc5c32c3bdcfdb0512e4c213f1f.jpg,../Data/downloads/Roboflow/Data/downloads/roboflow_chicken_pose/train/labels/1099_jpg.rf.11eefbc5c32c3bdcfdb0512e4c213f1f.txt,1099,train,train,1,1|0|0
../Data/downloads/Roboflow/Data/downloads/roboflow_chicken_pose/train/images/109_jpg.rf.e6cb3e2d3d859d1214b86015ac1a18b9.jpg,../Data/downloads/Roboflow/Data/downloads/roboflow_chicken_pose/train/labels/109_jpg.rf.e6cb3e2d3d859d1214b86015ac1a18b9.txt,109,train,val,11,4|6|1
../Data/downloads/Roboflow/Data/downloads/roboflow_chicken_pose/train/images/10_jpg.rf.7c5f5a9ff4ff437b6613dd4fd63554c9.jpg,../Data/downloads/Roboflow/Data/downloads/roboflow_chicken_pose/train/labels/10_jpg.rf.7c5f5a9ff4ff437b6613dd4fd63554c9.txt,10,train,train,12,0|4|8
../Data/downloads/Roboflow/Data/downloads/roboflow_chicken_pose/train/images/1100_jpg.rf.ceb8cc5e6c6df3af121461fb5832e974.jpg,../Data/downloads/Roboflow/Data/downloads/roboflow_chicken_pose/train/labels/1100_jpg.rf.ceb8cc5e6c6df3af121461fb5832e974.txt,1100,train,train,3,3|0|0
../Data/downloads/Roboflow/Data/downloads/roboflow_chicken_pose/train/images/1101_jpg.rf.5f3a8262c00fe2bef8e8a7e9ebb56eb2.jpg,../Data/downloads/Roboflow/Data/downloads/roboflow_chicken_pose/train/labels/1101_jpg.rf.5f3a8262c00fe2bef8e8a7e9ebb56eb2.txt,1101,train,test,2,2|0|0
../Data/downloads/Roboflow/Data/downloads/roboflow_chicken_pose/train/images/1102_jpg.rf.2ef449fd5813317cf7fa821e9528bc06.jpg,../Data/downloads/Roboflow/Data/downloads/roboflow_chicken_pose/train/labels/1102_jpg.rf.2ef449fd5813317cf7fa821e9528bc06.txt,1102,train,train,3,3|0|0
../Data/downloads/Roboflow/Data/downloads/roboflow_chicken_pose/train/images/1104_jpg.rf.62ada1cc1796512bcdbb460e9b43d50f.jpg,../Data/downloads/Roboflow/Data/downloads/roboflow_chicken_pose/train/labels/1104_jpg.rf.62ada1cc1796512bcdbb460e9b43d50f.txt,1104,train,val,12,0|12|0
../Data/downloads/Roboflow/Data/downloads/roboflow_chicken_pose/train/images/1106_jpg.rf.c5511355bc4635a1f202714439914282.jpg,../Data/downloads/Roboflow/Data/downloads/roboflow_chicken_pose/train/labels/1106_jpg.rf.c5511355bc4635a1f202714439914282.txt,1106,train,test,4,4|0|0
../Data/downloads/Roboflow/Data/downloads/roboflow_chicken_pose/train/images/1107_jpg.rf.26b62d4cf825d87cbdb01007c4d44d8a.jpg,../Data/downloads/Roboflow/Data/downloads/roboflow_chicken_pose/train/labels/1107_jpg.rf.26b62d4cf825d87cbdb01007c4d44d8a.txt,1107,train,test,3,3|0|0
../Data/downloads/Roboflow/Data/downloads/roboflow_chicken_pose/train/images/1108_jpg.rf.366882aaf754b019042d06d116c07129.jpg,../Data/downloads/Roboflow/Data/downloads/roboflow_chicken_pose/train/labels/1108_jpg.rf.366882aaf754b019042d06d116c07129.txt,1108,train,train,2,2|0|0
../Data/downloads/Roboflow/Data/downloads/roboflow_chicken_pose/train/images/110_jpg.rf.41de101ca3cfb6a63e4a51a34276089c.jpg,../Data/downloads/Roboflow/Data/downloads/roboflow_chicken_pose/train/labels/110_jpg.rf.41de101ca3cfb6a63e4a51a34276089c.txt,110,train,train,12,1|5|6
../Data/downloads/Roboflow/Data/downloads/roboflow_chicken_pose/train/images/1110_jpg.rf.4c36a5dd57f00ad96342bdbe84ce8f61.jpg,../Data/downloads/Roboflow/Data/downloads/roboflow_chicken_pose/train/labels/1110_jpg.rf.4c36a5dd57f00ad96342bdbe84ce8f61.txt,1110,train,train,4,4|0|0
../Data/downloads/Roboflow/Data/downloads/roboflow_chicken_pose/train/images/1111_jpg.rf.e659d89bb4b4a8b120d38175aca8f9b4.jpg,../Data/downloads/Roboflow/Data/downloads/roboflow_chicken_pose/train/labels/1111_jpg.rf.e659d89bb4b4a8b120d38175aca8f9b4.txt,1111,train,train,2,2|0|0
../Data/downloads/Roboflow/Data/downloads/roboflow_chicken_pose/train/images/1112_jpg.rf.343adb40bb3de9cf40c471d8724217cf.jpg,../Data/downloads/Roboflow/Data/downloads/roboflow_chicken_pose/train/labels/1112_jpg.rf.343adb40bb3de9cf40c471d8724217cf.txt,1112,train,train,2,2|0|0
../Data/downloads/Roboflow/Data/downloads/roboflow_chicken_pose/train/images/1113_jpg.rf.812a6dca2784b7a2c65da6539678022a.jpg,../Data/downloads/Roboflow/Data/downloads/roboflow_chicken_pose/train/labels/1113_jpg.rf.812a6dca2784b7a2c65da6539678022a.txt,1113,train,train,1,1|0|0
../Data/downloads/Roboflow/Data/downloads/roboflow_chicken_pose/train/images/111416-1-_png.rf.ee0de650b8ed6e788341ae88c4a5de74.jpg,../Data/downloads/Roboflow/Data/downloads/roboflow_chicken_pose/train/labels/111416-1-_png.rf.ee0de650b8ed6e788341ae88c4a5de74.txt,111416-1-,train,train,12,4|4|4
../Data/downloads/Roboflow/Data/downloads/roboflow_chicken_pose/train/images/111416-10_png.rf.ad3ac8442858f0b2555519a8eab7f821.jpg,../Data/downloads/Roboflow/Data/downloads/roboflow_chicken_pose/train/labels/111416-10_png.rf.ad3ac8442858f0b2555519a8eab7f821.txt,111416,train,train,12,5|4|3
../Data/downloads/Roboflow/Data/downloads/roboflow_chicken_pose/train/images/111416-11_png.rf.199d02581a2395a11d2b8fc1276b8ce9.jpg,../Data/downloads/Roboflow/Data/downloads/roboflow_chicken_pose/train/labels/111416-11_png.rf.199d02581a2395a11d2b8fc1276b8ce9.txt,111416,train,train,12,1|9|2
../Data/downloads/Roboflow/Data/downloads/roboflow_chicken_pose/train/images/111416-12_png.rf.e1a55e3a5e7538e36c9102500e63dee3.jpg,../Data/downloads/Roboflow/Data/downloads/roboflow_chicken_pose/train/labels/111416-12_png.rf.e1a55e3a5e7538e36c9102500e63dee3.txt,111416,train,train,12,4|6|2
../Data/downloads/Roboflow/Data/downloads/roboflow_chicken_pose/train/images/111416-14_png.rf.ecb34d712939941ef769d06fac364e50.jpg,../Data/downloads/Roboflow/Data/downloads/roboflow_chicken_pose/train/labels/111416-14_png.rf.ecb34d712939941ef769d06fac364e50.txt,111416,train,train,12,1|8|3
../Data/downloads/Roboflow/Data/downloads/roboflow_chicken_pose/train/images/111416-1_png.rf.49946e59ef73d47b615eca3a5b66d407.jpg,../Data/downloads/Roboflow/Data/downloads/roboflow_chicken_pose/train/labels/111416-1_png.rf.49946e59ef73d47b615eca3a5b66d407.txt,111416,train,train,11,3|6|2
../Data/downloads/Roboflow/Data/downloads/roboflow_chicken_pose/train/images/111416-2-_png.rf.6d5b3e57dd8000ee29e061b04a87dda5.jpg,../Data/downloads/Roboflow/Data/downloads/roboflow_chicken_pose/train/labels/111416-2-_png.rf.6d5b3e57dd8000ee29e061b04a87dda5.txt,111416-2-,train,train,12,2|7|3
../Data/downloads/Roboflow/Data/downloads/roboflow_chicken_pose/train/images/111416-2_png.rf.a5f519366b1243cb2ca2972f72916620.jpg,../Data/downloads/Roboflow/Data/downloads/roboflow_chicken_pose/train/labels/111416-2_png.rf.a5f519366b1243cb2ca2972f72916620.txt,111416,train,train,12,4|7|1
../Data/downloads/Roboflow/Data/downloads/roboflow_chicken_pose/train/images/111416-3_png.rf.2fbbced8d4ea2f52f3862e412d339dad.jpg,../Data/downloads/Roboflow/Data/downloads/roboflow_chicken_pose/train/labels/111416-3_png.rf.2fbbced8d4ea2f52f3862e412d339dad.txt,111416,train,train,12,2|7|3
../Data/downloads/Roboflow/Data/downloads/roboflow_chicken_pose/train/images/111416-4-_png.rf.ac8cfcf97381f12460072a9aa5e72471.jpg,../Data/downloads/Roboflow/Data/downloads/roboflow_chicken_pose/train/labels/111416-4-_png.rf.ac8cfcf97381f12460072a9aa5e72471.txt,111416-4-,train,train,12,2|7|3
../Data/downloads/Roboflow/Data/downloads/roboflow_chicken_pose/train/images/111416-4_png.rf.5a09408c3a282a1cb61ad51833d77159.jpg,../Data/downloads/Roboflow/Data/downloads/roboflow_chicken_pose/train/labels/111416-4_png.rf.5a09408c3a282a1cb61ad51833d77159.txt,111416,train,train,12,3|7|2
../Data/downloads/Roboflow/Data/downloads/roboflow_chicken_pose/train/images/111416-5_png.rf.9a8ca9ed11b9584ae26fdba444e33c54.jpg,../Data/downloads/Roboflow/Data/downloads/roboflow_chicken_pose/train/labels/111416-5_png.rf.9a8ca9ed11b9584ae26fdba444e33c54.txt,111416,train,train,12,4|4|4
../Data/downloads/Roboflow/Data/downloads/roboflow_chicken_pose/train/images/111416-6_png.rf.fac5e26ea6d4c9e41ccf95ed7b7df77a.jpg,../Data/downloads/Roboflow/Data/downloads/roboflow_chicken_pose/train/labels/111416-6_png.rf.fac5e26ea6d4c9e41ccf95ed7b7df77a.txt,111416,train,train,12,4|5|3
../Data/downloads/Roboflow/Data/downloads/roboflow_chicken_pose/train/images/111416-7_png.rf.08f0f52908df2114c95dbe5c19ddc4de.jpg,../Data/downloads/Roboflow/Data/downloads/roboflow_chicken_pose/train/labels/111416-7_png.rf.08f0f52908df2114c95dbe5c19ddc4de.txt,111416,train,train,12,1|7|4
../Data/downloads/Roboflow/Data/downloads/roboflow_chicken_pose/train/images/111416-9_png.rf.50d6d4a3f897d92bae9956dafcdacd74.jpg,../Data/downloads/Roboflow/Data/downloads/roboflow_chicken_pose/train/labels/111416-9_png.rf.50d6d4a3f897d92bae9956dafcdacd74.txt,111416,train,train,12,1|8|3
../Data/downloads/Roboflow/Data/downloads/roboflow_chicken_pose/train/images/1114_jpg.rf.75ea1b4c926a876c7a1282ebcc1aba33.jpg,../Data/downloads/Roboflow/Data/downloads/roboflow_chicken_pose/train/labels/1114_jpg.rf.75ea1b4c926a876c7a1282ebcc1aba33.txt,1114,train,train,4,4|0|0
../Data/downloads/Roboflow/Data/downloads/roboflow_chicken_pose/train/images/1115_jpg.rf.27a07ff7ce025ff13adaf514fd4cecfc.jpg,../Data/downloads/Roboflow/Data/downloads/roboflow_chicken_pose/train/labels/1115_jpg.rf.27a07ff7ce025ff13adaf514fd4cecfc.txt,1115,train,train,1,1|0|0
../Data/downloads/Roboflow/Data/downloads/roboflow_chicken_pose/train/images/1116_jpg.rf.00f080c7265453b789fb74b15000b066.jpg,../Data/downloads/Roboflow/Data/downloads/roboflow_chicken_pose/train/labels/1116_jpg.rf.00f080c7265453b789fb74b15000b066.txt,1116,train,val,3,3|0|0
../Data/downloads/Roboflow/Data/downloads/roboflow_chicken_pose/train/images/1117_jpg.rf.1c3ecd9896c53229b93d500a4a96a0b1.jpg,../Data/downloads/Roboflow/Data/downloads/roboflow_chicken_pose/train/labels/1117_jpg.rf.1c3ecd9896c53229b93d500a4a96a0b1.txt,1117,train,train,4,4|0|0
../Data/downloads/Roboflow/Data/downloads/roboflow_chicken_pose/train/images/1118_jpg.rf.02db9c77dc3554913d0112456fd86c05.jpg,../Data/downloads/Roboflow/Data/downloads/roboflow_chicken_pose/train/labels/1118_jpg.rf.02db9c77dc3554913d0112456fd86c05.txt,1118,train,train,3,3|0|0
../Data/downloads/Roboflow/Data/downloads/roboflow_chicken_pose/train/images/1119_jpg.rf.c0a1014dcc9baf615972310c2a0b66d8.jpg,../Data/downloads/Roboflow/Data/downloads/roboflow_chicken_pose/train/labels/1119_jpg.rf.c0a1014dcc9baf615972310c2a0b66d8.txt,1119,train,test,4,4|0|0
../Data/downloads/Roboflow/Data/downloads/roboflow_chicken_pose/train/images/1121_jpg.rf.649bf8c6f5b0e4ab0a17999ecb1ea777.jpg,../Data/downloads/Roboflow/Data/downloads/roboflow_chicken_pose/train/labels/1121_jpg.rf.649bf8c6f5b0e4ab0a17999ecb1ea777.txt,1121,train,train,5,5|0|0
../Data/downloads/Roboflow/Data/downloads/roboflow_chicken_pose/train/images/1123_jpg.rf.da260995a4cedc949cc5c67e091f9ddd.jpg,../Data/downloads/Roboflow/Data/downloads/roboflow_chicken_pose/train/labels/1123_jpg.rf.da260995a4cedc949cc5c67e091f9ddd.txt,1123,train,train,4,4|0|0
../Data/downloads/Roboflow/Data/downloads/roboflow_chicken_pose/train/images/1124_jpg.rf.b7124924798382cc6bd46704621e7ab2.jpg,../Data/downloads/Roboflow/Data/downloads/roboflow_chicken_pose/train/labels/1124_jpg.rf.b7124924798382cc6bd46704621e7ab2.txt,1124,train,train,2,2|0|0
../Data/downloads/Roboflow/Data/downloads/roboflow_chicken_pose/train/images/1126_jpg.rf.9be9c1cc43badec56b73d3122ea05fe2.jpg,../Data/downloads/Roboflow/Data/downloads/roboflow_chicken_pose/train/labels/1126_jpg.rf.9be9c1cc43badec56b73d3122ea05fe2.txt,1126,train,test,4,4|0|0
../Data/downloads/Roboflow/Data/downloads/roboflow_chicken_pose/train/images/1127_jpg.rf.33f3494966133cb3a92385d5c752b2ec.jpg,../Data/downloads/Roboflow/Data/downloads/roboflow_chicken_pose/train/labels/1127_jpg.rf.33f3494966133cb3a92385d5c752b2ec.txt,1127,train,train,2,2|0|0
../Data/downloads/Roboflow/Data/downloads/roboflow_chicken_pose/train/images/1129_jpg.rf.92a9c1a9b0b5a10ea45fe0d07f05deb2.jpg,../Data/downloads/Roboflow/Data/downloads/roboflow_chicken_pose/train/labels/1129_jpg.rf.92a9c1a9b0b5a10ea45fe0d07f05deb2.txt,1129,train,val,2,2|0|0
../Data/downloads/Roboflow/Data/downloads/roboflow_chicken_pose/train/images/112_jpg.rf.0bd767a612c58e9c2753fb18127c80e5.jpg,../Data/downloads/Roboflow/Data/downloads/roboflow_chicken_pose/train/labels/112_jpg.rf.0bd767a612c58e9c2753fb18127c80e5.txt,112,train,train,12,2|2|8
../Data/downloads/Roboflow/Data/downloads/roboflow_chicken_pose/train/images/1130_jpg.rf.d9174fd6c036e14a8ea85185f4b65b65.jpg,../Data/downloads/Roboflow/Data/downloads/roboflow_chicken_pose/train/labels/1130_jpg.rf.d9174fd6c036e14a8ea85185f4b65b65.txt,1130,train,val,3,3|0|0
../Data/downloads/Roboflow/Data/downloads/roboflow_chicken_pose/train/images/1131_jpg.rf.e4122647b93c53f70b48104226ab2063.jpg,../Data/downloads/Roboflow/Data/downloads/roboflow_chicken_pose/train/labels/1131_jpg.rf.e4122647b93c53f70b48104226ab2063.txt,1131,train,train,6,6|0|0
../Data/downloads/Roboflow/Data/downloads/roboflow_chicken_pose/train/images/1132_jpg.rf.d50e04316bd211f7ea5601a5af3f526d.jpg,../Data/downloads/Roboflow/Data/downloads/roboflow_chicken_pose/train/labels/1132_jpg.rf.d50e04316bd211f7ea5601a5af3f526d.txt,1132,train,train,3,3|0|0
../Data/downloads/Roboflow/Data/downloads/roboflow_chicken_pose/train/images/1133_jpg.rf.3b1124cc1d0c1915560960c9bb324975.jpg,../Data/downloads/Roboflow/Data/downloads/roboflow_chicken_pose/train/labels/1133_jpg.rf.3b1124cc1d0c1915560960c9bb324975.txt,1133,train,val,4,4|0|0
../Data/downloads/Roboflow/Data/downloads/roboflow_chicken_pose/train/images/1134_jpg.rf.c4eb81119f05fc465a621bfbc819877f.jpg,../Data/downloads/Roboflow/Data/downloads/roboflow_chicken_pose/train/labels/1134_jpg.rf.c4eb81119f05fc465a621bfbc819877f.txt,1134,train,val,3,3|0|0
../Data/downloads/Roboflow/Data/downloads/roboflow_chicken_pose/train/images/1136_jpg.rf.4055084f3b413f7e149f589888cf05dd.jpg,../Data/downloads/Roboflow/Data/downloads/roboflow_chicken_pose/train/labels/1136_jpg.rf.4055084f3b413f7e149f589888cf05dd.txt,1136,train,val,5,5|0|0
../Data/downloads/Roboflow/Data/downloads/roboflow_chicken_pose/train/images/1137_jpg.rf.a4b88d08c13d92a94ee27893aca688a3.jpg,../Data/downloads/Roboflow/Data/downloads/roboflow_chicken_pose/train/labels/1137_jpg.rf.a4b88d08c13d92a94ee27893aca688a3.txt,1137,train,train,2,2|0|0
../Data/downloads/Roboflow/Data/downloads/roboflow_chicken_pose/train/images/1138_jpg.rf.9b114ab22b27396beb7d4a8615cbd831.jpg,../Data/downloads/Roboflow/Data/downloads/roboflow_chicken_pose/train/labels/1138_jpg.rf.9b114ab22b27396beb7d4a8615cbd831.txt,1138,train,train,5,5|0|0
../Data/downloads/Roboflow/Data/downloads/roboflow_chicken_pose/train/images/1139_jpg.rf.692abf60566b0128d59b784b0967a59a.jpg,../Data/downloads/Roboflow/Data/downloads/roboflow_chicken_pose/train/labels/1139_jpg.rf.692abf60566b0128d59b784b0967a59a.txt,1139,train,test,3,3|0|0
../Data/downloads/Roboflow/Data/downloads/roboflow_chicken_pose/train/images/113_jpg.rf.f91dd9206fce3f5fedb05ff195499e51.jpg,../Data/downloads/Roboflow/Data/downloads/roboflow_chicken_pose/train/labels/113_jpg.rf.f91dd9206fce3f5fedb05ff195499e51.txt,113,train,val,12,0|5|7
../Data/downloads/Roboflow/Data/downloads/roboflow_chicken_pose/train/images/1140_jpg.rf.447408bf3d01ad45c00bfbe66829fb86.jpg,../Data/downloads/Roboflow/Data/downloads/roboflow_chicken_pose/train/labels/1140_jpg.rf.447408bf3d01ad45c00bfbe66829fb86.txt,1140,train,test,2,2|0|0
../Data/downloads/Roboflow/Data/downloads/roboflow_chicken_pose/train/images/1141_jpg.rf.2d8a0d2b26b878e41c8fa46ab5be0d2e.jpg,../Data/downloads/Roboflow/Data/downloads/roboflow_chicken_pose/train/labels/1141_jpg.rf.2d8a0d2b26b878e41c8fa46ab5be0d2e.txt,1141,train,test,2,2|0|0
../Data/downloads/Roboflow/Data/downloads/roboflow_chicken_pose/train/images/1142_jpg.rf.8adefa6f093a95597f77e43aca7328c5.jpg,../Data/downloads/Roboflow/Data/downloads/roboflow_chicken_pose/train/labels/1142_jpg.rf.8adefa6f093a95597f77e43aca7328c5.txt,1142,train,test,4,4|0|0
../Data/downloads/Roboflow/Data/downloads/roboflow_chicken_pose/train/images/1143_jpg.rf.386d950143b7a7f7fb0256de923f72a3.jpg,../Data/downloads/Roboflow/Data/downloads/roboflow_chicken_pose/train/labels/1143_jpg.rf.386d950143b7a7f7fb0256de923f72a3.txt,1143,train,test,4,4|0|0
../Data/downloads/Roboflow/Data/downloads/roboflow_chicken_pose/train/images/1144_jpg.rf.0b59f70877c050737e0ae292331d5292.jpg,../Data/downloads/Roboflow/Data/downloads/roboflow_chicken_pose/train/labels/1144_jpg.rf.0b59f70877c050737e0ae292331d5292.txt,1144,train,train,2,2|0|0
../Data/downloads/Roboflow/Data/downloads/roboflow_chicken_pose/train/images/1145_jpg.rf.e9fed8fe286a3c813578b552e65b32ab.jpg,../Data/downloads/Roboflow/Data/downloads/roboflow_chicken_pose/train/labels/1145_jpg.rf.e9fed8fe286a3c813578b552e65b32ab.txt,1145,train,test,1,1|0|0
../Data/downloads/Roboflow/Data/downloads/roboflow_chicken_pose/train/images/1146_jpg.rf.831ff0341cd383a81ce61d2d69e0a4d2.jpg,../Data/downloads/Roboflow/Data/downloads/roboflow_chicken_pose/train/labels/1146_jpg.rf.831ff0341cd383a81ce61d2d69e0a4d2.txt,1146,train,train,1,1|0|0
../Data/downloads/Roboflow/Data/downloads/roboflow_chicken_pose/train/images/1147_jpg.rf.cea8707143daf5c0dd173ad7d4c0db0a.jpg,../Data/downloads/Roboflow/Data/downloads/roboflow_chicken_pose/train/labels/1147_jpg.rf.cea8707143daf5c0dd173ad7d4c0db0a.txt,1147,train,val,1,1|0|0
../Data/downloads/Roboflow/Data/downloads/roboflow_chicken_pose/train/images/1148_jpg.rf.b5c385e94757c3117f49816a38727d61.jpg,../Data/downloads/Roboflow/Data/downloads/roboflow_chicken_pose/train/labels/1148_jpg.rf.b5c385e94757c3117f49816a38727d61.txt,1148,train,test,1,1|0|0
../Data/downloads/Roboflow/Data/downloads/roboflow_chicken_pose/train/images/1149_jpg.rf.d6f095739653f2c5f60178c175824e73.jpg,../Data/downloads/Roboflow/Data/downloads/roboflow_chicken_pose/train/labels/1149_jpg.rf.d6f095739653f2c5f60178c175824e73.txt,1149,train,train,2,2|0|0
../Data/downloads/Roboflow/Data/downloads/roboflow_chicken_pose/train/images/1150_jpg.rf.034d8e8b0ddaad3f7dbefee3e91f058f.jpg,../Data/downloads/Roboflow/Data/downloads/roboflow_chicken_pose/train/labels/1150_jpg.rf.034d8e8b0ddaad3f7dbefee3e91f058f.txt,1150,train,train,3,3|0|0
../Data/downloads/Roboflow/Data/downloads/roboflow_chicken_pose/train/images/1151_jpg.rf.224d8702e3e8b030cd0238a15c41d58a.jpg,../Data/downloads/Roboflow/Data/downloads/roboflow_chicken_pose/train/labels/1151_jpg.rf.224d8702e3e8b030cd0238a15c41d58a.txt,1151,train,val,2,2|0|0
../Data/downloads/Roboflow/Data/downloads/roboflow_chicken_pose/train/images/1153_jpg.rf.ae9b11dce60ae68e6fa501ee46d09a39.jpg,../Data/downloads/Roboflow/Data/downloads/roboflow_chicken_pose/train/labels/1153_jpg.rf.ae9b11dce60ae68e6fa501ee46d09a39.txt,1153,train,train,4,4|0|0
../Data/downloads/Roboflow/Data/downloads/roboflow_chicken_pose/train/images/1154_jpg.rf.badebf891a9402524392cdea4b869580.jpg,../Data/downloads/Roboflow/Data/downloads/roboflow_chicken_pose/train/labels/1154_jpg.rf.badebf891a9402524392cdea4b869580.txt,1154,train,train,3,3|0|0
../Data/downloads/Roboflow/Data/downloads/roboflow_chicken_pose/train/images/1156_jpg.rf.d2855f543d32c0a4669d167d3e1c7019.jpg,../Data/downloads/Roboflow/Data/downloads/roboflow_chicken_pose/train/labels/1156_jpg.rf.d2855f543d32c0a4669d167d3e1c7019.txt,1156,train,train,1,1|0|0
../Data/downloads/Roboflow/Data/downloads/roboflow_chicken_pose/train/images/1158_jpg.rf.aabd44901a1a081039c68915c01ed7d5.jpg,../Data/downloads/Roboflow/Data/downloads/roboflow_chicken_pose/train/labels/1158_jpg.rf.aabd44901a1a081039c68915c01ed7d5.txt,1158,train,val,2,2|0|0
../Data/downloads/Roboflow/Data/downloads/roboflow_chicken_pose/train/images/115_jpg.rf.d3e8d814a2716a4f6285d326f7e66882.jpg,../Data/downloads/Roboflow/Data/downloads/roboflow_chicken_pose/train/labels/115_jpg.rf.d3e8d814a2716a4f6285d326f7e66882.txt,115,train,train,12,0|4|8
../Data/downloads/Roboflow/Data/downloads/roboflow_chicken_pose/train/images/1161_jpg.rf.d89bc2971f029242cb93bffccc0dd9f3.jpg,../Data/downloads/Roboflow/Data/downloads/roboflow_chicken_pose/train/labels/1161_jpg.rf.d89bc2971f029242cb93bffccc0dd9f3.txt,1161,train,train,5,5|0|0
../Data/downloads/Roboflow/Data/downloads/roboflow_chicken_pose/train/images/1162_jpg.rf.d02a242a852c749c32ad15b2d263d510.jpg,../Data/downloads/Roboflow/Data/downloads/roboflow_chicken_pose/train/labels/1162_jpg.rf.d02a242a852c749c32ad15b2d263d510.txt,1162,train,train,2,2|0|0
../Data/downloads/Roboflow/Data/downloads/roboflow_chicken_pose/train/images/1163_jpg.rf.dea29b2a059c92120b8734c56eaaed4e.jpg,../Data/downloads/Roboflow/Data/downloads/roboflow_chicken_pose/train/labels/1163_jpg.rf.dea29b2a059c92120b8734c56eaaed4e.txt,1163,train,train,12,0|12|0
../Data/downloads/Roboflow/Data/downloads/roboflow_chicken_pose/train/images/1164_jpg.rf.6254b23c9f025c9e6b403570afe85f3a.jpg,../Data/downloads/Roboflow/Data/downloads/roboflow_chicken_pose/train/labels/1164_jpg.rf.6254b23c9f025c9e6b403570afe85f3a.txt,1164,train,train,4,4|0|0
../Data/downloads/Roboflow/Data/downloads/roboflow_chicken_pose/train/images/1167_jpg.rf.f58cd758ca2dd5776f40e471344c34c5.jpg,../Data/downloads/Roboflow/Data/downloads/roboflow_chicken_pose/train/labels/1167_jpg.rf.f58cd758ca2dd5776f40e471344c34c5.txt,1167,train,val,4,4|0|0
../Data/downloads/Roboflow/Data/downloads/roboflow_chicken_pose/train/images/1168_jpg.rf.cc6615255ddb96599c4e44d78b65218a.jpg,../Data/downloads/Roboflow/Data/downloads/roboflow_chicken_pose/train/labels/1168_jpg.rf.cc6615255ddb96599c4e44d78b65218a.txt,1168,train,val,3,3|0|0
../Data/downloads/Roboflow/Data/downloads/roboflow_chicken_pose/train/images/1169_jpg.rf.8c016210e7e519d3c56c06a5ea01ed59.jpg,../Data/downloads/Roboflow/Data/downloads/roboflow_chicken_pose/train/labels/1169_jpg.rf.8c016210e7e519d3c56c06a5ea01ed59.txt,1169,train,train,5,5|0|0
../Data/downloads/Roboflow/Data/downloads/roboflow_chicken_pose/train/images/116_jpg.rf.7c92b89c9d7721eb928ae1df6d3d14ac.jpg,../Data/downloads/Roboflow/Data/downloads/roboflow_chicken_pose/train/labels/116_jpg.rf.7c92b89c9d7721eb928ae1df6d3d14ac.txt,116,train,train,12,0|5|7
../Data/downloads/Roboflow/Data/downloads/roboflow_chicken_pose/train/images/1170_jpg.rf.23ec306238b9edcdf191b083e6fbb443.jpg,../Data/downloads/Roboflow/Data/downloads/roboflow_chicken_pose/train/labels/1170_jpg.rf.23ec306238b9edcdf191b083e6fbb443.txt,1170,train,train,4,4|0|0
../Data/downloads/Roboflow/Data/downloads/roboflow_chicken_pose/train/images/1171_jpg.rf.8c118afdc3cd30e5f95ac5dc7a8e43b5.jpg,../Data/downloads/Roboflow/Data/downloads/roboflow_chicken_pose/train/labels/1171_jpg.rf.8c118afdc3cd30e5f95ac5dc7a8e43b5.txt,1171,train,train,2,2|0|0
../Data/downloads/Roboflow/Data/downloads/roboflow_chicken_pose/train/images/1172_jpg.rf.24ea206058b33ce64cdd4e1f212357c0.jpg,../Data/downloads/Roboflow/Data/downloads/roboflow_chicken_pose/train/labels/1172_jpg.rf.24ea206058b33ce64cdd4e1f212357c0.txt,1172,train,train,3,3|0|0
../Data/downloads/Roboflow/Data/downloads/roboflow_chicken_pose/train/images/1174_jpg.rf.078d6525b0246c372e588cae72dc460f.jpg,../Data/downloads/Roboflow/Data/downloads/roboflow_chicken_pose/train/labels/1174_jpg.rf.078d6525b0246c372e588cae72dc460f.txt,1174,train,train,3,3|0|0
../Data/downloads/Roboflow/Data/downloads/roboflow_chicken_pose/train/images/1175_jpg.rf.c9d7de8d275c99321f4d7b9bd0ebfb09.jpg,../Data/downloads/Roboflow/Data/downloads/roboflow_chicken_pose/train/labels/1175_jpg.rf.c9d7de8d275c99321f4d7b9bd0ebfb09.txt,1175,train,val,4,4|0|0
../Data/downloads/Roboflow/Data/downloads/roboflow_chicken_pose/train/images/1176_jpg.rf.9bb81922371e3d33ce39fd230b187b88.jpg,../Data/downloads/Roboflow/Data/downloads/roboflow_chicken_pose/train/labels/1176_jpg.rf.9bb81922371e3d33ce39fd230b187b88.txt,1176,train,train,1,1|0|0
../Data/downloads/Roboflow/Data/downloads/roboflow_chicken_pose/train/images/1177_jpg.rf.8d494db44a5bb7bdc67122af7aa3a172.jpg,../Data/downloads/Roboflow/Data/downloads/roboflow_chicken_pose/train/labels/1177_jpg.rf.8d494db44a5bb7bdc67122af7aa3a172.txt,1177,train,train,5,5|0|0
../Data/downloads/Roboflow/Data/downloads/roboflow_chicken_pose/train/images/1178_jpg.rf.cf88ccd01373db84586ec5fc902d6121.jpg,../Data/downloads/Roboflow/Data/downloads/roboflow_chicken_pose/train/labels/1178_jpg.rf.cf88ccd01373db84586ec5fc902d6121.txt,1178,train,train,1,1|0|0
../Data/downloads/Roboflow/Data/downloads/roboflow_chicken_pose/train/images/1179_jpg.rf.271bfa56e787aa739d64feb0b4d21113.jpg,../Data/downloads/Roboflow/Data/downloads/roboflow_chicken_pose/train/labels/1179_jpg.rf.271bfa56e787aa739d64feb0b4d21113.txt,1179,train,val,4,4|0|0
../Data/downloads/Roboflow/Data/downloads/roboflow_chicken_pose/train/images/117_jpg.rf.f56f9f963d53dbd9a921a528f3433486.jpg,../Data/downloads/Roboflow/Data/downloads/roboflow_chicken_pose/train/labels/117_jpg.rf.f56f9f963d53dbd9a921a528f3433486.txt,117,train,train,12,4|5|3
../Data/downloads/Roboflow/Data/downloads/roboflow_chicken_pose/train/images/1180_jpg.rf.575000e47f2b10194f2ab7773b823ea2.jpg,../Data/downloads/Roboflow/Data/downloads/roboflow_chicken_pose/train/labels/1180_jpg.rf.575000e47f2b10194f2ab7773b823ea2.txt,1180,train,test,12,1|10|1
../Data/downloads/Roboflow/Data/downloads/roboflow_chicken_pose/train/images/1182_jpg.rf.9875770a19f947926f56be60831f1235.jpg,../Data/downloads/Roboflow/Data/downloads/roboflow_chicken_pose/train/labels/1182_jpg.rf.9875770a19f947926f56be60831f1235.txt,1182,train,train,3,3|0|0
../Data/downloads/Roboflow/Data/downloads/roboflow_chicken_pose/train/images/1183_jpg.rf.9c1af84e4c7f59635bc4f4964493e983.jpg,../Data/downloads/Roboflow/Data/downloads/roboflow_chicken_pose/train/labels/1183_jpg.rf.9c1af84e4c7f59635bc4f4964493e983.txt,1183,train,train,3,3|0|0
../Data/downloads/Roboflow/Data/downloads/roboflow_chicken_pose/train/images/1184_jpg.rf.4746ef2e67b344dc9135b75185293f59.jpg,../Data/downloads/Roboflow/Data/downloads/roboflow_chicken_pose/train/labels/1184_jpg.rf.4746ef2e67b344dc9135b75185293f59.txt,1184,train,train,4,4|0|0
../Data/downloads/Roboflow/Data/downloads/roboflow_chicken_pose/train/images/1185_jpg.rf.983b11866f79808d78a4fc158933bee7.jpg,../Data/downloads/Roboflow/Data/downloads/roboflow_chicken_pose/train/labels/1185_jpg.rf.983b11866f79808d78a4fc158933bee7.txt,1185,train,train,4,4|0|0
../Data/downloads/Roboflow/Data/downloads/roboflow_chicken_pose/train/images/1186_jpg.rf.b905f42603b0eade6c97cd6260aeeffc.jpg,../Data/downloads/Roboflow/Data/downloads/roboflow_chicken_pose/train/labels/1186_jpg.rf.b905f42603b0eade6c97cd6260aeeffc.txt,1186,train,train,3,3|0|0
../Data/downloads/Roboflow/Data/downloads/roboflow_chicken_pose/train/images/1187_jpg.rf.ba483e2f8fa3e68389ce77366bd57449.jpg,../Data/downloads/Roboflow/Data/downloads/roboflow_chicken_pose/train/labels/1187_jpg.rf.ba483e2f8fa3e68389ce77366bd57449.txt,1187,train,train,4,4|0|0
../Data/downloads/Roboflow/Data/downloads/roboflow_chicken_pose/train/images/1188_jpg.rf.83372fa18a5965f6e6f96a1197255648.jpg,../Data/downloads/Roboflow/Data/downloads/roboflow_chicken_pose/train/labels/1188_jpg.rf.83372fa18a5965f6e6f96a1197255648.txt,1188,train,train,3,3|0|0
../Data/downloads/Roboflow/Data/downloads/roboflow_chicken_pose/train/images/1189_jpg.rf.bf2fa285869482bbf92e56282d1bd8c5.jpg,../Data/downloads/Roboflow/Data/downloads/roboflow_chicken_pose/train/labels/1189_jpg.rf.bf2fa285869482bbf92e56282d1bd8c5.txt,1189,train,train,6,6|0|0
../Data/downloads/Roboflow/Data/downloads/roboflow_chicken_pose/train/images/118_jpg.rf.3d7c1610043ec8cceb1b45a52dfbe5ee.jpg,../Data/downloads/Roboflow/Data/downloads/roboflow_chicken_pose/train/labels/118_jpg.rf.3d7c1610043ec8cceb1b45a52dfbe5ee.txt,118,train,train,12,2|6|4
../Data/downloads/Roboflow/Data/downloads/roboflow_chicken_pose/train/images/1190_jpg.rf.417c5e1f96fd7fecfd65035da04b9671.jpg,../Data/downloads/Roboflow/Data/downloads/roboflow_chicken_pose/train/labels/1190_jpg.rf.417c5e1f96fd7fecfd65035da04b9671.txt,1190,train,train,4,4|0|0
../Data/downloads/Roboflow/Data/downloads/roboflow_chicken_pose/train/images/1191_jpg.rf.d8a43ee29b99158a4506a819ef7f6b44.jpg,../Data/downloads/Roboflow/Data/downloads/roboflow_chicken_pose/train/labels/1191_jpg.rf.d8a43ee29b99158a4506a819ef7f6b44.txt,1191,train,val,3,3|0|0
../Data/downloads/Roboflow/Data/downloads/roboflow_chicken_pose/train/images/1192_jpg.rf.99d22b5d940fe9d4f26be1f548f33890.jpg,../Data/downloads/Roboflow/Data/downloads/roboflow_chicken_pose/train/labels/1192_jpg.rf.99d22b5d940fe9d4f26be1f548f33890.txt,1192,train,train,2,2|0|0
../Data/downloads/Roboflow/Data/downloads/roboflow_chicken_pose/train/images/1194_jpg.rf.767c6fe36e6896f2e82b0d942ae6a961.jpg,../Data/downloads/Roboflow/Data/downloads/roboflow_chicken_pose/train/labels/1194_jpg.rf.767c6fe36e6896f2e82b0d942ae6a961.txt,1194,train,train,3,3|0|0
../Data/downloads/Roboflow/Data/downloads/roboflow_chicken_pose/train/images/1196_jpg.rf.e3a128555ebf99970756fcec9bd78423.jpg,../Data/downloads/Roboflow/Data/downloads/roboflow_chicken_pose/train/labels/1196_jpg.rf.e3a128555ebf99970756fcec9bd78423.txt,1196,train,test,3,3|0|0
../Data/downloads/Roboflow/Data/downloads/roboflow_chicken_pose/train/images/1198_jpg.rf.3b246ae5906e779adf8cb1b43c27cff0.jpg,../Data/downloads/Roboflow/Data/downloads/roboflow_chicken_pose/train/labels/1198_jpg.rf.3b246ae5906e779adf8cb1b43c27cff0.txt,1198,train,train,2,2|0|0
../Data/downloads/Roboflow/Data/downloads/roboflow_chicken_pose/train/images/1199_jpg.rf.aca16e0f069e3ea70b900ae22ffe0559.jpg,../Data/downloads/Roboflow/Data/downloads/roboflow_chicken_pose/train/labels/1199_jpg.rf.aca16e0f069e3ea70b900ae22ffe0559.txt,1199,train,train,4,4|0|0
../Data/downloads/Roboflow/Data/downloads/roboflow_chicken_pose/train/images/11_jpg.rf.ada6e29a7ef129ad985b7d26abfe0f55.jpg,../Data/downloads/Roboflow/Data/downloads/roboflow_chicken_pose/train/labels/11_jpg.rf.ada6e29a7ef129ad985b7d26abfe0f55.txt,11,train,train,12,3|3|6
../Data/downloads/Roboflow/Data/downloads/roboflow_chicken_pose/train/images/1200_jpg.rf.45f17afbbefbf79b395900b3a744321f.jpg,../Data/downloads/Roboflow/Data/downloads/roboflow_chicken_pose/train/labels/1200_jpg.rf.45f17afbbefbf79b395900b3a744321f.txt,1200,train,test,1,1|0|0
../Data/downloads/Roboflow/Data/downloads/roboflow_chicken_pose/train/images/1202_jpg.rf.0fbaad01554859ea89c4ee2527ead396.jpg,../Data/downloads/Roboflow/Data/downloads/roboflow_chicken_pose/train/labels/1202_jpg.rf.0fbaad01554859ea89c4ee2527ead396.txt,1202,train,val,3,3|0|0
../Data/downloads/Roboflow/Data/downloads/roboflow_chicken_pose/train/images/1203_jpg.rf.c09b03acfec785b23974463665617cac.jpg,../Data/downloads/Roboflow/Data/downloads/roboflow_chicken_pose/train/labels/1203_jpg.rf.c09b03acfec785b23974463665617cac.txt,1203,train,train,2,2|0|0
../Data/downloads/Roboflow/Data/downloads/roboflow_chicken_pose/train/images/1204_jpg.rf.33c84773bf0cc0fbd4440872f1ed1efe.jpg,../Data/downloads/Roboflow/Data/downloads/roboflow_chicken_pose/train/labels/1204_jpg.rf.33c84773bf0cc0fbd4440872f1ed1efe.txt,1204,train,train,2,2|0|0
../Data/downloads/Roboflow/Data/downloads/roboflow_chicken_pose/train/images/1205_jpg.rf.4b74f6aa820f9541fb8b79767f14dde1.jpg,../Data/downloads/Roboflow/Data/downloads/roboflow_chicken_pose/train/labels/1205_jpg.rf.4b74f6aa820f9541fb8b79767f14dde1.txt,1205,train,test,1,1|0|0
../Data/downloads/Roboflow/Data/downloads/roboflow_chicken_pose/train/images/1206_jpg.rf.1b0257fe05832790299219b1a46fa1f1.jpg,../Data/downloads/Roboflow/Data/downloads/roboflow_chicken_pose/train/labels/1206_jpg.rf.1b0257fe05832790299219b1a46fa1f1.txt,1206,train,train,2,2|0|0
../Data/downloads/Roboflow/Data/downloads/roboflow_chicken_pose/train/images/120828-11_png.rf.d48368054b69768cafe9c15d502ec752.jpg,../Data/downloads/Roboflow/Data/downloads/roboflow_chicken_pose/train/labels/120828-11_png.rf.d48368054b69768cafe9c15d502ec752.txt,120828,train,test,12,0|10|2
../Data/downloads/Roboflow/Data/downloads/roboflow_chicken_pose/train/images/120828-12_png.rf.b6e26eab2ce71edfcdeb0a4dee90622c.jpg,../Data/downloads/Roboflow/Data/downloads/roboflow_chicken_pose/train/labels/120828-12_png.rf.b6e26eab2ce71edfcdeb0a4dee90622c.txt,120828,train,test,12,0|6|6
../Data/downloads/Roboflow/Data/downloads/roboflow_chicken_pose/train/images/120828-13_png.rf.16563674bbb2baec6d344324e861f69d.jpg,../Data/downloads/Roboflow/Data/downloads/roboflow_chicken_pose/train/labels/120828-13_png.rf.16563674bbb2baec6d344324e861f69d.txt,120828,train,test,12,1|9|2
../Data/downloads/Roboflow/Data/downloads/roboflow_chicken_pose/train/images/120828-1_png.rf.6cf2084557d451d449ee8528d5fe399d.jpg,../Data/downloads/Roboflow/Data/downloads/roboflow_chicken_pose/train/labels/120828-1_png.rf.6cf2084557d451d449ee8528d5fe399d.txt,120828,train,test,12,0|4|8
../Data/downloads/Roboflow/Data/downloads/roboflow_chicken_pose/train/images/120828-3_png.rf.0c2bc0494f19f0a67bd66a51b1dca204.jpg,../Data/downloads/Roboflow/Data/downloads/roboflow_chicken_pose/train/labels/120828-3_png.rf.0c2bc0494f19f0a67bd66a51b1dca204.txt,120828,train,test,12,2|8|2
../Data/downloads/Roboflow/Data/downloads/roboflow_chicken_pose/train/images/120828-4_png.rf.8d1ec66f60249db2f5a1e2b1229636ff.jpg,../Data/downloads/Roboflow/Data/downloads/roboflow_chicken_pose/train/labels/120828-4_png.rf.8d1ec66f60249db2f5a1e2b1229636ff.txt,120828,train,test,12,2|4|6
../Data/downloads/Roboflow/Data/downloads/roboflow_chicken_pose/train/images/120828-5_png.rf.b1120d46326e0dbf47b014152ceb9d18.jpg,../Data/downloads/Roboflow/Data/downloads/roboflow_chicken_pose/train/labels/120828-5_png.rf.b1120d46326e0dbf47b014152ceb9d18.txt,120828,train,test,12,0|5|7
../Data/downloads/Roboflow/Data/downloads/roboflow_chicken_pose/train/images/120828-6_png.rf.3ba298c0d9bb5fc172cc498212eb0610.jpg,../Data/downloads/Roboflow/Data/downloads/roboflow_chicken_pose/train/labels/120828-6_png.rf.3ba298c0d9bb5fc172cc498212eb0610.txt,120828,train,test,12,1|7|4
../Data/downloads/Roboflow/Data/downloads/roboflow_chicken_pose/train/images/120828-7_png.rf.02504671959646c9825521a282354724.jpg,../Data/downloads/Roboflow/Data/downloads/roboflow_chicken_pose/train/labels/120828-7_png.rf.02504671959646c9825521a282354724.txt,120828,train,test,12,4|6|2
../Data/downloads/Roboflow/Data/downloads/roboflow_chicken_pose/train/images/120828-9_png.rf.e62f72e7bf524b98debb2cade165528e.jpg,../Data/downloads/Roboflow/Data/downloads/roboflow_chicken_pose/train/labels/120828-9_png.rf.e62f72e7bf524b98debb2cade165528e.txt,120828,train,test,12,0|6|6
../Data/downloads/Roboflow/Data/downloads/roboflow_chicken_pose/train/images/1208_jpg.rf.483d124a7a72ead8b7b6be3e8910b35d.jpg,../Data/downloads/Roboflow/Data/downloads/roboflow_chicken_pose/train/labels/1208_jpg.rf.483d124a7a72ead8b7b6be3e8910b35d.txt,1208,train,val,3,3|0|0
../Data/downloads/Roboflow/Data/downloads/roboflow_chicken_pose/train/images/120910-10-_png.rf.8650959bc55de9e502e5badc711155c5.jpg,../Data/downloads/Roboflow/Data/downloads/roboflow_chicken_pose/train/labels/120910-10-_png.rf.8650959bc55de9e502e5badc711155c5.txt,120910-10-,train,train,13,4|8|1
../Data/downloads/Roboflow/Data/downloads/roboflow_chicken_pose/train/images/120910-11-_png.rf.08ddf6d0316ef83138f908ec49b2fc72.jpg,../Data/downloads/Roboflow/Data/downloads/roboflow_chicken_pose/train/labels/120910-11-_png.rf.08ddf6d0316ef83138f908ec49b2fc72.txt,120910-11-,train,train,12,0|10|2
../Data/downloads/Roboflow/Data/downloads/roboflow_chicken_pose/train/images/120910-13-_png.rf.6488fca37a162cbca3b6c5f45eefd6ce.jpg,../Data/downloads/Roboflow/Data/downloads/roboflow_chicken_pose/train/labels/120910-13-_png.rf.6488fca37a162cbca3b6c5f45eefd6ce.txt,120910-13-,train,train,12,2|8|2
../Data/downloads/Roboflow/Data/downloads/roboflow_chicken_pose/train/images/120910-15-_png.rf.3c74765eef8e7b107a6263f8653dfe06.jpg,../Data/downloads/Roboflow/Data/downloads/roboflow_chicken_pose/train/labels/120910-15-_png.rf.3c74765eef8e7b107a6263f8653dfe06.txt,120910-15-,train,test,12,2|8|2
../Data/downloads/Roboflow/Data/downloads/roboflow_chicken_pose/train/images/120910-2-_png.rf.5991479882a0b4023efcc52dd0d57eba.jpg,../Data/downloads/Roboflow/Data/downloads/roboflow_chicken_pose/train/labels/120910-2-_png.rf.5991479882a0b4023efcc52dd0d57eba.txt,120910-2-,train,train,12,4|6|2
../Data/downloads/Roboflow/Data/downloads/roboflow_chicken_pose/train/images/120910-3-_png.rf.ebaa60a8a2ca8231af417bd4ace462a8.jpg,../Data/downloads/Roboflow/Data/downloads/roboflow_chicken_pose/train/labels/120910-3-_png.rf.ebaa60a8a2ca8231af417bd4ace462a8.txt,120910-3-,train,train,12,3|5|4
../Data/downloads/Roboflow/Data/downloads/roboflow_chicken_pose/train/images/120910-4-_png.rf.69b8217894bb5e6aa69fee007ba6f1ee.jpg,../Data/downloads/Roboflow/Data/downloads/roboflow_chicken_pose/train/labels/120910-4-_png.rf.69b8217894bb5e6aa69fee007ba6f1ee.txt,120910-4-,train,train,12,2|4|6
../Data/downloads/Roboflow/Data/downloads/roboflow_chicken_pose/train/images/120910-5-_png.rf.7d38ac10137db1c9f50312e3d549376b.jpg,../Data/downloads/Roboflow/Data/downloads/roboflow_chicken_pose/train/labels/120910-5-_png.rf.7d38ac10137db1c9f50312e3d549376b.txt,120910-5-,train,train,12,3|6|3
../Data/downloads/Roboflow/Data/downloads/roboflow_chicken_pose/train/images/120910-6-_png.rf.1a3bae146d40d26e32ae7d267d899de1.jpg,../Data/downloads/Roboflow/Data/downloads/roboflow_chicken_pose/train/labels/120910-6-_png.rf.1a3bae146d40d26e32ae7d267d899de1.txt,120910-6-,train,val,12,0|10|2
../Data/downloads/Roboflow/Data/downloads/roboflow_chicken_pose/train/images/120910-7-_png.rf.db0fc2850f68f077362fdecfae5aa96c.jpg,../Data/downloads/Roboflow/Data/downloads/roboflow_chicken_pose/train/labels/120910-7-_png.rf.db0fc2850f68f077362fdecfae5aa96c.txt,120910-7-,train,train,12,3|8|1
../Data/downloads/Roboflow/Data/downloads/roboflow_chicken_pose/train/images/120910-8-_png.rf.44395a1db4dc25250bfab32f915101ab.jpg,../Data/downloads/Roboflow/Data/downloads/roboflow_chicken_pose/train/labels/120910-8-_png.rf.44395a1db4dc25250bfab32f915101ab.txt,120910-8-,train,train,12,2|6|4
../Data/downloads/Roboflow/Data/downloads/roboflow_chicken_pose/train/images/1209_jpg.rf.d2d22a475c2c72406750c4e60fcdc2fe.jpg,../Data/downloads/Roboflow/Data/downloads/roboflow_chicken_pose/train/labels/1209_jpg.rf.d2d22a475c2c72406750c4e60fcdc2fe.txt,1209,train,train,2,2|0|0
../Data/downloads/Roboflow/Data/downloads/roboflow_chicken_pose/train/images/1211_jpg.rf.cdf0f8332e6e9b76cf28413303964999.jpg,../Data/downloads/Roboflow/Data/downloads/roboflow_chicken_pose/train/labels/1211_jpg.rf.cdf0f8332e6e9b76cf28413303964999.txt,1211,train,train,2,2|0|0
../Data/downloads/Roboflow/Data/downloads/roboflow_chicken_pose/train/images/1213_jpg.rf.b9e1dbc002ead4022382c69defa48984.jpg,../Data/downloads/Roboflow/Data/downloads/roboflow_chicken_pose/train/labels/1213_jpg.rf.b9e1dbc002ead4022382c69defa48984.txt,1213,train,val,2,2|0|0
../Data/downloads/Roboflow/Data/downloads/roboflow_chicken_pose/train/images/1214_jpg.rf.1ec2e61a8fa433dfb5ebe6b237d90f39.jpg,../Data/downloads/Roboflow/Data/downloads/roboflow_chicken_pose/train/labels/1214_jpg.rf.1ec2e61a8fa433dfb5ebe6b237d90f39.txt,1214,train,train,1,1|0|0
../Data/downloads/Roboflow/Data/downloads/roboflow_chicken_pose/train/images/1215_jpg.rf.1612b6072cd90db8be25b97f3643b34c.jpg,../Data/downloads/Roboflow/Data/downloads/roboflow_chicken_pose/train/labels/1215_jpg.rf.1612b6072cd90db8be25b97f3643b34c.txt,1215,train,train,12,0|11|1
../Data/downloads/Roboflow/Data/downloads/roboflow_chicken_pose/train/images/121617-10_png.rf.40d3de996af467681712ef32806c321d.jpg,../Data/downloads/Roboflow/Data/downloads/roboflow_chicken_pose/train/labels/121617-10_png.rf.40d3de996af467681712ef32806c321d.txt,121617,train,train,12,2|10|0
../Data/downloads/Roboflow/Data/downloads/roboflow_chicken_pose/train/images/121617-1_png.rf.8a420a4bd465f31ca9a16eb373fd3a05.jpg,../Data/downloads/Roboflow/Data/downloads/roboflow_chicken_pose/train/labels/121617-1_png.rf.8a420a4bd465f31ca9a16eb373fd3a05.txt,121617,train,train,12,6|6|0
../Data/downloads/Roboflow/Data/downloads/roboflow_chicken_pose/train/images/121617-2_png.rf.41be526a15a902b355a7f10a247c095a.jpg,../Data/downloads/Roboflow/Data/downloads/roboflow_chicken_pose/train/labels/121617-2_png.rf.41be526a15a902b355a7f10a247c095a.txt,121617,train,train,12,1|4|7
../Data/downloads/Roboflow/Data/downloads/roboflow_chicken_pose/train/images/121617-4_png.rf.942390afa5ca7ba936471e7799ef0a7e.jpg,../Data/downloads/Roboflow/Data/downloads/roboflow_chicken_pose/train/labels/121617-4_png.rf.942390afa5ca7ba936471e7799ef0a7e.txt,121617,train,train,12,5|7|0
../Data/downloads/Roboflow/Data/downloads/roboflow_chicken_pose/train/images/121617-5_png.rf.993b9175ce88ac3dd43d1368146b444f.jpg,../Data/downloads/Roboflow/Data/downloads/roboflow_chicken_pose/train/labels/121617-5_png.rf.993b9175ce88ac3dd43d1368146b444f.txt,121617,train,train,12,1|9|2
../Data/downloads/Roboflow/Data/downloads/roboflow_chicken_pose/train/images/121617-8_png.rf.9bb67983b74bf9c85907160e2b16022b.jpg,../Data/downloads/Roboflow/Data/downloads/roboflow_chicken_pose/train/labels/121617-8_png.rf.9bb67983b74bf9c85907160e2b16022b.txt,121617,train,train,12,5|6|1
../Data/downloads/Roboflow/Data/downloads/roboflow_chicken_pose/train/images/1216_jpg.rf.342273bdc3fc67c3e9a398dea6764ac5.jpg,../Data/downloads/Roboflow/Data/downloads/roboflow_chicken_pose/train/labels/1216_jpg.rf.342273bdc3fc67c3e9a398dea6764ac5.txt,1216,train,train,1,1|0|0
../Data/downloads/Roboflow/Data/downloads/roboflow_chicken_pose/train/images/121817-10_png.rf.4d0987431061708479496bd70605d9bf.jpg,../Data/downloads/Roboflow/Data/downloads/roboflow_chicken_pose/train/labels/121817-10_png.rf.4d0987431061708479496bd70605d9bf.txt,121817,train,train,12,5|6|1
../Data/downloads/Roboflow/Data/downloads/roboflow_chicken_pose/train/images/121817-13_png.rf.f3ffe63e66a56238e1c2f61e88f9ebf3.jpg,../Data/downloads/Roboflow/Data/downloads/roboflow_chicken_pose/train/labels/121817-13_png.rf.f3ffe63e66a56238e1c2f61e88f9ebf3.txt,121817,train,train,12,1|5|6
../Data/downloads/Roboflow/Data/downloads/roboflow_chicken_pose/train/images/121817-14_png.rf.975e61e3fae4e6803724e1ed41a7a564.jpg,../Data/downloads/Roboflow/Data/downloads/roboflow_chicken_pose/train/labels/121817-14_png.rf.975e61e3fae4e6803724e1ed41a7a564.txt,121817,train,train,12,6|4|2
../Data/downloads/Roboflow/Data/downloads/roboflow_chicken_pose/train/images/121817-15_png.rf.f87eed3526b5efc4c9bdd40c54b70ef1.jpg,../Data/downloads/Roboflow/Data/downloads/roboflow_chicken_pose/train/labels/121817-15_png.rf.f87eed3526b5efc4c9bdd40c54b70ef1.txt,121817,train,train,12,4|5|3
../Data/downloads/Roboflow/Data/downloads/roboflow_chicken_pose/train/images/121817-16_png.rf.bf7b352ea3810934f7ef39cdc1ded27a.jpg,../Data/downloads/Roboflow/Data/downloads/roboflow_chicken_pose/train/labels/121817-16_png.rf.bf7b352ea3810934f7ef39cdc1ded27a.txt,121817,train,train,12,4|5|3
../Data/downloads/Roboflow/Data/downloads/roboflow_chicken_pose/train/images/121817-1_png.rf.4ba37c5829f0e381151c036c774dc26a.jpg,../Data/downloads/Roboflow/Data/downloads/roboflow_chicken_pose/train/labels/121817-1_png.rf.4ba37c5829f0e381151c036c774dc26a.txt,121817,train,train,12,6|4|2
../Data/downloads/Roboflow/Data/downloads/roboflow_chicken_pose/train/images/121817-3_png.rf.8bfc08451e78ae52d7821292005478f8.jpg,../Data/downloads/Roboflow/Data/downloads/roboflow_chicken_pose/train/labels/121817-3_png.rf.8bfc08451e78ae52d7821292005478f8.txt,121817,train,train,12,0|9|3
../Data/downloads/Roboflow/Data/downloads/roboflow_chicken_pose/train/images/121817-4_png.rf.8b6fb47bd950fbf0f878cac60fcbc6ac.jpg,../Data/downloads/Roboflow/Data/downloads/roboflow_chicken_pose/train/labels/121817-4_png.rf.8b6fb47bd950fbf0f878cac60fcbc6ac.txt,121817,train,train,12,5|5|2
../Data/downloads/Roboflow/Data/downloads/roboflow_chicken_pose/train/images/121817-5_png.rf.78be2dbc5b4bd316d438530366b52a8b.jpg,../Data/downloads/Roboflow/Data/downloads/roboflow_chicken_pose/train/labels/121817-5_png.rf.78be2dbc5b4bd316d438530366b52a8b.txt,121817,train,train,12,3|8|1
../Data/downloads/Roboflow/Data/downloads/roboflow_chicken_pose/train/images/121817-6_png.rf.102212c88764764d04c8656a1bd3d1f5.jpg,../Data/downloads/Roboflow/Data/downloads/roboflow_chicken_pose/train/labels/121817-6_png.rf.102212c88764764d04c8656a1bd3d1f5.txt,121817,train,train,12,2|6|4
../Data/downloads/Roboflow/Data/downloads/roboflow_chicken_pose/train/images/121817-7_png.rf.4f8340aedbca48a769b24340ca861c3f.jpg,../Data/downloads/Roboflow/Data/downloads/roboflow_chicken_pose/train/labels/121817-7_png.rf.4f8340aedbca48a769b24340ca861c3f.txt,121817,train,train,12,4|6|2
../Data/downloads/Roboflow/Data/downloads/roboflow_chicken_pose/train/images/121817-8_png.rf.994564f86910a3b9c1c3b07e677b9875.jpg,../Data/downloads/Roboflow/Data/downloads/roboflow_chicken_pose/train/labels/121817-8_png.rf.994564f86910a3b9c1c3b07e677b9875.txt,121817,train,train,12,4|5|3
../Data/downloads/Roboflow/Data/downloads/roboflow_chicken_pose/train/images/121817-9_png.rf.3867a1f8d7110fd108beca571128a161.jpg,../Data/downloads/Roboflow/Data/downloads/roboflow_chicken_pose/train/labels/121817-9_png.rf.3867a1f8d7110fd108beca571128a161.txt,121817,train,train,12,0|6|6
../Data/downloads/Roboflow/Data/downloads/roboflow_chicken_pose/train/images/121833-1-_png.rf.1b648313147ddef118de0d3c8ca3c96d.jpg,../Data/downloads/Roboflow/Data/downloads/roboflow_chicken_pose/train/labels/121833-1-_png.rf.1b648313147ddef118de0d3c8ca3c96d.txt,121833-1-,train,train,12,7|5|0
../Data/downloads/Roboflow/Data/downloads/roboflow_chicken_pose/train/images/121833-12-_png.rf.aed883de39eeea330bb252fae1221f2b.jpg,../Data/downloads/Roboflow/Data/downloads/roboflow_chicken_pose/train/labels/121833-12-_png.rf.aed883de39eeea330bb252fae1221f2b.txt,121833-12-,train,val,12,2|10|0
../Data/downloads/Roboflow/Data/downloads/roboflow_chicken_pose/train/images/121833-2-_png.rf.df5006c9ff1307f4308fddc440586be0.jpg,../Data/downloads/Roboflow/Data/downloads/roboflow_chicken_pose/train/labels/121833-2-_png.rf.df5006c9ff1307f4308fddc440586be0.txt,121833-2-,train,train,12,4|6|2
../Data/downloads/Roboflow/Data/downloads/roboflow_chicken_pose/train/images/121833-5-_png.rf.d7b44cffcde9355c2da3d2265d3fdaaa.jpg,../Data/downloads/Roboflow/Data/downloads/roboflow_chicken_pose/train/labels/121833-5-_png.rf.d7b44cffcde9355c2da3d2265d3fdaaa.txt,121833-5-,train,train,12,3|7|2
../Data/downloads/Roboflow/Data/downloads/roboflow_chicken_pose/train/images/121833-8-_png.rf.7606d8d5a548a75de6cfff7a7b086e4f.jpg,../Data/downloads/Roboflow/Data/downloads/roboflow_chicken_pose/train/labels/121833-8-_png.rf.7606d8d5a548a75de6cfff7a7b086e4f.txt,121833-8-,train,train,12,2|10|0
../Data/downloads/Roboflow/Data/downloads/roboflow_chicken_pose/train/images/121833-9-_png.rf.99f3250b12fc5b6daeb88ae19ffa2c26.jpg,../Data/downloads/Roboflow/Data/downloads/roboflow_chicken_pose/train/labels/121833-9-_png.rf.99f3250b12fc5b6daeb88ae19ffa2c26.txt,121833-9-,train,train,12,2|6|4
../Data/downloads/Roboflow/Data/downloads/roboflow_chicken_pose/train/images/1219_jpg.rf.56fbe86ad364bbbfe79129d12cff7ab3.jpg,../Data/downloads/Roboflow/Data/downloads/roboflow_chicken_pose/train/labels/1219_jpg.rf.56fbe86ad364bbbfe79129d12cff7ab3.txt,1219,train,val,2,2|0|0
../Data/downloads/Roboflow/Data/downloads/roboflow_chicken_pose/train/images/1220_jpg.rf.8661f29355cfc3ab26d006870cc147cc.jpg,../Data/downloads/Roboflow/Data/downloads/roboflow_chicken_pose/train/labels/1220_jpg.rf.8661f29355cfc3ab26d006870cc147cc.txt,1220,train,val,4,4|0|0
../Data/downloads/Roboflow/Data/downloads/roboflow_chicken_pose/train/images/122226-10-_png.rf.4e401ae1b924525ca1294a0f19349dd8.jpg,../Data/downloads/Roboflow/Data/downloads/roboflow_chicken_pose/train/labels/122226-10-_png.rf.4e401ae1b924525ca1294a0f19349dd8.txt,122226-10-,train,train,13,1|5|7
../Data/downloads/Roboflow/Data/downloads/roboflow_chicken_pose/train/images/122226-11-_png.rf.52e900d76d042f8d6217e95ff0ee8095.jpg,../Data/downloads/Roboflow/Data/downloads/roboflow_chicken_pose/train/labels/122226-11-_png.rf.52e900d76d042f8d6217e95ff0ee8095.txt,122226-11-,train,train,12,2|9|1
../Data/downloads/Roboflow/Data/downloads/roboflow_chicken_pose/train/images/122226-12-_png.rf.7f04f5d0f0713a17b1c6e8a89249bd87.jpg,../Data/downloads/Roboflow/Data/downloads/roboflow_chicken_pose/train/labels/122226-12-_png.rf.7f04f5d0f0713a17b1c6e8a89249bd87.txt,122226-12-,train,train,12,1|11|0
../Data/downloads/Roboflow/Data/downloads/roboflow_chicken_pose/train/images/122226-13-_png.rf.89313069041aeb3d618f25aa4fe92027.jpg,../Data/downloads/Roboflow/Data/downloads/roboflow_chicken_pose/train/labels/122226-13-_png.rf.89313069041aeb3d618f25aa4fe92027.txt,122226-13-,train,train,12,1|9|2
../Data/downloads/Roboflow/Data/downloads/roboflow_chicken_pose/train/images/122226-14-_png.rf.e33329d4402037aa8891d16856da3b85.jpg,../Data/downloads/Roboflow/Data/downloads/roboflow_chicken_pose/train/labels/122226-14-_png.rf.e33329d4402037aa8891d16856da3b85.txt,122226-14-,train,val,12,1|6|5
../Data/downloads/Roboflow/Data/downloads/roboflow_chicken_pose/train/images/122226-16-_png.rf.c7947a38e6d51afde27b0a61d9677ec9.jpg,../Data/downloads/Roboflow/Data/downloads/roboflow_chicken_pose/train/labels/122226-16-_png.rf.c7947a38e6d51afde27b0a61d9677ec9.txt,122226-16-,train,train,12,2|10|0
../Data/downloads/Roboflow/Data/downloads/roboflow_chicken_pose/train/images/122226-17-_png.rf.2e8b0f7c999f3c73d2b16d5a0321e311.jpg,../Data/downloads/Roboflow/Data/downloads/roboflow_chicken_pose/train/labels/122226-17-_png.rf.2e8b0f7c999f3c73d2b16d5a0321e311.txt,122226-17-,train,train,12,1|9|2
../Data/downloads/Roboflow/Data/downloads/roboflow_chicken_pose/train/images/122226-2-_png.rf.de6ece299e4e6b2395217e16851358d0.jpg,../Data/downloads/Roboflow/Data/downloads/roboflow_chicken_pose/train/labels/122226-2-_png.rf.de6ece299e4e6b2395217e16851358d0.txt,122226-2-,train,train,12,2|9|1
../Data/downloads/Roboflow/Data/downloads/roboflow_chicken_pose/train/images/122226-3-_png.rf.84ad90a04c6df708f13aef0a8d7267b3.jpg,../Data/downloads/Roboflow/Data/downloads/roboflow_chicken_pose/train/labels/122226-3-_png.rf.84ad90a04c6df708f13aef0a8d7267b3.txt,122226-3-,train,train,12,1|7|4
../Data/downloads/Roboflow/Data/downloads/roboflow_chicken_pose/train/images/122226-4-_png.rf.f216e4e5006c275fd0dcd30369ecada6.jpg,../Data/downloads/Roboflow/Data/downloads/roboflow_chicken_pose/train/labels/122226-4-_png.rf.f216e4e5006c275fd0dcd30369ecada6.txt,122226-4-,train,train,12,0|12|0
../Data/downloads/Roboflow/Data/downloads/roboflow_chicken_pose/train/images/122226-5-_png.rf.9b1ce79751ebe4ac34a05e1c70d4b4a7.jpg,../Data/downloads/Roboflow/Data/downloads/roboflow_chicken_pose/train/labels/122226-5-_png.rf.9b1ce79751ebe4ac34a05e1c70d4b4a7.txt,122226-5-,train,train,12,2|3|7
../Data/downloads/Roboflow/Data/downloads/roboflow_chicken_pose/train/images/122226-6-_png.rf.692fc1ec15c4f47f75aef71a412b14fc.jpg,../Data/downloads/Roboflow/Data/downloads/roboflow_chicken_pose/train/labels/122226-6-_png.rf.692fc1ec15c4f47f75aef71a412b14fc.txt,122226-6-,train,train,12,5|6|1
../Data/downloads/Roboflow/Data/downloads/roboflow_chicken_pose/train/images/122226-7-_png.rf.ff85331677bdd50c272d602d22229b51.jpg,../Data/downloads/Roboflow/Data/downloads/roboflow_chicken_pose/train/labels/122226-7-_png.rf.ff85331677bdd50c272d602d22229b51.txt,122226-7-,train,train,12,5|1|6
../Data/downloads/Roboflow/Data/downloads/roboflow_chicken_pose/train/images/122226-9-_png.rf.5d010a23c216cc0a8efe442512c7ab0f.jpg,../Data/downloads/Roboflow/Data/downloads/roboflow_chicken_pose/train/labels/122226-9-_png.rf.5d010a23c216cc0a8efe442512c7ab0f.txt,122226-9-,train,val,12,5|5|2
../Data/downloads/Roboflow/Data/downloads/roboflow_chicken_pose/train/images/1222262-10-_png.rf.c3461acb0bd3f6610b45e61e1b9f056d.jpg,../Data/downloads/Roboflow/Data/downloads/roboflow_chicken_pose/train/labels/1222262-10-_png.rf.c3461acb0bd3f6610b45e61e1b9f056d.txt,1222262-10-,train,train,12,5|6|1
../Data/downloads/Roboflow/Data/downloads/roboflow_chicken_pose/train/images/1222262-11-_png.rf.b06dcbfc05cea6a998ca66a3a798f354.jpg,../Data/downloads/Roboflow/Data/downloads/roboflow_chicken_pose/train/labels/1222262-11-_png.rf.b06dcbfc05cea6a998ca66a3a798f354.txt,1222262-11-,train,train,12,5|4|3
../Data/downloads/Roboflow/Data/downloads/roboflow_chicken_pose/train/images/1222262-12-_png.rf.fa74757c012854304bd27c6cb9cec12a.jpg,../Data/downloads/Roboflow/Data/downloads/roboflow_chicken_pose/train/labels/1222262-12-_png.rf.fa74757c012854304bd27c6cb9cec12a.txt,1222262-12-,train,train,12,4|7|1
../Data/downloads/Roboflow/Data/downloads/roboflow_chicken_pose/train/images/1222262-13-_png.rf.e158a9b726d36c723f4f448143c0a3bc.jpg,../Data/downloads/Roboflow/Data/downloads/roboflow_chicken_pose/train/labels/1222262-13-_png.rf.e158a9b726d36c723f4f448143c0a3bc.txt,1222262-13-,train,train,12,3|5|4
../Data/downloads/Roboflow/Data/downloads/roboflow_chicken_pose/train/images/1222262-14-_png.rf.f6bf8dddece75b76cd1cf4251ddc4edb.jpg,../Data/downloads/Roboflow/Data/downloads/roboflow_chicken_pose/train/labels/1222262-14-_png.rf.f6bf8dddece75b76cd1cf4251ddc4edb.txt,1222262-14-,train,train,12,2|10|0
../Data/downloads/Roboflow/Data/downloads/roboflow_chicken_pose/train/images/1222262-15-_png.rf.06feaba5d81a5e9ccd7a6f7764ed6955.jpg,../Data/downloads/Roboflow/Data/downloads/roboflow_chicken_pose/train/labels/1222262-15-_png.rf.06feaba5d81a5e9ccd7a6f7764ed6955.txt,1222262-15-,train,train,12,2|8|2
../Data/downloads/Roboflow/Data/downloads/roboflow_chicken_pose/train/images/1222262-16-_png.rf.c37f2f7743463572f9ea0ade60f50010.jpg,../Data/downloads/Roboflow/Data/downloads/roboflow_chicken_pose/train/labels/1222262-16-_png.rf.c37f2f7743463572f9ea0ade60f50010.txt,1222262-16-,train,train,12,4|2|6
../Data/downloads/Roboflow/Data/downloads/roboflow_chicken_pose/train/images/1222262-17-_png.rf.4b56e1239f48c58007b596c81976174d.jpg,../Data/downloads/Roboflow/Data/downloads/roboflow_chicken_pose/train/labels/1222262-17-_png.rf.4b56e1239f48c58007b596c81976174d.txt,1222262-17-,train,train,12,3|4|5
../Data/downloads/Roboflow/Data/downloads/roboflow_chicken_pose/train/images/1222262-2-_png.rf.ef8d4f4b12c8c36c5718f62f864dad18.jpg,../Data/downloads/Roboflow/Data/downloads/roboflow_chicken_pose/train/labels/1222262-2-_png.rf.ef8d4f4b12c8c36c5718f62f864dad18.txt,1222262-2-,train,train,12,3|8|1
../Data/downloads/Roboflow/Data/downloads/roboflow_chicken_pose/train/images/1222262-4-_png.rf.e60858968d3b6e7978e94314c7589d30.jpg,../Data/downloads/Roboflow/Data/downloads/roboflow_chicken_pose/train/labels/1222262-4-_png.rf.e60858968d3b6e7978e94314c7589d30.txt,1222262-4-,train,test,12,3|6|3
../Data/downloads/Roboflow/Data/downloads/roboflow_chicken_pose/train/images/1222262-5-_png.rf.91fb2f47d8f14f9fa8abe2c99fb2c08c.jpg,../Data/downloads/Roboflow/Data/downloads/roboflow_chicken_pose/train/labels/1222262-5-_png.rf.91fb2f47d8f14f9fa8abe2c99fb2c08c.txt,1222262-5-,train,test,13,0|7|6
../Data/downloads/Roboflow/Data/downloads/roboflow_chicken_pose/train/images/1222262-6-_png.rf.db8ea330ed66c54ad7e90e8ebbe5877a.jpg,../Data/downloads/Roboflow/Data/downloads/roboflow_chicken_pose/train/labels/1222262-6-_png.rf.db8ea330ed66c54ad7e90e8ebbe5877a.txt,1222262-6-,train,train,12,2|7|3
../Data/downloads/Roboflow/Data/downloads/roboflow_chicken_pose/train/images/1222262-7-_png.rf.4f8c90bb238a5a3ba3d2a1f643be4613.jpg,../Data/downloads/Roboflow/Data/downloads/roboflow_chicken_pose/train/labels/1222262-7-_png.rf.4f8c90bb238a5a3ba3d2a1f643be4613.txt,1222262-7-,train,train,12,4|8|0
../Data/downloads/Roboflow/Data/downloads/roboflow_chicken_pose/train/images/1222262-8-_png.rf.c5f3ca9775f29db22e5b51929bf7f075.jpg,../Data/downloads/Roboflow/Data/downloads/roboflow_chicken_pose/train/labels/1222262-8-_png.rf.c5f3ca9775f29db22e5b51929bf7f075.txt,1222262-8-,train,train,13,2|6|5
../Data/downloads/Roboflow/Data/downloads/roboflow_chicken_pose/train/images/1222262-9-_png.rf.22697ee2f534023ead65036e8cbb5776.jpg,../Data/downloads/Roboflow/Data/downloads/roboflow_chicken_pose/train/labels/1222262-9-_png.rf.22697ee2f534023ead65036e8cbb5776.txt,1222262-9-,train,train,12,4|3|5
../Data/downloads/Roboflow/Data/downloads/roboflow_chicken_pose/train/images/122557-10_png.rf.a8c5ee0d7897e37056a56ae8571586dc.jpg,../Data/downloads/Roboflow/Data/downloads/roboflow_chicken_pose/train/labels/122557-10_png.rf.a8c5ee0d7897e37056a56ae8571586dc.txt,122557,train,val,12,4|8|0
../Data/downloads/Roboflow/Data/downloads/roboflow_chicken_pose/train/images/122557-11_png.rf.a7603e577cf5f58d406bbe897b27acae.jpg,../Data/downloads/Roboflow/Data/downloads/roboflow_chicken_pose/train/labels/122557-11_png.rf.a7603e577cf5f58d406bbe897b27acae.txt,122557,train,val,12,1|9|2
../Data/downloads/Roboflow/Data/downloads/roboflow_chicken_pose/train/images/122557-12_png.rf.f8b89fa1242ce2e93c30f2b4d04afb81.jpg,../Data/downloads/Roboflow/Data/downloads/roboflow_chicken_pose/train/labels/122557-12_png.rf.f8b89fa1242ce2e93c30f2b4d04afb81.txt,122557,train,val,12,3|7|2
../Data/downloads/Roboflow/Data/downloads/roboflow_chicken_pose/train/images/122557-13_png.rf.6e2700ef226aed339269d34c0cffb260.jpg,../Data/downloads/Roboflow/Data/downloads/roboflow_chicken_pose/train/labels/122557-13_png.rf.6e2700ef226aed339269d34c0cffb260.txt,122557,train,val,12,2|6|4
../Data/downloads/Roboflow/Data/downloads/roboflow_chicken_pose/train/images/122557-14_png.rf.0530b7fb7face62bd2031eb8f3577413.jpg,../Data/downloads/Roboflow/Data/downloads/roboflow_chicken_pose/train/labels/122557-14_png.rf.0530b7fb7face62bd2031eb8f3577413.txt,122557,train,val,12,4|7|1
../Data/downloads/Roboflow/Data/downloads/roboflow_chicken_pose/train/images/122557-15_png.rf.036391748a3bebe683a2e9a9ef79e0e6.jpg,../Data/downloads/Roboflow/Data/downloads/roboflow_chicken_pose/train/labels/122557-15_png.rf.036391748a3bebe683a2e9a9ef79e0e6.txt,122557,train,val,12,1|10|1
../Data/downloads/Roboflow/Data/downloads/roboflow_chicken_pose/train/images/122557-1_png.rf.5ea140c2265bdbf5c97303d8037b566a.jpg,../Data/downloads/Roboflow/Data/downloads/roboflow_chicken_pose/train/labels/122557-1_png.rf.5ea140c2265bdbf5c97303d8037b566a.txt,122557,train,val,12,4|7|1
../Data/downloads/Roboflow/Data/downloads/roboflow_chicken_pose/train/images/122557-2_png.rf.5f471dc54e9e1d0ebeb8a55f8a3bf2cf.jpg,../Data/downloads/Roboflow/Data/downloads/roboflow_chicken_pose/train/labels/122557-2_png.rf.5f471dc54e9e1d0ebeb8a55f8a3bf2cf.txt,122557,train,val,12,1|6|5
../Data/downloads/Roboflow/Data/downloads/roboflow_chicken_pose/train/images/122557-4_png.rf.67e43e0e0ed5ea1a002ee0fc7767abc2.jpg,../Data/downloads/Roboflow/Data/downloads/roboflow_chicken_pose/train/labels/122557-4_png.rf.67e43e0e0ed5ea1a002ee0fc7767abc2.txt,122557,train,val,12,3|5|4
../Data/downloads/Roboflow/Data/downloads/roboflow_chicken_pose/train/images/122557-5_png.rf.0f5b044d84e48baa7795c52cbf066b6f.jpg,../Data/downloads/Roboflow/Data/downloads/roboflow_chicken_pose/train/labels/122557-5_png.rf.0f5b044d84e48baa7795c52cbf066b6f.txt,122557,train,val,12,5|4|3
../Data/downloads/Roboflow/Data/downloads/roboflow_chicken_pose/train/images/122557-7_png.rf.e78af99625f31ad5727fb91c12b5a3f4.jpg,../Data/downloads/Roboflow/Data/downloads/roboflow_chicken_pose/train/labels/122557-7_png.rf.e78af99625f31ad5727fb91c12b5a3f4.txt,122557,train,val,12,0|11|1
../Data/downloads/Roboflow/Data/downloads/roboflow_chicken_pose/train/images/122557-8_png.rf.00408a0ef0ee6cf7280162e5b0cbe392.jpg,../Data/downloads/Roboflow/Data/downloads/roboflow_chicken_pose/train/labels/122557-8_png.rf.00408a0ef0ee6cf7280162e5b0cbe392.txt,122557,train,val,12,2|8|2
../Data/downloads/Roboflow/Data/downloads/roboflow_chicken_pose/train/images/122557-9_png.rf.223f0e4d83c761c946a3f6177f0f015f.jpg,../Data/downloads/Roboflow/Data/downloads/roboflow_chicken_pose/train/labels/122557-9_png.rf.223f0e4d83c761c946a3f6177f0f015f.txt,122557,train,val,12,2|5|5
../Data/downloads/Roboflow/Data/downloads/roboflow_chicken_pose/train/images/122_jpg.rf.db0dff1c3a93d53d5c597698ebe635ae.jpg,../Data/downloads/Roboflow/Data/downloads/roboflow_chicken_pose/train/labels/122_jpg.rf.db0dff1c3a93d53d5c597698ebe635ae.txt,122,train,val,12,2|3|7
../Data/downloads/Roboflow/Data/downloads/roboflow_chicken_pose/train/images/123558-11_png.rf.9338feec38d9a6ec4a7e8d4672f3dd86.jpg,../Data/downloads/Roboflow/Data/downloads/roboflow_chicken_pose/train/labels/123558-11_png.rf.9338feec38d9a6ec4a7e8d4672f3dd86.txt,123558,train,train,12,0|7|5
../Data/downloads/Roboflow/Data/downloads/roboflow_chicken_pose/train/images/123558-12_png.rf.5bb817d20ecd4a44b4bc9ee65a9961af.jpg,../Data/downloads/Roboflow/Data/downloads/roboflow_chicken_pose/train/labels/123558-12_png.rf.5bb817d20ecd4a44b4bc9ee65a9961af.txt,123558,train,train,12,4|4|4
../Data/downloads/Roboflow/Data/downloads/roboflow_chicken_pose/train/images/123558-1_png.rf.f4f651acc294b58c68850f96304bca17.jpg,../Data/downloads/Roboflow/Data/downloads/roboflow_chicken_pose/train/labels/123558-1_png.rf.f4f651acc294b58c68850f96304bca17.txt,123558,train,train,12,6|3|3
../Data/downloads/Roboflow/Data/downloads/roboflow_chicken_pose/train/images/123558-2_png.rf.270f574e5a83dd37198420a59da38f4c.jpg,../Data/downloads/Roboflow/Data/downloads/roboflow_chicken_pose/train/labels/123558-2_png.rf.270f574e5a83dd37198420a59da38f4c.txt,123558,train,train,12,1|8|3
../Data/downloads/Roboflow/Data/downloads/roboflow_chicken_pose/train/images/123558-3_png.rf.9122413b4deb83194b8d25113091522d.jpg,../Data/downloads/Roboflow/Data/downloads/roboflow_chicken_pose/train/labels/123558-3_png.rf.9122413b4deb83194b8d25113091522d.txt,123558,train,train,12,0|6|6
../Data/downloads/Roboflow/Data/downloads/roboflow_chicken_pose/train/images/123558-6_png.rf.f7c264c68c9405ef8ecae10b4dad5bd5.jpg,../Data/downloads/Roboflow/Data/downloads/roboflow_chicken_pose/train/labels/123558-6_png.rf.f7c264c68c9405ef8ecae10b4dad5bd5.txt,123558,train,train,12,0|5|7
../Data/downloads/Roboflow/Data/downloads/roboflow_chicken_pose/train/images/123558-7_png.rf.92d1271c76f46bfa456834c81b24d7a5.jpg,../Data/downloads/Roboflow/Data/downloads/roboflow_chicken_pose/train/labels/123558-7_png.rf.92d1271c76f46bfa456834c81b24d7a5.txt,123558,train,train,12,0|8|4
../Data/downloads/Roboflow/Data/downloads/roboflow_chicken_pose/train/images/123558-8_png.rf.dedb42d4db543acfb3219e7d79b4818b.jpg,../Data/downloads/Roboflow/Data/downloads/roboflow_chicken_pose/train/labels/123558-8_png.rf.dedb42d4db543acfb3219e7d79b4818b.txt,123558,train,train,12,1|7|4
../Data/downloads/Roboflow/Data/downloads/roboflow_chicken_pose/train/images/123558-9_png.rf.5173e5790cf110b5c2991aa851ddd460.jpg,../Data/downloads/Roboflow/Data/downloads/roboflow_chicken_pose/train/labels/123558-9_png.rf.5173e5790cf110b5c2991aa851ddd460.txt,123558,train,train,12,3|7|2
../Data/downloads/Roboflow/Data/downloads/roboflow_chicken_pose/train/images/123_jpg.rf.9d13a8b6956e262c0f29c9df6b11711b.jpg,../Data/downloads/Roboflow/Data/downloads/roboflow_chicken_pose/train/labels/123_jpg.rf.9d13a8b6956e262c0f29c9df6b11711b.txt,123,train,train,12,1|8|3
../Data/downloads/Roboflow/Data/downloads/roboflow_chicken_pose/train/images/124_jpg.rf.9e4e60d0d9bcba7cb8757c0ad2827d36.jpg,../Data/downloads/Roboflow/Data/downloads/roboflow_chicken_pose/train/labels/124_jpg.rf.9e4e60d0d9bcba7cb8757c0ad2827d36.txt,124,train,train,12,1|9|2
../Data/downloads/Roboflow/Data/downloads/roboflow_chicken_pose/train/images/125_jpg.rf.52764392ba963228a89da151dbdadfd2.jpg,../Data/downloads/Roboflow/Data/downloads/roboflow_chicken_pose/train/labels/125_jpg.rf.52764392ba963228a89da151dbdadfd2.txt,125,train,test,12,2|3|7
../Data/downloads/Roboflow/Data/downloads/roboflow_chicken_pose/train/images/126_jpg.rf.96e664835379501b1d0ea65436758a1f.jpg,../Data/downloads/Roboflow/Data/downloads/roboflow_chicken_pose/train/labels/126_jpg.rf.96e664835379501b1d0ea65436758a1f.txt,126,train,test,12,1|4|7
../Data/downloads/Roboflow/Data/downloads/roboflow_chicken_pose/train/images/127_jpg.rf.4899d0d1f73cf2adc553cb9473bcd57a.jpg,../Data/downloads/Roboflow/Data/downloads/roboflow_chicken_pose/train/labels/127_jpg.rf.4899d0d1f73cf2adc553cb9473bcd57a.txt,127,train,val,12,1|5|6
../Data/downloads/Roboflow/Data/downloads/roboflow_chicken_pose/train/images/128_jpg.rf.264ac2836430c1000e241694e2291784.jpg,../Data/downloads/Roboflow/Data/downloads/roboflow_chicken_pose/train/labels/128_jpg.rf.264ac2836430c1000e241694e2291784.txt,128,train,train,12,1|6|5
../Data/downloads/Roboflow/Data/downloads/roboflow_chicken_pose/train/images/129_jpg.rf.7e4d2248e96a340ccf5bdf4117e00990.jpg,../Data/downloads/Roboflow/Data/downloads/roboflow_chicken_pose/train/labels/129_jpg.rf.7e4d2248e96a340ccf5bdf4117e00990.txt,129,train,train,12,2|5|5
../Data/downloads/Roboflow/Data/downloads/roboflow_chicken_pose/train/images/130453-1-_png.rf.cc844c4b8debfafd1c0b3728070542ef.jpg,../Data/downloads/Roboflow/Data/downloads/roboflow_chicken_pose/train/labels/130453-1-_png.rf.cc844c4b8debfafd1c0b3728070542ef.txt,130453-1-,train,train,12,5|6|1
../Data/downloads/Roboflow/Data/downloads/roboflow_chicken_pose/train/images/130453-11-_png.rf.e25942f058405a6f272ee6590b2db6cc.jpg,../Data/downloads/Roboflow/Data/downloads/roboflow_chicken_pose/train/labels/130453-11-_png.rf.e25942f058405a6f272ee6590b2db6cc.txt,130453-11-,train,train,12,1|8|3
../Data/downloads/Roboflow/Data/downloads/roboflow_chicken_pose/train/images/130453-12-_png.rf.b8adb2c1030c5fec82b26bffc03de8c7.jpg,../Data/downloads/Roboflow/Data/downloads/roboflow_chicken_pose/train/labels/130453-12-_png.rf.b8adb2c1030c5fec82b26bffc03de8c7.txt,130453-12-,train,val,12,5|3|4
../Data/downloads/Roboflow/Data/downloads/roboflow_chicken_pose/train/images/130453-14-_png.rf.54fdf2638b7b1274bfe7cf0948953571.jpg,../Data/downloads/Roboflow/Data/downloads/roboflow_chicken_pose/train/labels/130453-14-_png.rf.54fdf2638b7b1274bfe7cf0948953571.txt,130453-14-,train,train,12,0|8|4
../Data/downloads/Roboflow/Data/downloads/roboflow_chicken_pose/train/images/130453-15-_png.rf.1787a98a5a0ed1788a610769c7206090.jpg,../Data/downloads/Roboflow/Data/downloads/roboflow_chicken_pose/train/labels/130453-15-_png.rf.1787a98a5a0ed1788a610769c7206090.txt,130453-15-,train,train,12,0|9|3
../Data/downloads/Roboflow/Data/downloads/roboflow_chicken_pose/train/images/130453-2-_png.rf.168a87671ebd8e5dcc876227c137d4be.jpg,../Data/downloads/Roboflow/Data/downloads/roboflow_chicken_pose/train/labels/130453-2-_png.rf.168a87671ebd8e5dcc876227c137d4be.txt,130453-2-,train,train,12,6|6|0
../Data/downloads/Roboflow/Data/downloads/roboflow_chicken_pose/train/images/130453-3-_png.rf.b5e37b2b343328666b336fac2720405e.jpg,../Data/downloads/Roboflow/Data/downloads/roboflow_chicken_pose/train/labels/130453-3-_png.rf.b5e37b2b343328666b336fac2720405e.txt,130453-3-,train,train,12,7|5|0
../Data/downloads/Roboflow/Data/downloads/roboflow_chicken_pose/train/images/130453-5-_png.rf.c34258d993d1e5776d3970ab9bbca5d8.jpg,../Data/downloads/Roboflow/Data/downloads/roboflow_chicken_pose/train/labels/130453-5-_png.rf.c34258d993d1e5776d3970ab9bbca5d8.txt,130453-5-,train,test,12,4|6|2
../Data/downloads/Roboflow/Data/downloads/roboflow_chicken_pose/train/images/130453-6-_png.rf.f3e2cec48379937584a9f3c8b334d8dc.jpg,../Data/downloads/Roboflow/Data/downloads/roboflow_chicken_pose/train/labels/130453-6-_png.rf.f3e2cec48379937584a9f3c8b334d8dc.txt,130453-6-,train,val,12,2|9|1
../Data/downloads/Roboflow/Data/downloads/roboflow_chicken_pose/train/images/130453-7-_png.rf.0f60d8ccc5c3970aac4b8a000a5fea33.jpg,../Data/downloads/Roboflow/Data/downloads/roboflow_chicken_pose/train/labels/130453-7-_png.rf.0f60d8ccc5c3970aac4b8a000a5fea33.txt,130453-7-,train,train,12,4|6|2
../Data/downloads/Roboflow/Data/downloads/roboflow_chicken_pose/train/images/130453-8-_png.rf.740bb377d62bb4e32a88003448eb2bef.jpg,../Data/downloads/Roboflow/Data/downloads/roboflow_chicken_pose/train/labels/130453-8-_png.rf.740bb377d62bb4e32a88003448eb2bef.txt,130453-8-,train,test,12,2|6|4
../Data/downloads/Roboflow/Data/downloads/roboflow_chicken_pose/train/images/130_jpg.rf.18ea3545857e849909f6450b82d1900c.jpg,../Data/downloads/Roboflow/Data/downloads/roboflow_chicken_pose/train/labels/130_jpg.rf.18ea3545857e849909f6450b82d1900c.txt,130,train,train,12,2|2|8
../Data/downloads/Roboflow/Data/downloads/roboflow_chicken_pose/train/images/131053-10_png.rf.144df3c507ba89fa0b4adca1e096785e.jpg,../Data/downloads/Roboflow/Data/downloads/roboflow_chicken_pose/train/labels/131053-10_png.rf.144df3c507ba89fa0b4adca1e096785e.txt,131053,train,train,12,1|5|6
../Data/downloads/Roboflow/Data/downloads/roboflow_chicken_pose/train/images/131053-11_png.rf.670ef438befcbad7efc426f523fbaa3d.jpg,../Data/downloads/Roboflow/Data/downloads/roboflow_chicken_pose/train/labels/131053-11_png.rf.670ef438befcbad7efc426f523fbaa3d.txt,131053,train,train,12,3|7|2
../Data/downloads/Roboflow/Data/downloads/roboflow_chicken_pose/train/images/131053-12_png.rf.3fc81a82256a181211bc060e21cb215b.jpg,../Data/downloads/Roboflow/Data/downloads/roboflow_chicken_pose/train/labels/131053-12_png.rf.3fc81a82256a181211bc060e21cb215b.txt,131053,train,train,12,1|8|3
../Data/downloads/Roboflow/Data/downloads/roboflow_chicken_pose/train/images/131053-13_png.rf.39ca44aae51b5fd104961001496df425.jpg,../Data/downloads/Roboflow/Data/downloads/roboflow_chicken_pose/train/labels/131053-13_png.rf.39ca44aae51b5fd104961001496df425.txt,131053,train,train,12,5|4|3
../Data/downloads/Roboflow/Data/downloads/roboflow_chicken_pose/train/images/131053-14_png.rf.b8abd9768c80816dda927b8ce11aa2fa.jpg,../Data/downloads/Roboflow/Data/downloads/roboflow_chicken_pose/train/labels/131053-14_png.rf.b8abd9768c80816dda927b8ce11aa2fa.txt,131053,train,train,12,1|8|3
../Data/downloads/Roboflow/Data/downloads/roboflow_chicken_pose/train/images/131053-1_png.rf.1c4366111238b0609b01785013107882.jpg,../Data/downloads/Roboflow/Data/downloads/roboflow_chicken_pose/train/labels/131053-1_png.rf.1c4366111238b0609b01785013107882.txt,131053,train,train,12,3|7|2
../Data/downloads/Roboflow/Data/downloads/roboflow_chicken_pose/train/images/131053-2_png.rf.842685955163459b419538f78f77ef5a.jpg,../Data/downloads/Roboflow/Data/downloads/roboflow_chicken_pose/train/labels/131053-2_png.rf.842685955163459b419538f78f77ef5a.txt,131053,train,train,12,2|7|3
../Data/downloads/Roboflow/Data/downloads/roboflow_chicken_pose/train/images/131053-3_png.rf.553628e7ab22016302085f6a56de974d.jpg,../Data/downloads/Roboflow/Data/downloads/roboflow_chicken_pose/train/labels/131053-3_png.rf.553628e7ab22016302085f6a56de974d.txt,131053,train,train,12,1|8|3
../Data/downloads/Roboflow/Data/downloads/roboflow_chicken_pose/train/images/131053-4_png.rf.ff3c3fef227b864e34103756630c3c4b.jpg,../Data/downloads/Roboflow/Data/downloads/roboflow_chicken_pose/train/labels/131053-4_png.rf.ff3c3fef227b864e34103756630c3c4b.txt,131053,train,train,12,0|10|2
../Data/downloads/Roboflow/Data/downloads/roboflow_chicken_pose/train/images/131053-5_png.rf.95272189b2e79cf2c0ffdb98bd33c243.jpg,../Data/downloads/Roboflow/Data/downloads/roboflow_chicken_pose/train/labels/131053-5_png.rf.95272189b2e79cf2c0ffdb98bd33c243.txt,131053,train,train,13,1|7|5
../Data/downloads/Roboflow/Data/downloads/roboflow_chicken_pose/train/images/131053-7_png.rf.cd89c585ef5158fd3b825e0356887998.jpg,../Data/downloads/Roboflow/Data/downloads/roboflow_chicken_pose/train/labels/131053-7_png.rf.cd89c585ef5158fd3b825e0356887998.txt,131053,train,train,12,3|4|5
../Data/downloads/Roboflow/Data/downloads/roboflow_chicken_pose/train/images/131053-8_png.rf.3852604b34acc6ca844b7ddf2061e7c3.jpg,../Data/downloads/Roboflow/Data/downloads/roboflow_chicken_pose/train/labels/131053-8_png.rf.3852604b34acc6ca844b7ddf2061e7c3.txt,131053,train,train,12,5|6|1
../Data/downloads/Roboflow/Data/downloads/roboflow_chicken_pose/train/images/131053-9_png.rf.a69e2930645a1af5c775e4ff855de160.jpg,../Data/downloads/Roboflow/Data/downloads/roboflow_chicken_pose/train/labels/131053-9_png.rf.a69e2930645a1af5c775e4ff855de160.txt,131053,train,train,12,1|7|4
../Data/downloads/Roboflow/Data/downloads/roboflow_chicken_pose/train/images/131621-2_png.rf.540fb77c3dde0bf2ec006be50d8c5f7d.jpg,../Data/downloads/Roboflow/Data/downloads/roboflow_chicken_pose/train/labels/131621-2_png.rf.540fb77c3dde0bf2ec006be50d8c5f7d.txt,131621,train,val,12,1|7|4
../Data/downloads/Roboflow/Data/downloads/roboflow_chicken_pose/train/images/131621-3_png.rf.38ba32a4f093232f3be94a6be326ef76.jpg,../Data/downloads/Roboflow/Data/downloads/roboflow_chicken_pose/train/labels/131621-3_png.rf.38ba32a4f093232f3be94a6be326ef76.txt,131621,train,val,12,3|7|2
../Data/downloads/Roboflow/Data/downloads/roboflow_chicken_pose/train/images/131621-4_png.rf.122f649286486527feeb00bcd3380350.jpg,../Data/downloads/Roboflow/Data/downloads/roboflow_chicken_pose/train/labels/131621-4_png.rf.122f649286486527feeb00bcd3380350.txt,131621,train,val,12,2|7|3
../Data/downloads/Roboflow/Data/downloads/roboflow_chicken_pose/train/images/131621-5_png.rf.1b1d5387863be57b25a21a9d25dcc614.jpg,../Data/downloads/Roboflow/Data/downloads/roboflow_chicken_pose/train/labels/131621-5_png.rf.1b1d5387863be57b25a21a9d25dcc614.txt,131621,train,val,12,1|7|4
../Data/downloads/Roboflow/Data/downloads/roboflow_chicken_pose/train/images/131621-7_png.rf.8aa4efc1fb67dfd7f075e8ca0a22a9a8.jpg,../Data/downloads/Roboflow/Data/downloads/roboflow_chicken_pose/train/labels/131621-7_png.rf.8aa4efc1fb67dfd7f075e8ca0a22a9a8.txt,131621,train,val,12,4|6|2
../Data/downloads/Roboflow/Data/downloads/roboflow_chicken_pose/train/images/131621-8_png.rf.c45d0d173900a5f78fdcdf8c9d4318e2.jpg,../Data/downloads/Roboflow/Data/downloads/roboflow_chicken_pose/train/labels/131621-8_png.rf.c45d0d173900a5f78fdcdf8c9d4318e2.txt,131621,train,val,12,6|4|2
../Data/downloads/Roboflow/Data/downloads/roboflow_chicken_pose/train/images/131621-9_png.rf.6a7f08df52da66684758054f8761d762.jpg,../Data/downloads/Roboflow/Data/downloads/roboflow_chicken_pose/train/labels/131621-9_png.rf.6a7f08df52da66684758054f8761d762.txt,131621,train,val,12,2|9|1
../Data/downloads/Roboflow/Data/downloads/roboflow_chicken_pose/train/images/131_jpg.rf.db862020140c5eb41337634770641b5b.jpg,../Data/downloads/Roboflow/Data/downloads/roboflow_chicken_pose/train/labels/131_jpg.rf.db862020140c5eb41337634770641b5b.txt,131,train,train,12,3|3|6
../Data/downloads/Roboflow/Data/downloads/roboflow_chicken_pose/train/images/132755-10_png.rf.fb66defb84cf8d51ea7168f785a9bab0.jpg,../Data/downloads/Roboflow/Data/downloads/roboflow_chicken_pose/train/labels/132755-10_png.rf.fb66defb84cf8d51ea7168f785a9bab0.txt,132755,train,val,12,2|4|6
../Data/downloads/Roboflow/Data/downloads/roboflow_chicken_pose/train/images/132755-11_png.rf.edc7d2d874a10787beb5cb8ae51660e8.jpg,../Data/downloads/Roboflow/Data/downloads/roboflow_chicken_pose/train/labels/132755-11_png.rf.edc7d2d874a10787beb5cb8ae51660e8.txt,132755,train,val,12,1|9|2
../Data/downloads/Roboflow/Data/downloads/roboflow_chicken_pose/train/images/132755-12_png.rf.96dac58ddf3ca6545830a1192282af8e.jpg,../Data/downloads/Roboflow/Data/downloads/roboflow_chicken_pose/train/labels/132755-12_png.rf.96dac58ddf3ca6545830a1192282af8e.txt,132755,train,val,12,1|8|3
../Data/downloads/Roboflow/Data/downloads/roboflow_chicken_pose/train/images/132755-13_png.rf.0d431ac6ddea60dab5a9e514a3cb0083.jpg,../Data/downloads/Roboflow/Data/downloads/roboflow_chicken_pose/train/labels/132755-13_png.rf.0d431ac6ddea60dab5a9e514a3cb0083.txt,132755,train,val,11,2|6|3
../Data/downloads/Roboflow/Data/downloads/roboflow_chicken_pose/train/images/132755-1_png.rf.4b05dca7c65f4ec2a1dfbe85ced1750c.jpg,../Data/downloads/Roboflow/Data/downloads/roboflow_chicken_pose/train/labels/132755-1_png.rf.4b05dca7c65f4ec2a1dfbe85ced1750c.txt,132755,train,val,13,7|5|1
../Data/downloads/Roboflow/Data/downloads/roboflow_chicken_pose/train/images/132755-2_png.rf.9c5d9906cc9b92a541f64d2de6609057.jpg,../Data/downloads/Roboflow/Data/downloads/roboflow_chicken_pose/train/labels/132755-2_png.rf.9c5d9906cc9b92a541f64d2de6609057.txt,132755,train,val,12,4|4|4
../Data/downloads/Roboflow/Data/downloads/roboflow_chicken_pose/train/images/132755-4_png.rf.8bc15f631cfc57348481d1c664a44657.jpg,../Data/downloads/Roboflow/Data/downloads/roboflow_chicken_pose/train/labels/132755-4_png.rf.8bc15f631cfc57348481d1c664a44657.txt,132755,train,val,12,4|4|4
../Data/downloads/Roboflow/Data/downloads/roboflow_chicken_pose/train/images/132755-5_png.rf.b9960ee06a29933a47e8754569487540.jpg,../Data/downloads/Roboflow/Data/downloads/roboflow_chicken_pose/train/labels/132755-5_png.rf.b9960ee06a29933a47e8754569487540.txt,132755,train,val,12,2|7|3
../Data/downloads/Roboflow/Data/downloads/roboflow_chicken_pose/train/images/132755-6_png.rf.0781eab8942a6f0beb56f1cbb47acac5.jpg,../Data/downloads/Roboflow/Data/downloads/roboflow_chicken_pose/train/labels/132755-6_png.rf.0781eab8942a6f0beb56f1cbb47acac5.txt,132755,train,val,12,1|9|2
../Data/downloads/Roboflow/Data/downloads/roboflow_chicken_pose/train/images/132755-7_png.rf.532c21ede2b71165f188f9cf5ab6122e.jpg,../Data/downloads/Roboflow/Data/downloads/roboflow_chicken_pose/train/labels/132755-7_png.rf.532c21ede2b71165f188f9cf5ab6122e.txt,132755,train,val,12,2|3|7
../Data/downloads/Roboflow/Data/downloads/roboflow_chicken_pose/train/images/132755-9_png.rf.19284ca8311e0b12a1c3622e2c7bdbc3.jpg,../Data/downloads/Roboflow/Data/downloads/roboflow_chicken_pose/train/labels/132755-9_png.rf.19284ca8311e0b12a1c3622e2c7bdbc3.txt,132755,train,val,12,2|5|5
../Data/downloads/Roboflow/Data/downloads/roboflow_chicken_pose/train/images/1327552-11_png.rf.b354308673196a0b53d15aa376e85a1e.jpg,../Data/downloads/Roboflow/Data/downloads/roboflow_chicken_pose/train/labels/1327552-11_png.rf.b354308673196a0b53d15aa376e85a1e.txt,1327552,train,train,12,4|6|2
../Data/downloads/Roboflow/Data/downloads/roboflow_chicken_pose/train/images/1327552-12_png.rf.f3ee136f4b2e723612285a4861cfada6.jpg,../Data/downloads/Roboflow/Data/downloads/roboflow_chicken_pose/train/labels/1327552-12_png.rf.f3ee136f4b2e723612285a4861cfada6.txt,1327552,train,train,12,3|6|3
../Data/downloads/Roboflow/Data/downloads/roboflow_chicken_pose/train/images/1327552-13_png.rf.1754cb480811e580e68030693f23e557.jpg,../Data/downloads/Roboflow/Data/downloads/roboflow_chicken_pose/train/labels/1327552-13_png.rf.1754cb480811e580e68030693f23e557.txt,1327552,train,train,12,5|6|1
../Data/downloads/Roboflow/Data/downloads/roboflow_chicken_pose/train/images/1327552-14_png.rf.c610e0aed83c7e81dddf51a096156ca9.jpg,../Data/downloads/Roboflow/Data/downloads/roboflow_chicken_pose/train/labels/1327552-14_png.rf.c610e0aed83c7e81dddf51a096156ca9.txt,1327552,train,train,12,5|4|3
../Data/downloads/Roboflow/Data/downloads/roboflow_chicken_pose/train/images/1327552-15_png.rf.81a0699f3a2dfde53e3574e61afbc270.jpg,../Data/downloads/Roboflow/Data/downloads/roboflow_chicken_pose/train/labels/1327552-15_png.rf.81a0699f3a2dfde53e3574e61afbc270.txt,1327552,train,train,12,3|8|1
../Data/downloads/Roboflow/Data/downloads/roboflow_chicken_pose/train/images/1327552-1_png.rf.5b27933a61fe86d1767a7f7f5940a199.jpg,../Data/downloads/Roboflow/Data/downloads/roboflow_chicken_pose/train/labels/1327552-1_png.rf.5b27933a61fe86d1767a7f7f5940a199.txt,1327552,train,train,12,2|7|3
../Data/downloads/Roboflow/Data/downloads/roboflow_chicken_pose/train/images/1327552-3_png.rf.b9e2bc3f99a7bdada29742628ee086e1.jpg,../Data/downloads/Roboflow/Data/downloads/roboflow_chicken_pose/train/labels/1327552-3_png.rf.b9e2bc3f99a7bdada29742628ee086e1.txt,1327552,train,train,12,3|7|2
../Data/downloads/Roboflow/Data/downloads/roboflow_chicken_pose/train/images/1327552-4_png.rf.7584b3049d47281dde2ad2729e1522a9.jpg,../Data/downloads/Roboflow/Data/downloads/roboflow_chicken_pose/train/labels/1327552-4_png.rf.7584b3049d47281dde2ad2729e1522a9.txt,1327552,train,train,12,1|8|3
../Data/downloads/Roboflow/Data/downloads/roboflow_chicken_pose/train/images/1327552-5_png.rf.99a406a3ab18039e85d96420fe443cc3.jpg,../Data/downloads/Roboflow/Data/downloads/roboflow_chicken_pose/train/labels/1327552-5_png.rf.99a406a3ab18039e85d96420fe443cc3.txt,1327552,train,train,12,0|10|2
../Data/downloads/Roboflow/Data/downloads/roboflow_chicken_pose/train/images/1327552-6_png.rf.16102989d4286ef931b539660c8e1ba4.jpg,../Data/downloads/Roboflow/Data/downloads/roboflow_chicken_pose/train/labels/1327552-6_png.rf.16102989d4286ef931b539660c8e1ba4.txt,1327552,train,train,12,1|10|1
../Data/downloads/Roboflow/Data/downloads/roboflow_chicken_pose/train/images/1327552-7_png.rf.3199ac5141f1ffdce980505bfc907366.jpg,../Data/downloads/Roboflow/Data/downloads/roboflow_chicken_pose/train/labels/1327552-7_png.rf.3199ac5141f1ffdce980505bfc907366.txt,1327552,train,train,11,1|6|4
../Data/downloads/Roboflow/Data/downloads/roboflow_chicken_pose/train/images/1327552-8_png.rf.51672604eeb28849631c45347f0b03b0.jpg,../Data/downloads/Roboflow/Data/downloads/roboflow_chicken_pose/train/labels/1327552-8_png.rf.51672604eeb28849631c45347f0b03b0.txt,1327552,train,train,12,0|8|4
../Data/downloads/Roboflow/Data/downloads/roboflow_chicken_pose/train/images/133713-1-_png.rf.5e42d9049995c0ced95f92b0926327cb.jpg,../Data/downloads/Roboflow/Data/downloads/roboflow_chicken_pose/train/labels/133713-1-_png.rf.5e42d9049995c0ced95f92b0926327cb.txt,133713-1-,train,train,12,1|7|4
../Data/downloads/Roboflow/Data/downloads/roboflow_chicken_pose/train/images/133713-10-_png.rf.2c38c18cd3cd605bc316da3dc0128371.jpg,../Data/downloads/Roboflow/Data/downloads/roboflow_chicken_pose/train/labels/133713-10-_png.rf.2c38c18cd3cd605bc316da3dc0128371.txt,133713-10-,train,train,12,5|6|1
../Data/downloads/Roboflow/Data/downloads/roboflow_chicken_pose/train/images/133713-11-_png.rf.f258e6aed55e80c394eb775dee78687e.jpg,../Data/downloads/Roboflow/Data/downloads/roboflow_chicken_pose/train/labels/133713-11-_png.rf.f258e6aed55e80c394eb775dee78687e.txt,133713-11-,train,test,12,3|4|5
../Data/downloads/Roboflow/Data/downloads/roboflow_chicken_pose/train/images/133713-2-_png.rf.1075e7078bdfe27fcbd11cfe02e320ed.jpg,../Data/downloads/Roboflow/Data/downloads/roboflow_chicken_pose/train/labels/133713-2-_png.rf.1075e7078bdfe27fcbd11cfe02e320ed.txt,133713-2-,train,train,12,6|1|5
../Data/downloads/Roboflow/Data/downloads/roboflow_chicken_pose/train/images/133713-3-_png.rf.9d73dadbad8cfb537dad36c3e342d914.jpg,../Data/downloads/Roboflow/Data/downloads/roboflow_chicken_pose/train/labels/133713-3-_png.rf.9d73dadbad8cfb537dad36c3e342d914.txt,133713-3-,train,train,12,3|9|0
../Data/downloads/Roboflow/Data/downloads/roboflow_chicken_pose/train/images/133713-4-_png.rf.df676edbedd6361628b1825ef394862b.jpg,../Data/downloads/Roboflow/Data/downloads/roboflow_chicken_pose/train/labels/133713-4-_png.rf.df676edbedd6361628b1825ef394862b.txt,133713-4-,train,train,12,3|8|1
../Data/downloads/Roboflow/Data/downloads/roboflow_chicken_pose/train/images/133713-5-_png.rf.d0cf35f6f1233155bad76fe480ee653a.jpg,../Data/downloads/Roboflow/Data/downloads/roboflow_chicken_pose/train/labels/133713-5-_png.rf.d0cf35f6f1233155bad76fe480ee653a.txt,133713-5-,train,train,12,2|8|2
../Data/downloads/Roboflow/Data/downloads/roboflow_chicken_pose/train/images/133713-7-_png.rf.6b6f66486fe7cf4388599a027db5ffe4.jpg,../Data/downloads/Roboflow/Data/downloads/roboflow_chicken_pose/train/labels/133713-7-_png.rf.6b6f66486fe7cf4388599a027db5ffe4.txt,133713-7-,train,val,12,3|8|1
../Data/downloads/Roboflow/Data/downloads/roboflow_chicken_pose/train/images/133713-8-_png.rf.542e5baf783403e636c04329736bdd5a.jpg,../Data/downloads/Roboflow/Data/downloads/roboflow_chicken_pose/train/labels/133713-8-_png.rf.542e5baf783403e636c04329736bdd5a.txt,133713-8-,train,train,12,3|8|1
../Data/downloads/Roboflow/Data/downloads/roboflow_chicken_pose/train/images/133713-9-_png.rf.f07d9d2d0c2f1c5467d3119ea8b95d5a.jpg,../Data/downloads/Roboflow/Data/downloads/roboflow_chicken_pose/train/labels/133713-9-_png.rf.f07d9d2d0c2f1c5467d3119ea8b95d5a.txt,133713-9-,train,train,12,5|6|1
../Data/downloads/Roboflow/Data/downloads/roboflow_chicken_pose/train/images/133_jpg.rf.4983cfca9f37b2051ddd98d8aa684a01.jpg,../Data/downloads/Roboflow/Data/downloads/roboflow_chicken_pose/train/labels/133_jpg.rf.4983cfca9f37b2051ddd98d8aa684a01.txt,133,train,test,12,0|1|11
../Data/downloads/Roboflow/Data/downloads/roboflow_chicken_pose/train/images/135_jpg.rf.1287c34afc1fe01de2aa8388469f39ac.jpg,../Data/downloads/Roboflow/Data/downloads/roboflow_chicken_pose/train/labels/135_jpg.rf.1287c34afc1fe01de2aa8388469f39ac.txt,135,train,train,12,5|6|1
../Data/downloads/Roboflow/Data/downloads/roboflow_chicken_pose/train/images/136_jpg.rf.3935cbdc8d479ca9eee2805cc7858916.jpg,../Data/downloads/Roboflow/Data/downloads/roboflow_chicken_pose/train/labels/136_jpg.rf.3935cbdc8d479ca9eee2805cc7858916.txt,136,train,train,12,2|4|6
../Data/downloads/Roboflow/Data/downloads/roboflow_chicken_pose/train/images/137_jpg.rf.45ec77c2323d65ba56d5fadca525dc08.jpg,../Data/downloads/Roboflow/Data/downloads/roboflow_chicken_pose/train/labels/137_jpg.rf.45ec77c2323d65ba56d5fadca525dc08.txt,137,train,test,12,3|4|5
../Data/downloads/Roboflow/Data/downloads/roboflow_chicken_pose/train/images/13_jpg.rf.1b40c1c07ab39c2f5b6b4793e421f336.jpg,../Data/downloads/Roboflow/Data/downloads/roboflow_chicken_pose/train/labels/13_jpg.rf.1b40c1c07ab39c2f5b6b4793e421f336.txt,13,train,train,12,0|1|11
../Data/downloads/Roboflow/Data/downloads/roboflow_chicken_pose/train/images/140_jpg.rf.5c289385630ac49fd12ea043a7cd2301.jpg,../Data/downloads/Roboflow/Data/downloads/roboflow_chicken_pose/train/labels/140_jpg.rf.5c289385630ac49fd12ea043a7cd2301.txt,140,train,train,12,1|6|5
../Data/downloads/Roboflow/Data/downloads/roboflow_chicken_pose/train/images/141_jpg.rf.7097e26581b3b917907fe86b929309e3.jpg,../Data/downloads/Roboflow/Data/downloads/roboflow_chicken_pose/train/labels/141_jpg.rf.7097e26581b3b917907fe86b929309e3.txt,141,train,val,12,8|3|1
../Data/downloads/Roboflow/Data/downloads/roboflow_chicken_pose/train/images/142_jpg.rf.d3bf6fc8a53f328d7914d32745edaf8c.jpg,../Data/downloads/Roboflow/Data/downloads/roboflow_chicken_pose/train/labels/142_jpg.rf.d3bf6fc8a53f328d7914d32745edaf8c.txt,142,train,train,12,2|5|5
../Data/downloads/Roboflow/Data/downloads/roboflow_chicken_pose/train/images/143_jpg.rf.11d39a87845c1cfdf85693b9efa54ce9.jpg,../Data/downloads/Roboflow/Data/downloads/roboflow_chicken_pose/train/labels/143_jpg.rf.11d39a87845c1cfdf85693b9efa54ce9.txt,143,train,test,12,1|3|8
../Data/downloads/Roboflow/Data/downloads/roboflow_chicken_pose/train/images/144125-1-_png.rf.2bdaa4a94442c6dbdcd90ec85ae550f4.jpg,../Data/downloads/Roboflow/Data/downloads/roboflow_chicken_pose/train/labels/144125-1-_png.rf.2bdaa4a94442c6dbdcd90ec85ae550f4.txt,144125-1-,train,train,12,8|4|0
../Data/downloads/Roboflow/Data/downloads/roboflow_chicken_pose/train/images/144125-10-_png.rf.81a81580b1842d54700c39e7f61902f8.jpg,../Data/downloads/Roboflow/Data/downloads/roboflow_chicken_pose/train/labels/144125-10-_png.rf.81a81580b1842d54700c39e7f61902f8.txt,144125-10-,train,test,12,5|6|1
../Data/downloads/Roboflow/Data/downloads/roboflow_chicken_pose/train/images/144125-11-_png.rf.84882466177d53e63d1f79b4d68c5427.jpg,../Data/downloads/Roboflow/Data/downloads/roboflow_chicken_pose/train/labels/144125-11-_png.rf.84882466177d53e63d1f79b4d68c5427.txt,144125-11-,train,train,12,3|5|4
../Data/downloads/Roboflow/Data/downloads/roboflow_chicken_pose/train/images/144125-12-_png.rf.37d0f0ca75a45f47a1418555184a6992.jpg,../Data/downloads/Roboflow/Data/downloads/roboflow_chicken_pose/train/labels/144125-12-_png.rf.37d0f0ca75a45f47a1418555184a6992.txt,144125-12-,train,train,12,3|5|4
../Data/downloads/Roboflow/Data/downloads/roboflow_chicken_pose/train/images/144125-14-_png.rf.580a7fab75143b688dc605d3f3dad1b9.jpg,../Data/downloads/Roboflow/Data/downloads/roboflow_chicken_pose/train/labels/144125-14-_png.rf.580a7fab75143b688dc605d3f3dad1b9.txt,144125-14-,train,train,12,5|4|3
../Data/downloads/Roboflow/Data/downloads/roboflow_chicken_pose/train/images/144125-2-_png.rf.2af5bdc60009f2e55d99a8ce1ce8923b.jpg,../Data/downloads/Roboflow/Data/downloads/roboflow_chicken_pose/train/labels/144125-2-_png.rf.2af5bdc60009f2e55d99a8ce1ce8923b.txt,144125-2-,train,val,12,4|3|5
../Data/downloads/Roboflow/Data/downloads/roboflow_chicken_pose/train/images/144125-4-_png.rf.78b2f6be73311413b0d341b4403e04d0.jpg,../Data/downloads/Roboflow/Data/downloads/roboflow_chicken_pose/train/labels/144125-4-_png.rf.78b2f6be73311413b0d341b4403e04d0.txt,144125-4-,train,train,12,1|6|5
../Data/downloads/Roboflow/Data/downloads/roboflow_chicken_pose/train/images/144125-5-_png.rf.bb7dae204a13866566606827540fd645.jpg,../Data/downloads/Roboflow/Data/downloads/roboflow_chicken_pose/train/labels/144125-5-_png.rf.bb7dae204a13866566606827540fd645.txt,144125-5-,train,train,12,2|7|3
../Data/downloads/Roboflow/Data/downloads/roboflow_chicken_pose/train/images/144125-6-_png.rf.a0e1189bd54cade193a4c23b42ebfb42.jpg,../Data/downloads/Roboflow/Data/downloads/roboflow_chicken_pose/train/labels/144125-6-_png.rf.a0e1189bd54cade193a4c23b42ebfb42.txt,144125-6-,train,train,12,2|5|5
../Data/downloads/Roboflow/Data/downloads/roboflow_chicken_pose/train/images/144125-8-_png.rf.ec3e6e306182e7af00f7ea790e9894c4.jpg,../Data/downloads/Roboflow/Data/downloads/roboflow_chicken_pose/train/labels/144125-8-_png.rf.ec3e6e306182e7af00f7ea790e9894c4.txt,144125-8-,train,train,12,3|4|5
../Data/downloads/Roboflow/Data/downloads/roboflow_chicken_pose/train/images/144125-9-_png.rf.fa5444d9ed84d48870edfb857af2021b.jpg,../Data/downloads/Roboflow/Data/downloads/roboflow_chicken_pose/train/labels/144125-9-_png.rf.fa5444d9ed84d48870edfb857af2021b.txt,144125-9-,train,test,12,4|3|5
../Data/downloads/Roboflow/Data/downloads/roboflow_chicken_pose/train/images/144929-5_png.rf.d6675e6147356e5078a954defcc5d22e.jpg,../Data/downloads/Roboflow/Data/downloads/roboflow_chicken_pose/train/labels/144929-5_png.rf.d6675e6147356e5078a954defcc5d22e.txt,144929,train,train,12,1|7|4
../Data/downloads/Roboflow/Data/downloads/roboflow_chicken_pose/train/images/144_jpg.rf.9ddd4e713a0751616f0cffc541d12f36.jpg,../Data/downloads/Roboflow/Data/downloads/roboflow_chicken_pose/train/labels/144_jpg.rf.9ddd4e713a0751616f0cffc541d12f36.txt,144,train,train,11,0|0|11
../Data/downloads/Roboflow/Data/downloads/roboflow_chicken_pose/train/images/145632-1-_png.rf.69773c66ebd26eed300da3a1c1d6a739.jpg,../Data/downloads/Roboflow/Data/downloads/roboflow_chicken_pose/train/labels/145632-1-_png.rf.69773c66ebd26eed300da3a1c1d6a739.txt,145632-1-,train,train,12,0|5|7
../Data/downloads/Roboflow/Data/downloads/roboflow_chicken_pose/train/images/145632-10_png.rf.75044cd8796464e94a84b7cf4244d3d1.jpg,../Data/downloads/Roboflow/Data/downloads/roboflow_chicken_pose/train/labels/145632-10_png.rf.75044cd8796464e94a84b7cf4244d3d1.txt,145632,train,train,12,0|11|1
../Data/downloads/Roboflow/Data/downloads/roboflow_chicken_pose/train/images/145632-11_png.rf.5ba01832ed1258d337f7534c40097161.jpg,../Data/downloads/Roboflow/Data/downloads/roboflow_chicken_pose/train/labels/145632-11_png.rf.5ba01832ed1258d337f7534c40097161.txt,145632,train,train,12,1|8|3
../Data/downloads/Roboflow/Data/downloads/roboflow_chicken_pose/train/images/145632-12_png.rf.e2ad0171a6ed6fd6e12ec90ceabdfc44.jpg,../Data/downloads/Roboflow/Data/downloads/roboflow_chicken_pose/train/labels/145632-12_png.rf.e2ad0171a6ed6fd6e12ec90ceabdfc44.txt,145632,train,train,12,3|6|3
../Data/downloads/Roboflow/Data/downloads/roboflow_chicken_pose/train/images/145632-13_png.rf.1f9bf33c22418f96db519b446ca24968.jpg,../Data/downloads/Roboflow/Data/downloads/roboflow_chicken_pose/train/labels/145632-13_png.rf.1f9bf33c22418f96db519b446ca24968.txt,145632,train,train,12,4|5|3
../Data/downloads/Roboflow/Data/downloads/roboflow_chicken_pose/train/images/145632-1_png.rf.ee65212cf4c5d012e79ef03eb3700cd5.jpg,../Data/downloads/Roboflow/Data/downloads/roboflow_chicken_pose/train/labels/145632-1_png.rf.ee65212cf4c5d012e79ef03eb3700cd5.txt,145632,train,train,12,2|10|0
../Data/downloads/Roboflow/Data/downloads/roboflow_chicken_pose/train/images/145632-2-_png.rf.f290cc4e0f67997a1791cb059b07bcd8.jpg,../Data/downloads/Roboflow/Data/downloads/roboflow_chicken_pose/train/labels/145632-2-_png.rf.f290cc4e0f67997a1791cb059b07bcd8.txt,145632-2-,train,train,12,3|7|2
../Data/downloads/Roboflow/Data/downloads/roboflow_chicken_pose/train/images/145632-2_png.rf.2407eebfb284b6c4e9962b39496a5037.jpg,../Data/downloads/Roboflow/Data/downloads/roboflow_chicken_pose/train/labels/145632-2_png.rf.2407eebfb284b6c4e9962b39496a5037.txt,145632,train,train,12,2|7|3
../Data/downloads/Roboflow/Data/downloads/roboflow_chicken_pose/train/images/145632-3-_png.rf.73cd9ca517b443efd973501aa13debb3.jpg,../Data/downloads/Roboflow/Data/downloads/roboflow_chicken_pose/train/labels/145632-3-_png.rf.73cd9ca517b443efd973501aa13debb3.txt,145632-3-,train,val,12,5|6|1
../Data/downloads/Roboflow/Data/downloads/roboflow_chicken_pose/train/images/145632-4-_png.rf.7591314e027e824ed9c0730f81fbfe3f.jpg,../Data/downloads/Roboflow/Data/downloads/roboflow_chicken_pose/train/labels/145632-4-_png.rf.7591314e027e824ed9c0730f81fbfe3f.txt,145632-4-,train,train,12,0|8|4
../Data/downloads/Roboflow/Data/downloads/roboflow_chicken_pose/train/images/145632-5-_png.rf.672366891f293a785e8e4a7c21231144.jpg,../Data/downloads/Roboflow/Data/downloads/roboflow_chicken_pose/train/labels/145632-5-_png.rf.672366891f293a785e8e4a7c21231144.txt,145632-5-,train,val,12,4|6|2
../Data/downloads/Roboflow/Data/downloads/roboflow_chicken_pose/train/images/145632-6_png.rf.3b0fde2d4968ea702c87b60bdae58e8a.jpg,../Data/downloads/Roboflow/Data/downloads/roboflow_chicken_pose/train/labels/145632-6_png.rf.3b0fde2d4968ea702c87b60bdae58e8a.txt,145632,train,train,12,2|5|5
../Data/downloads/Roboflow/Data/downloads/roboflow_chicken_pose/train/images/145632-9_png.rf.b3888e811f069b542d403c44205a1a0f.jpg,../Data/downloads/Roboflow/Data/downloads/roboflow_chicken_pose/train/labels/145632-9_png.rf.b3888e811f069b542d403c44205a1a0f.txt,145632,train,train,12,2|5|5
../Data/downloads/Roboflow/Data/downloads/roboflow_chicken_pose/train/images/145929-1_png.rf.daf75534cb42df92819e769d5f8b131e.jpg,../Data/downloads/Roboflow/Data/downloads/roboflow_chicken_pose/train/labels/145929-1_png.rf.daf75534cb42df92819e769d5f8b131e.txt,145929,train,val,12,2|1|9
../Data/downloads/Roboflow/Data/downloads/roboflow_chicken_pose/train/images/145929-2_png.rf.c09361b2c37841a333bae37d81c8696c.jpg,../Data/downloads/Roboflow/Data/downloads/roboflow_chicken_pose/train/labels/145929-2_png.rf.c09361b2c37841a333bae37d81c8696c.txt,145929,train,val,12,3|3|6
../Data/downloads/Roboflow/Data/downloads/roboflow_chicken_pose/train/images/145929-3_png.rf.1b1a72c39818f7420771611edc126957.jpg,../Data/downloads/Roboflow/Data/downloads/roboflow_chicken_pose/train/labels/145929-3_png.rf.1b1a72c39818f7420771611edc126957.txt,145929,train,val,12,1|3|8
../Data/downloads/Roboflow/Data/downloads/roboflow_chicken_pose/train/images/146_jpg.rf.22d56df0a7fe6bac070205efa82263fd.jpg,../Data/downloads/Roboflow/Data/downloads/roboflow_chicken_pose/train/labels/146_jpg.rf.22d56df0a7fe6bac070205efa82263fd.txt,146,train,test,11,2|5|4
../Data/downloads/Roboflow/Data/downloads/roboflow_chicken_pose/train/images/147_jpg.rf.95feb906f55e13aecf27a9ef9d699c3e.jpg,../Data/downloads/Roboflow/Data/downloads/roboflow_chicken_pose/train/labels/147_jpg.rf.95feb906f55e13aecf27a9ef9d699c3e.txt,147,train,train,11,9|0|2
../Data/downloads/Roboflow/Data/downloads/roboflow_chicken_pose/train/images/148_jpg.rf.f8a5c131bcfc789ca2f8f6ef6ed3999a.jpg,../Data/downloads/Roboflow/Data/downloads/roboflow_chicken_pose/train/labels/148_jpg.rf.f8a5c131bcfc789ca2f8f6ef6ed3999a.txt,148,train,test,12,3|6|3
../Data/downloads/Roboflow/Data/downloads/roboflow_chicken_pose/train/images/149_jpg.rf.7e3e3392f8ad6fe45fc8d5677c8917dd.jpg,../Data/downloads/Roboflow/Data/downloads/roboflow_chicken_pose/train/labels/149_jpg.rf.7e3e3392f8ad6fe45fc8d5677c8917dd.txt,149,train,train,12,0|3|9
../Data/downloads/Roboflow/Data/downloads/roboflow_chicken_pose/train/images/14_jpg.rf.faea954b0b7b1d9290086df8808149f1.jpg,../Data/downloads/Roboflow/Data/downloads/roboflow_chicken_pose/train/labels/14_jpg.rf.faea954b0b7b1d9290086df8808149f1.txt,14,train,test,12,4|6|2
../Data/downloads/Roboflow/Data/downloads/roboflow_chicken_pose/train/images/150230-1_png.rf.55b3a998f62f2a9e662d448f26f3624a.jpg,../Data/downloads/Roboflow/Data/downloads/roboflow_chicken_pose/train/labels/150230-1_png.rf.55b3a998f62f2a9e662d448f26f3624a.txt,150230,train,train,12,1|2|9
../Data/downloads/Roboflow/Data/downloads/roboflow_chicken_pose/train/images/150230-2_png.rf.b9dbf9e5ffec49a989a51b234f23f4fa.jpg,../Data/downloads/Roboflow/Data/downloads/roboflow_chicken_pose/train/labels/150230-2_png.rf.b9dbf9e5ffec49a989a51b234f23f4fa.txt,150230,train,train,12,4|7|1
../Data/downloads/Roboflow/Data/downloads/roboflow_chicken_pose/train/images/150230-3_png.rf.8695d38995021956d12933ab172602d8.jpg,../Data/downloads/Roboflow/Data/downloads/roboflow_chicken_pose/train/labels/150230-3_png.rf.8695d38995021956d12933ab172602d8.txt,150230,train,train,12,1|6|5
../Data/downloads/Roboflow/Data/downloads/roboflow_chicken_pose/train/images/150230-4_png.rf.d5854bc8c8023bb2c6528ad64e001605.jpg,../Data/downloads/Roboflow/Data/downloads/roboflow_chicken_pose/train/labels/150230-4_png.rf.d5854bc8c8023bb2c6528ad64e001605.txt,150230,train,train,12,4|6|2
../Data/downloads/Roboflow/Data/downloads/roboflow_chicken_pose/train/images/150230-5_png.rf.c7f85501c85465a92564b7e07c6e1ae5.jpg,../Data/downloads/Roboflow/Data/downloads/roboflow_chicken_pose/train/labels/150230-5_png.rf.c7f85501c85465a92564b7e07c6e1ae5.txt,150230,train,train,12,0|0|12
../Data/downloads/Roboflow/Data/downloads/roboflow_chicken_pose/train/images/150230-6_png.rf.cd31a8e228ac2f245201c31ee21ce7eb.jpg,../Data/downloads/Roboflow/Data/downloads/roboflow_chicken_pose/train/labels/150230-6_png.rf.cd31a8e228ac2f245201c31ee21ce7eb.txt,150230,train,train,12,4|6|2
../Data/downloads/Roboflow/Data/downloads/roboflow_chicken_pose/train/images/150230-7_png.rf.c84e80fbcce1c94350bf4b19c38b37c2.jpg,../Data/downloads/Roboflow/Data/downloads/roboflow_chicken_pose/train/labels/150230-7_png.rf.c84e80fbcce1c94350bf4b19c38b37c2.txt,150230,train,train,12,0|4|8
../Data/downloads/Roboflow/Data/downloads/roboflow_chicken_pose/train/images/150230-8_png.rf.06c008ee9579e05c26b15c3b68828005.jpg,../Data/downloads/Roboflow/Data/downloads/roboflow_chicken_pose/train/labels/150230-8_png.rf.06c008ee9579e05c26b15c3b68828005.txt,150230,train,train,12,1|1|10
../Data/downloads/Roboflow/Data/downloads/roboflow_chicken_pose/train/images/150_jpg.rf.48af2e7ce57ca079c871d6016ace24c9.jpg,../Data/downloads/Roboflow/Data/downloads/roboflow_chicken_pose/train/labels/150_jpg.rf.48af2e7ce57ca079c871d6016ace24c9.txt,150,train,train,11,2|7|2
../Data/downloads/Roboflow/Data/downloads/roboflow_chicken_pose/train/images/151_jpg.rf.110c913078272cb59a1e9b9c30d9f6eb.jpg,../Data/downloads/Roboflow/Data/downloads/roboflow_chicken_pose/train/labels/151_jpg.rf.110c913078272cb59a1e9b9c30d9f6eb.txt,151,train,test,12,5|4|3
../Data/downloads/Roboflow/Data/downloads/roboflow_chicken_pose/train/images/152_jpg.rf.2a8b5275e9697695d1f1812d255df95e.jpg,../Data/downloads/Roboflow/Data/downloads/roboflow_chicken_pose/train/labels/152_jpg.rf.2a8b5275e9697695d1f1812d255df95e.txt,152,train,test,10,2|3|5
../Data/downloads/Roboflow/Data/downloads/roboflow_chicken_pose/train/images/153_jpg.rf.e2309228b4839d31788d1c351edeea63.jpg,../Data/downloads/Roboflow/Data/downloads/roboflow_chicken_pose/train/labels/153_jpg.rf.e2309228b4839d31788d1c351edeea63.txt,153,train,train,11,1|1|9
../Data/downloads/Roboflow/Data/downloads/roboflow_chicken_pose/train/images/154_jpg.rf.fae0cab3dc89fbb77bc7e27918356945.jpg,../Data/downloads/Roboflow/Data/downloads/roboflow_chicken_pose/train/labels/154_jpg.rf.fae0cab3dc89fbb77bc7e27918356945.txt,154,train,train,12,0|4|8
../Data/downloads/Roboflow/Data/downloads/roboflow_chicken_pose/train/images/155_jpg.rf.0610a76467dc38660e36942e6c527dbf.jpg,../Data/downloads/Roboflow/Data/downloads/roboflow_chicken_pose/train/labels/155_jpg.rf.0610a76467dc38660e36942e6c527dbf.txt,155,train,test,12,3|5|4
../Data/downloads/Roboflow/Data/downloads/roboflow_chicken_pose/train/images/156_jpg.rf.4687dc07d27ba48f565a12f5ebc85a48.jpg,../Data/downloads/Roboflow/Data/downloads/roboflow_chicken_pose/train/labels/156_jpg.rf.4687dc07d27ba48f565a12f5ebc85a48.txt,156,train,train,12,4|1|7
../Data/downloads/Roboflow/Data/downloads/roboflow_chicken_pose/train/images/157_jpg.rf.398acfee6e27a6eecc22d359ab80de4a.jpg,../Data/downloads/Roboflow/Data/downloads/roboflow_chicken_pose/train/labels/157_jpg.rf.398acfee6e27a6eecc22d359ab80de4a.txt,157,train,train,12,2|6|4
../Data/downloads/Roboflow/Data/downloads/roboflow_chicken_pose/train/images/158_jpg.rf.1c6716e6bfcf66008c398bf5f33666e5.jpg,../Data/downloads/Roboflow/Data/downloads/roboflow_chicken_pose/train/labels/158_jpg.rf.1c6716e6bfcf66008c398bf5f33666e5.txt,158,train,val,12,3|4|5
../Data/downloads/Roboflow/Data/downloads/roboflow_chicken_pose/train/images/159_jpg.rf.6e90cb2e828d44220ba586acf0a2e764.jpg,../Data/downloads/Roboflow/Data/downloads/roboflow_chicken_pose/train/labels/159_jpg.rf.6e90cb2e828d44220ba586acf0a2e764.txt,159,train,train,12,1|6|5
../Data/downloads/Roboflow/Data/downloads/roboflow_chicken_pose/train/images/15_jpg.rf.89542eec3ebc90200e8b857fec82400d.jpg,../Data/downloads/Roboflow/Data/downloads/roboflow_chicken_pose/train/labels/15_jpg.rf.89542eec3ebc90200e8b857fec82400d.txt,15,train,test,11,2|5|4
../Data/downloads/Roboflow/Data/downloads/roboflow_chicken_pose/train/images/160536-12-_png.rf.15c97f8fa70708293b199743e19fa131.jpg,../Data/downloads/Roboflow/Data/downloads/roboflow_chicken_pose/train/labels/160536-12-_png.rf.15c97f8fa70708293b199743e19fa131.txt,160536-12-,train,val,12,1|10|1
../Data/downloads/Roboflow/Data/downloads/roboflow_chicken_pose/train/images/160536-13-_png.rf.857d77623b56f3f64ef10cfe2ec7bd3c.jpg,../Data/downloads/Roboflow/Data/downloads/roboflow_chicken_pose/train/labels/160536-13-_png.rf.857d77623b56f3f64ef10cfe2ec7bd3c.txt,160536-13-,train,train,12,5|4|3
../Data/downloads/Roboflow/Data/downloads/roboflow_chicken_pose/train/images/160536-16-_png.rf.9a2462b0657566e05712654f0a5847f8.jpg,../Data/downloads/Roboflow/Data/downloads/roboflow_chicken_pose/train/labels/160536-16-_png.rf.9a2462b0657566e05712654f0a5847f8.txt,160536-16-,train,train,12,2|3|7
../Data/downloads/Roboflow/Data/downloads/roboflow_chicken_pose/train/images/160536-2-_png.rf.3bbc6e7ded6202b17912a3c1a0363d45.jpg,../Data/downloads/Roboflow/Data/downloads/roboflow_chicken_pose/train/labels/160536-2-_png.rf.3bbc6e7ded6202b17912a3c1a0363d45.txt,160536-2-,train,train,12,8|2|2
../Data/downloads/Roboflow/Data/downloads/roboflow_chicken_pose/train/images/160536-3-_png.rf.b6898bf60c4650a27245aeaac7fc62b0.jpg,../Data/downloads/Roboflow/Data/downloads/roboflow_chicken_pose/train/labels/160536-3-_png.rf.b6898bf60c4650a27245aeaac7fc62b0.txt,160536-3-,train,train,12,2|8|2
../Data/downloads/Roboflow/Data/downloads/roboflow_chicken_pose/train/images/160536-4-_png.rf.64ce0599f30cbadeafb342faf54e80cc.jpg,../Data/downloads/Roboflow/Data/downloads/roboflow_chicken_pose/train/labels/160536-4-_png.rf.64ce0599f30cbadeafb342faf54e80cc.txt,160536-4-,train,train,12,5|4|3
../Data/downloads/Roboflow/Data/downloads/roboflow_chicken_pose/train/images/160536-5-_png.rf.5daa99348949ed05e03740b5cc246cb6.jpg,../Data/downloads/Roboflow/Data/downloads/roboflow_chicken_pose/train/labels/160536-5-_png.rf.5daa99348949ed05e03740b5cc246cb6.txt,160536-5-,train,train,12,3|7|2
../Data/downloads/Roboflow/Data/downloads/roboflow_chicken_pose/train/images/160536-6-_png.rf.df3d84925d67d1c8934d5ead2a770447.jpg,../Data/downloads/Roboflow/Data/downloads/roboflow_chicken_pose/train/labels/160536-6-_png.rf.df3d84925d67d1c8934d5ead2a770447.txt,160536-6-,train,train,12,3|6|3
../Data/downloads/Roboflow/Data/downloads/roboflow_chicken_pose/train/images/160536-7-_png.rf.a95dca90a89e1fbbddcd00ff74882c5b.jpg,../Data/downloads/Roboflow/Data/downloads/roboflow_chicken_pose/train/labels/160536-7-_png.rf.a95dca90a89e1fbbddcd00ff74882c5b.txt,160536-7-,train,train,12,4|8|0
../Data/downloads/Roboflow/Data/downloads/roboflow_chicken_pose/train/images/160536-8-_png.rf.796de831e5ceedbc5b641391eb3639d1.jpg,../Data/downloads/Roboflow/Data/downloads/roboflow_chicken_pose/train/labels/160536-8-_png.rf.796de831e5ceedbc5b641391eb3639d1.txt,160536-8-,train,test,12,4|7|1
../Data/downloads/Roboflow/Data/downloads/roboflow_chicken_pose/train/images/160536-9-_png.rf.ea81a739b3eb526c3f5b65c97c8e8073.jpg,../Data/downloads/Roboflow/Data/downloads/roboflow_chicken_pose/train/labels/160536-9-_png.rf.ea81a739b3eb526c3f5b65c97c8e8073.txt,160536-9-,train,train,12,3|3|6
../Data/downloads/Roboflow/Data/downloads/roboflow_chicken_pose/train/images/160_jpg.rf.c6fd9ae49a30c59cac1eb0436d465074.jpg,../Data/downloads/Roboflow/Data/downloads/roboflow_chicken_pose/train/labels/160_jpg.rf.c6fd9ae49a30c59cac1eb0436d465074.txt,160,train,train,12,4|2|6
../Data/downloads/Roboflow/Data/downloads/roboflow_chicken_pose/train/images/161_jpg.rf.3c248aaaef110765129a7dd9a711a2c6.jpg,../Data/downloads/Roboflow/Data/downloads/roboflow_chicken_pose/train/labels/161_jpg.rf.3c248aaaef110765129a7dd9a711a2c6.txt,161,train,val,12,3|5|4
../Data/downloads/Roboflow/Data/downloads/roboflow_chicken_pose/train/images/162_jpg.rf.124df192e9dfb6d94ae8e18bded2c00e.jpg,../Data/downloads/Roboflow/Data/downloads/roboflow_chicken_pose/train/labels/162_jpg.rf.124df192e9dfb6d94ae8e18bded2c00e.txt,162,train,train,12,0|7|5
../Data/downloads/Roboflow/Data/downloads/roboflow_chicken_pose/train/images/163517-10_png.rf.05d1b5bc9e572879d80c79e64511efc9.jpg,../Data/downloads/Roboflow/Data/downloads/roboflow_chicken_pose/train/labels/163517-10_png.rf.05d1b5bc9e572879d80c79e64511efc9.txt,163517,train,train,12,2|4|6
../Data/downloads/Roboflow/Data/downloads/roboflow_chicken_pose/train/images/163517-12_png.rf.f007ae68340fc9430a1e425ec7537bc7.jpg,../Data/downloads/Roboflow/Data/downloads/roboflow_chicken_pose/train/labels/163517-12_png.rf.f007ae68340fc9430a1e425ec7537bc7.txt,163517,train,train,12,4|4|4
../Data/downloads/Roboflow/Data/downloads/roboflow_chicken_pose/train/images/163517-1_png.rf.ab62921f9a0edbaf6cb8835c857132be.jpg,../Data/downloads/Roboflow/Data/downloads/roboflow_chicken_pose/train/labels/163517-1_png.rf.ab62921f9a0edbaf6cb8835c857132be.txt,163517,train,train,12,0|7|5
../Data/downloads/Roboflow/Data/downloads/roboflow_chicken_pose/train/images/163517-3_png.rf.8e69a7951341bde329be13a6b8a383ad.jpg,../Data/downloads/Roboflow/Data/downloads/roboflow_chicken_pose/train/labels/163517-3_png.rf.8e69a7951341bde329be13a6b8a383ad.txt,163517,train,train,12,5|1|6
../Data/downloads/Roboflow/Data/downloads/roboflow_chicken_pose/train/images/163517-6_png.rf.70d75ec70b72d588607f1e8cab643b16.jpg,../Data/downloads/Roboflow/Data/downloads/roboflow_chicken_pose/train/labels/163517-6_png.rf.70d75ec70b72d588607f1e8cab643b16.txt,163517,train,train,12,2|6|4
../Data/downloads/Roboflow/Data/downloads/roboflow_chicken_pose/train/images/163517-7_png.rf.7d8ec0ad1ac5135e788de9f7966cf1e0.jpg,../Data/downloads/Roboflow/Data/downloads/roboflow_chicken_pose/train/labels/163517-7_png.rf.7d8ec0ad1ac5135e788de9f7966cf1e0.txt,163517,train,train,12,6|2|4
../Data/downloads/Roboflow/Data/downloads/roboflow_chicken_pose/train/images/163517-8_png.rf.b547187346be33fd0abe5ec0015c8a81.jpg,../Data/downloads/Roboflow/Data/downloads/roboflow_chicken_pose/train/labels/163517-8_png.rf.b547187346be33fd0abe5ec0015c8a81.txt,163517,train,train,12,1|5|6
../Data/downloads/Roboflow/Data/downloads/roboflow_chicken_pose/train/images/163517-9_png.rf.bd054aa5ab5c38d8044e32ae8225f7f7.jpg,../Data/downloads/Roboflow/Data/downloads/roboflow_chicken_pose/train/labels/163517-9_png.rf.bd054aa5ab5c38d8044e32ae8225f7f7.txt,163517,train,train,11,3|4|4
../Data/downloads/Roboflow/Data/downloads/roboflow_chicken_pose/train/images/163_jpg.rf.8e529320035c5d0938c8c3d786e629f5.jpg,../Data/downloads/Roboflow/Data/downloads/roboflow_chicken_pose/train/labels/163_jpg.rf.8e529320035c5d0938c8c3d786e629f5.txt,163,train,train,12,0|10|2
../Data/downloads/Roboflow/Data/downloads/roboflow_chicken_pose/train/images/164045-11_png.rf.8c3ca0cdd701e31a9316c4ab0497bbd4.jpg,../Data/downloads/Roboflow/Data/downloads/roboflow_chicken_pose/train/labels/164045-11_png.rf.8c3ca0cdd701e31a9316c4ab0497bbd4.txt,164045,train,train,12,1|7|4
../Data/downloads/Roboflow/Data/downloads/roboflow_chicken_pose/train/images/164045-3_png.rf.bd8859c4cb84b4740bca51da475ba3f1.jpg,../Data/downloads/Roboflow/Data/downloads/roboflow_chicken_pose/train/labels/164045-3_png.rf.bd8859c4cb84b4740bca51da475ba3f1.txt,164045,train,train,12,0|8|4
../Data/downloads/Roboflow/Data/downloads/roboflow_chicken_pose/train/images/164045-4_png.rf.4857d6b56db644778a238712be93ef7d.jpg,../Data/downloads/Roboflow/Data/downloads/roboflow_chicken_pose/train/labels/164045-4_png.rf.4857d6b56db644778a238712be93ef7d.txt,164045,train,train,12,5|5|2
../Data/downloads/Roboflow/Data/downloads/roboflow_chicken_pose/train/images/164045-5_png.rf.4ccf8a4607b75e615c0d7eed03a681db.jpg,../Data/downloads/Roboflow/Data/downloads/roboflow_chicken_pose/train/labels/164045-5_png.rf.4ccf8a4607b75e615c0d7eed03a681db.txt,164045,train,train,12,3|4|5
../Data/downloads/Roboflow/Data/downloads/roboflow_chicken_pose/train/images/164045-6_png.rf.a6d9bc82e58aed1216f257b945683058.jpg,../Data/downloads/Roboflow/Data/downloads/roboflow_chicken_pose/train/labels/164045-6_png.rf.a6d9bc82e58aed1216f257b945683058.txt,164045,train,train,12,5|4|3
../Data/downloads/Roboflow/Data/downloads/roboflow_chicken_pose/train/images/164045-7_png.rf.f8ea1a9fe90b8566340e4061a0e5418e.jpg,../Data/downloads/Roboflow/Data/downloads/roboflow_chicken_pose/train/labels/164045-7_png.rf.f8ea1a9fe90b8566340e4061a0e5418e.txt,164045,train,train,12,3|4|5
../Data/downloads/Roboflow/Data/downloads/roboflow_chicken_pose/train/images/164045-8_png.rf.fd7b915b4bbb65e2164c89d55a98e9eb.jpg,../Data/downloads/Roboflow/Data/downloads/roboflow_chicken_pose/train/labels/164045-8_png.rf.fd7b915b4bbb65e2164c89d55a98e9eb.txt,164045,train,train,12,1|6|5
../Data/downloads/Roboflow/Data/downloads/roboflow_chicken_pose/train/images/164045-9_png.rf.fc4f5a0f7e54bcfea677da8c48702043.jpg,../Data/downloads/Roboflow/Data/downloads/roboflow_chicken_pose/train/labels/164045-9_png.rf.fc4f5a0f7e54bcfea677da8c48702043.txt,164045,train,train,12,4|7|1
../Data/downloads/Roboflow/Data/downloads/roboflow_chicken_pose/train/images/164139-11_png.rf.189a5f574f963cf3d7b9f2657769942e.jpg,../Data/downloads/Roboflow/Data/downloads/roboflow_chicken_pose/train/labels/164139-11_png.rf.189a5f574f963cf3d7b9f2657769942e.txt,164139,train,train,12,1|9|2
../Data/downloads/Roboflow/Data/downloads/roboflow_chicken_pose/train/images/164139-12_png.rf.f1ca7ee4e0c9d326c86e593dd6e51b71.jpg,../Data/downloads/Roboflow/Data/downloads/roboflow_chicken_pose/train/labels/164139-12_png.rf.f1ca7ee4e0c9d326c86e593dd6e51b71.txt,164139,train,train,12,2|2|8
../Data/downloads/Roboflow/Data/downloads/roboflow_chicken_pose/train/images/164139-13_png.rf.8fb2ac9846474851fcef9215c9676188.jpg,../Data/downloads/Roboflow/Data/downloads/roboflow_chicken_pose/train/labels/164139-13_png.rf.8fb2ac9846474851fcef9215c9676188.txt,164139,train,train,12,1|7|4
../Data/downloads/Roboflow/Data/downloads/roboflow_chicken_pose/train/images/164139-14_png.rf.6604e3426a9647a394baf327db7a29e2.jpg,../Data/downloads/Roboflow/Data/downloads/roboflow_chicken_pose/train/labels/164139-14_png.rf.6604e3426a9647a394baf327db7a29e2.txt,164139,train,train,12,2|7|3
../Data/downloads/Roboflow/Data/downloads/roboflow_chicken_pose/train/images/164139-1_png.rf.20a68dcd8701a52d182dd1bdd6f013ec.jpg,../Data/downloads/Roboflow/Data/downloads/roboflow_chicken_pose/train/labels/164139-1_png.rf.20a68dcd8701a52d182dd1bdd6f013ec.txt,164139,train,train,12,2|5|5
../Data/downloads/Roboflow/Data/downloads/roboflow_chicken_pose/train/images/164139-2-_png.rf.c59d0f9aa7fc81ee2218f730812c078c.jpg,../Data/downloads/Roboflow/Data/downloads/roboflow_chicken_pose/train/labels/164139-2-_png.rf.c59d0f9aa7fc81ee2218f730812c078c.txt,164139-2-,train,val,12,1|7|4
../Data/downloads/Roboflow/Data/downloads/roboflow_chicken_pose/train/images/164139-2_png.rf.ac79e6fc3853ae91647b6713f668f724.jpg,../Data/downloads/Roboflow/Data/downloads/roboflow_chicken_pose/train/labels/164139-2_png.rf.ac79e6fc3853ae91647b6713f668f724.txt,164139,train,train,12,4|5|3
../Data/downloads/Roboflow/Data/downloads/roboflow_chicken_pose/train/images/164139-3_png.rf.453f91e5b3f4eabae0805de32521d8ea.jpg,../Data/downloads/Roboflow/Data/downloads/roboflow_chicken_pose/train/labels/164139-3_png.rf.453f91e5b3f4eabae0805de32521d8ea.txt,164139,train,train,12,6|5|1
../Data/downloads/Roboflow/Data/downloads/roboflow_chicken_pose/train/images/164139-4_png.rf.13a3b329ea1eaebe1638d23767d49659.jpg,../Data/downloads/Roboflow/Data/downloads/roboflow_chicken_pose/train/labels/164139-4_png.rf.13a3b329ea1eaebe1638d23767d49659.txt,164139,train,train,12,3|4|5
../Data/downloads/Roboflow/Data/downloads/roboflow_chicken_pose/train/images/164139-6_png.rf.f9ca3b7da064ad78f6508ac9909a211e.jpg,../Data/downloads/Roboflow/Data/downloads/roboflow_chicken_pose/train/labels/164139-6_png.rf.f9ca3b7da064ad78f6508ac9909a211e.txt,164139,train,train,12,2|6|4
../Data/downloads/Roboflow/Data/downloads/roboflow_chicken_pose/train/images/164139-7_png.rf.b7986a6cb4fae4297689293473c39576.jpg,../Data/downloads/Roboflow/Data/downloads/roboflow_chicken_pose/train/labels/164139-7_png.rf.b7986a6cb4fae4297689293473c39576.txt,164139,train,train,12,6|6|0
../Data/downloads/Roboflow/Data/downloads/roboflow_chicken_pose/train/images/164139-8_png.rf.162dcb418c1adfdc4a0bfe3bce6484b4.jpg,../Data/downloads/Roboflow/Data/downloads/roboflow_chicken_pose/train/labels/164139-8_png.rf.162dcb418c1adfdc4a0bfe3bce6484b4.txt,164139,train,train,12,0|6|6
../Data/downloads/Roboflow/Data/downloads/roboflow_chicken_pose/train/images/164901-10_png.rf.0dedf0df5f8c3c1207724dc55c830a61.jpg,../Data/downloads/Roboflow/Data/downloads/roboflow_chicken_pose/train/labels/164901-10_png.rf.0dedf0df5f8c3c1207724dc55c830a61.txt,164901,train,train,12,1|8|3
../Data/downloads/Roboflow/Data/downloads/roboflow_chicken_pose/train/images/164901-11_png.rf.3ec1955b3d1320e945d5e8a8fe2de6a5.jpg,../Data/downloads/Roboflow/Data/downloads/roboflow_chicken_pose/train/labels/164901-11_png.rf.3ec1955b3d1320e945d5e8a8fe2de6a5.txt,164901,train,train,12,0|6|6
../Data/downloads/Roboflow/Data/downloads/roboflow_chicken_pose/train/images/164901-15_png.rf.5f52ec9e62f3a04d3cfe033ebce9b01b.jpg,../Data/downloads/Roboflow/Data/downloads/roboflow_chicken_pose/train/labels/164901-15_png.rf.5f52ec9e62f3a04d3cfe033ebce9b01b.txt,164901,train,train,12,4|4|4
../Data/downloads/Roboflow/Data/downloads/roboflow_chicken_pose/train/images/164901-16_png.rf.057328cc950e960e2b2d7363faba3406.jpg,../Data/downloads/Roboflow/Data/downloads/roboflow_chicken_pose/train/labels/164901-16_png.rf.057328cc950e960e2b2d7363faba3406.txt,164901,train,train,12,0|10|2
../Data/downloads/Roboflow/Data/downloads/roboflow_chicken_pose/train/images/164901-1_png.rf.9ea89a2f942e30f578230a5654f23c66.jpg,../Data/downloads/Roboflow/Data/downloads/roboflow_chicken_pose/train/labels/164901-1_png.rf.9ea89a2f942e30f578230a5654f23c66.txt,164901,train,train,12,1|8|3
../Data/downloads/Roboflow/Data/downloads/roboflow_chicken_pose/train/images/164901-6_png.rf.eaf627aee57a0bb139c4ea2089f6cb3f.jpg,../Data/downloads/Roboflow/Data/downloads/roboflow_chicken_pose/train/labels/164901-6_png.rf.eaf627aee57a0bb139c4ea2089f6cb3f.txt,164901,train,train,12,3|3|6
../Data/downloads/Roboflow/Data/downloads/roboflow_chicken_pose/train/images/164901-7_png.rf.753542618601ee8391d12001e5aafdd5.jpg,../Data/downloads/Roboflow/Data/downloads/roboflow_chicken_pose/train/labels/164901-7_png.rf.753542618601ee8391d12001e5aafdd5.txt,164901,train,train,12,3|4|5
../Data/downloads/Roboflow/Data/downloads/roboflow_chicken_pose/train/images/164901-9_png.rf.5078d9767596f6c90cb8f365f978c54f.jpg,../Data/downloads/Roboflow/Data/downloads/roboflow_chicken_pose/train/labels/164901-9_png.rf.5078d9767596f6c90cb8f365f978c54f.txt,164901,train,train,12,4|5|3
../Data/downloads/Roboflow/Data/downloads/roboflow_chicken_pose/train/images/164_jpg.rf.627e3a3e8817aae00d23d2a8653d4adb.jpg,../Data/downloads/Roboflow/Data/downloads/roboflow_chicken_pose/train/labels/164_jpg.rf.627e3a3e8817aae00d23d2a8653d4adb.txt,164,train,val,12,6|4|2
../Data/downloads/Roboflow/Data/downloads/roboflow_chicken_pose/train/images/165349-1_png.rf.69882dd1f3038e1a1da062917af439e9.jpg,../Data/downloads/Roboflow/Data/downloads/roboflow_chicken_pose/train/labels/165349-1_png.rf.69882dd1f3038e1a1da062917af439e9.txt,165349,train,train,12,0|9|3
../Data/downloads/Roboflow/Data/downloads/roboflow_chicken_pose/train/images/165349-2_png.rf.0cf4cf0dffabe7e1350783065c5af666.jpg,../Data/downloads/Roboflow/Data/downloads/roboflow_chicken_pose/train/labels/165349-2_png.rf.0cf4cf0dffabe7e1350783065c5af666.txt,165349,train,train,12,0|10|2
../Data/downloads/Roboflow/Data/downloads/roboflow_chicken_pose/train/images/165349-3_png.rf.c73082bcbf34d7220bde52831dd29399.jpg,../Data/downloads/Roboflow/Data/downloads/roboflow_chicken_pose/train/labels/165349-3_png.rf.c73082bcbf34d7220bde52831dd29399.txt,165349,train,train,12,2|9|1
../Data/downloads/Roboflow/Data/downloads/roboflow_chicken_pose/train/images/165349-4_png.rf.eb39af0bc2cdf5b79af40a6e6ccf7ced.jpg,../Data/downloads/Roboflow/Data/downloads/roboflow_chicken_pose/train/labels/165349-4_png.rf.eb39af0bc2cdf5b79af40a6e6ccf7ced.txt,165349,train,train,12,3|5|4
../Data/downloads/Roboflow/Data/downloads/roboflow_chicken_pose/train/images/165_jpg.rf.7ce596f13b1b340c9e560fdf6455b6ff.jpg,../Data/downloads/Roboflow/Data/downloads/roboflow_chicken_pose/train/labels/165_jpg.rf.7ce596f13b1b340c9e560fdf6455b6ff.txt,165,train,val,12,2|4|6
../Data/downloads/Roboflow/Data/downloads/roboflow_chicken_pose/train/images/16_jpg.rf.594356e2a90743350e8d4b32ea214cef.jpg,../Data/downloads/Roboflow/Data/downloads/roboflow_chicken_pose/train/labels/16_jpg.rf.594356e2a90743350e8d4b32ea214cef.txt,16,train,train,12,0|3|9
../Data/downloads/Roboflow/Data/downloads/roboflow_chicken_pose/train/images/170156-10_png.rf.2698c0581505b9c11c8191fa34db6edf.jpg,../Data/downloads/Roboflow/Data/downloads/roboflow_chicken_pose/train/labels/170156-10_png.rf.2698c0581505b9c11c8191fa34db6edf.txt,170156,train,val,12,3|5|4
../Data/downloads/Roboflow/Data/downloads/roboflow_chicken_pose/train/images/170156-12_png.rf.619350c1d004ed5d2ed451ef4e5d7c21.jpg,../Data/downloads/Roboflow/Data/downloads/roboflow_chicken_pose/train/labels/170156-12_png.rf.619350c1d004ed5d2ed451ef4e5d7c21.txt,170156,train,val,12,2|3|7
../Data/downloads/Roboflow/Data/downloads/roboflow_chicken_pose/train/images/170156-14_png.rf.a0c3be6bd315f216e85fe2db1b1ce0fa.jpg,../Data/downloads/Roboflow/Data/downloads/roboflow_chicken_pose/train/labels/170156-14_png.rf.a0c3be6bd315f216e85fe2db1b1ce0fa.txt,170156,train,val,12,3|7|2
../Data/downloads/Roboflow/Data/downloads/roboflow_chicken_pose/train/images/170156-15_png.rf.ae06c9f0ba9e50b40c80baf5207cb596.jpg,../Data/downloads/Roboflow/Data/downloads/roboflow_chicken_pose/train/labels/170156-15_png.rf.ae06c9f0ba9e50b40c80baf5207cb596.txt,170156,train,val,12,5|4|3
../Data/downloads/Roboflow/Data/downloads/roboflow_chicken_pose/train/images/170156-16_png.rf.97759154ebd68954934897186331e006.jpg,../Data/downloads/Roboflow/Data/downloads/roboflow_chicken_pose/train/labels/170156-16_png.rf.97759154ebd68954934897186331e006.txt,170156,train,val,12,5|4|3
../Data/downloads/Roboflow/Data/downloads/roboflow_chicken_pose/train/images/170156-17_png.rf.24b0d39c2c522001b1ca7f38fe19dccd.jpg,../Data/downloads/Roboflow/Data/downloads/roboflow_chicken_pose/train/labels/170156-17_png.rf.24b0d39c2c522001b1ca7f38fe19dccd.txt,170156,train,val,12,3|5|4
../Data/downloads/Roboflow/Data/downloads/roboflow_chicken_pose/train/images/170156-1_png.rf.76e9984febbdb09125599dbb0ca8066c.jpg,../Data/downloads/Roboflow/Data/downloads/roboflow_chicken_pose/train/labels/170156-1_png.rf.76e9984febbdb09125599dbb0ca8066c.txt,170156,train,val,12,0|10|2
../Data/downloads/Roboflow/Data/downloads/roboflow_chicken_pose/train/images/170156-2_png.rf.784342ff079db37d1712bfbd7d059c62.jpg,../Data/downloads/Roboflow/Data/downloads/roboflow_chicken_pose/train/labels/170156-2_png.rf.784342ff079db37d1712bfbd7d059c62.txt,170156,train,val,12,3|5|4
../Data/downloads/Roboflow/Data/downloads/roboflow_chicken_pose/train/images/170156-3_png.rf.56bcbd8bbd761dbdf784dd7f4e063120.jpg,../Data/downloads/Roboflow/Data/downloads/roboflow_chicken_pose/train/labels/170156-3_png.rf.56bcbd8bbd761dbdf784dd7f4e063120.txt,170156,train,val,12,0|6|6
../Data/downloads/Roboflow/Data/downloads/roboflow_chicken_pose/train/images/170156-5_png.rf.e7133005676632f4e426108a30ea0c15.jpg,../Data/downloads/Roboflow/Data/downloads/roboflow_chicken_pose/train/labels/170156-5_png.rf.e7133005676632f4e426108a30ea0c15.txt,170156,train,val,12,0|12|0
../Data/downloads/Roboflow/Data/downloads/roboflow_chicken_pose/train/images/170156-6_png.rf.e4879d6731bb8e16a2338ec00a552b01.jpg,../Data/downloads/Roboflow/Data/downloads/roboflow_chicken_pose/train/labels/170156-6_png.rf.e4879d6731bb8e16a2338ec00a552b01.txt,170156,train,val,12,5|2|5
../Data/downloads/Roboflow/Data/downloads/roboflow_chicken_pose/train/images/170156-9_png.rf.2aae77629f211eece2cbd9fa4cb80521.jpg,../Data/downloads/Roboflow/Data/downloads/roboflow_chicken_pose/train/labels/170156-9_png.rf.2aae77629f211eece2cbd9fa4cb80521.txt,170156,train,val,12,4|5|3
../Data/downloads/Roboflow/Data/downloads/roboflow_chicken_pose/train/images/170442-1-_png.rf.b234d7f0bbcb249c3873c076209cf3df.jpg,../Data/downloads/Roboflow/Data/downloads/roboflow_chicken_pose/train/labels/170442-1-_png.rf.b234d7f0bbcb249c3873c076209cf3df.txt,170442-1-,train,test,12,2|8|2
../Data/downloads/Roboflow/Data/downloads/roboflow_chicken_pose/train/images/170442-10-_png.rf.c26656d7b5e53199494086f5510fade3.jpg,../Data/downloads/Roboflow/Data/downloads/roboflow_chicken_pose/train/labels/170442-10-_png.rf.c26656d7b5e53199494086f5510fade3.txt,170442-10-,train,train,12,1|5|6
../Data/downloads/Roboflow/Data/downloads/roboflow_chicken_pose/train/images/170442-12-_png.rf.157183ddbd3672434fbee1e189d74add.jpg,../Data/downloads/Roboflow/Data/downloads/roboflow_chicken_pose/train/labels/170442-12-_png.rf.157183ddbd3672434fbee1e189d74add.txt,170442-12-,train,train,12,2|9|1
../Data/downloads/Roboflow/Data/downloads/roboflow_chicken_pose/train/images/170442-13-_png.rf.ea4d36bc26f3e47bf9b2c6576a401181.jpg,../Data/downloads/Roboflow/Data/downloads/roboflow_chicken_pose/train/labels/170442-13-_png.rf.ea4d36bc26f3e47bf9b2c6576a401181.txt,170442-13-,train,train,12,5|5|2
../Data/downloads/Roboflow/Data/downloads/roboflow_chicken_pose/train/images/170442-14-_png.rf.506bfb671bc36b13fe834d0e3c38dc61.jpg,../Data/downloads/Roboflow/Data/downloads/roboflow_chicken_pose/train/labels/170442-14-_png.rf.506bfb671bc36b13fe834d0e3c38dc61.txt,170442-14-,train,train,12,3|5|4
../Data/downloads/Roboflow/Data/downloads/roboflow_chicken_pose/train/images/170442-3-_png.rf.90987605cb480af1212eb370f86b1853.jpg,../Data/downloads/Roboflow/Data/downloads/roboflow_chicken_pose/train/labels/170442-3-_png.rf.90987605cb480af1212eb370f86b1853.txt,170442-3-,train,train,12,6|5|1
../Data/downloads/Roboflow/Data/downloads/roboflow_chicken_pose/train/images/170442-6-_png.rf.fd957c184389d320df20ccec7aead0be.jpg,../Data/downloads/Roboflow/Data/downloads/roboflow_chicken_pose/train/labels/170442-6-_png.rf.fd957c184389d320df20ccec7aead0be.txt,170442-6-,train,train,12,0|7|5
../Data/downloads/Roboflow/Data/downloads/roboflow_chicken_pose/train/images/170442-8-_png.rf.22aded4adbbd42dab236e04d68780cbe.jpg,../Data/downloads/Roboflow/Data/downloads/roboflow_chicken_pose/train/labels/170442-8-_png.rf.22aded4adbbd42dab236e04d68780cbe.txt,170442-8-,train,train,12,1|6|5
../Data/downloads/Roboflow/Data/downloads/roboflow_chicken_pose/train/images/171057-10_png.rf.abc4df22b88cf1dc7f63ff7b89728337.jpg,../Data/downloads/Roboflow/Data/downloads/roboflow_chicken_pose/train/labels/171057-10_png.rf.abc4df22b88cf1dc7f63ff7b89728337.txt,171057,train,train,12,3|3|6
../Data/downloads/Roboflow/Data/downloads/roboflow_chicken_pose/train/images/171057-11_png.rf.02849b03a208a3bcfe6ba50114f184ff.jpg,../Data/downloads/Roboflow/Data/downloads/roboflow_chicken_pose/train/labels/171057-11_png.rf.02849b03a208a3bcfe6ba50114f184ff.txt,171057,train,train,12,1|8|3
../Data/downloads/Roboflow/Data/downloads/roboflow_chicken_pose/train/images/171057-12_png.rf.9eea0dc2bbec3967c29a0f5f66bdcfde.jpg,../Data/downloads/Roboflow/Data/downloads/roboflow_chicken_pose/train/labels/171057-12_png.rf.9eea0dc2bbec3967c29a0f5f66bdcfde.txt,171057,train,train,12,0|11|1
../Data/downloads/Roboflow/Data/downloads/roboflow_chicken_pose/train/images/171057-13_png.rf.351780bc81eed62e82eb22a782855f6f.jpg,../Data/downloads/Roboflow/Data/downloads/roboflow_chicken_pose/train/labels/171057-13_png.rf.351780bc81eed62e82eb22a782855f6f.txt,171057,train,train,12,3|8|1
../Data/downloads/Roboflow/Data/downloads/roboflow_chicken_pose/train/images/171057-1_png.rf.ae84c40f7125749e359cc88673aa20c3.jpg,../Data/downloads/Roboflow/Data/downloads/roboflow_chicken_pose/train/labels/171057-1_png.rf.ae84c40f7125749e359cc88673aa20c3.txt,171057,train,train,12,3|6|3
../Data/downloads/Roboflow/Data/downloads/roboflow_chicken_pose/train/images/171057-2_png.rf.ca8926de47c6272e7af8ce4acecf618b.jpg,../Data/downloads/Roboflow/Data/downloads/roboflow_chicken_pose/train/labels/171057-2_png.rf.ca8926de47c6272e7af8ce4acecf618b.txt,171057,train,train,12,4|7|1
../Data/downloads/Roboflow/Data/downloads/roboflow_chicken_pose/train/images/171057-4_png.rf.0c023873fe8d6d2e279f46e95dfa0f18.jpg,../Data/downloads/Roboflow/Data/downloads/roboflow_chicken_pose/train/labels/171057-4_png.rf.0c023873fe8d6d2e279f46e95dfa0f18.txt,171057,train,train,12,4|6|2
../Data/downloads/Roboflow/Data/downloads/roboflow_chicken_pose/train/images/171057-5_png.rf.0258fe9b61ede55f5f49726343142c0a.jpg,../Data/downloads/Roboflow/Data/downloads/roboflow_chicken_pose/train/labels/171057-5_png.rf.0258fe9b61ede55f5f49726343142c0a.txt,171057,train,train,12,2|7|3
../Data/downloads/Roboflow/Data/downloads/roboflow_chicken_pose/train/images/171057-6_png.rf.f096eb10d1156dd468ffd7b6e37bb951.jpg,../Data/downloads/Roboflow/Data/downloads/roboflow_chicken_pose/train/labels/171057-6_png.rf.f096eb10d1156dd468ffd7b6e37bb951.txt,171057,train,train,12,4|6|2
../Data/downloads/Roboflow/Data/downloads/roboflow_chicken_pose/train/images/171057-7_png.rf.3832894687434e9539734a75d7f8a094.jpg,../Data/downloads/Roboflow/Data/downloads/roboflow_chicken_pose/train/labels/171057-7_png.rf.3832894687434e9539734a75d7f8a094.txt,171057,train,train,12,5|6|1
../Data/downloads/Roboflow/Data/downloads/roboflow_chicken_pose/train/images/171057-8_png.rf.27805206e4740b95cbe75b0b63ee2b13.jpg,../Data/downloads/Roboflow/Data/downloads/roboflow_chicken_pose/train/labels/171057-8_png.rf.27805206e4740b95cbe75b0b63ee2b13.txt,171057,train,train,12,7|5|0
../Data/downloads/Roboflow/Data/downloads/roboflow_chicken_pose/train/images/172301-10_png.rf.de55acdb0199ba9edaa0be6ff9e0dd54.jpg,../Data/downloads/Roboflow/Data/downloads/roboflow_chicken_pose/train/labels/172301-10_png.rf.de55acdb0199ba9edaa0be6ff9e0dd54.txt,172301,train,test,12,1|10|1
../Data/downloads/Roboflow/Data/downloads/roboflow_chicken_pose/train/images/172301-11_png.rf.3c213350ae80ec3ac44fc56056566736.jpg,../Data/downloads/Roboflow/Data/downloads/roboflow_chicken_pose/train/labels/172301-11_png.rf.3c213350ae80ec3ac44fc56056566736.txt,172301,train,test,12,1|8|3
../Data/downloads/Roboflow/Data/downloads/roboflow_chicken_pose/train/images/172301-1_png.rf.5e76d7ef47ee0aa09b04a38066976013.jpg,../Data/downloads/Roboflow/Data/downloads/roboflow_chicken_pose/train/labels/172301-1_png.rf.5e76d7ef47ee0aa09b04a38066976013.txt,172301,train,test,12,4|4|4
../Data/downloads/Roboflow/Data/downloads/roboflow_chicken_pose/train/images/172301-3_png.rf.90a1d73da28dab1f8e7721f9868fad4c.jpg,../Data/downloads/Roboflow/Data/downloads/roboflow_chicken_pose/train/labels/172301-3_png.rf.90a1d73da28dab1f8e7721f9868fad4c.txt,172301,train,test,12,0|6|6
../Data/downloads/Roboflow/Data/downloads/roboflow_chicken_pose/train/images/172301-4_png.rf.a62e70c4cbb7e7e0aaec04079435a3d8.jpg,../Data/downloads/Roboflow/Data/downloads/roboflow_chicken_pose/train/labels/172301-4_png.rf.a62e70c4cbb7e7e0aaec04079435a3d8.txt,172301,train,test,12,3|3|6
../Data/downloads/Roboflow/Data/downloads/roboflow_chicken_pose/train/images/172301-5_png.rf.2efe5fc88fd866dc27beed7bc9ad0de2.jpg,../Data/downloads/Roboflow/Data/downloads/roboflow_chicken_pose/train/labels/172301-5_png.rf.2efe5fc88fd866dc27beed7bc9ad0de2.txt,172301,train,test,12,4|5|3
../Data/downloads/Roboflow/Data/downloads/roboflow_chicken_pose/train/images/172301-6_png.rf.036e01c12458f1f0b8e5d3d930ee63d6.jpg,../Data/downloads/Roboflow/Data/downloads/roboflow_chicken_pose/train/labels/172301-6_png.rf.036e01c12458f1f0b8e5d3d930ee63d6.txt,172301,train,test,11,0|7|4
../Data/downloads/Roboflow/Data/downloads/roboflow_chicken_pose/train/images/172301-8_png.rf.4ce67f3dab4de6b8b31f262fe232c483.jpg,../Data/downloads/Roboflow/Data/downloads/roboflow_chicken_pose/train/labels/172301-8_png.rf.4ce67f3dab4de6b8b31f262fe232c483.txt,172301,train,test,12,3|5|4
../Data/downloads/Roboflow/Data/downloads/roboflow_chicken_pose/train/images/172301-9_png.rf.4ce6761cb2f0d32a4f22d55108838da9.jpg,../Data/downloads/Roboflow/Data/downloads/roboflow_chicken_pose/train/labels/172301-9_png.rf.4ce6761cb2f0d32a4f22d55108838da9.txt,172301,train,test,12,3|5|4
../Data/downloads/Roboflow/Data/downloads/roboflow_chicken_pose/train/images/173529-10_png.rf.110673679895f187867ff56b2f8debb9.jpg,../Data/downloads/Roboflow/Data/downloads/roboflow_chicken_pose/train/labels/173529-10_png.rf.110673679895f187867ff56b2f8debb9.txt,173529,train,val,12,1|10|1
../Data/downloads/Roboflow/Data/downloads/roboflow_chicken_pose/train/images/173529-11_png.rf.2eab2775d400b4adafa171b39769b2eb.jpg,../Data/downloads/Roboflow/Data/downloads/roboflow_chicken_pose/train/labels/173529-11_png.rf.2eab2775d400b4adafa171b39769b2eb.txt,173529,train,val,12,0|8|4
../Data/downloads/Roboflow/Data/downloads/roboflow_chicken_pose/train/images/173529-12_png.rf.8df8a1aa2a13650d74379965ba9a59d9.jpg,../Data/downloads/Roboflow/Data/downloads/roboflow_chicken_pose/train/labels/173529-12_png.rf.8df8a1aa2a13650d74379965ba9a59d9.txt,173529,train,val,12,4|4|4
../Data/downloads/Roboflow/Data/downloads/roboflow_chicken_pose/train/images/173529-13_png.rf.4c1dba3954ebb995cdd3d5dc0c658d9c.jpg,../Data/downloads/Roboflow/Data/downloads/roboflow_chicken_pose/train/labels/173529-13_png.rf.4c1dba3954ebb995cdd3d5dc0c658d9c.txt,173529,train,val,12,0|5|7
../Data/downloads/Roboflow/Data/downloads/roboflow_chicken_pose/train/images/173529-1_png.rf.86bc2d9338176e4a641296509e37d0ea.jpg,../Data/downloads/Roboflow/Data/downloads/roboflow_chicken_pose/train/labels/173529-1_png.rf.86bc2d9338176e4a641296509e37d0ea.txt,173529,train,val,12,4|4|4
../Data/downloads/Roboflow/Data/downloads/roboflow_chicken_pose/train/images/173529-2_png.rf.ee59ea194b23d41fe1d989d30ce31c09.jpg,../Data/downloads/Roboflow/Data/downloads/roboflow_chicken_pose/train/labels/173529-2_png.rf.ee59ea194b23d41fe1d989d30ce31c09.txt,173529,train,val,12,0|9|3
../Data/downloads/Roboflow/Data/downloads/roboflow_chicken_pose/train/images/173529-3_png.rf.3ac5c54d5276c822bccaec711b12a753.jpg,../Data/downloads/Roboflow/Data/downloads/roboflow_chicken_pose/train/labels/173529-3_png.rf.3ac5c54d5276c822bccaec711b12a753.txt,173529,train,val,12,2|8|2
../Data/downloads/Roboflow/Data/downloads/roboflow_chicken_pose/train/images/173529-4_png.rf.707aed84bf08ec37160b9ae321b8bd86.jpg,../Data/downloads/Roboflow/Data/downloads/roboflow_chicken_pose/train/labels/173529-4_png.rf.707aed84bf08ec37160b9ae321b8bd86.txt,173529,train,val,12,1|9|2
../Data/downloads/Roboflow/Data/downloads/roboflow_chicken_pose/train/images/173529-5_png.rf.be0267fa35fa9e337515ce5bf5eef227.jpg,../Data/downloads/Roboflow/Data/downloads/roboflow_chicken_pose/train/labels/173529-5_png.rf.be0267fa35fa9e337515ce5bf5eef227.txt,173529,train,val,12,3|5|4
../Data/downloads/Roboflow/Data/downloads/roboflow_chicken_pose/train/images/173529-8_png.rf.d0bcb3e1c68dbbc854b06a66e86471c2.jpg,../Data/downloads/Roboflow/Data/downloads/roboflow_chicken_pose/train/labels/173529-8_png.rf.d0bcb3e1c68dbbc854b06a66e86471c2.txt,173529,train,val,12,1|9|2
../Data/downloads/Roboflow/Data/downloads/roboflow_chicken_pose/train/images/173529-9_png.rf.3ebea5bcb58b69adea0136e1e04bf76e.jpg,../Data/downloads/Roboflow/Data/downloads/roboflow_chicken_pose/train/labels/173529-9_png.rf.3ebea5bcb58b69adea0136e1e04bf76e.txt,173529,train,val,12,4|7|1
../Data/downloads/Roboflow/Data/downloads/roboflow_chicken_pose/train/images/173_jpg.rf.f00617e9138931b5af569212a7075c2d.jpg,../Data/downloads/Roboflow/Data/downloads/roboflow_chicken_pose/train/labels/173_jpg.rf.f00617e9138931b5af569212a7075c2d.txt,173,train,train,12,2|2|8
../Data/downloads/Roboflow/Data/downloads/roboflow_chicken_pose/train/images/174713-10_png.rf.37aa9f7a783812ff2a946499ec8f4278.jpg,../Data/downloads/Roboflow/Data/downloads/roboflow_chicken_pose/train/labels/174713-10_png.rf.37aa9f7a783812ff2a946499ec8f4278.txt,174713,train,train,12,2|6|4
../Data/downloads/Roboflow/Data/downloads/roboflow_chicken_pose/train/images/174713-11_png.rf.37afedb6737bcd6180f76b7790c7df98.jpg,../Data/downloads/Roboflow/Data/downloads/roboflow_chicken_pose/train/labels/174713-11_png.rf.37afedb6737bcd6180f76b7790c7df98.txt,174713,train,train,12,2|9|1
../Data/downloads/Roboflow/Data/downloads/roboflow_chicken_pose/train/images/174713-12_png.rf.57239c5d258d44bdb742b8c5c83078b8.jpg,../Data/downloads/Roboflow/Data/downloads/roboflow_chicken_pose/train/labels/174713-12_png.rf.57239c5d258d44bdb742b8c5c83078b8.txt,174713,train,train,12,2|8|2
../Data/downloads/Roboflow/Data/downloads/roboflow_chicken_pose/train/images/174713-13_png.rf.3a066ff8193bd7fdd533dfa27db8728d.jpg,../Data/downloads/Roboflow/Data/downloads/roboflow_chicken_pose/train/labels/174713-13_png.rf.3a066ff8193bd7fdd533dfa27db8728d.txt,174713,train,train,12,3|8|1
../Data/downloads/Roboflow/Data/downloads/roboflow_chicken_pose/train/images/174713-2_png.rf.2ecf8a3180a13dcfac5133a182eed868.jpg,../Data/downloads/Roboflow/Data/downloads/roboflow_chicken_pose/train/labels/174713-2_png.rf.2ecf8a3180a13dcfac5133a182eed868.txt,174713,train,train,13,3|8|2
../Data/downloads/Roboflow/Data/downloads/roboflow_chicken_pose/train/images/174713-4_png.rf.f811815b2dacd0558db0da43ca93a3b0.jpg,../Data/downloads/Roboflow/Data/downloads/roboflow_chicken_pose/train/labels/174713-4_png.rf.f811815b2dacd0558db0da43ca93a3b0.txt,174713,train,train,12,3|5|4
../Data/downloads/Roboflow/Data/downloads/roboflow_chicken_pose/train/images/174713-5_png.rf.bfce68fa43adfcb162087dd24e72aeb2.jpg,../Data/downloads/Roboflow/Data/downloads/roboflow_chicken_pose/train/labels/174713-5_png.rf.bfce68fa43adfcb162087dd24e72aeb2.txt,174713,train,train,12,1|6|5
../Data/downloads/Roboflow/Data/downloads/roboflow_chicken_pose/train/images/174713-6_png.rf.b1f800e478f72d91be7464a25c5382cb.jpg,../Data/downloads/Roboflow/Data/downloads/roboflow_chicken_pose/train/labels/174713-6_png.rf.b1f800e478f72d91be7464a25c5382cb.txt,174713,train,train,12,3|4|5
../Data/downloads/Roboflow/Data/downloads/roboflow_chicken_pose/train/images/174713-7_png.rf.6925c4c00fe10f9139628f9709e2e6a4.jpg,../Data/downloads/Roboflow/Data/downloads/roboflow_chicken_pose/train/labels/174713-7_png.rf.6925c4c00fe10f9139628f9709e2e6a4.txt,174713,train,train,12,0|10|2
../Data/downloads/Roboflow/Data/downloads/roboflow_chicken_pose/train/images/174713-8_png.rf.29d426b58e41ad11bfe06d646845277b.jpg,../Data/downloads/Roboflow/Data/downloads/roboflow_chicken_pose/train/labels/174713-8_png.rf.29d426b58e41ad11bfe06d646845277b.txt,174713,train,train,12,2|3|7
../Data/downloads/Roboflow/Data/downloads/roboflow_chicken_pose/train/images/174713-9_png.rf.b7fc7598f18ae3d3f8fd417375340d2f.jpg,../Data/downloads/Roboflow/Data/downloads/roboflow_chicken_pose/train/labels/174713-9_png.rf.b7fc7598f18ae3d3f8fd417375340d2f.txt,174713,train,train,12,3|6|3
../Data/downloads/Roboflow/Data/downloads/roboflow_chicken_pose/train/images/174_jpg.rf.ba2e24664de4b052cd812c186e939f77.jpg,../Data/downloads/Roboflow/Data/downloads/roboflow_chicken_pose/train/labels/174_jpg.rf.ba2e24664de4b052cd812c186e939f77.txt,174,train,train,12,0|6|6
../Data/downloads/Roboflow/Data/downloads/roboflow_chicken_pose/train/images/175131-1_png.rf.ce1920f2d8c01bea01de15de1cc1928f.jpg,../Data/downloads/Roboflow/Data/downloads/roboflow_chicken_pose/train/labels/175131-1_png.rf.ce1920f2d8c01bea01de15de1cc1928f.txt,175131,train,test,12,4|5|3
../Data/downloads/Roboflow/Data/downloads/roboflow_chicken_pose/train/images/175131-3_png.rf.33bc673609b256b566edbf5cffeef51d.jpg,../Data/downloads/Roboflow/Data/downloads/roboflow_chicken_pose/train/labels/175131-3_png.rf.33bc673609b256b566edbf5cffeef51d.txt,175131,train,test,12,2|2|8
../Data/downloads/Roboflow/Data/downloads/roboflow_chicken_pose/train/images/175131-4_png.rf.24a6a091d367dbc229e7c36d1a5bd02b.jpg,../Data/downloads/Roboflow/Data/downloads/roboflow_chicken_pose/train/labels/175131-4_png.rf.24a6a091d367dbc229e7c36d1a5bd02b.txt,175131,train,test,12,3|3|6
../Data/downloads/Roboflow/Data/downloads/roboflow_chicken_pose/train/images/175_jpg.rf.f55c375965f293a0890182e34a34e83b.jpg,../Data/downloads/Roboflow/Data/downloads/roboflow_chicken_pose/train/labels/175_jpg.rf.f55c375965f293a0890182e34a34e83b.txt,175,train,train,12,4|4|4
../Data/downloads/Roboflow/Data/downloads/roboflow_chicken_pose/train/images/176_jpg.rf.2267e9c4aa14299d51e4796da59b640a.jpg,../Data/downloads/Roboflow/Data/downloads/roboflow_chicken_pose/train/labels/176_jpg.rf.2267e9c4aa14299d51e4796da59b640a.txt,176,train,train,12,0|8|4
../Data/downloads/Roboflow/Data/downloads/roboflow_chicken_pose/train/images/177_jpg.rf.3040ecec5743777b24b856e00ad28b6a.jpg,../Data/downloads/Roboflow/Data/downloads/roboflow_chicken_pose/train/labels/177_jpg.rf.3040ecec5743777b24b856e00ad28b6a.txt,177,train,train,12,2|6|4
../Data/downloads/Roboflow/Data/downloads/roboflow_chicken_pose/train/images/178_jpg.rf.4b20150961a287bf154d0f132d3f46ea.jpg,../Data/downloads/Roboflow/Data/downloads/roboflow_chicken_pose/train/labels/178_jpg.rf.4b20150961a287bf154d0f132d3f46ea.txt,178,train,train,10,4|3|3
../Data/downloads/Roboflow/Data/downloads/roboflow_chicken_pose/train/images/179_jpg.rf.78a430351fdcd3a5e1784eb5e3d5a847.jpg,../Data/downloads/Roboflow/Data/downloads/roboflow_chicken_pose/train/labels/179_jpg.rf.78a430351fdcd3a5e1784eb5e3d5a847.txt,179,train,train,12,6|4|2
../Data/downloads/Roboflow/Data/downloads/roboflow_chicken_pose/train/images/17_jpg.rf.a14c0155c6a66767d6c65f354266ef33.jpg,../Data/downloads/Roboflow/Data/downloads/roboflow_chicken_pose/train/labels/17_jpg.rf.a14c0155c6a66767d6c65f354266ef33.txt,17,train,train,12,2|7|3
../Data/downloads/Roboflow/Data/downloads/roboflow_chicken_pose/train/images/181_jpg.rf.95e31bd92cbf32a61237cffdc2cb55ab.jpg,../Data/downloads/Roboflow/Data/downloads/roboflow_chicken_pose/train/labels/181_jpg.rf.95e31bd92cbf32a61237cffdc2cb55ab.txt,181,train,train,12,1|8|3
../Data/downloads/Roboflow/Data/downloads/roboflow_chicken_pose/train/images/182_jpg.rf.542640bc1b651734d0da4304885f58b4.jpg,../Data/downloads/Roboflow/Data/downloads/roboflow_chicken_pose/train/labels/182_jpg.rf.542640bc1b651734d0da4304885f58b4.txt,182,train,train,12,1|5|6
../Data/downloads/Roboflow/Data/downloads/roboflow_chicken_pose/train/images/183_jpg.rf.f239c8bb0e857007f107279d56016fbc.jpg,../Data/downloads/Roboflow/Data/downloads/roboflow_chicken_pose/train/labels/183_jpg.rf.f239c8bb0e857007f107279d56016fbc.txt,183,train,test,12,4|6|2
../Data/downloads/Roboflow/Data/downloads/roboflow_chicken_pose/train/images/184032-1-_png.rf.d9f4fa1282b651b8337415cfd2e7308f.jpg,../Data/downloads/Roboflow/Data/downloads/roboflow_chicken_pose/train/labels/184032-1-_png.rf.d9f4fa1282b651b8337415cfd2e7308f.txt,184032-1-,train,train,12,0|11|1
../Data/downloads/Roboflow/Data/downloads/roboflow_chicken_pose/train/images/184032-11-_png.rf.a2ffdc58a9f2a48a4b7443cca28792d4.jpg,../Data/downloads/Roboflow/Data/downloads/roboflow_chicken_pose/train/labels/184032-11-_png.rf.a2ffdc58a9f2a48a4b7443cca28792d4.txt,184032-11-,train,train,12,1|5|6
../Data/downloads/Roboflow/Data/downloads/roboflow_chicken_pose/train/images/184032-12-_png.rf.770f25cfb6a4a63a6d927bf800fa595a.jpg,../Data/downloads/Roboflow/Data/downloads/roboflow_chicken_pose/train/labels/184032-12-_png.rf.770f25cfb6a4a63a6d927bf800fa595a.txt,184032-12-,train,train,12,5|7|0
../Data/downloads/Roboflow/Data/downloads/roboflow_chicken_pose/train/images/184032-13-_png.rf.c344433e23147a61065d7bdf46761d2d.jpg,../Data/downloads/Roboflow/Data/downloads/roboflow_chicken_pose/train/labels/184032-13-_png.rf.c344433e23147a61065d7bdf46761d2d.txt,184032-13-,train,train,12,2|6|4
../Data/downloads/Roboflow/Data/downloads/roboflow_chicken_pose/train/images/184032-2-_png.rf.1ec4de2d8a8c066c7014789a9977bf61.jpg,../Data/downloads/Roboflow/Data/downloads/roboflow_chicken_pose/train/labels/184032-2-_png.rf.1ec4de2d8a8c066c7014789a9977bf61.txt,184032-2-,train,train,12,0|8|4
../Data/downloads/Roboflow/Data/downloads/roboflow_chicken_pose/train/images/184032-3-_png.rf.bbfab4e23b8142c489d569980721a5cd.jpg,../Data/downloads/Roboflow/Data/downloads/roboflow_chicken_pose/train/labels/184032-3-_png.rf.bbfab4e23b8142c489d569980721a5cd.txt,184032-3-,train,train,12,2|9|1
../Data/downloads/Roboflow/Data/downloads/roboflow_chicken_pose/train/images/184032-5-_png.rf.48716f880c9575962d6a2ab2a3cbf003.jpg,../Data/downloads/Roboflow/Data/downloads/roboflow_chicken_pose/train/labels/184032-5-_png.rf.48716f880c9575962d6a2ab2a3cbf003.txt,184032-5-,train,test,12,3|6|3
../Data/downloads/Roboflow/Data/downloads/roboflow_chicken_pose/train/images/184032-7-_png.rf.e18d01cb8d4e007ff43cac3950f5bfbe.jpg,../Data/downloads/Roboflow/Data/downloads/roboflow_chicken_pose/train/labels/184032-7-_png.rf.e18d01cb8d4e007ff43cac3950f5bfbe.txt,184032-7-,train,train,12,2|6|4
../Data/downloads/Roboflow/Data/downloads/roboflow_chicken_pose/train/images/184032-8-_png.rf.901b0da5522c26a7406eecc1cbe95c91.jpg,../Data/downloads/Roboflow/Data/downloads/roboflow_chicken_pose/train/labels/184032-8-_png.rf.901b0da5522c26a7406eecc1cbe95c91.txt,184032-8-,train,train,12,5|4|3
../Data/downloads/Roboflow/Data/downloads/roboflow_chicken_pose/train/images/184032-9-_png.rf.a22b77cc9b604d7855bb08b8743ae1a7.jpg,../Data/downloads/Roboflow/Data/downloads/roboflow_chicken_pose/train/labels/184032-9-_png.rf.a22b77cc9b604d7855bb08b8743ae1a7.txt,184032-9-,train,train,12,2|6|4
../Data/downloads/Roboflow/Data/downloads/roboflow_chicken_pose/train/images/184_jpg.rf.01bc826a7d59a44072591dda6e96e43a.jpg,../Data/downloads/Roboflow/Data/downloads/roboflow_chicken_pose/train/labels/184_jpg.rf.01bc826a7d59a44072591dda6e96e43a.txt,184,train,test,11,2|2|7
../Data/downloads/Roboflow/Data/downloads/roboflow_chicken_pose/train/images/185_jpg.rf.0dc889a8d09e7854637c55ac56d04cc0.jpg,../Data/downloads/Roboflow/Data/downloads/roboflow_chicken_pose/train/labels/185_jpg.rf.0dc889a8d09e7854637c55ac56d04cc0.txt,185,train,train,11,2|3|6
../Data/downloads/Roboflow/Data/downloads/roboflow_chicken_pose/train/images/186_jpg.rf.1c929a30cbb3a7e50e4e93115fce4e1c.jpg,../Data/downloads/Roboflow/Data/downloads/roboflow_chicken_pose/train/labels/186_jpg.rf.1c929a30cbb3a7e50e4e93115fce4e1c.txt,186,train,train,12,2|7|3
../Data/downloads/Roboflow/Data/downloads/roboflow_chicken_pose/train/images/187_jpg.rf.3c4024e9ab03c2e4770c9ce8a86db83f.jpg,../Data/downloads/Roboflow/Data/downloads/roboflow_chicken_pose/train/labels/187_jpg.rf.3c4024e9ab03c2e4770c9ce8a86db83f.txt,187,train,train,11,0|1|10
../Data/downloads/Roboflow/Data/downloads/roboflow_chicken_pose/train/images/188_jpg.rf.3e44dbe7810d840ff1e71b46a9549947.jpg,../Data/downloads/Roboflow/Data/downloads/roboflow_chicken_pose/train/labels/188_jpg.rf.3e44dbe7810d840ff1e71b46a9549947.txt,188,train,train,12,1|9|2
../Data/downloads/Roboflow/Data/downloads/roboflow_chicken_pose/train/images/189_jpg.rf.d675332749cb649121cca4cb8d4553e1.jpg,../Data/downloads/Roboflow/Data/downloads/roboflow_chicken_pose/train/labels/189_jpg.rf.d675332749cb649121cca4cb8d4553e1.txt,189,train,train,12,3|7|2
../Data/downloads/Roboflow/Data/downloads/roboflow_chicken_pose/train/images/18_jpg.rf.8b5c250cbc76c7731d62ba7e18596d12.jpg,../Data/downloads/Roboflow/Data/downloads/roboflow_chicken_pose/train/labels/18_jpg.rf.8b5c250cbc76c7731d62ba7e18596d12.txt,18,train,train,12,2|2|8
../Data/downloads/Roboflow/Data/downloads/roboflow_chicken_pose/train/images/190_jpg.rf.401960dc90a7f56d813ba2235daa2f34.jpg,../Data/downloads/Roboflow/Data/downloads/roboflow_chicken_pose/train/labels/190_jpg.rf.401960dc90a7f56d813ba2235daa2f34.txt,190,train,train,11,0|6|5
../Data/downloads/Roboflow/Data/downloads/roboflow_chicken_pose/train/images/191_jpg.rf.423b11bb891c728c9302c546ea2cee0b.jpg,../Data/downloads/Roboflow/Data/downloads/roboflow_chicken_pose/train/labels/191_jpg.rf.423b11bb891c728c9302c546ea2cee0b.txt,191,train,train,11,5|1|5
../Data/downloads/Roboflow/Data/downloads/roboflow_chicken_pose/train/images/192_jpg.rf.24e31cc2651fc0401b4d4e0c3b6eb69d.jpg,../Data/downloads/Roboflow/Data/downloads/roboflow_chicken_pose/train/labels/192_jpg.rf.24e31cc2651fc0401b4d4e0c3b6eb69d.txt,192,train,train,12,0|5|7
../Data/downloads/Roboflow/Data/downloads/roboflow_chicken_pose/train/images/193_jpg.rf.8c44a5d92f7691b3461ceb8294ced9a1.jpg,../Data/downloads/Roboflow/Data/downloads/roboflow_chicken_pose/train/labels/193_jpg.rf.8c44a5d92f7691b3461ceb8294ced9a1.txt,193,train,train,11,1|4|6
../Data/downloads/Roboflow/Data/downloads/roboflow_chicken_pose/train/images/194_jpg.rf.fb6e3af29b21da27c51d9fde1426d490.jpg,../Data/downloads/Roboflow/Data/downloads/roboflow_chicken_pose/train/labels/194_jpg.rf.fb6e3af29b21da27c51d9fde1426d490.txt,194,train,test,12,1|4|7
../Data/downloads/Roboflow/Data/downloads/roboflow_chicken_pose/train/images/195_jpg.rf.b85df79e7b7fb6ea090a1212ae18d76c.jpg,../Data/downloads/Roboflow/Data/downloads/roboflow_chicken_pose/train/labels/195_jpg.rf.b85df79e7b7fb6ea090a1212ae18d76c.txt,195,train,train,12,3|5|4
../Data/downloads/Roboflow/Data/downloads/roboflow_chicken_pose/train/images/197_jpg.rf.9f632db7bf8be6ef1365a7bb67c59170.jpg,../Data/downloads/Roboflow/Data/downloads/roboflow_chicken_pose/train/labels/197_jpg.rf.9f632db7bf8be6ef1365a7bb67c59170.txt,197,train,train,12,1|4|7
../Data/downloads/Roboflow/Data/downloads/roboflow_chicken_pose/train/images/198_jpg.rf.62c218342a66fcaf8c4eb3669811bc47.jpg,../Data/downloads/Roboflow/Data/downloads/roboflow_chicken_pose/train/labels/198_jpg.rf.62c218342a66fcaf8c4eb3669811bc47.txt,198,train,train,12,1|4|7
../Data/downloads/Roboflow/Data/downloads/roboflow_chicken_pose/train/images/199_jpg.rf.0f4d5d5d8af5fc42afd5fc28ed1e9504.jpg,../Data/downloads/Roboflow/Data/downloads/roboflow_chicken_pose/train/labels/199_jpg.rf.0f4d5d5d8af5fc42afd5fc28ed1e9504.txt,199,train,train,12,7|5|0
../Data/downloads/Roboflow/Data/downloads/roboflow_chicken_pose/train/images/19_jpg.rf.dbd85a7c96e7ffdf911bab00fe0284fd.jpg,../Data/downloads/Roboflow/Data/downloads/roboflow_chicken_pose/train/labels/19_jpg.rf.dbd85a7c96e7ffdf911bab00fe0284fd.txt,19,train,train,12,0|4|8
../Data/downloads/Roboflow/Data/downloads/roboflow_chicken_pose/train/images/1_jpg.rf.c3ad8a2f5ccc4cf0c41f8d0a9e191b54.jpg,../Data/downloads/Roboflow/Data/downloads/roboflow_chicken_pose/train/labels/1_jpg.rf.c3ad8a2f5ccc4cf0c41f8d0a9e191b54.txt,1,train,test,12,2|7|3
../Data/downloads/Roboflow/Data/downloads/roboflow_chicken_pose/train/images/201_jpg.rf.744765c99d1293c2ae66f00c39a829f3.jpg,../Data/downloads/Roboflow/Data/downloads/roboflow_chicken_pose/train/labels/201_jpg.rf.744765c99d1293c2ae66f00c39a829f3.txt,201,train,test,12,1|6|5
../Data/downloads/Roboflow/Data/downloads/roboflow_chicken_pose/train/images/202_jpg.rf.6760b828bb4c3d2c3ddf40aee454f619.jpg,../Data/downloads/Roboflow/Data/downloads/roboflow_chicken_pose/train/labels/202_jpg.rf.6760b828bb4c3d2c3ddf40aee454f619.txt,202,train,train,12,3|3|6
../Data/downloads/Roboflow/Data/downloads/roboflow_chicken_pose/train/images/203_jpg.rf.0ccb12e7d27e80a1b5bfd0c8b968481a.jpg,../Data/downloads/Roboflow/Data/downloads/roboflow_chicken_pose/train/labels/203_jpg.rf.0ccb12e7d27e80a1b5bfd0c8b968481a.txt,203,train,train,12,0|4|8
../Data/downloads/Roboflow/Data/downloads/roboflow_chicken_pose/train/images/204_jpg.rf.96f013cc1c709f8bf369fe75544bfa16.jpg,../Data/downloads/Roboflow/Data/downloads/roboflow_chicken_pose/train/labels/204_jpg.rf.96f013cc1c709f8bf369fe75544bfa16.txt,204,train,train,12,0|5|7
../Data/downloads/Roboflow/Data/downloads/roboflow_chicken_pose/train/images/205_jpg.rf.9ec58426bbd32e740289bc450e215615.jpg,../Data/downloads/Roboflow/Data/downloads/roboflow_chicken_pose/train/labels/205_jpg.rf.9ec58426bbd32e740289bc450e215615.txt,205,train,test,12,4|5|3
../Data/downloads/Roboflow/Data/downloads/roboflow_chicken_pose/train/images/206_jpg.rf.e3b9d085b080fc6d24640ee3534ebc83.jpg,../Data/downloads/Roboflow/Data/downloads/roboflow_chicken_pose/train/labels/206_jpg.rf.e3b9d085b080fc6d24640ee3534ebc83.txt,206,train,test,12,5|4|3
../Data/downloads/Roboflow/Data/downloads/roboflow_chicken_pose/train/images/207_jpg.rf.8c2df2cccbd3c36b71368cf5dc58b7ce.jpg,../Data/downloads/Roboflow/Data/downloads/roboflow_chicken_pose/train/labels/207_jpg.rf.8c2df2cccbd3c36b71368cf5dc58b7ce.txt,207,train,train,12,3|2|7
../Data/downloads/Roboflow/Data/downloads/roboflow_chicken_pose/train/images/208_jpg.rf.794da2f5b59080e6bd7cb2dd5c6f5ab0.jpg,../Data/downloads/Roboflow/Data/downloads/roboflow_chicken_pose/train/labels/208_jpg.rf.794da2f5b59080e6bd7cb2dd5c6f5ab0.txt,208,train,train,12,0|9|3
../Data/downloads/Roboflow/Data/downloads/roboflow_chicken_pose/train/images/209_jpg.rf.8e4b750ea7ef2da14ea3eb46db86ce4d.jpg,../Data/downloads/Roboflow/Data/downloads/roboflow_chicken_pose/train/labels/209_jpg.rf.8e4b750ea7ef2da14ea3eb46db86ce4d.txt,209,train,train,12,5|4|3
../Data/downloads/Roboflow/Data/downloads/roboflow_chicken_pose/train/images/20_jpg.rf.e52dcca667de40beaa8d27d18a090c8c.jpg,../Data/downloads/Roboflow/Data/downloads/roboflow_chicken_pose/train/labels/20_jpg.rf.e52dcca667de40beaa8d27d18a090c8c.txt,20,train,train,12,0|0|12
../Data/downloads/Roboflow/Data/downloads/roboflow_chicken_pose/train/images/210_jpg.rf.704e234058e03859d5ae8c7e5ccff796.jpg,../Data/downloads/Roboflow/Data/downloads/roboflow_chicken_pose/train/labels/210_jpg.rf.704e234058e03859d5ae8c7e5ccff796.txt,210,train,train,12,4|2|6
../Data/downloads/Roboflow/Data/downloads/roboflow_chicken_pose/train/images/211_jpg.rf.054eea0016c37dc863eaeb95aede5704.jpg,../Data/downloads/Roboflow/Data/downloads/roboflow_chicken_pose/train/labels/211_jpg.rf.054eea0016c37dc863eaeb95aede5704.txt,211,train,train,12,0|7|5
../Data/downloads/Roboflow/Data/downloads/roboflow_chicken_pose/train/images/212_jpg.rf.8a6674cd2d4fca84b579f195ab5b7ef9.jpg,../Data/downloads/Roboflow/Data/downloads/roboflow_chicken_pose/train/labels/212_jpg.rf.8a6674cd2d4fca84b579f195ab5b7ef9.txt,212,train,val,12,4|8|0
../Data/downloads/Roboflow/Data/downloads/roboflow_chicken_pose/train/images/214_jpg.rf.6a7995886387093deceb7910c8552058.jpg,../Data/downloads/Roboflow/Data/downloads/roboflow_chicken_pose/train/labels/214_jpg.rf.6a7995886387093deceb7910c8552058.txt,214,train,test,12,0|7|5
../Data/downloads/Roboflow/Data/downloads/roboflow_chicken_pose/train/images/215_jpg.rf.a48a075024ea3979fe13f9c72b5d74f4.jpg,../Data/downloads/Roboflow/Data/downloads/roboflow_chicken_pose/train/labels/215_jpg.rf.a48a075024ea3979fe13f9c72b5d74f4.txt,215,train,train,12,4|5|3
../Data/downloads/Roboflow/Data/downloads/roboflow_chicken_pose/train/images/216_jpg.rf.f497a2989b25f6aba29d57d7255a0f83.jpg,../Data/downloads/Roboflow/Data/downloads/roboflow_chicken_pose/train/labels/216_jpg.rf.f497a2989b25f6aba29d57d7255a0f83.txt,216,train,test,11,3|6|2
../Data/downloads/Roboflow/Data/downloads/roboflow_chicken_pose/train/images/217_jpg.rf.89b7ba83861ed7e46baeb1010e94b97b.jpg,../Data/downloads/Roboflow/Data/downloads/roboflow_chicken_pose/train/labels/217_jpg.rf.89b7ba83861ed7e46baeb1010e94b97b.txt,217,train,train,12,6|5|1
../Data/downloads/Roboflow/Data/downloads/roboflow_chicken_pose/train/images/218_jpg.rf.47690e7eeae557212c620d85a58222e7.jpg,../Data/downloads/Roboflow/Data/downloads/roboflow_chicken_pose/train/labels/218_jpg.rf.47690e7eeae557212c620d85a58222e7.txt,218,train,test,11,2|0|9
../Data/downloads/Roboflow/Data/downloads/roboflow_chicken_pose/train/images/21_jpg.rf.1c76ab92e9ccda5c94591c87f4d21c43.jpg,../Data/downloads/Roboflow/Data/downloads/roboflow_chicken_pose/train/labels/21_jpg.rf.1c76ab92e9ccda5c94591c87f4d21c43.txt,21,train,train,12,4|3|5
../Data/downloads/Roboflow/Data/downloads/roboflow_chicken_pose/train/images/220_jpg.rf.e455322eabed84eb1ada610505009fee.jpg,../Data/downloads/Roboflow/Data/downloads/roboflow_chicken_pose/train/labels/220_jpg.rf.e455322eabed84eb1ada610505009fee.txt,220,train,train,12,8|2|2
../Data/downloads/Roboflow/Data/downloads/roboflow_chicken_pose/train/images/221_jpg.rf.42edf0d1a826b6ae722d12d73ac2187f.jpg,../Data/downloads/Roboflow/Data/downloads/roboflow_chicken_pose/train/labels/221_jpg.rf.42edf0d1a826b6ae722d12d73ac2187f.txt,221,train,train,12,2|4|6
../Data/downloads/Roboflow/Data/downloads/roboflow_chicken_pose/train/images/222_jpg.rf.2a999aca893fd261af9f64534d07449d.jpg,../Data/downloads/Roboflow/Data/downloads/roboflow_chicken_pose/train/labels/222_jpg.rf.2a999aca893fd261af9f64534d07449d.txt,222,train,train,12,5|5|2
../Data/downloads/Roboflow/Data/downloads/roboflow_chicken_pose/train/images/223_jpg.rf.fcb0d75a2bb10cf12d655162f4413ec6.jpg,../Data/downloads/Roboflow/Data/downloads/roboflow_chicken_pose/train/labels/223_jpg.rf.fcb0d75a2bb10cf12d655162f4413ec6.txt,223,train,train,12,1|4|7
../Data/downloads/Roboflow/Data/downloads/roboflow_chicken_pose/train/images/224_jpg.rf.1015f9e0c516ef2f6211ea92118a4bb9.jpg,../Data/downloads/Roboflow/Data/downloads/roboflow_chicken_pose/train/labels/224_jpg.rf.1015f9e0c516ef2f6211ea92118a4bb9.txt,224,train,val,11,1|0|10
../Data/downloads/Roboflow/Data/downloads/roboflow_chicken_pose/train/images/226_jpg.rf.a58db3c6399a2e8a994d6c39e60f0a62.jpg,../Data/downloads/Roboflow/Data/downloads/roboflow_chicken_pose/train/labels/226_jpg.rf.a58db3c6399a2e8a994d6c39e60f0a62.txt,226,train,test,11,0|3|8
../Data/downloads/Roboflow/Data/downloads/roboflow_chicken_pose/train/images/227_jpg.rf.641563b895ffe8f44b5d4bcf7fe0245e.jpg,../Data/downloads/Roboflow/Data/downloads/roboflow_chicken_pose/train/labels/227_jpg.rf.641563b895ffe8f44b5d4bcf7fe0245e.txt,227,train,train,11,1|1|9
../Data/downloads/Roboflow/Data/downloads/roboflow_chicken_pose/train/images/228_jpg.rf.c3001840db79f4520f18af7fbdf86643.jpg,../Data/downloads/Roboflow/Data/downloads/roboflow_chicken_pose/train/labels/228_jpg.rf.c3001840db79f4520f18af7fbdf86643.txt,228,train,train,12,2|7|3
../Data/downloads/Roboflow/Data/downloads/roboflow_chicken_pose/train/images/229_jpg.rf.de6e0dca6de1ad75acbdf91978852df1.jpg,../Data/downloads/Roboflow/Data/downloads/roboflow_chicken_pose/train/labels/229_jpg.rf.de6e0dca6de1ad75acbdf91978852df1.txt,229,train,train,12,5|4|3
../Data/downloads/Roboflow/Data/downloads/roboflow_chicken_pose/train/images/22_jpg.rf.1e838a7ea4135eb01f73ada21d0ad095.jpg,../Data/downloads/Roboflow/Data/downloads/roboflow_chicken_pose/train/labels/22_jpg.rf.1e838a7ea4135eb01f73ada21d0ad095.txt,22,train,train,12,1|4|7
../Data/downloads/Roboflow/Data/downloads/roboflow_chicken_pose/train/images/230_jpg.rf.2c1a8fb3230239cc74b9d7ccd54486ed.jpg,../Data/downloads/Roboflow/Data/downloads/roboflow_chicken_pose/train/labels/230_jpg.rf.2c1a8fb3230239cc74b9d7ccd54486ed.txt,230,train,train,11,3|1|7
../Data/downloads/Roboflow/Data/downloads/roboflow_chicken_pose/train/images/231_jpg.rf.251770491b5ee6405448a17293a250a2.jpg,../Data/downloads/Roboflow/Data/downloads/roboflow_chicken_pose/train/labels/231_jpg.rf.251770491b5ee6405448a17293a250a2.txt,231,train,train,11,2|2|7
../Data/downloads/Roboflow/Data/downloads/roboflow_chicken_pose/train/images/233_jpg.rf.46e655c7ca8cab78a5f90eec7291b647.jpg,../Data/downloads/Roboflow/Data/downloads/roboflow_chicken_pose/train/labels/233_jpg.rf.46e655c7ca8cab78a5f90eec7291b647.txt,233,train,train,11,2|1|8
../Data/downloads/Roboflow/Data/downloads/roboflow_chicken_pose/train/images/237_jpg.rf.2632daaa46c9ecc0199dfc560635c97f.jpg,../Data/downloads/Roboflow/Data/downloads/roboflow_chicken_pose/train/labels/237_jpg.rf.2632daaa46c9ecc0199dfc560635c97f.txt,237,train,val,12,1|5|6
../Data/downloads/Roboflow/Data/downloads/roboflow_chicken_pose/train/images/238_jpg.rf.b603582e4c2b95d6292423dff05a8f15.jpg,../Data/downloads/Roboflow/Data/downloads/roboflow_chicken_pose/train/labels/238_jpg.rf.b603582e4c2b95d6292423dff05a8f15.txt,238,train,train,11,2|5|4
../Data/downloads/Roboflow/Data/downloads/roboflow_chicken_pose/train/images/239_jpg.rf.52bf692ca51acc1f61610a19eb2b15ee.jpg,../Data/downloads/Roboflow/Data/downloads/roboflow_chicken_pose/train/labels/239_jpg.rf.52bf692ca51acc1f61610a19eb2b15ee.txt,239,train,train,12,0|8|4
../Data/downloads/Roboflow/Data/downloads/roboflow_chicken_pose/train/images/23_jpg.rf.370533c98aed54813c23d6679f9745a9.jpg,../Data/downloads/Roboflow/Data/downloads/roboflow_chicken_pose/train/labels/23_jpg.rf.370533c98aed54813c23d6679f9745a9.txt,23,train,train,12,0|5|7
../Data/downloads/Roboflow/Data/downloads/roboflow_chicken_pose/train/images/240_jpg.rf.f58b4774c88a3a7fcd24102f7c1a936e.jpg,../Data/downloads/Roboflow/Data/downloads/roboflow_chicken_pose/train/labels/240_jpg.rf.f58b4774c88a3a7fcd24102f7c1a936e.txt,240,train,train,12,2|2|8
../Data/downloads/Roboflow/Data/downloads/roboflow_chicken_pose/train/images/242_jpg.rf.0616f2e1494022c66a89c43a6257278c.jpg,../Data/downloads/Roboflow/Data/downloads/roboflow_chicken_pose/train/labels/242_jpg.rf.0616f2e1494022c66a89c43a6257278c.txt,242,train,train,12,0|3|9
../Data/downloads/Roboflow/Data/downloads/roboflow_chicken_pose/train/images/243_jpg.rf.7fa3efb43a21dd346a6c26956cec1efc.jpg,../Data/downloads/Roboflow/Data/downloads/roboflow_chicken_pose/train/labels/243_jpg.rf.7fa3efb43a21dd346a6c26956cec1efc.txt,243,train,train,12,0|2|10
../Data/downloads/Roboflow/Data/downloads/roboflow_chicken_pose/train/images/245_jpg.rf.5259c555193895b838d99783cfc69273.jpg,../Data/downloads/Roboflow/Data/downloads/roboflow_chicken_pose/train/labels/245_jpg.rf.5259c555193895b838d99783cfc69273.txt,245,train,train,12,1|3|8
../Data/downloads/Roboflow/Data/downloads/roboflow_chicken_pose/train/images/246_jpg.rf.ba921c1c19d0efbfdf650c90114ecdc7.jpg,../Data/downloads/Roboflow/Data/downloads/roboflow_chicken_pose/train/labels/246_jpg.rf.ba921c1c19d0efbfdf650c90114ecdc7.txt,246,train,train,12,0|2|10
../Data/downloads/Roboflow/Data/downloads/roboflow_chicken_pose/train/images/247_jpg.rf.5565f885f9caa836c20927f88cecf8d9.jpg,../Data/downloads/Roboflow/Data/downloads/roboflow_chicken_pose/train/labels/247_jpg.rf.5565f885f9caa836c20927f88cecf8d9.txt,247,train,train,12,2|4|6
../Data/downloads/Roboflow/Data/downloads/roboflow_chicken_pose/train/images/248_jpg.rf.bb5945a5e11555cf9c9af06ada6a80ea.jpg,../Data/downloads/Roboflow/Data/downloads/roboflow_chicken_pose/train/labels/248_jpg.rf.bb5945a5e11555cf9c9af06ada6a80ea.txt,248,train,test,12,1|1|10
../Data/downloads/Roboflow/Data/downloads/roboflow_chicken_pose/train/images/249_jpg.rf.9fd0b704fea7d1a1e57d4cbc640a5e46.jpg,../Data/downloads/Roboflow/Data/downloads/roboflow_chicken_pose/train/labels/249_jpg.rf.9fd0b704fea7d1a1e57d4cbc640a5e46.txt,249,train,train,11,5|4|2
../Data/downloads/Roboflow/Data/downloads/roboflow_chicken_pose/train/images/24_jpg.rf.96d92e42b17899b8649d35f1302a7d76.jpg,../Data/downloads/Roboflow/Data/downloads/roboflow_chicken_pose/train/labels/24_jpg.rf.96d92e42b17899b8649d35f1302a7d76.txt,24,train,train,12,1|7|4
../Data/downloads/Roboflow/Data/downloads/roboflow_chicken_pose/train/images/250_jpg.rf.c2efd915471cfb926e570c16a121df8b.jpg,../Data/downloads/Roboflow/Data/downloads/roboflow_chicken_pose/train/labels/250_jpg.rf.c2efd915471cfb926e570c16a121df8b.txt,250,train,train,12,2|5|5
../Data/downloads/Roboflow/Data/downloads/roboflow_chicken_pose/train/images/251_jpg.rf.4cff3a451f6e766984c2669104940944.jpg,../Data/downloads/Roboflow/Data/downloads/roboflow_chicken_pose/train/labels/251_jpg.rf.4cff3a451f6e766984c2669104940944.txt,251,train,train,12,2|6|4
../Data/downloads/Roboflow/Data/downloads/roboflow_chicken_pose/train/images/253_jpg.rf.9bce8a39f85acba14d4d4146f6f0e7b9.jpg,../Data/downloads/Roboflow/Data/downloads/roboflow_chicken_pose/train/labels/253_jpg.rf.9bce8a39f85acba14d4d4146f6f0e7b9.txt,253,train,train,12,2|6|4
../Data/downloads/Roboflow/Data/downloads/roboflow_chicken_pose/train/images/254_jpg.rf.a18afe3d69743fe4f94945c9fb8247ce.jpg,../Data/downloads/Roboflow/Data/downloads/roboflow_chicken_pose/train/labels/254_jpg.rf.a18afe3d69743fe4f94945c9fb8247ce.txt,254,train,train,12,1|5|6
../Data/downloads/Roboflow/Data/downloads/roboflow_chicken_pose/train/images/255_jpg.rf.d157b57e4a5e238a78cc683e88435080.jpg,../Data/downloads/Roboflow/Data/downloads/roboflow_chicken_pose/train/labels/255_jpg.rf.d157b57e4a5e238a78cc683e88435080.txt,255,train,train,12,2|3|7
../Data/downloads/Roboflow/Data/downloads/roboflow_chicken_pose/train/images/256_jpg.rf.baaaef8d9b144f6fc8e30be7c880d991.jpg,../Data/downloads/Roboflow/Data/downloads/roboflow_chicken_pose/train/labels/256_jpg.rf.baaaef8d9b144f6fc8e30be7c880d991.txt,256,train,test,12,1|7|4
../Data/downloads/Roboflow/Data/downloads/roboflow_chicken_pose/train/images/257_jpg.rf.49a3ab15ca1178f50ee09c63be2bffc1.jpg,../Data/downloads/Roboflow/Data/downloads/roboflow_chicken_pose/train/labels/257_jpg.rf.49a3ab15ca1178f50ee09c63be2bffc1.txt,257,train,train,12,2|5|5
../Data/downloads/Roboflow/Data/downloads/roboflow_chicken_pose/train/images/258_jpg.rf.c09aa7089a1ccba5b7f8bb270d7af239.jpg,../Data/downloads/Roboflow/Data/downloads/roboflow_chicken_pose/train/labels/258_jpg.rf.c09aa7089a1ccba5b7f8bb270d7af239.txt,258,train,test,12,0|4|8
../Data/downloads/Roboflow/Data/downloads/roboflow_chicken_pose/train/images/25_jpg.rf.afba009855bdbcf1db9b30723f430113.jpg,../Data/downloads/Roboflow/Data/downloads/roboflow_chicken_pose/train/labels/25_jpg.rf.afba009855bdbcf1db9b30723f430113.txt,25,train,train,12,3|3|6
../Data/downloads/Roboflow/Data/downloads/roboflow_chicken_pose/train/images/261_jpg.rf.a8ff407f14e308866914c62dc7dcdf6d.jpg,../Data/downloads/Roboflow/Data/downloads/roboflow_chicken_pose/train/labels/261_jpg.rf.a8ff407f14e308866914c62dc7dcdf6d.txt,261,train,train,12,5|6|1
../Data/downloads/Roboflow/Data/downloads/roboflow_chicken_pose/train/images/262_jpg.rf.6b86f69eba1fcac9fd927a71180c165e.jpg,../Data/downloads/Roboflow/Data/downloads/roboflow_chicken_pose/train/labels/262_jpg.rf.6b86f69eba1fcac9fd927a71180c165e.txt,262,train,train,12,0|4|8
../Data/downloads/Roboflow/Data/downloads/roboflow_chicken_pose/train/images/263_jpg.rf.e3cf65405c2c10383281452423b6d9cc.jpg,../Data/downloads/Roboflow/Data/downloads/roboflow_chicken_pose/train/labels/263_jpg.rf.e3cf65405c2c10383281452423b6d9cc.txt,263,train,train,12,2|5|5
../Data/downloads/Roboflow/Data/downloads/roboflow_chicken_pose/train/images/264_jpg.rf.3aee60846e2da588566688eef661fd11.jpg,../Data/downloads/Roboflow/Data/downloads/roboflow_chicken_pose/train/labels/264_jpg.rf.3aee60846e2da588566688eef661fd11.txt,264,train,train,11,0|4|7
../Data/downloads/Roboflow/Data/downloads/roboflow_chicken_pose/train/images/266_jpg.rf.1cb958dc5ca6c7be5261359cfe6aa5c1.jpg,../Data/downloads/Roboflow/Data/downloads/roboflow_chicken_pose/train/labels/266_jpg.rf.1cb958dc5ca6c7be5261359cfe6aa5c1.txt,266,train,train,12,2|3|7
../Data/downloads/Roboflow/Data/downloads/roboflow_chicken_pose/train/images/268_jpg.rf.88a272a23224bd17be395dfee1655a07.jpg,../Data/downloads/Roboflow/Data/downloads/roboflow_chicken_pose/train/labels/268_jpg.rf.88a272a23224bd17be395dfee1655a07.txt,268,train,train,12,0|4|8
../Data/downloads/Roboflow/Data/downloads/roboflow_chicken_pose/train/images/269_jpg.rf.ecab9c0b63f8a09fa5f96d1e19ebd764.jpg,../Data/downloads/Roboflow/Data/downloads/roboflow_chicken_pose/train/labels/269_jpg.rf.ecab9c0b63f8a09fa5f96d1e19ebd764.txt,269,train,train,12,3|2|7
../Data/downloads/Roboflow/Data/downloads/roboflow_chicken_pose/train/images/26_jpg.rf.aa9737e5dfec295d9898379e29f433ec.jpg,../Data/downloads/Roboflow/Data/downloads/roboflow_chicken_pose/train/labels/26_jpg.rf.aa9737e5dfec295d9898379e29f433ec.txt,26,train,test,12,4|4|4
../Data/downloads/Roboflow/Data/downloads/roboflow_chicken_pose/train/images/271_jpg.rf.d74ca8a70b6441d6d7c4df1eeefba60a.jpg,../Data/downloads/Roboflow/Data/downloads/roboflow_chicken_pose/train/labels/271_jpg.rf.d74ca8a70b6441d6d7c4df1eeefba60a.txt,271,train,train,12,2|5|5
../Data/downloads/Roboflow/Data/downloads/roboflow_chicken_pose/train/images/273_jpg.rf.7c7948a3fc3779013f0b232acf0cdd6a.jpg,../Data/downloads/Roboflow/Data/downloads/roboflow_chicken_pose/train/labels/273_jpg.rf.7c7948a3fc3779013f0b232acf0cdd6a.txt,273,train,train,12,1|3|8
../Data/downloads/Roboflow/Data/downloads/roboflow_chicken_pose/train/images/274_jpg.rf.6517cf831f85b80e98238d76272c7c61.jpg,../Data/downloads/Roboflow/Data/downloads/roboflow_chicken_pose/train/labels/274_jpg.rf.6517cf831f85b80e98238d76272c7c61.txt,274,train,train,12,0|7|5
../Data/downloads/Roboflow/Data/downloads/roboflow_chicken_pose/train/images/275_jpg.rf.8e41c241bdc7e8354c03f3ff033e5d0c.jpg,../Data/downloads/Roboflow/Data/downloads/roboflow_chicken_pose/train/labels/275_jpg.rf.8e41c241bdc7e8354c03f3ff033e5d0c.txt,275,train,train,12,5|3|4
../Data/downloads/Roboflow/Data/downloads/roboflow_chicken_pose/train/images/276_jpg.rf.4aeed0bb65973add51717397171004b2.jpg,../Data/downloads/Roboflow/Data/downloads/roboflow_chicken_pose/train/labels/276_jpg.rf.4aeed0bb65973add51717397171004b2.txt,276,train,train,12,2|7|3
../Data/downloads/Roboflow/Data/downloads/roboflow_chicken_pose/train/images/277_jpg.rf.00c58cbf4ca67277a56acbf0c247c426.jpg,../Data/downloads/Roboflow/Data/downloads/roboflow_chicken_pose/train/labels/277_jpg.rf.00c58cbf4ca67277a56acbf0c247c426.txt,277,train,train,12,2|6|4
../Data/downloads/Roboflow/Data/downloads/roboflow_chicken_pose/train/images/279_jpg.rf.8666d6a935e715aa545e6acc2f590472.jpg,../Data/downloads/Roboflow/Data/downloads/roboflow_chicken_pose/train/labels/279_jpg.rf.8666d6a935e715aa545e6acc2f590472.txt,279,train,train,12,2|7|3
../Data/downloads/Roboflow/Data/downloads/roboflow_chicken_pose/train/images/27_jpg.rf.4df8afde7209674da76eb7dbc8c297b1.jpg,../Data/downloads/Roboflow/Data/downloads/roboflow_chicken_pose/train/labels/27_jpg.rf.4df8afde7209674da76eb7dbc8c297b1.txt,27,train,train,12,0|5|7
../Data/downloads/Roboflow/Data/downloads/roboflow_chicken_pose/train/images/28-_jpg.rf.821c5c4b282a3489b45b4b9d7732a2ed.jpg,../Data/downloads/Roboflow/Data/downloads/roboflow_chicken_pose/train/labels/28-_jpg.rf.821c5c4b282a3489b45b4b9d7732a2ed.txt,28-,train,val,12,1|3|8
../Data/downloads/Roboflow/Data/downloads/roboflow_chicken_pose/train/images/281_jpg.rf.838b21c2a8bebe546b29bd94824407d2.jpg,../Data/downloads/Roboflow/Data/downloads/roboflow_chicken_pose/train/labels/281_jpg.rf.838b21c2a8bebe546b29bd94824407d2.txt,281,train,train,12,2|7|3
../Data/downloads/Roboflow/Data/downloads/roboflow_chicken_pose/train/images/282_jpg.rf.7ff3b979b09b5a433bff1cb47051e0ec.jpg,../Data/downloads/Roboflow/Data/downloads/roboflow_chicken_pose/train/labels/282_jpg.rf.7ff3b979b09b5a433bff1cb47051e0ec.txt,282,train,train,12,4|5|3
../Data/downloads/Roboflow/Data/downloads/roboflow_chicken_pose/train/images/284_jpg.rf.c18ece8531cabfd9ff0a3859edae03af.jpg,../Data/downloads/Roboflow/Data/downloads/roboflow_chicken_pose/train/labels/284_jpg.rf.c18ece8531cabfd9ff0a3859edae03af.txt,284,train,train,12,0|2|10
../Data/downloads/Roboflow/Data/downloads/roboflow_chicken_pose/train/images/285_jpg.rf.159ebcedb2cf432df9cb2b65e7fa5216.jpg,../Data/downloads/Roboflow/Data/downloads/roboflow_chicken_pose/train/labels/285_jpg.rf.159ebcedb2cf432df9cb2b65e7fa5216.txt,285,train,train,12,5|3|4
../Data/downloads/Roboflow/Data/downloads/roboflow_chicken_pose/train/images/286_jpg.rf.ca4bfce4625337ee347d4df6038c9b67.jpg,../Data/downloads/Roboflow/Data/downloads/roboflow_chicken_pose/train/labels/286_jpg.rf.ca4bfce4625337ee347d4df6038c9b67.txt,286,train,train,11,1|2|8
../Data/downloads/Roboflow/Data/downloads/roboflow_chicken_pose/train/images/287_jpg.rf.2a6eed411cf5f1a109938a88381502f3.jpg,../Data/downloads/Roboflow/Data/downloads/roboflow_chicken_pose/train/labels/287_jpg.rf.2a6eed411cf5f1a109938a88381502f3.txt,287,train,train,12,2|4|6
../Data/downloads/Roboflow/Data/downloads/roboflow_chicken_pose/train/images/289_jpg.rf.dc668bc6c51bc2044fdea52f64885452.jpg,../Data/downloads/Roboflow/Data/downloads/roboflow_chicken_pose/train/labels/289_jpg.rf.dc668bc6c51bc2044fdea52f64885452.txt,289,train,train,12,2|6|4
../Data/downloads/Roboflow/Data/downloads/roboflow_chicken_pose/train/images/29-_jpg.rf.0b0d5ef93fe936afd53a1b88e50abb94.jpg,../Data/downloads/Roboflow/Data/downloads/roboflow_chicken_pose/train/labels/29-_jpg.rf.0b0d5ef93fe936afd53a1b88e50abb94.txt,29-,train,test,12,2|3|7
../Data/downloads/Roboflow/Data/downloads/roboflow_chicken_pose/train/images/290_jpg.rf.da41d5087ec5d15f0922c8a8fa14a7fd.jpg,../Data/downloads/Roboflow/Data/downloads/roboflow_chicken_pose/train/labels/290_jpg.rf.da41d5087ec5d15f0922c8a8fa14a7fd.txt,290,train,train,12,2|6|4
../Data/downloads/Roboflow/Data/downloads/roboflow_chicken_pose/train/images/291_jpg.rf.56332c46a74b165552c5a13b4cd8aa0d.jpg,../Data/downloads/Roboflow/Data/downloads/roboflow_chicken_pose/train/labels/291_jpg.rf.56332c46a74b165552c5a13b4cd8aa0d.txt,291,train,train,12,6|4|2
../Data/downloads/Roboflow/Data/downloads/roboflow_chicken_pose/train/images/292_jpg.rf.19a79790f0cc6d262109c3a7c26cabaa.jpg,../Data/downloads/Roboflow/Data/downloads/roboflow_chicken_pose/train/labels/292_jpg.rf.19a79790f0cc6d262109c3a7c26cabaa.txt,292,train,train,12,6|2|4
../Data/downloads/Roboflow/Data/downloads/roboflow_chicken_pose/train/images/293_jpg.rf.7a0139cb363b10d9377f5051b5eecb14.jpg,../Data/downloads/Roboflow/Data/downloads/roboflow_chicken_pose/train/labels/293_jpg.rf.7a0139cb363b10d9377f5051b5eecb14.txt,293,train,train,12,3|2|7
../Data/downloads/Roboflow/Data/downloads/roboflow_chicken_pose/train/images/294_jpg.rf.9d1b087c8570d470abeddd74a750c56a.jpg,../Data/downloads/Roboflow/Data/downloads/roboflow_chicken_pose/train/labels/294_jpg.rf.9d1b087c8570d470abeddd74a750c56a.txt,294,train,train,12,0|7|5
../Data/downloads/Roboflow/Data/downloads/roboflow_chicken_pose/train/images/296_jpg.rf.bf9536cf220c8e0ef9e0c7486102595e.jpg,../Data/downloads/Roboflow/Data/downloads/roboflow_chicken_pose/train/labels/296_jpg.rf.bf9536cf220c8e0ef9e0c7486102595e.txt,296,train,train,12,2|3|7
../Data/downloads/Roboflow/Data/downloads/roboflow_chicken_pose/train/images/297_jpg.rf.a1a49d18254e7eea27190b821aa034a6.jpg,../Data/downloads/Roboflow/Data/downloads/roboflow_chicken_pose/train/labels/297_jpg.rf.a1a49d18254e7eea27190b821aa034a6.txt,297,train,test,12,2|4|6
../Data/downloads/Roboflow/Data/downloads/roboflow_chicken_pose/train/images/298_jpg.rf.037ec837af0f66725e7dace3e5957db7.jpg,../Data/downloads/Roboflow/Data/downloads/roboflow_chicken_pose/train/labels/298_jpg.rf.037ec837af0f66725e7dace3e5957db7.txt,298,train,train,12,3|6|3
../Data/downloads/Roboflow/Data/downloads/roboflow_chicken_pose/train/images/299_jpg.rf.ed9de59a13a92b8910b16a93510ac766.jpg,../Data/downloads/Roboflow/Data/downloads/roboflow_chicken_pose/train/labels/299_jpg.rf.ed9de59a13a92b8910b16a93510ac766.txt,299,train,train,12,3|6|3
../Data/downloads/Roboflow/Data/downloads/roboflow_chicken_pose/train/images/2_jpg.rf.357fe1d804b9ab464ef5e7119c0d8c9a.jpg,../Data/downloads/Roboflow/Data/downloads/roboflow_chicken_pose/train/labels/2_jpg.rf.357fe1d804b9ab464ef5e7119c0d8c9a.txt,2,train,train,12,0|3|9
../Data/downloads/Roboflow/Data/downloads/roboflow_chicken_pose/train/images/300_jpg.rf.fa41771a67aad1f7a435a07cc75d861a.jpg,../Data/downloads/Roboflow/Data/downloads/roboflow_chicken_pose/train/labels/300_jpg.rf.fa41771a67aad1f7a435a07cc75d861a.txt,300,train,train,12,2|3|7
../Data/downloads/Roboflow/Data/downloads/roboflow_chicken_pose/train/images/302_jpg.rf.2133240bc2771c0ed1b10647e5779ba8.jpg,../Data/downloads/Roboflow/Data/downloads/roboflow_chicken_pose/train/labels/302_jpg.rf.2133240bc2771c0ed1b10647e5779ba8.txt,302,train,train,11,1|6|4
../Data/downloads/Roboflow/Data/downloads/roboflow_chicken_pose/train/images/303_jpg.rf.fe21940ba4a4d2da2c4f67dd0f6339ab.jpg,../Data/downloads/Roboflow/Data/downloads/roboflow_chicken_pose/train/labels/303_jpg.rf.fe21940ba4a4d2da2c4f67dd0f6339ab.txt,303,train,train,11,2|4|5
../Data/downloads/Roboflow/Data/downloads/roboflow_chicken_pose/train/images/304_jpg.rf.05234da6e7050a23e3a4add3e32b4417.jpg,../Data/downloads/Roboflow/Data/downloads/roboflow_chicken_pose/train/labels/304_jpg.rf.05234da6e7050a23e3a4add3e32b4417.txt,304,train,train,12,5|4|3
../Data/downloads/Roboflow/Data/downloads/roboflow_chicken_pose/train/images/305_jpg.rf.041aa6087f6007c6f1cf982198606f23.jpg,../Data/downloads/Roboflow/Data/downloads/roboflow_chicken_pose/train/labels/305_jpg.rf.041aa6087f6007c6f1cf982198606f23.txt,305,train,test,12,0|5|7
../Data/downloads/Roboflow/Data/downloads/roboflow_chicken_pose/train/images/306_jpg.rf.d2814f2b38ef202e65713b826be36a2d.jpg,../Data/downloads/Roboflow/Data/downloads/roboflow_chicken_pose/train/labels/306_jpg.rf.d2814f2b38ef202e65713b826be36a2d.txt,306,train,train,12,5|6|1
../Data/downloads/Roboflow/Data/downloads/roboflow_chicken_pose/train/images/307_jpg.rf.57ece7b4d8a26a43e13ad864d68a3ade.jpg,../Data/downloads/Roboflow/Data/downloads/roboflow_chicken_pose/train/labels/307_jpg.rf.57ece7b4d8a26a43e13ad864d68a3ade.txt,307,train,train,12,2|3|7
../Data/downloads/Roboflow/Data/downloads/roboflow_chicken_pose/train/images/308_jpg.rf.d27f7f66fdd243d8c2edd21c1e81d1a9.jpg,../Data/downloads/Roboflow/Data/downloads/roboflow_chicken_pose/train/labels/308_jpg.rf.d27f7f66fdd243d8c2edd21c1e81d1a9.txt,308,train,test,12,2|4|6
../Data/downloads/Roboflow/Data/downloads/roboflow_chicken_pose/train/images/309_jpg.rf.bec72c928b5b470d6a3ebeaf3c8583ed.jpg,../Data/downloads/Roboflow/Data/downloads/roboflow_chicken_pose/train/labels/309_jpg.rf.bec72c928b5b470d6a3ebeaf3c8583ed.txt,309,train,train,12,1|4|7
../Data/downloads/Roboflow/Data/downloads/roboflow_chicken_pose/train/images/30_jpg.rf.dafe6a0204e6a2ae5efca81dd41c02e4.jpg,../Data/downloads/Roboflow/Data/downloads/roboflow_chicken_pose/train/labels/30_jpg.rf.dafe6a0204e6a2ae5efca81dd41c02e4.txt,30,train,train,11,0|3|8
../Data/downloads/Roboflow/Data/downloads/roboflow_chicken_pose/train/images/310_jpg.rf.f9bf8fe7ee14a4344294f0e53886d9ec.jpg,../Data/downloads/Roboflow/Data/downloads/roboflow_chicken_pose/train/labels/310_jpg.rf.f9bf8fe7ee14a4344294f0e53886d9ec.txt,310,train,test,12,1|4|7
../Data/downloads/Roboflow/Data/downloads/roboflow_chicken_pose/train/images/312_jpg.rf.650cd5da412a1ff2ae807d30ba7d81d2.jpg,../Data/downloads/Roboflow/Data/downloads/roboflow_chicken_pose/train/labels/312_jpg.rf.650cd5da412a1ff2ae807d30ba7d81d2.txt,312,train,train,12,2|5|5
../Data/downloads/Roboflow/Data/downloads/roboflow_chicken_pose/train/images/314_jpg.rf.19912b808caa247f611da422ac41bbe5.jpg,../Data/downloads/Roboflow/Data/downloads/roboflow_chicken_pose/train/labels/314_jpg.rf.19912b808caa247f611da422ac41bbe5.txt,314,train,test,12,3|3|6
../Data/downloads/Roboflow/Data/downloads/roboflow_chicken_pose/train/images/315_jpg.rf.af70a269f6fb2239ade894219f1eb437.jpg,../Data/downloads/Roboflow/Data/downloads/roboflow_chicken_pose/train/labels/315_jpg.rf.af70a269f6fb2239ade894219f1eb437.txt,315,train,train,12,3|4|5
../Data/downloads/Roboflow/Data/downloads/roboflow_chicken_pose/train/images/316_jpg.rf.99e3bd389cf627c6693c29b6aa02c81e.jpg,../Data/downloads/Roboflow/Data/downloads/roboflow_chicken_pose/train/labels/316_jpg.rf.99e3bd389cf627c6693c29b6aa02c81e.txt,316,train,train,12,2|5|5
../Data/downloads/Roboflow/Data/downloads/roboflow_chicken_pose/train/images/317_jpg.rf.1255a8aef8eb97cd19c7378aa3705fd5.jpg,../Data/downloads/Roboflow/Data/downloads/roboflow_chicken_pose/train/labels/317_jpg.rf.1255a8aef8eb97cd19c7378aa3705fd5.txt,317,train,val,12,4|3|5
../Data/downloads/Roboflow/Data/downloads/roboflow_chicken_pose/train/images/318_jpg.rf.a8a7de1e02cae0eed2f7fbc99a6998a5.jpg,../Data/downloads/Roboflow/Data/downloads/roboflow_chicken_pose/train/labels/318_jpg.rf.a8a7de1e02cae0eed2f7fbc99a6998a5.txt,318,train,train,12,1|7|4
../Data/downloads/Roboflow/Data/downloads/roboflow_chicken_pose/train/images/319_jpg.rf.1cde99efb8b2ed6d59cf215cd4ad236c.jpg,../Data/downloads/Roboflow/Data/downloads/roboflow_chicken_pose/train/labels/319_jpg.rf.1cde99efb8b2ed6d59cf215cd4ad236c.txt,319,train,train,12,1|6|5
../Data/downloads/Roboflow/Data/downloads/roboflow_chicken_pose/train/images/31_jpg.rf.dc281a30ee09728c8b634ca2756dc522.jpg,../Data/downloads/Roboflow/Data/downloads/roboflow_chicken_pose/train/labels/31_jpg.rf.dc281a30ee09728c8b634ca2756dc522.txt,31,train,train,12,7|1|4
../Data/downloads/Roboflow/Data/downloads/roboflow_chicken_pose/train/images/321_jpg.rf.61369b6240aebd332fcb8a8dcb652758.jpg,../Data/downloads/Roboflow/Data/downloads/roboflow_chicken_pose/train/labels/321_jpg.rf.61369b6240aebd332fcb8a8dcb652758.txt,321,train,train,12,4|4|4
../Data/downloads/Roboflow/Data/downloads/roboflow_chicken_pose/train/images/323_jpg.rf.44e930069f176e86ad86dd93c2d7d3d0.jpg,../Data/downloads/Roboflow/Data/downloads/roboflow_chicken_pose/train/labels/323_jpg.rf.44e930069f176e86ad86dd93c2d7d3d0.txt,323,train,train,12,0|8|4
../Data/downloads/Roboflow/Data/downloads/roboflow_chicken_pose/train/images/324_jpg.rf.1059a77ad88eaf533fb700bbcd93dee6.jpg,../Data/downloads/Roboflow/Data/downloads/roboflow_chicken_pose/train/labels/324_jpg.rf.1059a77ad88eaf533fb700bbcd93dee6.txt,324,train,val,12,1|7|4
../Data/downloads/Roboflow/Data/downloads/roboflow_chicken_pose/train/images/325_jpg.rf.9711bec586f755f3a59acbf31c119fa7.jpg,../Data/downloads/Roboflow/Data/downloads/roboflow_chicken_pose/train/labels/325_jpg.rf.9711bec586f755f3a59acbf31c119fa7.txt,325,train,train,12,3|8|1
../Data/downloads/Roboflow/Data/downloads/roboflow_chicken_pose/train/images/326_jpg.rf.b0ecaad66f5764e34f2000675ec2096e.jpg,../Data/downloads/Roboflow/Data/downloads/roboflow_chicken_pose/train/labels/326_jpg.rf.b0ecaad66f5764e34f2000675ec2096e.txt,326,train,test,12,1|6|5
../Data/downloads/Roboflow/Data/downloads/roboflow_chicken_pose/train/images/327_jpg.rf.c68d5249460cad44312ffa6920117e62.jpg,../Data/downloads/Roboflow/Data/downloads/roboflow_chicken_pose/train/labels/327_jpg.rf.c68d5249460cad44312ffa6920117e62.txt,327,train,train,12,3|7|2
../Data/downloads/Roboflow/Data/downloads/roboflow_chicken_pose/train/images/328_jpg.rf.93cac24302db46c0b85c82dbcf992870.jpg,../Data/downloads/Roboflow/Data/downloads/roboflow_chicken_pose/train/labels/328_jpg.rf.93cac24302db46c0b85c82dbcf992870.txt,328,train,test,12,2|5|5
../Data/downloads/Roboflow/Data/downloads/roboflow_chicken_pose/train/images/329_jpg.rf.9be2f49738861d3be74554501dba5be9.jpg,../Data/downloads/Roboflow/Data/downloads/roboflow_chicken_pose/train/labels/329_jpg.rf.9be2f49738861d3be74554501dba5be9.txt,329,train,val,11,1|8|2
../Data/downloads/Roboflow/Data/downloads/roboflow_chicken_pose/train/images/32_jpg.rf.ae1b9bdbf1d1700e88cb173ae2be487d.jpg,../Data/downloads/Roboflow/Data/downloads/roboflow_chicken_pose/train/labels/32_jpg.rf.ae1b9bdbf1d1700e88cb173ae2be487d.txt,32,train,train,12,2|5|5
../Data/downloads/Roboflow/Data/downloads/roboflow_chicken_pose/train/images/330_jpg.rf.7ac7e37c247988a25c319b63392a8f07.jpg,../Data/downloads/Roboflow/Data/downloads/roboflow_chicken_pose/train/labels/330_jpg.rf.7ac7e37c247988a25c319b63392a8f07.txt,330,train,train,12,8|2|2
../Data/downloads/Roboflow/Data/downloads/roboflow_chicken_pose/train/images/33_jpg.rf.78beb220aeff1d784d14e1bd1876dc3f.jpg,../Data/downloads/Roboflow/Data/downloads/roboflow_chicken_pose/train/labels/33_jpg.rf.78beb220aeff1d784d14e1bd1876dc3f.txt,33,train,train,12,3|6|3
../Data/downloads/Roboflow/Data/downloads/roboflow_chicken_pose/train/images/34_jpg.rf.6524295073db43553ce5eee73f315850.jpg,../Data/downloads/Roboflow/Data/downloads/roboflow_chicken_pose/train/labels/34_jpg.rf.6524295073db43553ce5eee73f315850.txt,34,train,train,12,2|6|4
../Data/downloads/Roboflow/Data/downloads/roboflow_chicken_pose/train/images/350_jpg.rf.5d47207f4ebd13bf94325270120285cb.jpg,../Data/downloads/Roboflow/Data/downloads/roboflow_chicken_pose/train/labels/350_jpg.rf.5d47207f4ebd13bf94325270120285cb.txt,350,train,train,11,4|5|2
../Data/downloads/Roboflow/Data/downloads/roboflow_chicken_pose/train/images/351_jpg.rf.0669db0711de504099d21db442df72bd.jpg,../Data/downloads/Roboflow/Data/downloads/roboflow_chicken_pose/train/labels/351_jpg.rf.0669db0711de504099d21db442df72bd.txt,351,train,val,11,4|1|6
../Data/downloads/Roboflow/Data/downloads/roboflow_chicken_pose/train/images/352_jpg.rf.e285c5adb3583fabe54840aca1acec90.jpg,../Data/downloads/Roboflow/Data/downloads/roboflow_chicken_pose/train/labels/352_jpg.rf.e285c5adb3583fabe54840aca1acec90.txt,352,train,train,11,2|0|9
../Data/downloads/Roboflow/Data/downloads/roboflow_chicken_pose/train/images/353_jpg.rf.4be08a41c35f377f494f47dc90f5b778.jpg,../Data/downloads/Roboflow/Data/downloads/roboflow_chicken_pose/train/labels/353_jpg.rf.4be08a41c35f377f494f47dc90f5b778.txt,353,train,train,12,0|7|5
../Data/downloads/Roboflow/Data/downloads/roboflow_chicken_pose/train/images/354_jpg.rf.b1e89b170ce0fe79eb37fa0175230090.jpg,../Data/downloads/Roboflow/Data/downloads/roboflow_chicken_pose/train/labels/354_jpg.rf.b1e89b170ce0fe79eb37fa0175230090.txt,354,train,train,12,2|5|5
../Data/downloads/Roboflow/Data/downloads/roboflow_chicken_pose/train/images/356_jpg.rf.3be6272716fe4065aa840cba3b4b5669.jpg,../Data/downloads/Roboflow/Data/downloads/roboflow_chicken_pose/train/labels/356_jpg.rf.3be6272716fe4065aa840cba3b4b5669.txt,356,train,train,12,4|4|4
../Data/downloads/Roboflow/Data/downloads/roboflow_chicken_pose/train/images/35_jpg.rf.6b47fa55c7bf1080c42a8a337a1b164a.jpg,../Data/downloads/Roboflow/Data/downloads/roboflow_chicken_pose/train/labels/35_jpg.rf.6b47fa55c7bf1080c42a8a337a1b164a.txt,35,train,train,12,1|2|9
../Data/downloads/Roboflow/Data/downloads/roboflow_chicken_pose/train/images/36_jpg.rf.87f183aeb4d4bdf9e73f87abb8363379.jpg,../Data/downloads/Roboflow/Data/downloads/roboflow_chicken_pose/train/labels/36_jpg.rf.87f183aeb4d4bdf9e73f87abb8363379.txt,36,train,test,12,0|0|12
../Data/downloads/Roboflow/Data/downloads/roboflow_chicken_pose/train/images/37_jpg.rf.8551ea373b6750a16b0cbf77474ba97e.jpg,../Data/downloads/Roboflow/Data/downloads/roboflow_chicken_pose/train/labels/37_jpg.rf.8551ea373b6750a16b0cbf77474ba97e.txt,37,train,val,12,6|4|2
../Data/downloads/Roboflow/Data/downloads/roboflow_chicken_pose/train/images/384_jpg.rf.6380b88353d37e0cfb5111847f63ec42.jpg,../Data/downloads/Roboflow/Data/downloads/roboflow_chicken_pose/train/labels/384_jpg.rf.6380b88353d37e0cfb5111847f63ec42.txt,384,train,train,12,0|6|6
../Data/downloads/Roboflow/Data/downloads/roboflow_chicken_pose/train/images/385_jpg.rf.caf32e69e599a48a2008e8839d524fea.jpg,../Data/downloads/Roboflow/Data/downloads/roboflow_chicken_pose/train/labels/385_jpg.rf.caf32e69e599a48a2008e8839d524fea.txt,385,train,train,12,3|5|4
../Data/downloads/Roboflow/Data/downloads/roboflow_chicken_pose/train/images/387_jpg.rf.0c74204a69a44f16f858def4767acb91.jpg,../Data/downloads/Roboflow/Data/downloads/roboflow_chicken_pose/train/labels/387_jpg.rf.0c74204a69a44f16f858def4767acb91.txt,387,train,test,12,7|3|2
../Data/downloads/Roboflow/Data/downloads/roboflow_chicken_pose/train/images/389_jpg.rf.4a772b0e8aa98a02d7b0169e0cd24fff.jpg,../Data/downloads/Roboflow/Data/downloads/roboflow_chicken_pose/train/labels/389_jpg.rf.4a772b0e8aa98a02d7b0169e0cd24fff.txt,389,train,train,12,4|4|4
../Data/downloads/Roboflow/Data/downloads/roboflow_chicken_pose/train/images/38_jpg.rf.4e4a28e6c0575b9935e008d09ffb5375.jpg,../Data/downloads/Roboflow/Data/downloads/roboflow_chicken_pose/train/labels/38_jpg.rf.4e4a28e6c0575b9935e008d09ffb5375.txt,38,train,train,12,2|1|9
../Data/downloads/Roboflow/Data/downloads/roboflow_chicken_pose/train/images/390_jpg.rf.d5fae501706d5a2af029a9101d01746e.jpg,../Data/downloads/Roboflow/Data/downloads/roboflow_chicken_pose/train/labels/390_jpg.rf.d5fae501706d5a2af029a9101d01746e.txt,390,train,test,12,3|2|7
../Data/downloads/Roboflow/Data/downloads/roboflow_chicken_pose/train/images/391_jpg.rf.3d529e5cd04f22b7feb6940e1a0c8ef9.jpg,../Data/downloads/Roboflow/Data/downloads/roboflow_chicken_pose/train/labels/391_jpg.rf.3d529e5cd04f22b7feb6940e1a0c8ef9.txt,391,train,train,12,6|5|1
../Data/downloads/Roboflow/Data/downloads/roboflow_chicken_pose/train/images/392_jpg.rf.6699aebdea5f24dd6f919c4cbe1bcc1a.jpg,../Data/downloads/Roboflow/Data/downloads/roboflow_chicken_pose/train/labels/392_jpg.rf.6699aebdea5f24dd6f919c4cbe1bcc1a.txt,392,train,train,11,1|1|9
../Data/downloads/Roboflow/Data/downloads/roboflow_chicken_pose/train/images/393_jpg.rf.6df7aa6af6217dd31cf59835489ece5e.jpg,../Data/downloads/Roboflow/Data/downloads/roboflow_chicken_pose/train/labels/393_jpg.rf.6df7aa6af6217dd31cf59835489ece5e.txt,393,train,val,12,1|3|8
../Data/downloads/Roboflow/Data/downloads/roboflow_chicken_pose/train/images/394_jpg.rf.8bc1c887ede28035462ae93c8195ccb4.jpg,../Data/downloads/Roboflow/Data/downloads/roboflow_chicken_pose/train/labels/394_jpg.rf.8bc1c887ede28035462ae93c8195ccb4.txt,394,train,train,12,2|3|7
../Data/downloads/Roboflow/Data/downloads/roboflow_chicken_pose/train/images/396_jpg.rf.48b6cc81aa84877b3d9c70f296bdbb59.jpg,../Data/downloads/Roboflow/Data/downloads/roboflow_chicken_pose/train/labels/396_jpg.rf.48b6cc81aa84877b3d9c70f296bdbb59.txt,396,train,test,12,2|5|5
../Data/downloads/Roboflow/Data/downloads/roboflow_chicken_pose/train/images/397_jpg.rf.3c3db37ea5ed693c1d2017121cb95920.jpg,../Data/downloads/Roboflow/Data/downloads/roboflow_chicken_pose/train/labels/397_jpg.rf.3c3db37ea5ed693c1d2017121cb95920.txt,397,train,test,12,4|3|5
../Data/downloads/Roboflow/Data/downloads/roboflow_chicken_pose/train/images/398_jpg.rf.56e81e242ab39cb5c238baf9f1e4f054.jpg,../Data/downloads/Roboflow/Data/downloads/roboflow_chicken_pose/train/labels/398_jpg.rf.56e81e242ab39cb5c238baf9f1e4f054.txt,398,train,test,12,2|6|4
../Data/downloads/Roboflow/Data/downloads/roboflow_chicken_pose/train/images/399_jpg.rf.fe2fe81b8f2d3a023fd8fcdd5a65218d.jpg,../Data/downloads/Roboflow/Data/downloads/roboflow_chicken_pose/train/labels/399_jpg.rf.fe2fe81b8f2d3a023fd8fcdd5a65218d.txt,399,train,val,12,3|6|3
../Data/downloads/Roboflow/Data/downloads/roboflow_chicken_pose/train/images/3_jpg.rf.d6a0485a220edf015b120f71b78b94be.jpg,../Data/downloads/Roboflow/Data/downloads/roboflow_chicken_pose/train/labels/3_jpg.rf.d6a0485a220edf015b120f71b78b94be.txt,3,train,train,12,2|1|9
../Data/downloads/Roboflow/Data/downloads/roboflow_chicken_pose/train/images/400_jpg.rf.7b7f7ff5343c117710e865396bad50f0.jpg,../Data/downloads/Roboflow/Data/downloads/roboflow_chicken_pose/train/labels/400_jpg.rf.7b7f7ff5343c117710e865396bad50f0.txt,400,train,train,12,3|2|7
../Data/downloads/Roboflow/Data/downloads/roboflow_chicken_pose/train/images/401_jpg.rf.a132d7a1165d4e95baf6f839f52aad18.jpg,../Data/downloads/Roboflow/Data/downloads/roboflow_chicken_pose/train/labels/401_jpg.rf.a132d7a1165d4e95baf6f839f52aad18.txt,401,train,train,12,4|5|3
../Data/downloads/Roboflow/Data/downloads/roboflow_chicken_pose/train/images/402_jpg.rf.d2425eeb06e3c9b714d8cd49a374e579.jpg,../Data/downloads/Roboflow/Data/downloads/roboflow_chicken_pose/train/labels/402_jpg.rf.d2425eeb06e3c9b714d8cd49a374e579.txt,402,train,train,12,0|4|8
../Data/downloads/Roboflow/Data/downloads/roboflow_chicken_pose/train/images/404_jpg.rf.73504087981337f7e6689ec7f2a095a4.jpg,../Data/downloads/Roboflow/Data/downloads/roboflow_chicken_pose/train/labels/404_jpg.rf.73504087981337f7e6689ec7f2a095a4.txt,404,train,train,12,7|3|2
../Data/downloads/Roboflow/Data/downloads/roboflow_chicken_pose/train/images/405_jpg.rf.2c19e7a2c69338aa7d0b4d4fe93985d7.jpg,../Data/downloads/Roboflow/Data/downloads/roboflow_chicken_pose/train/labels/405_jpg.rf.2c19e7a2c69338aa7d0b4d4fe93985d7.txt,405,train,test,12,3|6|3
../Data/downloads/Roboflow/Data/downloads/roboflow_chicken_pose/train/images/406_jpg.rf.4575a8b933f62442224e345eb951dbc8.jpg,../Data/downloads/Roboflow/Data/downloads/roboflow_chicken_pose/train/labels/406_jpg.rf.4575a8b933f62442224e345eb951dbc8.txt,406,train,train,12,3|3|6
../Data/downloads/Roboflow/Data/downloads/roboflow_chicken_pose/train/images/407_jpg.rf.b0aeba0cfc8c4ca2b5d6e2a5cb9cecbd.jpg,../Data/downloads/Roboflow/Data/downloads/roboflow_chicken_pose/train/labels/407_jpg.rf.b0aeba0cfc8c4ca2b5d6e2a5cb9cecbd.txt,407,train,train,12,1|4|7
../Data/downloads/Roboflow/Data/downloads/roboflow_chicken_pose/train/images/408_jpg.rf.191b30abde2dcb6b9c9150a77c223220.jpg,../Data/downloads/Roboflow/Data/downloads/roboflow_chicken_pose/train/labels/408_jpg.rf.191b30abde2dcb6b9c9150a77c223220.txt,408,train,train,12,3|7|2
../Data/downloads/Roboflow/Data/downloads/roboflow_chicken_pose/train/images/409_jpg.rf.50af8e9f0506360e262b3652a0b08ea4.jpg,../Data/downloads/Roboflow/Data/downloads/roboflow_chicken_pose/train/labels/409_jpg.rf.50af8e9f0506360e262b3652a0b08ea4.txt,409,train,val,12,2|5|5
../Data/downloads/Roboflow/Data/downloads/roboflow_chicken_pose/train/images/410_jpg.rf.8f91bb9cc5b296b77afb4516f287efdc.jpg,../Data/downloads/Roboflow/Data/downloads/roboflow_chicken_pose/train/labels/410_jpg.rf.8f91bb9cc5b296b77afb4516f287efdc.txt,410,train,train,12,1|4|7
../Data/downloads/Roboflow/Data/downloads/roboflow_chicken_pose/train/images/411_jpg.rf.2f5e3f0eff390a8804c57bada21dff60.jpg,../Data/downloads/Roboflow/Data/downloads/roboflow_chicken_pose/train/labels/411_jpg.rf.2f5e3f0eff390a8804c57bada21dff60.txt,411,train,test,12,4|5|3
../Data/downloads/Roboflow/Data/downloads/roboflow_chicken_pose/train/images/412_jpg.rf.59214392f66c96edb67ae5dee3918b14.jpg,../Data/downloads/Roboflow/Data/downloads/roboflow_chicken_pose/train/labels/412_jpg.rf.59214392f66c96edb67ae5dee3918b14.txt,412,train,train,12,2|4|6
../Data/downloads/Roboflow/Data/downloads/roboflow_chicken_pose/train/images/413_jpg.rf.f58ad4c8322d60e50f266579712fe024.jpg,../Data/downloads/Roboflow/Data/downloads/roboflow_chicken_pose/train/labels/413_jpg.rf.f58ad4c8322d60e50f266579712fe024.txt,413,train,train,12,0|5|7
../Data/downloads/Roboflow/Data/downloads/roboflow_chicken_pose/train/images/414_jpg.rf.2b456cc9547d2df300fd5b8c3c4e7dfe.jpg,../Data/downloads/Roboflow/Data/downloads/roboflow_chicken_pose/train/labels/414_jpg.rf.2b456cc9547d2df300fd5b8c3c4e7dfe.txt,414,train,val,12,1|2|9
../Data/downloads/Roboflow/Data/downloads/roboflow_chicken_pose/train/images/415_jpg.rf.a4810b6996e17776156e1452d1913ef2.jpg,../Data/downloads/Roboflow/Data/downloads/roboflow_chicken_pose/train/labels/415_jpg.rf.a4810b6996e17776156e1452d1913ef2.txt,415,train,val,12,3|2|7
../Data/downloads/Roboflow/Data/downloads/roboflow_chicken_pose/train/images/416_jpg.rf.1ead4da25811af8b500c174383ab3646.jpg,../Data/downloads/Roboflow/Data/downloads/roboflow_chicken_pose/train/labels/416_jpg.rf.1ead4da25811af8b500c174383ab3646.txt,416,train,train,12,2|9|1
../Data/downloads/Roboflow/Data/downloads/roboflow_chicken_pose/train/images/417_jpg.rf.2e551f16fab35a4f0814b92b0b1125a2.jpg,../Data/downloads/Roboflow/Data/downloads/roboflow_chicken_pose/train/labels/417_jpg.rf.2e551f16fab35a4f0814b92b0b1125a2.txt,417,train,train,12,5|5|2
../Data/downloads/Roboflow/Data/downloads/roboflow_chicken_pose/train/images/418_jpg.rf.1f943d2a24daaf80892c0eb89afb4b30.jpg,../Data/downloads/Roboflow/Data/downloads/roboflow_chicken_pose/train/labels/418_jpg.rf.1f943d2a24daaf80892c0eb89afb4b30.txt,418,train,train,12,5|4|3
../Data/downloads/Roboflow/Data/downloads/roboflow_chicken_pose/train/images/419_jpg.rf.cb8996ae3c1ab51ec27456fef440f000.jpg,../Data/downloads/Roboflow/Data/downloads/roboflow_chicken_pose/train/labels/419_jpg.rf.cb8996ae3c1ab51ec27456fef440f000.txt,419,train,train,12,5|5|2
../Data/downloads/Roboflow/Data/downloads/roboflow_chicken_pose/train/images/41_jpg.rf.93a7169a12bc0766b1d9c0f26e6b1bef.jpg,../Data/downloads/Roboflow/Data/downloads/roboflow_chicken_pose/train/labels/41_jpg.rf.93a7169a12bc0766b1d9c0f26e6b1bef.txt,41,train,train,12,2|5|5
../Data/downloads/Roboflow/Data/downloads/roboflow_chicken_pose/train/images/420_jpg.rf.e4297183f88a1f7d4408aad1b8c06020.jpg,../Data/downloads/Roboflow/Data/downloads/roboflow_chicken_pose/train/labels/420_jpg.rf.e4297183f88a1f7d4408aad1b8c06020.txt,420,train,train,12,2|6|4
../Data/downloads/Roboflow/Data/downloads/roboflow_chicken_pose/train/images/421_jpg.rf.bacba9dc272600cce8ce7d28dc3241dd.jpg,../Data/downloads/Roboflow/Data/downloads/roboflow_chicken_pose/train/labels/421_jpg.rf.bacba9dc272600cce8ce7d28dc3241dd.txt,421,train,val,12,3|8|1
../Data/downloads/Roboflow/Data/downloads/roboflow_chicken_pose/train/images/423_jpg.rf.5b39d639e8ffefaf11a69e7d944da6ed.jpg,../Data/downloads/Roboflow/Data/downloads/roboflow_chicken_pose/train/labels/423_jpg.rf.5b39d639e8ffefaf11a69e7d944da6ed.txt,423,train,train,11,3|4|4
../Data/downloads/Roboflow/Data/downloads/roboflow_chicken_pose/train/images/424_jpg.rf.19fddc06ffc2d102aa0458522171b3a3.jpg,../Data/downloads/Roboflow/Data/downloads/roboflow_chicken_pose/train/labels/424_jpg.rf.19fddc06ffc2d102aa0458522171b3a3.txt,424,train,train,12,4|8|0
../Data/downloads/Roboflow/Data/downloads/roboflow_chicken_pose/train/images/425_jpg.rf.4630adde2198ea9712430d751c88d215.jpg,../Data/downloads/Roboflow/Data/downloads/roboflow_chicken_pose/train/labels/425_jpg.rf.4630adde2198ea9712430d751c88d215.txt,425,train,train,12,1|5|6
../Data/downloads/Roboflow/Data/downloads/roboflow_chicken_pose/train/images/426_jpg.rf.fde732a50da9c14adbc1762848bfbe1c.jpg,../Data/downloads/Roboflow/Data/downloads/roboflow_chicken_pose/train/labels/426_jpg.rf.fde732a50da9c14adbc1762848bfbe1c.txt,426,train,train,12,3|7|2
../Data/downloads/Roboflow/Data/downloads/roboflow_chicken_pose/train/images/427_jpg.rf.1e2bf514070be154c5745b9a16155805.jpg,../Data/downloads/Roboflow/Data/downloads/roboflow_chicken_pose/train/labels/427_jpg.rf.1e2bf514070be154c5745b9a16155805.txt,427,train,train,12,2|5|5
../Data/downloads/Roboflow/Data/downloads/roboflow_chicken_pose/train/images/428_jpg.rf.029fd87cc37fe41a46fd64272f5ce4dd.jpg,../Data/downloads/Roboflow/Data/downloads/roboflow_chicken_pose/train/labels/428_jpg.rf.029fd87cc37fe41a46fd64272f5ce4dd.txt,428,train,val,12,0|7|5
../Data/downloads/Roboflow/Data/downloads/roboflow_chicken_pose/train/images/429_jpg.rf.eaad90cf0ef8caa40388957f21a2ace5.jpg,../Data/downloads/Roboflow/Data/downloads/roboflow_chicken_pose/train/labels/429_jpg.rf.eaad90cf0ef8caa40388957f21a2ace5.txt,429,train,train,12,2|7|3
../Data/downloads/Roboflow/Data/downloads/roboflow_chicken_pose/train/images/42_jpg.rf.0c49e570aab68858cd0bd320309ff80c.jpg,../Data/downloads/Roboflow/Data/downloads/roboflow_chicken_pose/train/labels/42_jpg.rf.0c49e570aab68858cd0bd320309ff80c.txt,42,train,train,11,5|3|3
../Data/downloads/Roboflow/Data/downloads/roboflow_chicken_pose/train/images/431_jpg.rf.f2d8e4fc605a850380e6bf5210506f85.jpg,../Data/downloads/Roboflow/Data/downloads/roboflow_chicken_pose/train/labels/431_jpg.rf.f2d8e4fc605a850380e6bf5210506f85.txt,431,train,train,12,3|7|2
../Data/downloads/Roboflow/Data/downloads/roboflow_chicken_pose/train/images/432_jpg.rf.02522966e707089b2924310ddf0f9f4e.jpg,../Data/downloads/Roboflow/Data/downloads/roboflow_chicken_pose/train/labels/432_jpg.rf.02522966e707089b2924310ddf0f9f4e.txt,432,train,test,12,1|5|6
../Data/downloads/Roboflow/Data/downloads/roboflow_chicken_pose/train/images/434_jpg.rf.5fb687f25785fdd0b76b2c6af573c1c5.jpg,../Data/downloads/Roboflow/Data/downloads/roboflow_chicken_pose/train/labels/434_jpg.rf.5fb687f25785fdd0b76b2c6af573c1c5.txt,434,train,train,12,3|8|1
../Data/downloads/Roboflow/Data/downloads/roboflow_chicken_pose/train/images/435_jpg.rf.2df2b87c0255465f1bbbeb95fca26345.jpg,../Data/downloads/Roboflow/Data/downloads/roboflow_chicken_pose/train/labels/435_jpg.rf.2df2b87c0255465f1bbbeb95fca26345.txt,435,train,test,12,1|7|4
../Data/downloads/Roboflow/Data/downloads/roboflow_chicken_pose/train/images/436_jpg.rf.06a8c8348ba7e81fbb91d02061857877.jpg,../Data/downloads/Roboflow/Data/downloads/roboflow_chicken_pose/train/labels/436_jpg.rf.06a8c8348ba7e81fbb91d02061857877.txt,436,train,train,12,1|4|7
../Data/downloads/Roboflow/Data/downloads/roboflow_chicken_pose/train/images/438_jpg.rf.58e8af48a908f56691341028f432503a.jpg,../Data/downloads/Roboflow/Data/downloads/roboflow_chicken_pose/train/labels/438_jpg.rf.58e8af48a908f56691341028f432503a.txt,438,train,test,12,2|6|4
../Data/downloads/Roboflow/Data/downloads/roboflow_chicken_pose/train/images/439_jpg.rf.59b18fc44cfe1836840a9d4bc49729d5.jpg,../Data/downloads/Roboflow/Data/downloads/roboflow_chicken_pose/train/labels/439_jpg.rf.59b18fc44cfe1836840a9d4bc49729d5.txt,439,train,train,12,3|4|5
../Data/downloads/Roboflow/Data/downloads/roboflow_chicken_pose/train/images/43_jpg.rf.2453a14ae1769df2b09e35d57dd56fd8.jpg,../Data/downloads/Roboflow/Data/downloads/roboflow_chicken_pose/train/labels/43_jpg.rf.2453a14ae1769df2b09e35d57dd56fd8.txt,43,train,val,12,1|1|10
../Data/downloads/Roboflow/Data/downloads/roboflow_chicken_pose/train/images/440_jpg.rf.2a73f23c34f842f925c9ce49d1755904.jpg,../Data/downloads/Roboflow/Data/downloads/roboflow_chicken_pose/train/labels/440_jpg.rf.2a73f23c34f842f925c9ce49d1755904.txt,440,train,train,12,0|5|7
../Data/downloads/Roboflow/Data/downloads/roboflow_chicken_pose/train/images/441_jpg.rf.940bf8995580bbe39ac5cf9122a74c78.jpg,../Data/downloads/Roboflow/Data/downloads/roboflow_chicken_pose/train/labels/441_jpg.rf.940bf8995580bbe39ac5cf9122a74c78.txt,441,train,train,12,7|5|0
../Data/downloads/Roboflow/Data/downloads/roboflow_chicken_pose/train/images/442_jpg.rf.6dadb598627ce701dbe2b641c2dfd279.jpg,../Data/downloads/Roboflow/Data/downloads/roboflow_chicken_pose/train/labels/442_jpg.rf.6dadb598627ce701dbe2b641c2dfd279.txt,442,train,val,12,2|9|1
../Data/downloads/Roboflow/Data/downloads/roboflow_chicken_pose/train/images/443_jpg.rf.28c078f14ce97e68c7029a25f6b1a0b9.jpg,../Data/downloads/Roboflow/Data/downloads/roboflow_chicken_pose/train/labels/443_jpg.rf.28c078f14ce97e68c7029a25f6b1a0b9.txt,443,train,train,12,1|7|4
../Data/downloads/Roboflow/Data/downloads/roboflow_chicken_pose/train/images/444_jpg.rf.730e75ea66798d7516190c5dd71d9211.jpg,../Data/downloads/Roboflow/Data/downloads/roboflow_chicken_pose/train/labels/444_jpg.rf.730e75ea66798d7516190c5dd71d9211.txt,444,train,train,11,0|0|11
../Data/downloads/Roboflow/Data/downloads/roboflow_chicken_pose/train/images/445_jpg.rf.3c84fe43a1415f6a07813c1a180609f0.jpg,../Data/downloads/Roboflow/Data/downloads/roboflow_chicken_pose/train/labels/445_jpg.rf.3c84fe43a1415f6a07813c1a180609f0.txt,445,train,train,12,0|7|5
../Data/downloads/Roboflow/Data/downloads/roboflow_chicken_pose/train/images/447_jpg.rf.04fd0c8da8222d7846a0a0deea633bb7.jpg,../Data/downloads/Roboflow/Data/downloads/roboflow_chicken_pose/train/labels/447_jpg.rf.04fd0c8da8222d7846a0a0deea633bb7.txt,447,train,test,12,3|1|8
../Data/downloads/Roboflow/Data/downloads/roboflow_chicken_pose/train/images/448_jpg.rf.137a8eb3acb0e60ff4409aec0668c741.jpg,../Data/downloads/Roboflow/Data/downloads/roboflow_chicken_pose/train/labels/448_jpg.rf.137a8eb3acb0e60ff4409aec0668c741.txt,448,train,train,12,3|6|3
../Data/downloads/Roboflow/Data/downloads/roboflow_chicken_pose/train/images/449_jpg.rf.f2ef5203d91d54b08e879a00a2422951.jpg,../Data/downloads/Roboflow/Data/downloads/roboflow_chicken_pose/train/labels/449_jpg.rf.f2ef5203d91d54b08e879a00a2422951.txt,449,train,train,12,1|5|6
../Data/downloads/Roboflow/Data/downloads/roboflow_chicken_pose/train/images/452_jpg.rf.7cc53e2f3217845208461c02cb0fd925.jpg,../Data/downloads/Roboflow/Data/downloads/roboflow_chicken_pose/train/labels/452_jpg.rf.7cc53e2f3217845208461c02cb0fd925.txt,452,train,train,12,4|5|3
../Data/downloads/Roboflow/Data/downloads/roboflow_chicken_pose/train/images/453_jpg.rf.eea4090241385f4b4607e5121f9f48c2.jpg,../Data/downloads/Roboflow/Data/downloads/roboflow_chicken_pose/train/labels/453_jpg.rf.eea4090241385f4b4607e5121f9f48c2.txt,453,train,train,12,3|4|5
../Data/downloads/Roboflow/Data/downloads/roboflow_chicken_pose/train/images/454_jpg.rf.aa404b216b00883746f4437e4184509d.jpg,../Data/downloads/Roboflow/Data/downloads/roboflow_chicken_pose/train/labels/454_jpg.rf.aa404b216b00883746f4437e4184509d.txt,454,train,train,12,0|6|6
../Data/downloads/Roboflow/Data/downloads/roboflow_chicken_pose/train/images/456_jpg.rf.9483061e53f205c8bbc067ffbd1a2ef1.jpg,../Data/downloads/Roboflow/Data/downloads/roboflow_chicken_pose/train/labels/456_jpg.rf.9483061e53f205c8bbc067ffbd1a2ef1.txt,456,train,train,12,3|6|3
../Data/downloads/Roboflow/Data/downloads/roboflow_chicken_pose/train/images/457_jpg.rf.4a70e1eef55ece3f43654531c34a607f.jpg,../Data/downloads/Roboflow/Data/downloads/roboflow_chicken_pose/train/labels/457_jpg.rf.4a70e1eef55ece3f43654531c34a607f.txt,457,train,train,12,4|3|5
../Data/downloads/Roboflow/Data/downloads/roboflow_chicken_pose/train/images/458_jpg.rf.7b4fa53cf87ebd4243629bdf88c36220.jpg,../Data/downloads/Roboflow/Data/downloads/roboflow_chicken_pose/train/labels/458_jpg.rf.7b4fa53cf87ebd4243629bdf88c36220.txt,458,train,train,12,1|6|5
../Data/downloads/Roboflow/Data/downloads/roboflow_chicken_pose/train/images/459_jpg.rf.7efc64d080ce760b51a6eb5b3b24a939.jpg,../Data/downloads/Roboflow/Data/downloads/roboflow_chicken_pose/train/labels/459_jpg.rf.7efc64d080ce760b51a6eb5b3b24a939.txt,459,train,train,12,3|8|1
../Data/downloads/Roboflow/Data/downloads/roboflow_chicken_pose/train/images/45_jpg.rf.a480d57a86625c1df26527d5ae611b9e.jpg,../Data/downloads/Roboflow/Data/downloads/roboflow_chicken_pose/train/labels/45_jpg.rf.a480d57a86625c1df26527d5ae611b9e.txt,45,train,test,11,2|3|6
../Data/downloads/Roboflow/Data/downloads/roboflow_chicken_pose/train/images/460_jpg.rf.67d66317f984eee30e549e1bf751422b.jpg,../Data/downloads/Roboflow/Data/downloads/roboflow_chicken_pose/train/labels/460_jpg.rf.67d66317f984eee30e549e1bf751422b.txt,460,train,test,12,3|7|2
../Data/downloads/Roboflow/Data/downloads/roboflow_chicken_pose/train/images/461_jpg.rf.7cbdd660c8343d7726c34c56ea4a4cb0.jpg,../Data/downloads/Roboflow/Data/downloads/roboflow_chicken_pose/train/labels/461_jpg.rf.7cbdd660c8343d7726c34c56ea4a4cb0.txt,461,train,val,12,3|6|3
../Data/downloads/Roboflow/Data/downloads/roboflow_chicken_pose/train/images/462_jpg.rf.2170e61f1afe16351a6e2e3329b0506f.jpg,../Data/downloads/Roboflow/Data/downloads/roboflow_chicken_pose/train/labels/462_jpg.rf.2170e61f1afe16351a6e2e3329b0506f.txt,462,train,train,12,5|4|3
../Data/downloads/Roboflow/Data/downloads/roboflow_chicken_pose/train/images/463_jpg.rf.8b7aa22312ba98e59d6ca0438c6cbfe9.jpg,../Data/downloads/Roboflow/Data/downloads/roboflow_chicken_pose/train/labels/463_jpg.rf.8b7aa22312ba98e59d6ca0438c6cbfe9.txt,463,train,val,11,0|3|8
../Data/downloads/Roboflow/Data/downloads/roboflow_chicken_pose/train/images/464_jpg.rf.da1b15d09e5920fa1fd886ca390f48f6.jpg,../Data/downloads/Roboflow/Data/downloads/roboflow_chicken_pose/train/labels/464_jpg.rf.da1b15d09e5920fa1fd886ca390f48f6.txt,464,train,train,12,4|5|3
../Data/downloads/Roboflow/Data/downloads/roboflow_chicken_pose/train/images/465_jpg.rf.d18f80aabb458d4c87bd0d8609993b23.jpg,../Data/downloads/Roboflow/Data/downloads/roboflow_chicken_pose/train/labels/465_jpg.rf.d18f80aabb458d4c87bd0d8609993b23.txt,465,train,train,12,1|5|6
../Data/downloads/Roboflow/Data/downloads/roboflow_chicken_pose/train/images/466_jpg.rf.bfaab8b2db1a6a9f5a38919e8c2cb193.jpg,../Data/downloads/Roboflow/Data/downloads/roboflow_chicken_pose/train/labels/466_jpg.rf.bfaab8b2db1a6a9f5a38919e8c2cb193.txt,466,train,val,12,8|4|0
../Data/downloads/Roboflow/Data/downloads/roboflow_chicken_pose/train/images/467_jpg.rf.10c4a03f40c571aefe035a80892e8c52.jpg,../Data/downloads/Roboflow/Data/downloads/roboflow_chicken_pose/train/labels/467_jpg.rf.10c4a03f40c571aefe035a80892e8c52.txt,467,train,train,12,2|3|7
../Data/downloads/Roboflow/Data/downloads/roboflow_chicken_pose/train/images/469_jpg.rf.7d485dae227ce5cdd099fcdeea7c9035.jpg,../Data/downloads/Roboflow/Data/downloads/roboflow_chicken_pose/train/labels/469_jpg.rf.7d485dae227ce5cdd099fcdeea7c9035.txt,469,train,train,12,0|8|4
../Data/downloads/Roboflow/Data/downloads/roboflow_chicken_pose/train/images/46_jpg.rf.ca15d7da26293dd2bc2e44c89b082183.jpg,../Data/downloads/Roboflow/Data/downloads/roboflow_chicken_pose/train/labels/46_jpg.rf.ca15d7da26293dd2bc2e44c89b082183.txt,46,train,train,11,1|2|8
../Data/downloads/Roboflow/Data/downloads/roboflow_chicken_pose/train/images/470_jpg.rf.b153c61caa592f133a75dcfbffa4dd72.jpg,../Data/downloads/Roboflow/Data/downloads/roboflow_chicken_pose/train/labels/470_jpg.rf.b153c61caa592f133a75dcfbffa4dd72.txt,470,train,test,12,1|5|6
../Data/downloads/Roboflow/Data/downloads/roboflow_chicken_pose/train/images/471_jpg.rf.2b35ae5821d46bd4885a89b33584a527.jpg,../Data/downloads/Roboflow/Data/downloads/roboflow_chicken_pose/train/labels/471_jpg.rf.2b35ae5821d46bd4885a89b33584a527.txt,471,train,train,12,4|5|3
../Data/downloads/Roboflow/Data/downloads/roboflow_chicken_pose/train/images/472_jpg.rf.18272747b46d867db3034327187578c9.jpg,../Data/downloads/Roboflow/Data/downloads/roboflow_chicken_pose/train/labels/472_jpg.rf.18272747b46d867db3034327187578c9.txt,472,train,train,12,4|5|3
../Data/downloads/Roboflow/Data/downloads/roboflow_chicken_pose/train/images/473_jpg.rf.a7fe76a7a46aa0963d6c436e1cd16073.jpg,../Data/downloads/Roboflow/Data/downloads/roboflow_chicken_pose/train/labels/473_jpg.rf.a7fe76a7a46aa0963d6c436e1cd16073.txt,473,train,train,12,2|7|3
../Data/downloads/Roboflow/Data/downloads/roboflow_chicken_pose/train/images/475_jpg.rf.ac19aa505f945eeadaa5c4e1a63be0f8.jpg,../Data/downloads/Roboflow/Data/downloads/roboflow_chicken_pose/train/labels/475_jpg.rf.ac19aa505f945eeadaa5c4e1a63be0f8.txt,475,train,train,12,1|8|3
../Data/downloads/Roboflow/Data/downloads/roboflow_chicken_pose/train/images/476_jpg.rf.3eedcebc437f9ccdb92614b942db6c0a.jpg,../Data/downloads/Roboflow/Data/downloads/roboflow_chicken_pose/train/labels/476_jpg.rf.3eedcebc437f9ccdb92614b942db6c0a.txt,476,train,train,12,3|6|3
../Data/downloads/Roboflow/Data/downloads/roboflow_chicken_pose/train/images/478_jpg.rf.3db6d7d655ea94eb8dfb2a0a443cf4ea.jpg,../Data/downloads/Roboflow/Data/downloads/roboflow_chicken_pose/train/labels/478_jpg.rf.3db6d7d655ea94eb8dfb2a0a443cf4ea.txt,478,train,train,12,4|6|2
../Data/downloads/Roboflow/Data/downloads/roboflow_chicken_pose/train/images/479_jpg.rf.d3b11ad7eb508f6932cea6ed134ac56a.jpg,../Data/downloads/Roboflow/Data/downloads/roboflow_chicken_pose/train/labels/479_jpg.rf.d3b11ad7eb508f6932cea6ed134ac56a.txt,479,train,val,12,3|8|1
../Data/downloads/Roboflow/Data/downloads/roboflow_chicken_pose/train/images/47_jpg.rf.071c9078ffc9861530e1b39755fa1cfd.jpg,../Data/downloads/Roboflow/Data/downloads/roboflow_chicken_pose/train/labels/47_jpg.rf.071c9078ffc9861530e1b39755fa1cfd.txt,47,train,train,11,3|0|8
../Data/downloads/Roboflow/Data/downloads/roboflow_chicken_pose/train/images/480_jpg.rf.4271ccf5c8d183ecd9ab67552882f2af.jpg,../Data/downloads/Roboflow/Data/downloads/roboflow_chicken_pose/train/labels/480_jpg.rf.4271ccf5c8d183ecd9ab67552882f2af.txt,480,train,train,12,1|4|7
../Data/downloads/Roboflow/Data/downloads/roboflow_chicken_pose/train/images/482_jpg.rf.c894c5c46796f392da5dc572cca7bef2.jpg,../Data/downloads/Roboflow/Data/downloads/roboflow_chicken_pose/train/labels/482_jpg.rf.c894c5c46796f392da5dc572cca7bef2.txt,482,train,train,12,3|5|4
../Data/downloads/Roboflow/Data/downloads/roboflow_chicken_pose/train/images/483_jpg.rf.10da9cdf4435c5e4528cd04f3201ef48.jpg,../Data/downloads/Roboflow/Data/downloads/roboflow_chicken_pose/train/labels/483_jpg.rf.10da9cdf4435c5e4528cd04f3201ef48.txt,483,train,train,12,5|6|1
../Data/downloads/Roboflow/Data/downloads/roboflow_chicken_pose/train/images/484_jpg.rf.7e82cbe179e2677803279648f613a564.jpg,../Data/downloads/Roboflow/Data/downloads/roboflow_chicken_pose/train/labels/484_jpg.rf.7e82cbe179e2677803279648f613a564.txt,484,train,train,12,0|8|4
../Data/downloads/Roboflow/Data/downloads/roboflow_chicken_pose/train/images/485_jpg.rf.2327fae6c19e548fdbdee8534e879785.jpg,../Data/downloads/Roboflow/Data/downloads/roboflow_chicken_pose/train/labels/485_jpg.rf.2327fae6c19e548fdbdee8534e879785.txt,485,train,val,12,0|11|1
../Data/downloads/Roboflow/Data/downloads/roboflow_chicken_pose/train/images/486_jpg.rf.831de948f5d5bfe9b11f8215008b7443.jpg,../Data/downloads/Roboflow/Data/downloads/roboflow_chicken_pose/train/labels/486_jpg.rf.831de948f5d5bfe9b11f8215008b7443.txt,486,train,train,11,0|7|4
../Data/downloads/Roboflow/Data/downloads/roboflow_chicken_pose/train/images/487_jpg.rf.490a3ac0f17512de496530730c9622a6.jpg,../Data/downloads/Roboflow/Data/downloads/roboflow_chicken_pose/train/labels/487_jpg.rf.490a3ac0f17512de496530730c9622a6.txt,487,train,train,11,6|3|2
../Data/downloads/Roboflow/Data/downloads/roboflow_chicken_pose/train/images/488_jpg.rf.b5716e092fa658df24a0a92bcdc2ad9c.jpg,../Data/downloads/Roboflow/Data/downloads/roboflow_chicken_pose/train/labels/488_jpg.rf.b5716e092fa658df24a0a92bcdc2ad9c.txt,488,train,train,11,0|10|1
../Data/downloads/Roboflow/Data/downloads/roboflow_chicken_pose/train/images/489_jpg.rf.0d40dec1c3d9c724692a8dd3a5242422.jpg,../Data/downloads/Roboflow/Data/downloads/roboflow_chicken_pose/train/labels/489_jpg.rf.0d40dec1c3d9c724692a8dd3a5242422.txt,489,train,train,12,4|5|3
../Data/downloads/Roboflow/Data/downloads/roboflow_chicken_pose/train/images/490_jpg.rf.bc4fde8929ec5eb669df3448d3b8bb8a.jpg,../Data/downloads/Roboflow/Data/downloads/roboflow_chicken_pose/train/labels/490_jpg.rf.bc4fde8929ec5eb669df3448d3b8bb8a.txt,490,train,train,12,3|3|6
../Data/downloads/Roboflow/Data/downloads/roboflow_chicken_pose/train/images/491_jpg.rf.dd089f7b0276f06f06bd091fcb29ef27.jpg,../Data/downloads/Roboflow/Data/downloads/roboflow_chicken_pose/train/labels/491_jpg.rf.dd089f7b0276f06f06bd091fcb29ef27.txt,491,train,train,12,2|2|8
../Data/downloads/Roboflow/Data/downloads/roboflow_chicken_pose/train/images/492_jpg.rf.73e4e1d347479a0183f005bc27b81af2.jpg,../Data/downloads/Roboflow/Data/downloads/roboflow_chicken_pose/train/labels/492_jpg.rf.73e4e1d347479a0183f005bc27b81af2.txt,492,train,train,12,3|1|8
../Data/downloads/Roboflow/Data/downloads/roboflow_chicken_pose/train/images/493_jpg.rf.4e953d933ac9029d96608284296c4b89.jpg,../Data/downloads/Roboflow/Data/downloads/roboflow_chicken_pose/train/labels/493_jpg.rf.4e953d933ac9029d96608284296c4b89.txt,493,train,test,12,0|7|5
../Data/downloads/Roboflow/Data/downloads/roboflow_chicken_pose/train/images/494_jpg.rf.61312b0e0d01c58f77b1638b480f5b72.jpg,../Data/downloads/Roboflow/Data/downloads/roboflow_chicken_pose/train/labels/494_jpg.rf.61312b0e0d01c58f77b1638b480f5b72.txt,494,train,train,12,4|4|4
../Data/downloads/Roboflow/Data/downloads/roboflow_chicken_pose/train/images/495_jpg.rf.7cc45b9f87da54b8f665f191c65643ec.jpg,../Data/downloads/Roboflow/Data/downloads/roboflow_chicken_pose/train/labels/495_jpg.rf.7cc45b9f87da54b8f665f191c65643ec.txt,495,train,train,12,1|5|6
../Data/downloads/Roboflow/Data/downloads/roboflow_chicken_pose/train/images/497_jpg.rf.6c4faeda0c047e6105b2eca5c10e63b1.jpg,../Data/downloads/Roboflow/Data/downloads/roboflow_chicken_pose/train/labels/497_jpg.rf.6c4faeda0c047e6105b2eca5c10e63b1.txt,497,train,train,12,1|9|2
../Data/downloads/Roboflow/Data/downloads/roboflow_chicken_pose/train/images/498_jpg.rf.5d80482d4df38c77fe5aeb6fdce322f9.jpg,../Data/downloads/Roboflow/Data/downloads/roboflow_chicken_pose/train/labels/498_jpg.rf.5d80482d4df38c77fe5aeb6fdce322f9.txt,498,train,train,12,2|4|6
../Data/downloads/Roboflow/Data/downloads/roboflow_chicken_pose/train/images/499_jpg.rf.c8cec7b295ad146f35c3179439ecc9df.jpg,../Data/downloads/Roboflow/Data/downloads/roboflow_chicken_pose/train/labels/499_jpg.rf.c8cec7b295ad146f35c3179439ecc9df.txt,499,train,val,12,6|4|2
../Data/downloads/Roboflow/Data/downloads/roboflow_chicken_pose/train/images/49_jpg.rf.b421b895618fdce073970cf47d472d34.jpg,../Data/downloads/Roboflow/Data/downloads/roboflow_chicken_pose/train/labels/49_jpg.rf.b421b895618fdce073970cf47d472d34.txt,49,train,train,12,0|4|8
../Data/downloads/Roboflow/Data/downloads/roboflow_chicken_pose/train/images/4_jpg.rf.cc60484492778b05f057f2d3a771bc59.jpg,../Data/downloads/Roboflow/Data/downloads/roboflow_chicken_pose/train/labels/4_jpg.rf.cc60484492778b05f057f2d3a771bc59.txt,4,train,train,12,2|1|9
../Data/downloads/Roboflow/Data/downloads/roboflow_chicken_pose/train/images/500_jpg.rf.25e24cafb40dcdcc8145bbaf62e76ed7.jpg,../Data/downloads/Roboflow/Data/downloads/roboflow_chicken_pose/train/labels/500_jpg.rf.25e24cafb40dcdcc8145bbaf62e76ed7.txt,500,train,val,12,4|5|3
../Data/downloads/Roboflow/Data/downloads/roboflow_chicken_pose/train/images/501_jpg.rf.352a7030834b3e71dc9cdf554c89747b.jpg,../Data/downloads/Roboflow/Data/downloads/roboflow_chicken_pose/train/labels/501_jpg.rf.352a7030834b3e71dc9cdf554c89747b.txt,501,train,val,12,3|6|3
../Data/downloads/Roboflow/Data/downloads/roboflow_chicken_pose/train/images/502_jpg.rf.e4b6c7fed0a26b5fa3e0ae8f4ebee5d3.jpg,../Data/downloads/Roboflow/Data/downloads/roboflow_chicken_pose/train/labels/502_jpg.rf.e4b6c7fed0a26b5fa3e0ae8f4ebee5d3.txt,502,train,train,12,4|4|4
../Data/downloads/Roboflow/Data/downloads/roboflow_chicken_pose/train/images/503_jpg.rf.51bc04a1f21bc924217ee322ec8d962a.jpg,../Data/downloads/Roboflow/Data/downloads/roboflow_chicken_pose/train/labels/503_jpg.rf.51bc04a1f21bc924217ee322ec8d962a.txt,503,train,test,12,4|4|4
../Data/downloads/Roboflow/Data/downloads/roboflow_chicken_pose/train/images/505_jpg.rf.2361d76164f977fdb5f8df10af508076.jpg,../Data/downloads/Roboflow/Data/downloads/roboflow_chicken_pose/train/labels/505_jpg.rf.2361d76164f977fdb5f8df10af508076.txt,505,train,val,12,4|3|5
../Data/downloads/Roboflow/Data/downloads/roboflow_chicken_pose/train/images/506_jpg.rf.21377edea0ea07ea5a41b1217ea8fa54.jpg,../Data/downloads/Roboflow/Data/downloads/roboflow_chicken_pose/train/labels/506_jpg.rf.21377edea0ea07ea5a41b1217ea8fa54.txt,506,train,train,12,2|8|2
../Data/downloads/Roboflow/Data/downloads/roboflow_chicken_pose/train/images/508_jpg.rf.589a03682b44d8beaf89425bdd6a8838.jpg,../Data/downloads/Roboflow/Data/downloads/roboflow_chicken_pose/train/labels/508_jpg.rf.589a03682b44d8beaf89425bdd6a8838.txt,508,train,train,12,1|8|3
../Data/downloads/Roboflow/Data/downloads/roboflow_chicken_pose/train/images/509_jpg.rf.cc046b702e7940bc1578c343e6a5676b.jpg,../Data/downloads/Roboflow/Data/downloads/roboflow_chicken_pose/train/labels/509_jpg.rf.cc046b702e7940bc1578c343e6a5676b.txt,509,train,train,12,4|2|6
../Data/downloads/Roboflow/Data/downloads/roboflow_chicken_pose/train/images/510_jpg.rf.32c273e1f39d2c258dcff5b62b55d0f0.jpg,../Data/downloads/Roboflow/Data/downloads/roboflow_chicken_pose/train/labels/510_jpg.rf.32c273e1f39d2c258dcff5b62b55d0f0.txt,510,train,train,12,2|7|3
../Data/downloads/Roboflow/Data/downloads/roboflow_chicken_pose/train/images/511_jpg.rf.cda2f78e8583708d852ec8a6e66a8381.jpg,../Data/downloads/Roboflow/Data/downloads/roboflow_chicken_pose/train/labels/511_jpg.rf.cda2f78e8583708d852ec8a6e66a8381.txt,511,train,train,12,2|9|1
../Data/downloads/Roboflow/Data/downloads/roboflow_chicken_pose/train/images/512_jpg.rf.2d478e6039663a80e510da636f44bf9d.jpg,../Data/downloads/Roboflow/Data/downloads/roboflow_chicken_pose/train/labels/512_jpg.rf.2d478e6039663a80e510da636f44bf9d.txt,512,train,train,12,1|4|7
../Data/downloads/Roboflow/Data/downloads/roboflow_chicken_pose/train/images/513_jpg.rf.c8ab698a54ec4852c3ae1e767748abf3.jpg,../Data/downloads/Roboflow/Data/downloads/roboflow_chicken_pose/train/labels/513_jpg.rf.c8ab698a54ec4852c3ae1e767748abf3.txt,513,train,train,12,1|3|8
../Data/downloads/Roboflow/Data/downloads/roboflow_chicken_pose/train/images/514_jpg.rf.7cd11edca1aed06a8ecf48e5946721c4.jpg,../Data/downloads/Roboflow/Data/downloads/roboflow_chicken_pose/train/labels/514_jpg.rf.7cd11edca1aed06a8ecf48e5946721c4.txt,514,train,train,12,2|7|3
../Data/downloads/Roboflow/Data/downloads/roboflow_chicken_pose/train/images/517_jpg.rf.09121df7a5b832525dbacb3bb95b7a85.jpg,../Data/downloads/Roboflow/Data/downloads/roboflow_chicken_pose/train/labels/517_jpg.rf.09121df7a5b832525dbacb3bb95b7a85.txt,517,train,train,12,2|5|5
../Data/downloads/Roboflow/Data/downloads/roboflow_chicken_pose/train/images/518_jpg.rf.42454dbcb2033da96c18766f940ff9c5.jpg,../Data/downloads/Roboflow/Data/downloads/roboflow_chicken_pose/train/labels/518_jpg.rf.42454dbcb2033da96c18766f940ff9c5.txt,518,train,train,12,0|7|5
../Data/downloads/Roboflow/Data/downloads/roboflow_chicken_pose/train/images/519_jpg.rf.60a5fa521f03f0d1368af2fb0a0391bd.jpg,../Data/downloads/Roboflow/Data/downloads/roboflow_chicken_pose/train/labels/519_jpg.rf.60a5fa521f03f0d1368af2fb0a0391bd.txt,519,train,test,12,2|9|1
../Data/downloads/Roboflow/Data/downloads/roboflow_chicken_pose/train/images/520_jpg.rf.b223b6383c664cce46b097091cbf9592.jpg,../Data/downloads/Roboflow/Data/downloads/roboflow_chicken_pose/train/labels/520_jpg.rf.b223b6383c664cce46b097091cbf9592.txt,520,train,train,12,2|7|3
../Data/downloads/Roboflow/Data/downloads/roboflow_chicken_pose/train/images/521_jpg.rf.ef01e6a404dd3316240c55d09e2386ff.jpg,../Data/downloads/Roboflow/Data/downloads/roboflow_chicken_pose/train/labels/521_jpg.rf.ef01e6a404dd3316240c55d09e2386ff.txt,521,train,train,12,1|3|8
../Data/downloads/Roboflow/Data/downloads/roboflow_chicken_pose/train/images/522_jpg.rf.60354758c429e448abc19a677566a8eb.jpg,../Data/downloads/Roboflow/Data/downloads/roboflow_chicken_pose/train/labels/522_jpg.rf.60354758c429e448abc19a677566a8eb.txt,522,train,train,12,4|5|3
../Data/downloads/Roboflow/Data/downloads/roboflow_chicken_pose/train/images/523_jpg.rf.a464120bee253261667010ca43be3dc0.jpg,../Data/downloads/Roboflow/Data/downloads/roboflow_chicken_pose/train/labels/523_jpg.rf.a464120bee253261667010ca43be3dc0.txt,523,train,train,12,1|7|4
../Data/downloads/Roboflow/Data/downloads/roboflow_chicken_pose/train/images/524_jpg.rf.17df20fb6e27ca97387b54fb2faa9f02.jpg,../Data/downloads/Roboflow/Data/downloads/roboflow_chicken_pose/train/labels/524_jpg.rf.17df20fb6e27ca97387b54fb2faa9f02.txt,524,train,train,12,4|5|3
../Data/downloads/Roboflow/Data/downloads/roboflow_chicken_pose/train/images/525_jpg.rf.90bf23dbd435472826c9bbead54e63b0.jpg,../Data/downloads/Roboflow/Data/downloads/roboflow_chicken_pose/train/labels/525_jpg.rf.90bf23dbd435472826c9bbead54e63b0.txt,525,train,test,12,4|3|5
../Data/downloads/Roboflow/Data/downloads/roboflow_chicken_pose/train/images/527_jpg.rf.ff6ae0daa338d111df66806983abb64b.jpg,../Data/downloads/Roboflow/Data/downloads/roboflow_chicken_pose/train/labels/527_jpg.rf.ff6ae0daa338d111df66806983abb64b.txt,527,train,train,12,3|2|7
../Data/downloads/Roboflow/Data/downloads/roboflow_chicken_pose/train/images/529_jpg.rf.2764bd8d79e29d681ba8c8b85049ab2e.jpg,../Data/downloads/Roboflow/Data/downloads/roboflow_chicken_pose/train/labels/529_jpg.rf.2764bd8d79e29d681ba8c8b85049ab2e.txt,529,train,val,12,5|5|2
../Data/downloads/Roboflow/Data/downloads/roboflow_chicken_pose/train/images/52_jpg.rf.0ea1b5bd710ca510d4bdb868a2098fcd.jpg,../Data/downloads/Roboflow/Data/downloads/roboflow_chicken_pose/train/labels/52_jpg.rf.0ea1b5bd710ca510d4bdb868a2098fcd.txt,52,train,train,11,1|0|10
../Data/downloads/Roboflow/Data/downloads/roboflow_chicken_pose/train/images/531_jpg.rf.cce629e65aa23ba36759feb478b572d4.jpg,../Data/downloads/Roboflow/Data/downloads/roboflow_chicken_pose/train/labels/531_jpg.rf.cce629e65aa23ba36759feb478b572d4.txt,531,train,train,12,2|2|8
../Data/downloads/Roboflow/Data/downloads/roboflow_chicken_pose/train/images/532_jpg.rf.1e41f14e72efb56f3f0a93e8ca2ea1bc.jpg,../Data/downloads/Roboflow/Data/downloads/roboflow_chicken_pose/train/labels/532_jpg.rf.1e41f14e72efb56f3f0a93e8ca2ea1bc.txt,532,train,train,12,3|4|5
../Data/downloads/Roboflow/Data/downloads/roboflow_chicken_pose/train/images/533_jpg.rf.41f6c70999487409ce04971421589a65.jpg,../Data/downloads/Roboflow/Data/downloads/roboflow_chicken_pose/train/labels/533_jpg.rf.41f6c70999487409ce04971421589a65.txt,533,train,test,12,1|6|5
../Data/downloads/Roboflow/Data/downloads/roboflow_chicken_pose/train/images/535_jpg.rf.a72a519f71af0e9c9e090669cb5b94ee.jpg,../Data/downloads/Roboflow/Data/downloads/roboflow_chicken_pose/train/labels/535_jpg.rf.a72a519f71af0e9c9e090669cb5b94ee.txt,535,train,train,12,4|5|3
../Data/downloads/Roboflow/Data/downloads/roboflow_chicken_pose/train/images/536_jpg.rf.3869b22627847bdc6fa89e9f22277ab9.jpg,../Data/downloads/Roboflow/Data/downloads/roboflow_chicken_pose/train/labels/536_jpg.rf.3869b22627847bdc6fa89e9f22277ab9.txt,536,train,test,12,3|2|7
../Data/downloads/Roboflow/Data/downloads/roboflow_chicken_pose/train/images/537_jpg.rf.90faa49d0824663f9bab63e678906c56.jpg,../Data/downloads/Roboflow/Data/downloads/roboflow_chicken_pose/train/labels/537_jpg.rf.90faa49d0824663f9bab63e678906c56.txt,537,train,train,12,3|6|3
../Data/downloads/Roboflow/Data/downloads/roboflow_chicken_pose/train/images/538_jpg.rf.fc3669d22af3c9fc24b1537e137b1480.jpg,../Data/downloads/Roboflow/Data/downloads/roboflow_chicken_pose/train/labels/538_jpg.rf.fc3669d22af3c9fc24b1537e137b1480.txt,538,train,val,12,4|3|5
../Data/downloads/Roboflow/Data/downloads/roboflow_chicken_pose/train/images/539_jpg.rf.b5c73d5f2ee682aff8254e0b8ef1f4bf.jpg,../Data/downloads/Roboflow/Data/downloads/roboflow_chicken_pose/train/labels/539_jpg.rf.b5c73d5f2ee682aff8254e0b8ef1f4bf.txt,539,train,train,12,3|6|3
../Data/downloads/Roboflow/Data/downloads/roboflow_chicken_pose/train/images/53_jpg.rf.e1c1bff2331b290a8988408dcb67dac3.jpg,../Data/downloads/Roboflow/Data/downloads/roboflow_chicken_pose/train/labels/53_jpg.rf.e1c1bff2331b290a8988408dcb67dac3.txt,53,train,train,11,0|1|10
../Data/downloads/Roboflow/Data/downloads/roboflow_chicken_pose/train/images/540_jpg.rf.8a6d1912177d2994cc3655a7ce0938ee.jpg,../Data/downloads/Roboflow/Data/downloads/roboflow_chicken_pose/train/labels/540_jpg.rf.8a6d1912177d2994cc3655a7ce0938ee.txt,540,train,train,12,3|5|4
../Data/downloads/Roboflow/Data/downloads/roboflow_chicken_pose/train/images/541_jpg.rf.97f08ba372fa4ef1757318f45862cb0c.jpg,../Data/downloads/Roboflow/Data/downloads/roboflow_chicken_pose/train/labels/541_jpg.rf.97f08ba372fa4ef1757318f45862cb0c.txt,541,train,train,12,2|4|6
../Data/downloads/Roboflow/Data/downloads/roboflow_chicken_pose/train/images/542_jpg.rf.9a3e217b86c72baca55a27db98112c6e.jpg,../Data/downloads/Roboflow/Data/downloads/roboflow_chicken_pose/train/labels/542_jpg.rf.9a3e217b86c72baca55a27db98112c6e.txt,542,train,train,11,4|2|5
../Data/downloads/Roboflow/Data/downloads/roboflow_chicken_pose/train/images/544_jpg.rf.0c30bfb8744346c530ef6dd3825240c9.jpg,../Data/downloads/Roboflow/Data/downloads/roboflow_chicken_pose/train/labels/544_jpg.rf.0c30bfb8744346c530ef6dd3825240c9.txt,544,train,train,12,1|9|2
../Data/downloads/Roboflow/Data/downloads/roboflow_chicken_pose/train/images/545_jpg.rf.93698befb77d839d56ed7736e127cccc.jpg,../Data/downloads/Roboflow/Data/downloads/roboflow_chicken_pose/train/labels/545_jpg.rf.93698befb77d839d56ed7736e127cccc.txt,545,train,train,12,3|2|7
../Data/downloads/Roboflow/Data/downloads/roboflow_chicken_pose/train/images/546_jpg.rf.0570b61017d07e10123f15e4bebb6821.jpg,../Data/downloads/Roboflow/Data/downloads/roboflow_chicken_pose/train/labels/546_jpg.rf.0570b61017d07e10123f15e4bebb6821.txt,546,train,train,12,1|5|6
../Data/downloads/Roboflow/Data/downloads/roboflow_chicken_pose/train/images/547_jpg.rf.ae38153624d5f011d9d6bf385be3c8d4.jpg,../Data/downloads/Roboflow/Data/downloads/roboflow_chicken_pose/train/labels/547_jpg.rf.ae38153624d5f011d9d6bf385be3c8d4.txt,547,train,train,12,2|3|7
../Data/downloads/Roboflow/Data/downloads/roboflow_chicken_pose/train/images/549_jpg.rf.2a8127a151f2af78c1c5a4e866f94265.jpg,../Data/downloads/Roboflow/Data/downloads/roboflow_chicken_pose/train/labels/549_jpg.rf.2a8127a151f2af78c1c5a4e866f94265.txt,549,train,train,12,4|4|4
../Data/downloads/Roboflow/Data/downloads/roboflow_chicken_pose/train/images/54_jpg.rf.1fcad742004f0df78575b62d40ff950b.jpg,../Data/downloads/Roboflow/Data/downloads/roboflow_chicken_pose/train/labels/54_jpg.rf.1fcad742004f0df78575b62d40ff950b.txt,54,train,train,12,2|4|6
../Data/downloads/Roboflow/Data/downloads/roboflow_chicken_pose/train/images/550_jpg.rf.6ef257c406ad70c1ff881ab10e73fb9f.jpg,../Data/downloads/Roboflow/Data/downloads/roboflow_chicken_pose/train/labels/550_jpg.rf.6ef257c406ad70c1ff881ab10e73fb9f.txt,550,train,train,12,4|4|4
../Data/downloads/Roboflow/Data/downloads/roboflow_chicken_pose/train/images/552_jpg.rf.26a086ce4893234c8d17f14959ba2daa.jpg,../Data/downloads/Roboflow/Data/downloads/roboflow_chicken_pose/train/labels/552_jpg.rf.26a086ce4893234c8d17f14959ba2daa.txt,552,train,train,12,1|3|8
../Data/downloads/Roboflow/Data/downloads/roboflow_chicken_pose/train/images/554_jpg.rf.841be3f83287ebbdc71b2eb979b87251.jpg,../Data/downloads/Roboflow/Data/downloads/roboflow_chicken_pose/train/labels/554_jpg.rf.841be3f83287ebbdc71b2eb979b87251.txt,554,train,train,12,0|10|2
../Data/downloads/Roboflow/Data/downloads/roboflow_chicken_pose/train/images/558_jpg.rf.6c7444418bd87db81bd7b872b696fee8.jpg,../Data/downloads/Roboflow/Data/downloads/roboflow_chicken_pose/train/labels/558_jpg.rf.6c7444418bd87db81bd7b872b696fee8.txt,558,train,test,12,2|3|7
../Data/downloads/Roboflow/Data/downloads/roboflow_chicken_pose/train/images/559_jpg.rf.02107ead89b3426e2b353f565a6cc2e1.jpg,../Data/downloads/Roboflow/Data/downloads/roboflow_chicken_pose/train/labels/559_jpg.rf.02107ead89b3426e2b353f565a6cc2e1.txt,559,train,test,12,1|5|6
../Data/downloads/Roboflow/Data/downloads/roboflow_chicken_pose/train/images/55_jpg.rf.e5b8ef2db8a1e4adb055fba6551d44af.jpg,../Data/downloads/Roboflow/Data/downloads/roboflow_chicken_pose/train/labels/55_jpg.rf.e5b8ef2db8a1e4adb055fba6551d44af.txt,55,train,val,11,0|3|8
../Data/downloads/Roboflow/Data/downloads/roboflow_chicken_pose/train/images/560_jpg.rf.e9e8a1a924f03dbaccebf5a7cbd1a343.jpg,../Data/downloads/Roboflow/Data/downloads/roboflow_chicken_pose/train/labels/560_jpg.rf.e9e8a1a924f03dbaccebf5a7cbd1a343.txt,560,train,val,13,3|3|7
../Data/downloads/Roboflow/Data/downloads/roboflow_chicken_pose/train/images/561_jpg.rf.7662e5b773d38335dad98c7243c209a8.jpg,../Data/downloads/Roboflow/Data/downloads/roboflow_chicken_pose/train/labels/561_jpg.rf.7662e5b773d38335dad98c7243c209a8.txt,561,train,train,12,6|5|1
../Data/downloads/Roboflow/Data/downloads/roboflow_chicken_pose/train/images/563_jpg.rf.e197146f74742cf2868c3dacd641835d.jpg,../Data/downloads/Roboflow/Data/downloads/roboflow_chicken_pose/train/labels/563_jpg.rf.e197146f74742cf2868c3dacd641835d.txt,563,train,val,12,3|5|4
../Data/downloads/Roboflow/Data/downloads/roboflow_chicken_pose/train/images/564_jpg.rf.1260df1031cafdb5815aa610514fc5d0.jpg,../Data/downloads/Roboflow/Data/downloads/roboflow_chicken_pose/train/labels/564_jpg.rf.1260df1031cafdb5815aa610514fc5d0.txt,564,train,train,12,2|5|5
../Data/downloads/Roboflow/Data/downloads/roboflow_chicken_pose/train/images/565_jpg.rf.785076f9ca814ffd8372aff9f9a50481.jpg,../Data/downloads/Roboflow/Data/downloads/roboflow_chicken_pose/train/labels/565_jpg.rf.785076f9ca814ffd8372aff9f9a50481.txt,565,train,train,12,0|12|0
../Data/downloads/Roboflow/Data/downloads/roboflow_chicken_pose/train/images/567_jpg.rf.9be0d24dbd166d9b5d9031ec874b6311.jpg,../Data/downloads/Roboflow/Data/downloads/roboflow_chicken_pose/train/labels/567_jpg.rf.9be0d24dbd166d9b5d9031ec874b6311.txt,567,train,val,12,4|3|5
../Data/downloads/Roboflow/Data/downloads/roboflow_chicken_pose/train/images/569_jpg.rf.95ed0c779c016f7ed250c652599f85de.jpg,../Data/downloads/Roboflow/Data/downloads/roboflow_chicken_pose/train/labels/569_jpg.rf.95ed0c779c016f7ed250c652599f85de.txt,569,train,test,12,4|7|1
../Data/downloads/Roboflow/Data/downloads/roboflow_chicken_pose/train/images/570_jpg.rf.b89c38bb64d97227459b69d96d28f100.jpg,../Data/downloads/Roboflow/Data/downloads/roboflow_chicken_pose/train/labels/570_jpg.rf.b89c38bb64d97227459b69d96d28f100.txt,570,train,train,12,3|6|3
../Data/downloads/Roboflow/Data/downloads/roboflow_chicken_pose/train/images/571_jpg.rf.444cb81101965c6536bc1efc71fdbce5.jpg,../Data/downloads/Roboflow/Data/downloads/roboflow_chicken_pose/train/labels/571_jpg.rf.444cb81101965c6536bc1efc71fdbce5.txt,571,train,train,12,3|4|5
../Data/downloads/Roboflow/Data/downloads/roboflow_chicken_pose/train/images/573_jpg.rf.08b196dbb7af9de9097959cc74351730.jpg,../Data/downloads/Roboflow/Data/downloads/roboflow_chicken_pose/train/labels/573_jpg.rf.08b196dbb7af9de9097959cc74351730.txt,573,train,val,12,2|7|3
../Data/downloads/Roboflow/Data/downloads/roboflow_chicken_pose/train/images/575_jpg.rf.2891dcc4d6d45cd3d16037e230065788.jpg,../Data/downloads/Roboflow/Data/downloads/roboflow_chicken_pose/train/labels/575_jpg.rf.2891dcc4d6d45cd3d16037e230065788.txt,575,train,train,12,5|5|2
../Data/downloads/Roboflow/Data/downloads/roboflow_chicken_pose/train/images/577_jpg.rf.6d086166ad37152a6664c87a0086ec06.jpg,../Data/downloads/Roboflow/Data/downloads/roboflow_chicken_pose/train/labels/577_jpg.rf.6d086166ad37152a6664c87a0086ec06.txt,577,train,train,12,2|8|2
../Data/downloads/Roboflow/Data/downloads/roboflow_chicken_pose/train/images/578_jpg.rf.1b5ed4ad01830a83fa1965439dacf312.jpg,../Data/downloads/Roboflow/Data/downloads/roboflow_chicken_pose/train/labels/578_jpg.rf.1b5ed4ad01830a83fa1965439dacf312.txt,578,train,test,12,1|5|6
../Data/downloads/Roboflow/Data/downloads/roboflow_chicken_pose/train/images/579_jpg.rf.6dc256a0a0b97497632facfcab27a9c6.jpg,../Data/downloads/Roboflow/Data/downloads/roboflow_chicken_pose/train/labels/579_jpg.rf.6dc256a0a0b97497632facfcab27a9c6.txt,579,train,train,12,2|9|1
../Data/downloads/Roboflow/Data/downloads/roboflow_chicken_pose/train/images/580_jpg.rf.ee17c4763a0a198e366871fe30715834.jpg,../Data/downloads/Roboflow/Data/downloads/roboflow_chicken_pose/train/labels/580_jpg.rf.ee17c4763a0a198e366871fe30715834.txt,580,train,train,11,3|4|4
../Data/downloads/Roboflow/Data/downloads/roboflow_chicken_pose/train/images/582_jpg.rf.461b3f899c6665bcc95daa2560197d42.jpg,../Data/downloads/Roboflow/Data/downloads/roboflow_chicken_pose/train/labels/582_jpg.rf.461b3f899c6665bcc95daa2560197d42.txt,582,train,val,12,3|5|4
../Data/downloads/Roboflow/Data/downloads/roboflow_chicken_pose/train/images/584_jpg.rf.8bbfd398952324886176063b3b5f2c1c.jpg,../Data/downloads/Roboflow/Data/downloads/roboflow_chicken_pose/train/labels/584_jpg.rf.8bbfd398952324886176063b3b5f2c1c.txt,584,train,train,12,6|2|4
../Data/downloads/Roboflow/Data/downloads/roboflow_chicken_pose/train/images/585_jpg.rf.cf0a162b9e0fef0e18d36bb40e571b07.jpg,../Data/downloads/Roboflow/Data/downloads/roboflow_chicken_pose/train/labels/585_jpg.rf.cf0a162b9e0fef0e18d36bb40e571b07.txt,585,train,train,12,2|6|4
../Data/downloads/Roboflow/Data/downloads/roboflow_chicken_pose/train/images/586_jpg.rf.4be6c18a202223bdc97c13129a226d8f.jpg,../Data/downloads/Roboflow/Data/downloads/roboflow_chicken_pose/train/labels/586_jpg.rf.4be6c18a202223bdc97c13129a226d8f.txt,586,train,test,12,2|7|3
../Data/downloads/Roboflow/Data/downloads/roboflow_chicken_pose/train/images/587_jpg.rf.213eff714285dc9795a378427be0f2cb.jpg,../Data/downloads/Roboflow/Data/downloads/roboflow_chicken_pose/train/labels/587_jpg.rf.213eff714285dc9795a378427be0f2cb.txt,587,train,train,12,4|5|3
../Data/downloads/Roboflow/Data/downloads/roboflow_chicken_pose/train/images/588_jpg.rf.0015596367d16df4798350d2432f7d2c.jpg,../Data/downloads/Roboflow/Data/downloads/roboflow_chicken_pose/train/labels/588_jpg.rf.0015596367d16df4798350d2432f7d2c.txt,588,train,val,12,2|7|3
../Data/downloads/Roboflow/Data/downloads/roboflow_chicken_pose/train/images/589_jpg.rf.4a68cbef45a964dca7c64577dc6bae92.jpg,../Data/downloads/Roboflow/Data/downloads/roboflow_chicken_pose/train/labels/589_jpg.rf.4a68cbef45a964dca7c64577dc6bae92.txt,589,train,train,12,3|8|1
../Data/downloads/Roboflow/Data/downloads/roboflow_chicken_pose/train/images/58_jpg.rf.2c57953a0b33671dfa75b8c282f2a191.jpg,../Data/downloads/Roboflow/Data/downloads/roboflow_chicken_pose/train/labels/58_jpg.rf.2c57953a0b33671dfa75b8c282f2a191.txt,58,train,train,12,0|4|8
../Data/downloads/Roboflow/Data/downloads/roboflow_chicken_pose/train/images/590_jpg.rf.b41171f7b2d33fa210acf93051a54eae.jpg,../Data/downloads/Roboflow/Data/downloads/roboflow_chicken_pose/train/labels/590_jpg.rf.b41171f7b2d33fa210acf93051a54eae.txt,590,train,train,12,4|4|4
../Data/downloads/Roboflow/Data/downloads/roboflow_chicken_pose/train/images/591_jpg.rf.9eee3bb8bce75bbe1a619984955be27b.jpg,../Data/downloads/Roboflow/Data/downloads/roboflow_chicken_pose/train/labels/591_jpg.rf.9eee3bb8bce75bbe1a619984955be27b.txt,591,train,train,12,1|6|5
../Data/downloads/Roboflow/Data/downloads/roboflow_chicken_pose/train/images/592_jpg.rf.8e88a545d6d2f41518e8e145461502c7.jpg,../Data/downloads/Roboflow/Data/downloads/roboflow_chicken_pose/train/labels/592_jpg.rf.8e88a545d6d2f41518e8e145461502c7.txt,592,train,test,12,2|8|2
../Data/downloads/Roboflow/Data/downloads/roboflow_chicken_pose/train/images/593_jpg.rf.8aa460043fe4ab253b8071dac348d5bc.jpg,../Data/downloads/Roboflow/Data/downloads/roboflow_chicken_pose/train/labels/593_jpg.rf.8aa460043fe4ab253b8071dac348d5bc.txt,593,train,train,12,2|7|3
../Data/downloads/Roboflow/Data/downloads/roboflow_chicken_pose/train/images/594_jpg.rf.848dd65f0055fdb7552e1809477ca671.jpg,../Data/downloads/Roboflow/Data/downloads/roboflow_chicken_pose/train/labels/594_jpg.rf.848dd65f0055fdb7552e1809477ca671.txt,594,train,train,11,5|4|2
../Data/downloads/Roboflow/Data/downloads/roboflow_chicken_pose/train/images/595_jpg.rf.d9c13e78439dee609bf133c3e07ed5b4.jpg,../Data/downloads/Roboflow/Data/downloads/roboflow_chicken_pose/train/labels/595_jpg.rf.d9c13e78439dee609bf133c3e07ed5b4.txt,595,train,train,12,3|2|7
../Data/downloads/Roboflow/Data/downloads/roboflow_chicken_pose/train/images/596_jpg.rf.f6f19001685d6f4375194d5b6c67c14b.jpg,../Data/downloads/Roboflow/Data/downloads/roboflow_chicken_pose/train/labels/596_jpg.rf.f6f19001685d6f4375194d5b6c67c14b.txt,596,train,train,12,2|7|3
../Data/downloads/Roboflow/Data/downloads/roboflow_chicken_pose/train/images/598_jpg.rf.9dd6cab88b23d4d44d9666f3a89f3cfb.jpg,../Data/downloads/Roboflow/Data/downloads/roboflow_chicken_pose/train/labels/598_jpg.rf.9dd6cab88b23d4d44d9666f3a89f3cfb.txt,598,train,train,12,4|2|6
../Data/downloads/Roboflow/Data/downloads/roboflow_chicken_pose/train/images/59_jpg.rf.e60240aa433082a6a18e0900faaad89b.jpg,../Data/downloads/Roboflow/Data/downloads/roboflow_chicken_pose/train/labels/59_jpg.rf.e60240aa433082a6a18e0900faaad89b.txt,59,train,train,12,0|3|9
../Data/downloads/Roboflow/Data/downloads/roboflow_chicken_pose/train/images/5_jpg.rf.0814b12d453f2f86e25271ad8bb41abb.jpg,../Data/downloads/Roboflow/Data/downloads/roboflow_chicken_pose/train/labels/5_jpg.rf.0814b12d453f2f86e25271ad8bb41abb.txt,5,train,test,12,4|4|4
../Data/downloads/Roboflow/Data/downloads/roboflow_chicken_pose/train/images/600_jpg.rf.7f100a48bcb89f1b861488fbdf0fe06b.jpg,../Data/downloads/Roboflow/Data/downloads/roboflow_chicken_pose/train/labels/600_jpg.rf.7f100a48bcb89f1b861488fbdf0fe06b.txt,600,train,train,12,4|6|2
../Data/downloads/Roboflow/Data/downloads/roboflow_chicken_pose/train/images/601_jpg.rf.1b052bf844e7f6761985b107fa329a4e.jpg,../Data/downloads/Roboflow/Data/downloads/roboflow_chicken_pose/train/labels/601_jpg.rf.1b052bf844e7f6761985b107fa329a4e.txt,601,train,test,12,3|5|4
../Data/downloads/Roboflow/Data/downloads/roboflow_chicken_pose/train/images/603_jpg.rf.09ec936e4af254f85350b40b5506444d.jpg,../Data/downloads/Roboflow/Data/downloads/roboflow_chicken_pose/train/labels/603_jpg.rf.09ec936e4af254f85350b40b5506444d.txt,603,train,train,12,2|5|5
../Data/downloads/Roboflow/Data/downloads/roboflow_chicken_pose/train/images/604_jpg.rf.1bd39319621f832c9ea47a2db53111e6.jpg,../Data/downloads/Roboflow/Data/downloads/roboflow_chicken_pose/train/labels/604_jpg.rf.1bd39319621f832c9ea47a2db53111e6.txt,604,train,train,12,1|6|5
../Data/downloads/Roboflow/Data/downloads/roboflow_chicken_pose/train/images/605_jpg.rf.79220555daffef3ac83b376fd5d45fd9.jpg,../Data/downloads/Roboflow/Data/downloads/roboflow_chicken_pose/train/labels/605_jpg.rf.79220555daffef3ac83b376fd5d45fd9.txt,605,train,test,12,3|5|4
../Data/downloads/Roboflow/Data/downloads/roboflow_chicken_pose/train/images/606_jpg.rf.025b30965c40fb1fefa506e45cee8d7b.jpg,../Data/downloads/Roboflow/Data/downloads/roboflow_chicken_pose/train/labels/606_jpg.rf.025b30965c40fb1fefa506e45cee8d7b.txt,606,train,train,12,4|4|4
../Data/downloads/Roboflow/Data/downloads/roboflow_chicken_pose/train/images/607_jpg.rf.a55051863316dee9d5dd2caff1d731b5.jpg,../Data/downloads/Roboflow/Data/downloads/roboflow_chicken_pose/train/labels/607_jpg.rf.a55051863316dee9d5dd2caff1d731b5.txt,607,train,val,12,5|3|4
../Data/downloads/Roboflow/Data/downloads/roboflow_chicken_pose/train/images/608_jpg.rf.3ba1d5ab2c34ecf6482833a3afe584da.jpg,../Data/downloads/Roboflow/Data/downloads/roboflow_chicken_pose/train/labels/608_jpg.rf.3ba1d5ab2c34ecf6482833a3afe584da.txt,608,train,train,12,3|4|5
../Data/downloads/Roboflow/Data/downloads/roboflow_chicken_pose/train/images/609_jpg.rf.a0df45bae2feeb4d93048ba8cbba8f0b.jpg,../Data/downloads/Roboflow/Data/downloads/roboflow_chicken_pose/train/labels/609_jpg.rf.a0df45bae2feeb4d93048ba8cbba8f0b.txt,609,train,train,11,2|4|5
../Data/downloads/Roboflow/Data/downloads/roboflow_chicken_pose/train/images/60_jpg.rf.4e736614afea9a6375c942d2007b60a8.jpg,../Data/downloads/Roboflow/Data/downloads/roboflow_chicken_pose/train/labels/60_jpg.rf.4e736614afea9a6375c942d2007b60a8.txt,60,train,val,12,0|3|9
../Data/downloads/Roboflow/Data/downloads/roboflow_chicken_pose/train/images/610_jpg.rf.82176a881823cfef4cb4fddea58719c4.jpg,../Data/downloads/Roboflow/Data/downloads/roboflow_chicken_pose/train/labels/610_jpg.rf.82176a881823cfef4cb4fddea58719c4.txt,610,train,test,12,2|5|5
../Data/downloads/Roboflow/Data/downloads/roboflow_chicken_pose/train/images/611_jpg.rf.c474f600e13c5d0dcd1caaffc114781a.jpg,../Data/downloads/Roboflow/Data/downloads/roboflow_chicken_pose/train/labels/611_jpg.rf.c474f600e13c5d0dcd1caaffc114781a.txt,611,train,train,12,3|1|8
../Data/downloads/Roboflow/Data/downloads/roboflow_chicken_pose/train/images/612_jpg.rf.7227b7c2cc5f6b761ed93fa9656647fc.jpg,../Data/downloads/Roboflow/Data/downloads/roboflow_chicken_pose/train/labels/612_jpg.rf.7227b7c2cc5f6b761ed93fa9656647fc.txt,612,train,val,12,3|5|4
../Data/downloads/Roboflow/Data/downloads/roboflow_chicken_pose/train/images/613_jpg.rf.e9bbbaadcf4e956e3f2141efc585907b.jpg,../Data/downloads/Roboflow/Data/downloads/roboflow_chicken_pose/train/labels/613_jpg.rf.e9bbbaadcf4e956e3f2141efc585907b.txt,613,train,val,12,2|2|8
../Data/downloads/Roboflow/Data/downloads/roboflow_chicken_pose/train/images/614_jpg.rf.6106adbce46c861e62e5f7d897146627.jpg,../Data/downloads/Roboflow/Data/downloads/roboflow_chicken_pose/train/labels/614_jpg.rf.6106adbce46c861e62e5f7d897146627.txt,614,train,train,12,4|6|2
../Data/downloads/Roboflow/Data/downloads/roboflow_chicken_pose/train/images/615_jpg.rf.f6cb710e36c7d63ff142aa3bd2e22f46.jpg,../Data/downloads/Roboflow/Data/downloads/roboflow_chicken_pose/train/labels/615_jpg.rf.f6cb710e36c7d63ff142aa3bd2e22f46.txt,615,train,train,12,6|5|1
../Data/downloads/Roboflow/Data/downloads/roboflow_chicken_pose/train/images/616_jpg.rf.a17285fbc4356a83e32304da57c2cc11.jpg,../Data/downloads/Roboflow/Data/downloads/roboflow_chicken_pose/train/labels/616_jpg.rf.a17285fbc4356a83e32304da57c2cc11.txt,616,train,train,12,3|4|5
../Data/downloads/Roboflow/Data/downloads/roboflow_chicken_pose/train/images/618_jpg.rf.afa48231e0daf922a025dc4c21bdf23e.jpg,../Data/downloads/Roboflow/Data/downloads/roboflow_chicken_pose/train/labels/618_jpg.rf.afa48231e0daf922a025dc4c21bdf23e.txt,618,train,test,12,2|7|3
../Data/downloads/Roboflow/Data/downloads/roboflow_chicken_pose/train/images/619_jpg.rf.13e0f70d861796ecd08b8970e7ff7ef1.jpg,../Data/downloads/Roboflow/Data/downloads/roboflow_chicken_pose/train/labels/619_jpg.rf.13e0f70d861796ecd08b8970e7ff7ef1.txt,619,train,train,12,4|6|2
../Data/downloads/Roboflow/Data/downloads/roboflow_chicken_pose/train/images/61_jpg.rf.2a4d7e757d7fe3419aa998dff4d9a1ab.jpg,../Data/downloads/Roboflow/Data/downloads/roboflow_chicken_pose/train/labels/61_jpg.rf.2a4d7e757d7fe3419aa998dff4d9a1ab.txt,61,train,train,12,3|4|5
../Data/downloads/Roboflow/Data/downloads/roboflow_chicken_pose/train/images/621_jpg.rf.97b7a9ad736e0a43e25bda55669c70fa.jpg,../Data/downloads/Roboflow/Data/downloads/roboflow_chicken_pose/train/labels/621_jpg.rf.97b7a9ad736e0a43e25bda55669c70fa.txt,621,train,test,11,2|6|3
../Data/downloads/Roboflow/Data/downloads/roboflow_chicken_pose/train/images/622_jpg.rf.0c10327dc28a8bd98711e707bb909302.jpg,../Data/downloads/Roboflow/Data/downloads/roboflow_chicken_pose/train/labels/622_jpg.rf.0c10327dc28a8bd98711e707bb909302.txt,622,train,test,13,4|9|0
../Data/downloads/Roboflow/Data/downloads/roboflow_chicken_pose/train/images/624_jpg.rf.8963e66eca48d8e0169b614ae42a6db9.jpg,../Data/downloads/Roboflow/Data/downloads/roboflow_chicken_pose/train/labels/624_jpg.rf.8963e66eca48d8e0169b614ae42a6db9.txt,624,train,train,12,7|2|3
../Data/downloads/Roboflow/Data/downloads/roboflow_chicken_pose/train/images/625_jpg.rf.98b98524563d535c51731d9462bfd16d.jpg,../Data/downloads/Roboflow/Data/downloads/roboflow_chicken_pose/train/labels/625_jpg.rf.98b98524563d535c51731d9462bfd16d.txt,625,train,train,12,5|4|3
../Data/downloads/Roboflow/Data/downloads/roboflow_chicken_pose/train/images/626_jpg.rf.96aab70f8d2e223dbf5f505f734cbf7b.jpg,../Data/downloads/Roboflow/Data/downloads/roboflow_chicken_pose/train/labels/626_jpg.rf.96aab70f8d2e223dbf5f505f734cbf7b.txt,626,train,val,12,3|8|1
../Data/downloads/Roboflow/Data/downloads/roboflow_chicken_pose/train/images/627_jpg.rf.b5f3475b75b7b27efbcb05732505d1f1.jpg,../Data/downloads/Roboflow/Data/downloads/roboflow_chicken_pose/train/labels/627_jpg.rf.b5f3475b75b7b27efbcb05732505d1f1.txt,627,train,test,12,2|5|5
../Data/downloads/Roboflow/Data/downloads/roboflow_chicken_pose/train/images/628_jpg.rf.6e22f38e5a19aca48e6b5307fa07666f.jpg,../Data/downloads/Roboflow/Data/downloads/roboflow_chicken_pose/train/labels/628_jpg.rf.6e22f38e5a19aca48e6b5307fa07666f.txt,628,train,test,12,3|6|3
../Data/downloads/Roboflow/Data/downloads/roboflow_chicken_pose/train/images/629_jpg.rf.4f8fc26f3a8b2784c4f84350e674af44.jpg,../Data/downloads/Roboflow/Data/downloads/roboflow_chicken_pose/train/labels/629_jpg.rf.4f8fc26f3a8b2784c4f84350e674af44.txt,629,train,train,12,6|3|3
../Data/downloads/Roboflow/Data/downloads/roboflow_chicken_pose/train/images/62_jpg.rf.d80815959af704a140ce19684547c464.jpg,../Data/downloads/Roboflow/Data/downloads/roboflow_chicken_pose/train/labels/62_jpg.rf.d80815959af704a140ce19684547c464.txt,62,train,train,12,2|6|4
../Data/downloads/Roboflow/Data/downloads/roboflow_chicken_pose/train/images/630_jpg.rf.3dd0c1b3c5f391a6ab30cbfdc42d7ea5.jpg,../Data/downloads/Roboflow/Data/downloads/roboflow_chicken_pose/train/labels/630_jpg.rf.3dd0c1b3c5f391a6ab30cbfdc42d7ea5.txt,630,train,train,12,5|4|3
../Data/downloads/Roboflow/Data/downloads/roboflow_chicken_pose/train/images/631_jpg.rf.4a1c6c9820d902d70376c9476fca9b19.jpg,../Data/downloads/Roboflow/Data/downloads/roboflow_chicken_pose/train/labels/631_jpg.rf.4a1c6c9820d902d70376c9476fca9b19.txt,631,train,train,12,5|2|5
../Data/downloads/Roboflow/Data/downloads/roboflow_chicken_pose/train/images/632_jpg.rf.7b696de23828ac8c24b2b1edd9017b10.jpg,../Data/downloads/Roboflow/Data/downloads/roboflow_chicken_pose/train/labels/632_jpg.rf.7b696de23828ac8c24b2b1edd9017b10.txt,632,train,val,12,5|2|5
../Data/downloads/Roboflow/Data/downloads/roboflow_chicken_pose/train/images/633_jpg.rf.9f82f5b48978e9461da6e0fab54490c3.jpg,../Data/downloads/Roboflow/Data/downloads/roboflow_chicken_pose/train/labels/633_jpg.rf.9f82f5b48978e9461da6e0fab54490c3.txt,633,train,train,12,2|4|6
../Data/downloads/Roboflow/Data/downloads/roboflow_chicken_pose/train/images/636_jpg.rf.f0807d480481e587d8bc184c4ca49b4d.jpg,../Data/downloads/Roboflow/Data/downloads/roboflow_chicken_pose/train/labels/636_jpg.rf.f0807d480481e587d8bc184c4ca49b4d.txt,636,train,train,13,2|9|2
../Data/downloads/Roboflow/Data/downloads/roboflow_chicken_pose/train/images/637_jpg.rf.b0875b1c4ae5bf95f0a256c5b78145fa.jpg,../Data/downloads/Roboflow/Data/downloads/roboflow_chicken_pose/train/labels/637_jpg.rf.b0875b1c4ae5bf95f0a256c5b78145fa.txt,637,train,train,12,1|3|8
../Data/downloads/Roboflow/Data/downloads/roboflow_chicken_pose/train/images/638_jpg.rf.88b1637205ffe4a46610f037ae6dc5cf.jpg,../Data/downloads/Roboflow/Data/downloads/roboflow_chicken_pose/train/labels/638_jpg.rf.88b1637205ffe4a46610f037ae6dc5cf.txt,638,train,val,12,2|5|5
../Data/downloads/Roboflow/Data/downloads/roboflow_chicken_pose/train/images/639_jpg.rf.04d0876cf173f824d376f62713c0cb17.jpg,../Data/downloads/Roboflow/Data/downloads/roboflow_chicken_pose/train/labels/639_jpg.rf.04d0876cf173f824d376f62713c0cb17.txt,639,train,train,12,5|4|3
../Data/downloads/Roboflow/Data/downloads/roboflow_chicken_pose/train/images/641_jpg.rf.cf9946f52c52a7b9fa77c9b715ca9999.jpg,../Data/downloads/Roboflow/Data/downloads/roboflow_chicken_pose/train/labels/641_jpg.rf.cf9946f52c52a7b9fa77c9b715ca9999.txt,641,train,train,12,0|6|6
../Data/downloads/Roboflow/Data/downloads/roboflow_chicken_pose/train/images/642_jpg.rf.dc9026d662e53a10673e54a7e7bc6dea.jpg,../Data/downloads/Roboflow/Data/downloads/roboflow_chicken_pose/train/labels/642_jpg.rf.dc9026d662e53a10673e54a7e7bc6dea.txt,642,train,train,12,5|4|3
../Data/downloads/Roboflow/Data/downloads/roboflow_chicken_pose/train/images/643_jpg.rf.0578a0cb58da8bfb68dbc8b987f21bf4.jpg,../Data/downloads/Roboflow/Data/downloads/roboflow_chicken_pose/train/labels/643_jpg.rf.0578a0cb58da8bfb68dbc8b987f21bf4.txt,643,train,train,12,3|6|3
../Data/downloads/Roboflow/Data/downloads/roboflow_chicken_pose/train/images/646_jpg.rf.377761004650de08f51fb520448d3ba2.jpg,../Data/downloads/Roboflow/Data/downloads/roboflow_chicken_pose/train/labels/646_jpg.rf.377761004650de08f51fb520448d3ba2.txt,646,train,val,12,3|2|7
../Data/downloads/Roboflow/Data/downloads/roboflow_chicken_pose/train/images/647_jpg.rf.3221c9ac407157d82eea32710e1f2d92.jpg,../Data/downloads/Roboflow/Data/downloads/roboflow_chicken_pose/train/labels/647_jpg.rf.3221c9ac407157d82eea32710e1f2d92.txt,647,train,test,12,3|3|6
../Data/downloads/Roboflow/Data/downloads/roboflow_chicken_pose/train/images/649_jpg.rf.7e817276350d3768b934314036139b5e.jpg,../Data/downloads/Roboflow/Data/downloads/roboflow_chicken_pose/train/labels/649_jpg.rf.7e817276350d3768b934314036139b5e.txt,649,train,train,12,2|8|2
../Data/downloads/Roboflow/Data/downloads/roboflow_chicken_pose/train/images/64_jpg.rf.a681207c84610fff4b303b86419ce630.jpg,../Data/downloads/Roboflow/Data/downloads/roboflow_chicken_pose/train/labels/64_jpg.rf.a681207c84610fff4b303b86419ce630.txt,64,train,train,12,2|4|6
../Data/downloads/Roboflow/Data/downloads/roboflow_chicken_pose/train/images/650_jpg.rf.9e73a6b39d0debc683c174e872c30c0c.jpg,../Data/downloads/Roboflow/Data/downloads/roboflow_chicken_pose/train/labels/650_jpg.rf.9e73a6b39d0debc683c174e872c30c0c.txt,650,train,train,12,0|11|1
../Data/downloads/Roboflow/Data/downloads/roboflow_chicken_pose/train/images/651_jpg.rf.6cd64e97b166b64ef534302c2a793d56.jpg,../Data/downloads/Roboflow/Data/downloads/roboflow_chicken_pose/train/labels/651_jpg.rf.6cd64e97b166b64ef534302c2a793d56.txt,651,train,train,12,2|8|2
../Data/downloads/Roboflow/Data/downloads/roboflow_chicken_pose/train/images/652_jpg.rf.9a3ee2a4229757c0a6682e965418c238.jpg,../Data/downloads/Roboflow/Data/downloads/roboflow_chicken_pose/train/labels/652_jpg.rf.9a3ee2a4229757c0a6682e965418c238.txt,652,train,train,12,0|5|7
../Data/downloads/Roboflow/Data/downloads/roboflow_chicken_pose/train/images/653_jpg.rf.cdf45bc3cb1774a4070b87825fb3849a.jpg,../Data/downloads/Roboflow/Data/downloads/roboflow_chicken_pose/train/labels/653_jpg.rf.cdf45bc3cb1774a4070b87825fb3849a.txt,653,train,train,12,6|2|4
../Data/downloads/Roboflow/Data/downloads/roboflow_chicken_pose/train/images/654_jpg.rf.1209bcdc41f07ae8a98fc0158f417bb1.jpg,../Data/downloads/Roboflow/Data/downloads/roboflow_chicken_pose/train/labels/654_jpg.rf.1209bcdc41f07ae8a98fc0158f417bb1.txt,654,train,train,12,3|4|5
../Data/downloads/Roboflow/Data/downloads/roboflow_chicken_pose/train/images/655_jpg.rf.731745e2fc8e03ad7bd042e845798734.jpg,../Data/downloads/Roboflow/Data/downloads/roboflow_chicken_pose/train/labels/655_jpg.rf.731745e2fc8e03ad7bd042e845798734.txt,655,train,train,12,0|4|8
../Data/downloads/Roboflow/Data/downloads/roboflow_chicken_pose/train/images/656_jpg.rf.e3ea6c2ae7fdd5efe875ae670cd2ee52.jpg,../Data/downloads/Roboflow/Data/downloads/roboflow_chicken_pose/train/labels/656_jpg.rf.e3ea6c2ae7fdd5efe875ae670cd2ee52.txt,656,train,test,12,0|6|6
../Data/downloads/Roboflow/Data/downloads/roboflow_chicken_pose/train/images/657_jpg.rf.ef0bd82257ec072e39a26f8efb24183f.jpg,../Data/downloads/Roboflow/Data/downloads/roboflow_chicken_pose/train/labels/657_jpg.rf.ef0bd82257ec072e39a26f8efb24183f.txt,657,train,val,12,4|4|4
../Data/downloads/Roboflow/Data/downloads/roboflow_chicken_pose/train/images/658_jpg.rf.4519923a1feb33391a89497fab514be4.jpg,../Data/downloads/Roboflow/Data/downloads/roboflow_chicken_pose/train/labels/658_jpg.rf.4519923a1feb33391a89497fab514be4.txt,658,train,train,12,4|5|3
../Data/downloads/Roboflow/Data/downloads/roboflow_chicken_pose/train/images/659_jpg.rf.68f04ae8c362a8c29f2ec12edd84bfc6.jpg,../Data/downloads/Roboflow/Data/downloads/roboflow_chicken_pose/train/labels/659_jpg.rf.68f04ae8c362a8c29f2ec12edd84bfc6.txt,659,train,test,12,1|6|5
../Data/downloads/Roboflow/Data/downloads/roboflow_chicken_pose/train/images/65_jpg.rf.f4b06d99507d63b462cbe0784d26e9ae.jpg,../Data/downloads/Roboflow/Data/downloads/roboflow_chicken_pose/train/labels/65_jpg.rf.f4b06d99507d63b462cbe0784d26e9ae.txt,65,train,train,12,0|3|9
../Data/downloads/Roboflow/Data/downloads/roboflow_chicken_pose/train/images/661_jpg.rf.6336b1e73d420f8645035bb4416bb065.jpg,../Data/downloads/Roboflow/Data/downloads/roboflow_chicken_pose/train/labels/661_jpg.rf.6336b1e73d420f8645035bb4416bb065.txt,661,train,train,12,2|3|7
../Data/downloads/Roboflow/Data/downloads/roboflow_chicken_pose/train/images/662_jpg.rf.2a6b22f0c2851dcd9d37948cdb0ce26f.jpg,../Data/downloads/Roboflow/Data/downloads/roboflow_chicken_pose/train/labels/662_jpg.rf.2a6b22f0c2851dcd9d37948cdb0ce26f.txt,662,train,val,12,3|6|3
../Data/downloads/Roboflow/Data/downloads/roboflow_chicken_pose/train/images/663_jpg.rf.e37ed4a5c1fa78b11fe94a55fd23cbb2.jpg,../Data/downloads/Roboflow/Data/downloads/roboflow_chicken_pose/train/labels/663_jpg.rf.e37ed4a5c1fa78b11fe94a55fd23cbb2.txt,663,train,val,12,2|3|7
../Data/downloads/Roboflow/Data/downloads/roboflow_chicken_pose/train/images/664_jpg.rf.01807f0ac7d3270fc74abbf582eb63a1.jpg,../Data/downloads/Roboflow/Data/downloads/roboflow_chicken_pose/train/labels/664_jpg.rf.01807f0ac7d3270fc74abbf582eb63a1.txt,664,train,val,12,4|1|7
../Data/downloads/Roboflow/Data/downloads/roboflow_chicken_pose/train/images/665_jpg.rf.81e1e6b6b74cf61b2922fbae4ec68e8a.jpg,../Data/downloads/Roboflow/Data/downloads/roboflow_chicken_pose/train/labels/665_jpg.rf.81e1e6b6b74cf61b2922fbae4ec68e8a.txt,665,train,train,12,1|7|4
../Data/downloads/Roboflow/Data/downloads/roboflow_chicken_pose/train/images/666_jpg.rf.6967743452d8613aa3dc32d2a017f371.jpg,../Data/downloads/Roboflow/Data/downloads/roboflow_chicken_pose/train/labels/666_jpg.rf.6967743452d8613aa3dc32d2a017f371.txt,666,train,train,12,0|8|4
../Data/downloads/Roboflow/Data/downloads/roboflow_chicken_pose/train/images/667_jpg.rf.6aec61d80db2a7f737fa18376b483c8b.jpg,../Data/downloads/Roboflow/Data/downloads/roboflow_chicken_pose/train/labels/667_jpg.rf.6aec61d80db2a7f737fa18376b483c8b.txt,667,train,test,12,2|5|5
../Data/downloads/Roboflow/Data/downloads/roboflow_chicken_pose/train/images/668_jpg.rf.51183d124083588c01cd12941d47a572.jpg,../Data/downloads/Roboflow/Data/downloads/roboflow_chicken_pose/train/labels/668_jpg.rf.51183d124083588c01cd12941d47a572.txt,668,train,train,12,0|7|5
../Data/downloads/Roboflow/Data/downloads/roboflow_chicken_pose/train/images/669_jpg.rf.9de1103926055b3fc7d9b94a9b66fb5e.jpg,../Data/downloads/Roboflow/Data/downloads/roboflow_chicken_pose/train/labels/669_jpg.rf.9de1103926055b3fc7d9b94a9b66fb5e.txt,669,train,test,11,0|8|3
../Data/downloads/Roboflow/Data/downloads/roboflow_chicken_pose/train/images/66_jpg.rf.0b4b5eb0849c18339593998c83f727db.jpg,../Data/downloads/Roboflow/Data/downloads/roboflow_chicken_pose/train/labels/66_jpg.rf.0b4b5eb0849c18339593998c83f727db.txt,66,train,val,12,5|3|4
../Data/downloads/Roboflow/Data/downloads/roboflow_chicken_pose/train/images/671_jpg.rf.b1fa1fec1b77b4fdf1c796426df80ea0.jpg,../Data/downloads/Roboflow/Data/downloads/roboflow_chicken_pose/train/labels/671_jpg.rf.b1fa1fec1b77b4fdf1c796426df80ea0.txt,671,train,val,12,3|4|5
../Data/downloads/Roboflow/Data/downloads/roboflow_chicken_pose/train/images/672_jpg.rf.8ecd812a8461e81c52f7e94dfb607670.jpg,../Data/downloads/Roboflow/Data/downloads/roboflow_chicken_pose/train/labels/672_jpg.rf.8ecd812a8461e81c52f7e94dfb607670.txt,672,train,val,12,5|4|3
../Data/downloads/Roboflow/Data/downloads/roboflow_chicken_pose/train/images/673_jpg.rf.e2abadefc5acbbb062831abeddbf76ff.jpg,../Data/downloads/Roboflow/Data/downloads/roboflow_chicken_pose/train/labels/673_jpg.rf.e2abadefc5acbbb062831abeddbf76ff.txt,673,train,train,12,1|6|5
../Data/downloads/Roboflow/Data/downloads/roboflow_chicken_pose/train/images/674_jpg.rf.a3927d8a06980b2c730e5d514aeffc84.jpg,../Data/downloads/Roboflow/Data/downloads/roboflow_chicken_pose/train/labels/674_jpg.rf.a3927d8a06980b2c730e5d514aeffc84.txt,674,train,test,12,6|4|2
../Data/downloads/Roboflow/Data/downloads/roboflow_chicken_pose/train/images/677_jpg.rf.242a1096d09ce1e823dde62ae0f18652.jpg,../Data/downloads/Roboflow/Data/downloads/roboflow_chicken_pose/train/labels/677_jpg.rf.242a1096d09ce1e823dde62ae0f18652.txt,677,train,train,12,4|6|2
../Data/downloads/Roboflow/Data/downloads/roboflow_chicken_pose/train/images/678_jpg.rf.ba7b9a7e4e2528284c2a2dccac6ca436.jpg,../Data/downloads/Roboflow/Data/downloads/roboflow_chicken_pose/train/labels/678_jpg.rf.ba7b9a7e4e2528284c2a2dccac6ca436.txt,678,train,val,12,3|4|5
../Data/downloads/Roboflow/Data/downloads/roboflow_chicken_pose/train/images/679_jpg.rf.6adb56b79428c17ceec69ae4db6542ad.jpg,../Data/downloads/Roboflow/Data/downloads/roboflow_chicken_pose/train/labels/679_jpg.rf.6adb56b79428c17ceec69ae4db6542ad.txt,679,train,test,12,4|2|6
../Data/downloads/Roboflow/Data/downloads/roboflow_chicken_pose/train/images/67_jpg.rf.1c237d19fb708519e33deefcde95b005.jpg,../Data/downloads/Roboflow/Data/downloads/roboflow_chicken_pose/train/labels/67_jpg.rf.1c237d19fb708519e33deefcde95b005.txt,67,train,val,12,0|4|8
../Data/downloads/Roboflow/Data/downloads/roboflow_chicken_pose/train/images/681_jpg.rf.5d6d98c252be6a738e5792c843e776db.jpg,../Data/downloads/Roboflow/Data/downloads/roboflow_chicken_pose/train/labels/681_jpg.rf.5d6d98c252be6a738e5792c843e776db.txt,681,train,val,12,0|4|8
../Data/downloads/Roboflow/Data/downloads/roboflow_chicken_pose/train/images/683_jpg.rf.6db2308881f5702b0ad031702c25b1c6.jpg,../Data/downloads/Roboflow/Data/downloads/roboflow_chicken_pose/train/labels/683_jpg.rf.6db2308881f5702b0ad031702c25b1c6.txt,683,train,train,12,4|4|4
../Data/downloads/Roboflow/Data/downloads/roboflow_chicken_pose/train/images/684_jpg.rf.68d5a5ba9248749d2d7f28317e7ee583.jpg,../Data/downloads/Roboflow/Data/downloads/roboflow_chicken_pose/train/labels/684_jpg.rf.68d5a5ba9248749d2d7f28317e7ee583.txt,684,train,train,12,2|8|2
../Data/downloads/Roboflow/Data/downloads/roboflow_chicken_pose/train/images/685_jpg.rf.9f57909ab80282a3cdb52a8b01aef1be.jpg,../Data/downloads/Roboflow/Data/downloads/roboflow_chicken_pose/train/labels/685_jpg.rf.9f57909ab80282a3cdb52a8b01aef1be.txt,685,train,train,12,4|8|0
../Data/downloads/Roboflow/Data/downloads/roboflow_chicken_pose/train/images/686_jpg.rf.d80afae03f70e2c57a09522b9bc1a9ab.jpg,../Data/downloads/Roboflow/Data/downloads/roboflow_chicken_pose/train/labels/686_jpg.rf.d80afae03f70e2c57a09522b9bc1a9ab.txt,686,train,train,12,3|6|3
../Data/downloads/Roboflow/Data/downloads/roboflow_chicken_pose/train/images/687_jpg.rf.1d04bc85cc913df04b15b7adaf9c10b5.jpg,../Data/downloads/Roboflow/Data/downloads/roboflow_chicken_pose/train/labels/687_jpg.rf.1d04bc85cc913df04b15b7adaf9c10b5.txt,687,train,train,12,2|4|6
../Data/downloads/Roboflow/Data/downloads/roboflow_chicken_pose/train/images/688_jpg.rf.876ed636fff6df4ad481d57eb3fc642c.jpg,../Data/downloads/Roboflow/Data/downloads/roboflow_chicken_pose/train/labels/688_jpg.rf.876ed636fff6df4ad481d57eb3fc642c.txt,688,train,val,12,4|4|4
../Data/downloads/Roboflow/Data/downloads/roboflow_chicken_pose/train/images/689_jpg.rf.7ec5a2065c83ebf2ce1d3d27a2f920cb.jpg,../Data/downloads/Roboflow/Data/downloads/roboflow_chicken_pose/train/labels/689_jpg.rf.7ec5a2065c83ebf2ce1d3d27a2f920cb.txt,689,train,train,12,2|6|4
../Data/downloads/Roboflow/Data/downloads/roboflow_chicken_pose/train/images/68_jpg.rf.7b30bdfead93bc8a0cec71d482b3fea7.jpg,../Data/downloads/Roboflow/Data/downloads/roboflow_chicken_pose/train/labels/68_jpg.rf.7b30bdfead93bc8a0cec71d482b3fea7.txt,68,train,test,12,0|2|10
../Data/downloads/Roboflow/Data/downloads/roboflow_chicken_pose/train/images/690_jpg.rf.aafaf1a322d37fcf1a68f652d095d747.jpg,../Data/downloads/Roboflow/Data/downloads/roboflow_chicken_pose/train/labels/690_jpg.rf.aafaf1a322d37fcf1a68f652d095d747.txt,690,train,train,12,4|6|2
../Data/downloads/Roboflow/Data/downloads/roboflow_chicken_pose/train/images/692_jpg.rf.7436c43afe6d51833e0330bc3e74ccd4.jpg,../Data/downloads/Roboflow/Data/downloads/roboflow_chicken_pose/train/labels/692_jpg.rf.7436c43afe6d51833e0330bc3e74ccd4.txt,692,train,test,12,5|3|4
../Data/downloads/Roboflow/Data/downloads/roboflow_chicken_pose/train/images/694_jpg.rf.b3e7a15100fd264604692a5f1852984d.jpg,../Data/downloads/Roboflow/Data/downloads/roboflow_chicken_pose/train/labels/694_jpg.rf.b3e7a15100fd264604692a5f1852984d.txt,694,train,train,12,2|5|5
../Data/downloads/Roboflow/Data/downloads/roboflow_chicken_pose/train/images/695_jpg.rf.dbc783d464387c2328c04ca12ee75277.jpg,../Data/downloads/Roboflow/Data/downloads/roboflow_chicken_pose/train/labels/695_jpg.rf.dbc783d464387c2328c04ca12ee75277.txt,695,train,val,12,4|5|3
../Data/downloads/Roboflow/Data/downloads/roboflow_chicken_pose/train/images/697_jpg.rf.34e5548e75b184d5051b2b918a3ccf99.jpg,../Data/downloads/Roboflow/Data/downloads/roboflow_chicken_pose/train/labels/697_jpg.rf.34e5548e75b184d5051b2b918a3ccf99.txt,697,train,val,12,5|3|4
../Data/downloads/Roboflow/Data/downloads/roboflow_chicken_pose/train/images/698_jpg.rf.2e2e2bda5082811d1bb46ece9a2b0cf1.jpg,../Data/downloads/Roboflow/Data/downloads/roboflow_chicken_pose/train/labels/698_jpg.rf.2e2e2bda5082811d1bb46ece9a2b0cf1.txt,698,train,train,11,8|2|1
../Data/downloads/Roboflow/Data/downloads/roboflow_chicken_pose/train/images/699_jpg.rf.6bd045ee162229bdcb1c2f98cafe4884.jpg,../Data/downloads/Roboflow/Data/downloads/roboflow_chicken_pose/train/labels/699_jpg.rf.6bd045ee162229bdcb1c2f98cafe4884.txt,699,train,train,12,3|7|2
../Data/downloads/Roboflow/Data/downloads/roboflow_chicken_pose/train/images/6_jpg.rf.a343d0107b45f689fb259cc0e4fe74a4.jpg,../Data/downloads/Roboflow/Data/downloads/roboflow_chicken_pose/train/labels/6_jpg.rf.a343d0107b45f689fb259cc0e4fe74a4.txt,6,train,train,12,1|3|8
../Data/downloads/Roboflow/Data/downloads/roboflow_chicken_pose/train/images/700_jpg.rf.9e9d1077d3994a04326f904d2c3a70e2.jpg,../Data/downloads/Roboflow/Data/downloads/roboflow_chicken_pose/train/labels/700_jpg.rf.9e9d1077d3994a04326f904d2c3a70e2.txt,700,train,train,12,4|3|5
../Data/downloads/Roboflow/Data/downloads/roboflow_chicken_pose/train/images/703_jpg.rf.9e4e5656dcc07ee5f332911acfa586d4.jpg,../Data/downloads/Roboflow/Data/downloads/roboflow_chicken_pose/train/labels/703_jpg.rf.9e4e5656dcc07ee5f332911acfa586d4.txt,703,train,train,12,2|5|5
../Data/downloads/Roboflow/Data/downloads/roboflow_chicken_pose/train/images/704_jpg.rf.cf864943e94f43ade3aa97517dc739f3.jpg,../Data/downloads/Roboflow/Data/downloads/roboflow_chicken_pose/train/labels/704_jpg.rf.cf864943e94f43ade3aa97517dc739f3.txt,704,train,train,12,1|7|4
../Data/downloads/Roboflow/Data/downloads/roboflow_chicken_pose/train/images/706_jpg.rf.53de1b5bcba7ebb398a38c96b3065ae6.jpg,../Data/downloads/Roboflow/Data/downloads/roboflow_chicken_pose/train/labels/706_jpg.rf.53de1b5bcba7ebb398a38c96b3065ae6.txt,706,train,test,12,2|9|1
../Data/downloads/Roboflow/Data/downloads/roboflow_chicken_pose/train/images/707_jpg.rf.12471ec51519e6b4acd7b88ad6b87234.jpg,../Data/downloads/Roboflow/Data/downloads/roboflow_chicken_pose/train/labels/707_jpg.rf.12471ec51519e6b4acd7b88ad6b87234.txt,707,train,train,12,2|7|3
../Data/downloads/Roboflow/Data/downloads/roboflow_chicken_pose/train/images/708_jpg.rf.9b462366d47ebb640e6755aec54e21ac.jpg,../Data/downloads/Roboflow/Data/downloads/roboflow_chicken_pose/train/labels/708_jpg.rf.9b462366d47ebb640e6755aec54e21ac.txt,708,train,val,12,3|3|6
../Data/downloads/Roboflow/Data/downloads/roboflow_chicken_pose/train/images/710_jpg.rf.4c1a69c25428a4abc46f02deb12de4a5.jpg,../Data/downloads/Roboflow/Data/downloads/roboflow_chicken_pose/train/labels/710_jpg.rf.4c1a69c25428a4abc46f02deb12de4a5.txt,710,train,train,12,4|8|0
../Data/downloads/Roboflow/Data/downloads/roboflow_chicken_pose/train/images/711_jpg.rf.31d0c5f9910000c16026ffd2ae9362e5.jpg,../Data/downloads/Roboflow/Data/downloads/roboflow_chicken_pose/train/labels/711_jpg.rf.31d0c5f9910000c16026ffd2ae9362e5.txt,711,train,train,12,0|4|8
../Data/downloads/Roboflow/Data/downloads/roboflow_chicken_pose/train/images/712_jpg.rf.795298bfc1a36c218ac0d5cdfc6a59e1.jpg,../Data/downloads/Roboflow/Data/downloads/roboflow_chicken_pose/train/labels/712_jpg.rf.795298bfc1a36c218ac0d5cdfc6a59e1.txt,712,train,val,12,2|7|3
../Data/downloads/Roboflow/Data/downloads/roboflow_chicken_pose/train/images/714_jpg.rf.a31af5989a5a7e1d500a0058d7dee10c.jpg,../Data/downloads/Roboflow/Data/downloads/roboflow_chicken_pose/train/labels/714_jpg.rf.a31af5989a5a7e1d500a0058d7dee10c.txt,714,train,train,12,4|1|7
../Data/downloads/Roboflow/Data/downloads/roboflow_chicken_pose/train/images/715_jpg.rf.1727cae3421f11d27e252331e33ddc14.jpg,../Data/downloads/Roboflow/Data/downloads/roboflow_chicken_pose/train/labels/715_jpg.rf.1727cae3421f11d27e252331e33ddc14.txt,715,train,train,12,0|7|5
../Data/downloads/Roboflow/Data/downloads/roboflow_chicken_pose/train/images/716_jpg.rf.f632244f1411a4bd725c94a0e4461e2d.jpg,../Data/downloads/Roboflow/Data/downloads/roboflow_chicken_pose/train/labels/716_jpg.rf.f632244f1411a4bd725c94a0e4461e2d.txt,716,train,train,12,3|5|4
../Data/downloads/Roboflow/Data/downloads/roboflow_chicken_pose/train/images/718_jpg.rf.91b9956811978f2f212d310743026e36.jpg,../Data/downloads/Roboflow/Data/downloads/roboflow_chicken_pose/train/labels/718_jpg.rf.91b9956811978f2f212d310743026e36.txt,718,train,train,12,3|9|0
../Data/downloads/Roboflow/Data/downloads/roboflow_chicken_pose/train/images/719_jpg.rf.e6a74440923b447229e4c1db92e6ce3f.jpg,../Data/downloads/Roboflow/Data/downloads/roboflow_chicken_pose/train/labels/719_jpg.rf.e6a74440923b447229e4c1db92e6ce3f.txt,719,train,val,12,2|5|5
../Data/downloads/Roboflow/Data/downloads/roboflow_chicken_pose/train/images/71_jpg.rf.1bcf85918526c3a326571df544a364b9.jpg,../Data/downloads/Roboflow/Data/downloads/roboflow_chicken_pose/train/labels/71_jpg.rf.1bcf85918526c3a326571df544a364b9.txt,71,train,train,12,0|2|10
../Data/downloads/Roboflow/Data/downloads/roboflow_chicken_pose/train/images/720_jpg.rf.1f6939693288769d844311e282bbcb38.jpg,../Data/downloads/Roboflow/Data/downloads/roboflow_chicken_pose/train/labels/720_jpg.rf.1f6939693288769d844311e282bbcb38.txt,720,train,train,12,1|6|5
../Data/downloads/Roboflow/Data/downloads/roboflow_chicken_pose/train/images/721_jpg.rf.b22692f24f5efed9115d150547556999.jpg,../Data/downloads/Roboflow/Data/downloads/roboflow_chicken_pose/train/labels/721_jpg.rf.b22692f24f5efed9115d150547556999.txt,721,train,train,12,2|9|1
../Data/downloads/Roboflow/Data/downloads/roboflow_chicken_pose/train/images/722_jpg.rf.8a29aeaa9820675f263e5b488e67f6a0.jpg,../Data/downloads/Roboflow/Data/downloads/roboflow_chicken_pose/train/labels/722_jpg.rf.8a29aeaa9820675f263e5b488e67f6a0.txt,722,train,train,12,3|5|4
../Data/downloads/Roboflow/Data/downloads/roboflow_chicken_pose/train/images/723_jpg.rf.2b191a8a7a3098a19ca457cafbbfc947.jpg,../Data/downloads/Roboflow/Data/downloads/roboflow_chicken_pose/train/labels/723_jpg.rf.2b191a8a7a3098a19ca457cafbbfc947.txt,723,train,train,12,2|4|6
../Data/downloads/Roboflow/Data/downloads/roboflow_chicken_pose/train/images/724_jpg.rf.4c5b6178169b8c24b5bf265c3f740358.jpg,../Data/downloads/Roboflow/Data/downloads/roboflow_chicken_pose/train/labels/724_jpg.rf.4c5b6178169b8c24b5bf265c3f740358.txt,724,train,train,12,5|5|2
../Data/downloads/Roboflow/Data/downloads/roboflow_chicken_pose/train/images/725_jpg.rf.f687213597997dedafc840b99a7cb6e4.jpg,../Data/downloads/Roboflow/Data/downloads/roboflow_chicken_pose/train/labels/725_jpg.rf.f687213597997dedafc840b99a7cb6e4.txt,725,train,val,12,2|6|4
../Data/downloads/Roboflow/Data/downloads/roboflow_chicken_pose/train/images/726_jpg.rf.9d76956db56f669a467eee86320cd7bd.jpg,../Data/downloads/Roboflow/Data/downloads/roboflow_chicken_pose/train/labels/726_jpg.rf.9d76956db56f669a467eee86320cd7bd.txt,726,train,train,12,3|5|4
../Data/downloads/Roboflow/Data/downloads/roboflow_chicken_pose/train/images/727_jpg.rf.faf0d4563209c85f0f91cc46c4684032.jpg,../Data/downloads/Roboflow/Data/downloads/roboflow_chicken_pose/train/labels/727_jpg.rf.faf0d4563209c85f0f91cc46c4684032.txt,727,train,val,12,1|9|2
../Data/downloads/Roboflow/Data/downloads/roboflow_chicken_pose/train/images/728_jpg.rf.0c7c28dca25f52f00a4dd322443087b6.jpg,../Data/downloads/Roboflow/Data/downloads/roboflow_chicken_pose/train/labels/728_jpg.rf.0c7c28dca25f52f00a4dd322443087b6.txt,728,train,train,12,2|7|3
../Data/downloads/Roboflow/Data/downloads/roboflow_chicken_pose/train/images/72_jpg.rf.3bdb952c1c0072398711bf140eb38e58.jpg,../Data/downloads/Roboflow/Data/downloads/roboflow_chicken_pose/train/labels/72_jpg.rf.3bdb952c1c0072398711bf140eb38e58.txt,72,train,test,12,2|3|7
../Data/downloads/Roboflow/Data/downloads/roboflow_chicken_pose/train/images/730_jpg.rf.fe982a08b7be4fe92abd7e3c11b5863e.jpg,../Data/downloads/Roboflow/Data/downloads/roboflow_chicken_pose/train/labels/730_jpg.rf.fe982a08b7be4fe92abd7e3c11b5863e.txt,730,train,test,12,4|4|4
../Data/downloads/Roboflow/Data/downloads/roboflow_chicken_pose/train/images/731_jpg.rf.ab2ad8ea54124ea3d1c35b0d339ecfcc.jpg,../Data/downloads/Roboflow/Data/downloads/roboflow_chicken_pose/train/labels/731_jpg.rf.ab2ad8ea54124ea3d1c35b0d339ecfcc.txt,731,train,train,12,3|1|8
../Data/downloads/Roboflow/Data/downloads/roboflow_chicken_pose/train/images/732_jpg.rf.7dcc14f4dd37001f90dc67a1099082c0.jpg,../Data/downloads/Roboflow/Data/downloads/roboflow_chicken_pose/train/labels/732_jpg.rf.7dcc14f4dd37001f90dc67a1099082c0.txt,732,train,train,12,2|4|6
../Data/downloads/Roboflow/Data/downloads/roboflow_chicken_pose/train/images/733_jpg.rf.2cded875956cdb422ae1593e44709b58.jpg,../Data/downloads/Roboflow/Data/downloads/roboflow_chicken_pose/train/labels/733_jpg.rf.2cded875956cdb422ae1593e44709b58.txt,733,train,train,12,4|4|4
../Data/downloads/Roboflow/Data/downloads/roboflow_chicken_pose/train/images/734_jpg.rf.6362b6c4e581f72be4dc7c3d07ceaf6c.jpg,../Data/downloads/Roboflow/Data/downloads/roboflow_chicken_pose/train/labels/734_jpg.rf.6362b6c4e581f72be4dc7c3d07ceaf6c.txt,734,train,train,12,3|5|4
../Data/downloads/Roboflow/Data/downloads/roboflow_chicken_pose/train/images/735_jpg.rf.714d58179fc9230b1b652ae049bf8f02.jpg,../Data/downloads/Roboflow/Data/downloads/roboflow_chicken_pose/train/labels/735_jpg.rf.714d58179fc9230b1b652ae049bf8f02.txt,735,train,train,12,4|3|5
../Data/downloads/Roboflow/Data/downloads/roboflow_chicken_pose/train/images/736_jpg.rf.68f436c490a043f8f066e182fcb8822b.jpg,../Data/downloads/Roboflow/Data/downloads/roboflow_chicken_pose/train/labels/736_jpg.rf.68f436c490a043f8f066e182fcb8822b.txt,736,train,val,12,3|6|3
../Data/downloads/Roboflow/Data/downloads/roboflow_chicken_pose/train/images/737_jpg.rf.ab3e7a37de1c8ffb624920946ff37d37.jpg,../Data/downloads/Roboflow/Data/downloads/roboflow_chicken_pose/train/labels/737_jpg.rf.ab3e7a37de1c8ffb624920946ff37d37.txt,737,train,train,12,3|5|4
../Data/downloads/Roboflow/Data/downloads/roboflow_chicken_pose/train/images/738_jpg.rf.cea3e853b59c033ce487589304bf3691.jpg,../Data/downloads/Roboflow/Data/downloads/roboflow_chicken_pose/train/labels/738_jpg.rf.cea3e853b59c033ce487589304bf3691.txt,738,train,test,12,4|5|3
../Data/downloads/Roboflow/Data/downloads/roboflow_chicken_pose/train/images/739_jpg.rf.14d0f537f63da05ed0ffa4a38c9ef1ef.jpg,../Data/downloads/Roboflow/Data/downloads/roboflow_chicken_pose/train/labels/739_jpg.rf.14d0f537f63da05ed0ffa4a38c9ef1ef.txt,739,train,train,12,5|5|2
../Data/downloads/Roboflow/Data/downloads/roboflow_chicken_pose/train/images/740_jpg.rf.264da5c73e250f196b30540c18aaf9b0.jpg,../Data/downloads/Roboflow/Data/downloads/roboflow_chicken_pose/train/labels/740_jpg.rf.264da5c73e250f196b30540c18aaf9b0.txt,740,train,train,11,3|5|3
../Data/downloads/Roboflow/Data/downloads/roboflow_chicken_pose/train/images/741_jpg.rf.cbb23800355f1f32e3b0affcf7a7cc0c.jpg,../Data/downloads/Roboflow/Data/downloads/roboflow_chicken_pose/train/labels/741_jpg.rf.cbb23800355f1f32e3b0affcf7a7cc0c.txt,741,train,train,10,1|5|4
../Data/downloads/Roboflow/Data/downloads/roboflow_chicken_pose/train/images/742_jpg.rf.47500450e0f06e1b7cc688bca7fe1b8c.jpg,../Data/downloads/Roboflow/Data/downloads/roboflow_chicken_pose/train/labels/742_jpg.rf.47500450e0f06e1b7cc688bca7fe1b8c.txt,742,train,test,12,1|8|3
../Data/downloads/Roboflow/Data/downloads/roboflow_chicken_pose/train/images/744_jpg.rf.d93714d2c15f0b19eb39ffda972782ac.jpg,../Data/downloads/Roboflow/Data/downloads/roboflow_chicken_pose/train/labels/744_jpg.rf.d93714d2c15f0b19eb39ffda972782ac.txt,744,train,train,12,3|8|1
../Data/downloads/Roboflow/Data/downloads/roboflow_chicken_pose/train/images/746_jpg.rf.957e67a5639abd32f67f9e7c4fb23a03.jpg,../Data/downloads/Roboflow/Data/downloads/roboflow_chicken_pose/train/labels/746_jpg.rf.957e67a5639abd32f67f9e7c4fb23a03.txt,746,train,test,12,5|5|2
../Data/downloads/Roboflow/Data/downloads/roboflow_chicken_pose/train/images/747_jpg.rf.3a6345a25e1f322870892d3f254a1ffc.jpg,../Data/downloads/Roboflow/Data/downloads/roboflow_chicken_pose/train/labels/747_jpg.rf.3a6345a25e1f322870892d3f254a1ffc.txt,747,train,train,12,3|5|4
../Data/downloads/Roboflow/Data/downloads/roboflow_chicken_pose/train/images/748_jpg.rf.c45b085d4ff0fa1171ea3d9e34f6df31.jpg,../Data/downloads/Roboflow/Data/downloads/roboflow_chicken_pose/train/labels/748_jpg.rf.c45b085d4ff0fa1171ea3d9e34f6df31.txt,748,train,val,12,0|6|6
../Data/downloads/Roboflow/Data/downloads/roboflow_chicken_pose/train/images/749_jpg.rf.5430bbaaa930c44623852b71e3542111.jpg,../Data/downloads/Roboflow/Data/downloads/roboflow_chicken_pose/train/labels/749_jpg.rf.5430bbaaa930c44623852b71e3542111.txt,749,train,train,12,5|5|2
../Data/downloads/Roboflow/Data/downloads/roboflow_chicken_pose/train/images/74_jpg.rf.dc4137795ba5c82a6469a0e01df628a6.jpg,../Data/downloads/Roboflow/Data/downloads/roboflow_chicken_pose/train/labels/74_jpg.rf.dc4137795ba5c82a6469a0e01df628a6.txt,74,train,val,12,1|6|5
../Data/downloads/Roboflow/Data/downloads/roboflow_chicken_pose/train/images/751_jpg.rf.750ded3a9b73ad8bc981d8ed2526a79a.jpg,../Data/downloads/Roboflow/Data/downloads/roboflow_chicken_pose/train/labels/751_jpg.rf.750ded3a9b73ad8bc981d8ed2526a79a.txt,751,train,train,12,2|6|4
../Data/downloads/Roboflow/Data/downloads/roboflow_chicken_pose/train/images/752_jpg.rf.95825a49e315f1f8b4a1bba6858a2332.jpg,../Data/downloads/Roboflow/Data/downloads/roboflow_chicken_pose/train/labels/752_jpg.rf.95825a49e315f1f8b4a1bba6858a2332.txt,752,train,train,12,1|9|2
../Data/downloads/Roboflow/Data/downloads/roboflow_chicken_pose/train/images/753_jpg.rf.8994fd72bf510ac1d525af8386aaffef.jpg,../Data/downloads/Roboflow/Data/downloads/roboflow_chicken_pose/train/labels/753_jpg.rf.8994fd72bf510ac1d525af8386aaffef.txt,753,train,test,12,3|6|3
../Data/downloads/Roboflow/Data/downloads/roboflow_chicken_pose/train/images/754_jpg.rf.b184d70574a2f8e2c0eb06c8b6569a59.jpg,../Data/downloads/Roboflow/Data/downloads/roboflow_chicken_pose/train/labels/754_jpg.rf.b184d70574a2f8e2c0eb06c8b6569a59.txt,754,train,train,11,3|6|2
../Data/downloads/Roboflow/Data/downloads/roboflow_chicken_pose/train/images/755_jpg.rf.d1b69ce75663e25663e47b756af81fad.jpg,../Data/downloads/Roboflow/Data/downloads/roboflow_chicken_pose/train/labels/755_jpg.rf.d1b69ce75663e25663e47b756af81fad.txt,755,train,train,11,3|4|4
../Data/downloads/Roboflow/Data/downloads/roboflow_chicken_pose/train/images/756_jpg.rf.b06eb23f13e7ae4d19fb791c326f4c1b.jpg,../Data/downloads/Roboflow/Data/downloads/roboflow_chicken_pose/train/labels/756_jpg.rf.b06eb23f13e7ae4d19fb791c326f4c1b.txt,756,train,test,12,6|3|3
../Data/downloads/Roboflow/Data/downloads/roboflow_chicken_pose/train/images/757_jpg.rf.f858a6f808e24aabdb43060b0f89a262.jpg,../Data/downloads/Roboflow/Data/downloads/roboflow_chicken_pose/train/labels/757_jpg.rf.f858a6f808e24aabdb43060b0f89a262.txt,757,train,train,12,5|6|1
../Data/downloads/Roboflow/Data/downloads/roboflow_chicken_pose/train/images/758_jpg.rf.1c54f603edf7c498e3ddc2acdb815796.jpg,../Data/downloads/Roboflow/Data/downloads/roboflow_chicken_pose/train/labels/758_jpg.rf.1c54f603edf7c498e3ddc2acdb815796.txt,758,train,train,12,6|3|3
../Data/downloads/Roboflow/Data/downloads/roboflow_chicken_pose/train/images/759_jpg.rf.0ab4c155c65d407ebb2f6892bf4e6f7f.jpg,../Data/downloads/Roboflow/Data/downloads/roboflow_chicken_pose/train/labels/759_jpg.rf.0ab4c155c65d407ebb2f6892bf4e6f7f.txt,759,train,test,12,6|5|1
../Data/downloads/Roboflow/Data/downloads/roboflow_chicken_pose/train/images/75_jpg.rf.ae603223cfc9034824ef85a4e70338b2.jpg,../Data/downloads/Roboflow/Data/downloads/roboflow_chicken_pose/train/labels/75_jpg.rf.ae603223cfc9034824ef85a4e70338b2.txt,75,train,train,12,2|5|5
../Data/downloads/Roboflow/Data/downloads/roboflow_chicken_pose/train/images/760_jpg.rf.e0738fdd445ed6cb9f1874626b61dcf7.jpg,../Data/downloads/Roboflow/Data/downloads/roboflow_chicken_pose/train/labels/760_jpg.rf.e0738fdd445ed6cb9f1874626b61dcf7.txt,760,train,train,12,3|4|5
../Data/downloads/Roboflow/Data/downloads/roboflow_chicken_pose/train/images/762_jpg.rf.57989c15ba4b0d69e89e9f6208348dd3.jpg,../Data/downloads/Roboflow/Data/downloads/roboflow_chicken_pose/train/labels/762_jpg.rf.57989c15ba4b0d69e89e9f6208348dd3.txt,762,train,train,12,3|6|3
../Data/downloads/Roboflow/Data/downloads/roboflow_chicken_pose/train/images/763_jpg.rf.dd98931ae09b59ae2ecdd2ad1a0b2b48.jpg,../Data/downloads/Roboflow/Data/downloads/roboflow_chicken_pose/train/labels/763_jpg.rf.dd98931ae09b59ae2ecdd2ad1a0b2b48.txt,763,train,val,12,3|4|5
../Data/downloads/Roboflow/Data/downloads/roboflow_chicken_pose/train/images/765_jpg.rf.e3d370c46a01698cd1578ea21eb8f2c5.jpg,../Data/downloads/Roboflow/Data/downloads/roboflow_chicken_pose/train/labels/765_jpg.rf.e3d370c46a01698cd1578ea21eb8f2c5.txt,765,train,test,12,4|1|7
../Data/downloads/Roboflow/Data/downloads/roboflow_chicken_pose/train/images/766_jpg.rf.5d6188434097a1ece41cace67559592b.jpg,../Data/downloads/Roboflow/Data/downloads/roboflow_chicken_pose/train/labels/766_jpg.rf.5d6188434097a1ece41cace67559592b.txt,766,train,train,12,4|6|2
../Data/downloads/Roboflow/Data/downloads/roboflow_chicken_pose/train/images/767_jpg.rf.a87951cb8c8cdeef581e4ac00f781ade.jpg,../Data/downloads/Roboflow/Data/downloads/roboflow_chicken_pose/train/labels/767_jpg.rf.a87951cb8c8cdeef581e4ac00f781ade.txt,767,train,train,12,3|1|8
../Data/downloads/Roboflow/Data/downloads/roboflow_chicken_pose/train/images/768_jpg.rf.1ae561b786a8ca5594a88633f75d6d9b.jpg,../Data/downloads/Roboflow/Data/downloads/roboflow_chicken_pose/train/labels/768_jpg.rf.1ae561b786a8ca5594a88633f75d6d9b.txt,768,train,val,11,3|4|4
../Data/downloads/Roboflow/Data/downloads/roboflow_chicken_pose/train/images/76_jpg.rf.6302e5a9154aa4adc01cfd0e0fa3406d.jpg,../Data/downloads/Roboflow/Data/downloads/roboflow_chicken_pose/train/labels/76_jpg.rf.6302e5a9154aa4adc01cfd0e0fa3406d.txt,76,train,train,12,1|6|5
../Data/downloads/Roboflow/Data/downloads/roboflow_chicken_pose/train/images/771_jpg.rf.3fecbd20f05a8ea09ec21953e5c8ad5f.jpg,../Data/downloads/Roboflow/Data/downloads/roboflow_chicken_pose/train/labels/771_jpg.rf.3fecbd20f05a8ea09ec21953e5c8ad5f.txt,771,train,train,12,5|6|1
../Data/downloads/Roboflow/Data/downloads/roboflow_chicken_pose/train/images/772_jpg.rf.dccb4bb2a565975dfb3c56049bde1e4c.jpg,../Data/downloads/Roboflow/Data/downloads/roboflow_chicken_pose/train/labels/772_jpg.rf.dccb4bb2a565975dfb3c56049bde1e4c.txt,772,train,train,12,2|8|2
../Data/downloads/Roboflow/Data/downloads/roboflow_chicken_pose/train/images/774_jpg.rf.80aa596bfe776e30985326ef7c76316a.jpg,../Data/downloads/Roboflow/Data/downloads/roboflow_chicken_pose/train/labels/774_jpg.rf.80aa596bfe776e30985326ef7c76316a.txt,774,train,train,12,2|6|4
../Data/downloads/Roboflow/Data/downloads/roboflow_chicken_pose/train/images/775_jpg.rf.62beb586dfc559d1ea54bdb4cb39c255.jpg,../Data/downloads/Roboflow/Data/downloads/roboflow_chicken_pose/train/labels/775_jpg.rf.62beb586dfc559d1ea54bdb4cb39c255.txt,775,train,test,12,0|9|3
../Data/downloads/Roboflow/Data/downloads/roboflow_chicken_pose/train/images/777_jpg.rf.1a0506ae3f18d79bdba65ea619489d88.jpg,../Data/downloads/Roboflow/Data/downloads/roboflow_chicken_pose/train/labels/777_jpg.rf.1a0506ae3f18d79bdba65ea619489d88.txt,777,train,val,12,1|8|3
../Data/downloads/Roboflow/Data/downloads/roboflow_chicken_pose/train/images/77_jpg.rf.0eac1b9b7b4ef43ed9d10a0a1e749dc6.jpg,../Data/downloads/Roboflow/Data/downloads/roboflow_chicken_pose/train/labels/77_jpg.rf.0eac1b9b7b4ef43ed9d10a0a1e749dc6.txt,77,train,train,12,1|6|5
../Data/downloads/Roboflow/Data/downloads/roboflow_chicken_pose/train/images/780_jpg.rf.2619b085173fba6d1650bfd1dfc5e3aa.jpg,../Data/downloads/Roboflow/Data/downloads/roboflow_chicken_pose/train/labels/780_jpg.rf.2619b085173fba6d1650bfd1dfc5e3aa.txt,780,train,train,12,3|7|2
../Data/downloads/Roboflow/Data/downloads/roboflow_chicken_pose/train/images/781_jpg.rf.db66d290d61401c3d05a005313ca424f.jpg,../Data/downloads/Roboflow/Data/downloads/roboflow_chicken_pose/train/labels/781_jpg.rf.db66d290d61401c3d05a005313ca424f.txt,781,train,train,12,1|8|3
../Data/downloads/Roboflow/Data/downloads/roboflow_chicken_pose/train/images/782_jpg.rf.bb24c662898e39032f6224e23b342040.jpg,../Data/downloads/Roboflow/Data/downloads/roboflow_chicken_pose/train/labels/782_jpg.rf.bb24c662898e39032f6224e23b342040.txt,782,train,train,11,3|4|4
../Data/downloads/Roboflow/Data/downloads/roboflow_chicken_pose/train/images/783_jpg.rf.029e16daab9ff3f11767a65a6a109304.jpg,../Data/downloads/Roboflow/Data/downloads/roboflow_chicken_pose/train/labels/783_jpg.rf.029e16daab9ff3f11767a65a6a109304.txt,783,train,train,11,0|6|5
../Data/downloads/Roboflow/Data/downloads/roboflow_chicken_pose/train/images/784_jpg.rf.b84862cb9ffdda809f3e43d5bab1a9a2.jpg,../Data/downloads/Roboflow/Data/downloads/roboflow_chicken_pose/train/labels/784_jpg.rf.b84862cb9ffdda809f3e43d5bab1a9a2.txt,784,train,train,12,1|9|2
../Data/downloads/Roboflow/Data/downloads/roboflow_chicken_pose/train/images/786_jpg.rf.7296f8140a0b5cf9514134182ab5effd.jpg,../Data/downloads/Roboflow/Data/downloads/roboflow_chicken_pose/train/labels/786_jpg.rf.7296f8140a0b5cf9514134182ab5effd.txt,786,train,train,12,3|4|5
../Data/downloads/Roboflow/Data/downloads/roboflow_chicken_pose/train/images/789_jpg.rf.55db7f51a5271cbc8fa74a92f13685ed.jpg,../Data/downloads/Roboflow/Data/downloads/roboflow_chicken_pose/train/labels/789_jpg.rf.55db7f51a5271cbc8fa74a92f13685ed.txt,789,train,train,12,0|6|6
../Data/downloads/Roboflow/Data/downloads/roboflow_chicken_pose/train/images/78_jpg.rf.c53814f80eeb51d9485c6105e9aead9f.jpg,../Data/downloads/Roboflow/Data/downloads/roboflow_chicken_pose/train/labels/78_jpg.rf.c53814f80eeb51d9485c6105e9aead9f.txt,78,train,train,12,0|2|10
../Data/downloads/Roboflow/Data/downloads/roboflow_chicken_pose/train/images/790_jpg.rf.be8110e6d678dd3455c6c550bfff68d9.jpg,../Data/downloads/Roboflow/Data/downloads/roboflow_chicken_pose/train/labels/790_jpg.rf.be8110e6d678dd3455c6c550bfff68d9.txt,790,train,val,12,3|6|3
../Data/downloads/Roboflow/Data/downloads/roboflow_chicken_pose/train/images/791_jpg.rf.1151540c30881df41a3c38684da16280.jpg,../Data/downloads/Roboflow/Data/downloads/roboflow_chicken_pose/train/labels/791_jpg.rf.1151540c30881df41a3c38684da16280.txt,791,train,train,12,1|4|7
../Data/downloads/Roboflow/Data/downloads/roboflow_chicken_pose/train/images/792_jpg.rf.1bd41eba67e1d6bc43d8ab99482b07c8.jpg,../Data/downloads/Roboflow/Data/downloads/roboflow_chicken_pose/train/labels/792_jpg.rf.1bd41eba67e1d6bc43d8ab99482b07c8.txt,792,train,train,12,0|2|10
../Data/downloads/Roboflow/Data/downloads/roboflow_chicken_pose/train/images/793_jpg.rf.cacb5f6083b09eccfa09df68241e0309.jpg,../Data/downloads/Roboflow/Data/downloads/roboflow_chicken_pose/train/labels/793_jpg.rf.cacb5f6083b09eccfa09df68241e0309.txt,793,train,train,12,0|9|3
../Data/downloads/Roboflow/Data/downloads/roboflow_chicken_pose/train/images/794_jpg.rf.3a6d4a1c5466302f4f2e4883f14a7d0e.jpg,../Data/downloads/Roboflow/Data/downloads/roboflow_chicken_pose/train/labels/794_jpg.rf.3a6d4a1c5466302f4f2e4883f14a7d0e.txt,794,train,val,12,4|6|2
../Data/downloads/Roboflow/Data/downloads/roboflow_chicken_pose/train/images/795_jpg.rf.02f0618f0633e65389ffcfdba22016c2.jpg,../Data/downloads/Roboflow/Data/downloads/roboflow_chicken_pose/train/labels/795_jpg.rf.02f0618f0633e65389ffcfdba22016c2.txt,795,train,test,12,1|9|2
../Data/downloads/Roboflow/Data/downloads/roboflow_chicken_pose/train/images/798_jpg.rf.9661e519f7280a0c6e61b2e4cd414554.jpg,../Data/downloads/Roboflow/Data/downloads/roboflow_chicken_pose/train/labels/798_jpg.rf.9661e519f7280a0c6e61b2e4cd414554.txt,798,train,train,12,0|7|5
../Data/downloads/Roboflow/Data/downloads/roboflow_chicken_pose/train/images/799_jpg.rf.3e3d1c64919f88e18a1885f29de4e5d1.jpg,../Data/downloads/Roboflow/Data/downloads/roboflow_chicken_pose/train/labels/799_jpg.rf.3e3d1c64919f88e18a1885f29de4e5d1.txt,799,train,train,12,3|6|3
../Data/downloads/Roboflow/Data/downloads/roboflow_chicken_pose/train/images/7_jpg.rf.33e1584ba58198b3e211e2269fc4473e.jpg,../Data/downloads/Roboflow/Data/downloads/roboflow_chicken_pose/train/labels/7_jpg.rf.33e1584ba58198b3e211e2269fc4473e.txt,7,train,train,12,1|2|9
../Data/downloads/Roboflow/Data/downloads/roboflow_chicken_pose/train/images/800_jpg.rf.7f90a267094f8336e993578c058f3de9.jpg,../Data/downloads/Roboflow/Data/downloads/roboflow_chicken_pose/train/labels/800_jpg.rf.7f90a267094f8336e993578c058f3de9.txt,800,train,train,12,3|5|4
../Data/downloads/Roboflow/Data/downloads/roboflow_chicken_pose/train/images/801_jpg.rf.645adbda5553e9d072cc292be0e32d03.jpg,../Data/downloads/Roboflow/Data/downloads/roboflow_chicken_pose/train/labels/801_jpg.rf.645adbda5553e9d072cc292be0e32d03.txt,801,train,train,12,1|8|3
../Data/downloads/Roboflow/Data/downloads/roboflow_chicken_pose/train/images/803_jpg.rf.33133b68c7dae9259afa3ff6aff4abbe.jpg,../Data/downloads/Roboflow/Data/downloads/roboflow_chicken_pose/train/labels/803_jpg.rf.33133b68c7dae9259afa3ff6aff4abbe.txt,803,train,val,12,4|2|6
../Data/downloads/Roboflow/Data/downloads/roboflow_chicken_pose/train/images/805_jpg.rf.314f52a77f7c2c6fce954165cf97ca3a.jpg,../Data/downloads/Roboflow/Data/downloads/roboflow_chicken_pose/train/labels/805_jpg.rf.314f52a77f7c2c6fce954165cf97ca3a.txt,805,train,train,12,4|6|2
../Data/downloads/Roboflow/Data/downloads/roboflow_chicken_pose/train/images/806_jpg.rf.ef9c1579870f32886c0e7e9529f2141c.jpg,../Data/downloads/Roboflow/Data/downloads/roboflow_chicken_pose/train/labels/806_jpg.rf.ef9c1579870f32886c0e7e9529f2141c.txt,806,train,train,11,2|1|8
../Data/downloads/Roboflow/Data/downloads/roboflow_chicken_pose/train/images/807_jpg.rf.8bda429da524a513b11ceb162e490532.jpg,../Data/downloads/Roboflow/Data/downloads/roboflow_chicken_pose/train/labels/807_jpg.rf.8bda429da524a513b11ceb162e490532.txt,807,train,train,12,3|4|5
../Data/downloads/Roboflow/Data/downloads/roboflow_chicken_pose/train/images/808_jpg.rf.ff8c9dfddbefc7402354f800fd0f6593.jpg,../Data/downloads/Roboflow/Data/downloads/roboflow_chicken_pose/train/labels/808_jpg.rf.ff8c9dfddbefc7402354f800fd0f6593.txt,808,train,train,12,6|3|3
../Data/downloads/Roboflow/Data/downloads/roboflow_chicken_pose/train/images/809_jpg.rf.cf667c51560c6aaf8d7574ff9fb788fa.jpg,../Data/downloads/Roboflow/Data/downloads/roboflow_chicken_pose/train/labels/809_jpg.rf.cf667c51560c6aaf8d7574ff9fb788fa.txt,809,train,train,12,3|6|3
../Data/downloads/Roboflow/Data/downloads/roboflow_chicken_pose/train/images/80_jpg.rf.ee1a857fb2df81d014d8dd05dadc9d69.jpg,../Data/downloads/Roboflow/Data/downloads/roboflow_chicken_pose/train/labels/80_jpg.rf.ee1a857fb2df81d014d8dd05dadc9d69.txt,80,train,train,12,5|5|2
../Data/downloads/Roboflow/Data/downloads/roboflow_chicken_pose/train/images/811_jpg.rf.ca151112aa37c21643486a9652114452.jpg,../Data/downloads/Roboflow/Data/downloads/roboflow_chicken_pose/train/labels/811_jpg.rf.ca151112aa37c21643486a9652114452.txt,811,train,train,12,4|7|1
../Data/downloads/Roboflow/Data/downloads/roboflow_chicken_pose/train/images/812_jpg.rf.6ae97100338eea0c1d7cb5e3c390c06a.jpg,../Data/downloads/Roboflow/Data/downloads/roboflow_chicken_pose/train/labels/812_jpg.rf.6ae97100338eea0c1d7cb5e3c390c06a.txt,812,train,train,11,5|4|2
../Data/downloads/Roboflow/Data/downloads/roboflow_chicken_pose/train/images/813_jpg.rf.174d54cd4dbe79c9031e3e7f9f6ff909.jpg,../Data/downloads/Roboflow/Data/downloads/roboflow_chicken_pose/train/labels/813_jpg.rf.174d54cd4dbe79c9031e3e7f9f6ff909.txt,813,train,val,12,2|7|3
../Data/downloads/Roboflow/Data/downloads/roboflow_chicken_pose/train/images/814_jpg.rf.4ed3c1630b0e2cdeb7cd7608a9503108.jpg,../Data/downloads/Roboflow/Data/downloads/roboflow_chicken_pose/train/labels/814_jpg.rf.4ed3c1630b0e2cdeb7cd7608a9503108.txt,814,train,test,12,3|7|2
../Data/downloads/Roboflow/Data/downloads/roboflow_chicken_pose/train/images/815_jpg.rf.69b9d96d7c57c73e5fafb5275ddf7448.jpg,../Data/downloads/Roboflow/Data/downloads/roboflow_chicken_pose/train/labels/815_jpg.rf.69b9d96d7c57c73e5fafb5275ddf7448.txt,815,train,test,12,4|3|5
../Data/downloads/Roboflow/Data/downloads/roboflow_chicken_pose/train/images/817_jpg.rf.d51c4bdc914d5837d44a4dbc646170f3.jpg,../Data/downloads/Roboflow/Data/downloads/roboflow_chicken_pose/train/labels/817_jpg.rf.d51c4bdc914d5837d44a4dbc646170f3.txt,817,train,train,12,3|6|3
../Data/downloads/Roboflow/Data/downloads/roboflow_chicken_pose/train/images/818_jpg.rf.3dc63e875f779c83356fcc2b6b596d43.jpg,../Data/downloads/Roboflow/Data/downloads/roboflow_chicken_pose/train/labels/818_jpg.rf.3dc63e875f779c83356fcc2b6b596d43.txt,818,train,train,12,3|6|3
../Data/downloads/Roboflow/Data/downloads/roboflow_chicken_pose/train/images/819_jpg.rf.e05e2ededd235755d8fe329ba784348a.jpg,../Data/downloads/Roboflow/Data/downloads/roboflow_chicken_pose/train/labels/819_jpg.rf.e05e2ededd235755d8fe329ba784348a.txt,819,train,train,12,3|4|5
../Data/downloads/Roboflow/Data/downloads/roboflow_chicken_pose/train/images/81_jpg.rf.6ca92ce6b81f02abee168f9d81338105.jpg,../Data/downloads/Roboflow/Data/downloads/roboflow_chicken_pose/train/labels/81_jpg.rf.6ca92ce6b81f02abee168f9d81338105.txt,81,train,train,12,5|1|6
../Data/downloads/Roboflow/Data/downloads/roboflow_chicken_pose/train/images/821_jpg.rf.f977cc8d952f39d5d2e409e2082587f7.jpg,../Data/downloads/Roboflow/Data/downloads/roboflow_chicken_pose/train/labels/821_jpg.rf.f977cc8d952f39d5d2e409e2082587f7.txt,821,train,train,12,0|6|6
../Data/downloads/Roboflow/Data/downloads/roboflow_chicken_pose/train/images/823_jpg.rf.ee98fd9327c97af0052f875e594ef14f.jpg,../Data/downloads/Roboflow/Data/downloads/roboflow_chicken_pose/train/labels/823_jpg.rf.ee98fd9327c97af0052f875e594ef14f.txt,823,train,train,12,6|4|2
../Data/downloads/Roboflow/Data/downloads/roboflow_chicken_pose/train/images/828_jpg.rf.416322c81ab6083dacd7b699201d5dc5.jpg,../Data/downloads/Roboflow/Data/downloads/roboflow_chicken_pose/train/labels/828_jpg.rf.416322c81ab6083dacd7b699201d5dc5.txt,828,train,train,12,5|7|0
../Data/downloads/Roboflow/Data/downloads/roboflow_chicken_pose/train/images/830_jpg.rf.1194953dad4eba397195455fe638cc77.jpg,../Data/downloads/Roboflow/Data/downloads/roboflow_chicken_pose/train/labels/830_jpg.rf.1194953dad4eba397195455fe638cc77.txt,830,train,test,12,5|6|1
../Data/downloads/Roboflow/Data/downloads/roboflow_chicken_pose/train/images/831_jpg.rf.5bc3986c2312bddab9f0cf5e6eda33a9.jpg,../Data/downloads/Roboflow/Data/downloads/roboflow_chicken_pose/train/labels/831_jpg.rf.5bc3986c2312bddab9f0cf5e6eda33a9.txt,831,train,train,12,4|3|5
../Data/downloads/Roboflow/Data/downloads/roboflow_chicken_pose/train/images/832_jpg.rf.759492dd5b732046a6740afd3f1d136a.jpg,../Data/downloads/Roboflow/Data/downloads/roboflow_chicken_pose/train/labels/832_jpg.rf.759492dd5b732046a6740afd3f1d136a.txt,832,train,val,12,1|8|3
../Data/downloads/Roboflow/Data/downloads/roboflow_chicken_pose/train/images/836_jpg.rf.4c1918f6e8820630f1154f066a0f6d5b.jpg,../Data/downloads/Roboflow/Data/downloads/roboflow_chicken_pose/train/labels/836_jpg.rf.4c1918f6e8820630f1154f066a0f6d5b.txt,836,train,train,12,3|7|2
../Data/downloads/Roboflow/Data/downloads/roboflow_chicken_pose/train/images/837_jpg.rf.0ba2f97908cf6f3ede8800ae3450068f.jpg,../Data/downloads/Roboflow/Data/downloads/roboflow_chicken_pose/train/labels/837_jpg.rf.0ba2f97908cf6f3ede8800ae3450068f.txt,837,train,test,12,4|8|0
../Data/downloads/Roboflow/Data/downloads/roboflow_chicken_pose/train/images/838_jpg.rf.4076cc1ab47f2d8089802f7f4c99b946.jpg,../Data/downloads/Roboflow/Data/downloads/roboflow_chicken_pose/train/labels/838_jpg.rf.4076cc1ab47f2d8089802f7f4c99b946.txt,838,train,train,12,2|5|5
../Data/downloads/Roboflow/Data/downloads/roboflow_chicken_pose/train/images/839_jpg.rf.96bffecdcd0bb7f54999b4f2d3ed56ce.jpg,../Data/downloads/Roboflow/Data/downloads/roboflow_chicken_pose/train/labels/839_jpg.rf.96bffecdcd0bb7f54999b4f2d3ed56ce.txt,839,train,train,12,4|4|4
../Data/downloads/Roboflow/Data/downloads/roboflow_chicken_pose/train/images/83_jpg.rf.fd1a3a18c1bb8333f94c432d8e1c37c0.jpg,../Data/downloads/Roboflow/Data/downloads/roboflow_chicken_pose/train/labels/83_jpg.rf.fd1a3a18c1bb8333f94c432d8e1c37c0.txt,83,train,train,12,4|3|5
../Data/downloads/Roboflow/Data/downloads/roboflow_chicken_pose/train/images/840_jpg.rf.5a47e0669f653e010d52581400279995.jpg,../Data/downloads/Roboflow/Data/downloads/roboflow_chicken_pose/train/labels/840_jpg.rf.5a47e0669f653e010d52581400279995.txt,840,train,train,12,2|4|6
../Data/downloads/Roboflow/Data/downloads/roboflow_chicken_pose/train/images/843_jpg.rf.1bc900d25c5f609a8a605ec72fc0d1a2.jpg,../Data/downloads/Roboflow/Data/downloads/roboflow_chicken_pose/train/labels/843_jpg.rf.1bc900d25c5f609a8a605ec72fc0d1a2.txt,843,train,train,12,0|5|7
../Data/downloads/Roboflow/Data/downloads/roboflow_chicken_pose/train/images/844_jpg.rf.52f8c88a3b8244e5ab958bfb1fc05cd7.jpg,../Data/downloads/Roboflow/Data/downloads/roboflow_chicken_pose/train/labels/844_jpg.rf.52f8c88a3b8244e5ab958bfb1fc05cd7.txt,844,train,train,12,3|5|4
../Data/downloads/Roboflow/Data/downloads/roboflow_chicken_pose/train/images/848_jpg.rf.5a63f6ac50e66741cd30ab3457daea9d.jpg,../Data/downloads/Roboflow/Data/downloads/roboflow_chicken_pose/train/labels/848_jpg.rf.5a63f6ac50e66741cd30ab3457daea9d.txt,848,train,train,12,2|6|4
../Data/downloads/Roboflow/Data/downloads/roboflow_chicken_pose/train/images/849_jpg.rf.dff3be21a7f4d74a617afd86d6903b86.jpg,../Data/downloads/Roboflow/Data/downloads/roboflow_chicken_pose/train/labels/849_jpg.rf.dff3be21a7f4d74a617afd86d6903b86.txt,849,train,test,12,4|6|2
../Data/downloads/Roboflow/Data/downloads/roboflow_chicken_pose/train/images/850_jpg.rf.f1146635c2c7185ea975bd6b8e018745.jpg,../Data/downloads/Roboflow/Data/downloads/roboflow_chicken_pose/train/labels/850_jpg.rf.f1146635c2c7185ea975bd6b8e018745.txt,850,train,test,12,3|4|5
../Data/downloads/Roboflow/Data/downloads/roboflow_chicken_pose/train/images/851_jpg.rf.e8ece6e5f832ccf19fea6a83b008dbd6.jpg,../Data/downloads/Roboflow/Data/downloads/roboflow_chicken_pose/train/labels/851_jpg.rf.e8ece6e5f832ccf19fea6a83b008dbd6.txt,851,train,train,12,4|8|0
../Data/downloads/Roboflow/Data/downloads/roboflow_chicken_pose/train/images/852_jpg.rf.dd085b2184e452e6a708df5550447036.jpg,../Data/downloads/Roboflow/Data/downloads/roboflow_chicken_pose/train/labels/852_jpg.rf.dd085b2184e452e6a708df5550447036.txt,852,train,train,12,5|4|3
../Data/downloads/Roboflow/Data/downloads/roboflow_chicken_pose/train/images/853_jpg.rf.8f1564715f0f7909a967584d78015ddc.jpg,../Data/downloads/Roboflow/Data/downloads/roboflow_chicken_pose/train/labels/853_jpg.rf.8f1564715f0f7909a967584d78015ddc.txt,853,train,train,12,4|5|3
../Data/downloads/Roboflow/Data/downloads/roboflow_chicken_pose/train/images/857_jpg.rf.6cdf47f86ec9df60c830e0903f71b519.jpg,../Data/downloads/Roboflow/Data/downloads/roboflow_chicken_pose/train/labels/857_jpg.rf.6cdf47f86ec9df60c830e0903f71b519.txt,857,train,train,12,3|4|5
../Data/downloads/Roboflow/Data/downloads/roboflow_chicken_pose/train/images/858_jpg.rf.247e119aa822a76ef1347d2919e9590a.jpg,../Data/downloads/Roboflow/Data/downloads/roboflow_chicken_pose/train/labels/858_jpg.rf.247e119aa822a76ef1347d2919e9590a.txt,858,train,val,12,3|6|3
../Data/downloads/Roboflow/Data/downloads/roboflow_chicken_pose/train/images/859_jpg.rf.8c51d8ecfb3478c0fd80b53ebb8b24ab.jpg,../Data/downloads/Roboflow/Data/downloads/roboflow_chicken_pose/train/labels/859_jpg.rf.8c51d8ecfb3478c0fd80b53ebb8b24ab.txt,859,train,train,12,0|9|3
../Data/downloads/Roboflow/Data/downloads/roboflow_chicken_pose/train/images/85_jpg.rf.c4cc6422d3c5ac8380ed01e008093762.jpg,../Data/downloads/Roboflow/Data/downloads/roboflow_chicken_pose/train/labels/85_jpg.rf.c4cc6422d3c5ac8380ed01e008093762.txt,85,train,train,11,1|1|9
../Data/downloads/Roboflow/Data/downloads/roboflow_chicken_pose/train/images/860_jpg.rf.81d6862922a905d7f71580d4940326ed.jpg,../Data/downloads/Roboflow/Data/downloads/roboflow_chicken_pose/train/labels/860_jpg.rf.81d6862922a905d7f71580d4940326ed.txt,860,train,train,12,2|7|3
../Data/downloads/Roboflow/Data/downloads/roboflow_chicken_pose/train/images/861_jpg.rf.a69e14699d05175434369e57ce543452.jpg,../Data/downloads/Roboflow/Data/downloads/roboflow_chicken_pose/train/labels/861_jpg.rf.a69e14699d05175434369e57ce543452.txt,861,train,val,12,3|3|6
../Data/downloads/Roboflow/Data/downloads/roboflow_chicken_pose/train/images/862_jpg.rf.d80ab851308ed0b0801aa3065718c2a0.jpg,../Data/downloads/Roboflow/Data/downloads/roboflow_chicken_pose/train/labels/862_jpg.rf.d80ab851308ed0b0801aa3065718c2a0.txt,862,train,train,12,1|6|5
../Data/downloads/Roboflow/Data/downloads/roboflow_chicken_pose/train/images/863_jpg.rf.bc8a90cdd9c0a9fb53e77507fe430cf4.jpg,../Data/downloads/Roboflow/Data/downloads/roboflow_chicken_pose/train/labels/863_jpg.rf.bc8a90cdd9c0a9fb53e77507fe430cf4.txt,863,train,test,12,4|7|1
../Data/downloads/Roboflow/Data/downloads/roboflow_chicken_pose/train/images/864_jpg.rf.860f5eada7df90f5e581fe17b160765a.jpg,../Data/downloads/Roboflow/Data/downloads/roboflow_chicken_pose/train/labels/864_jpg.rf.860f5eada7df90f5e581fe17b160765a.txt,864,train,train,12,10|2|0
../Data/downloads/Roboflow/Data/downloads/roboflow_chicken_pose/train/images/865_jpg.rf.a19f42520d2d309676b84bb261033440.jpg,../Data/downloads/Roboflow/Data/downloads/roboflow_chicken_pose/train/labels/865_jpg.rf.a19f42520d2d309676b84bb261033440.txt,865,train,train,12,7|2|3
../Data/downloads/Roboflow/Data/downloads/roboflow_chicken_pose/train/images/866_jpg.rf.a10fc38e52260e4b86f75ea7d44d89d2.jpg,../Data/downloads/Roboflow/Data/downloads/roboflow_chicken_pose/train/labels/866_jpg.rf.a10fc38e52260e4b86f75ea7d44d89d2.txt,866,train,train,12,7|1|4
../Data/downloads/Roboflow/Data/downloads/roboflow_chicken_pose/train/images/867_jpg.rf.c7988d6edebf8ee05e93e5fc83f243f0.jpg,../Data/downloads/Roboflow/Data/downloads/roboflow_chicken_pose/train/labels/867_jpg.rf.c7988d6edebf8ee05e93e5fc83f243f0.txt,867,train,train,12,5|2|5
../Data/downloads/Roboflow/Data/downloads/roboflow_chicken_pose/train/images/869_jpg.rf.b9e2aa96597e4322b143076291c565ea.jpg,../Data/downloads/Roboflow/Data/downloads/roboflow_chicken_pose/train/labels/869_jpg.rf.b9e2aa96597e4322b143076291c565ea.txt,869,train,train,12,5|3|4
../Data/downloads/Roboflow/Data/downloads/roboflow_chicken_pose/train/images/86_jpg.rf.b601fd182baaa41de66f07500e7ac178.jpg,../Data/downloads/Roboflow/Data/downloads/roboflow_chicken_pose/train/labels/86_jpg.rf.b601fd182baaa41de66f07500e7ac178.txt,86,train,train,12,1|2|9
../Data/downloads/Roboflow/Data/downloads/roboflow_chicken_pose/train/images/870_jpg.rf.471381b6cb7758473a30639ba2be3361.jpg,../Data/downloads/Roboflow/Data/downloads/roboflow_chicken_pose/train/labels/870_jpg.rf.471381b6cb7758473a30639ba2be3361.txt,870,train,train,12,3|5|4
../Data/downloads/Roboflow/Data/downloads/roboflow_chicken_pose/train/images/871_jpg.rf.7fcef16e696b29816619cbb67c4c8d96.jpg,../Data/downloads/Roboflow/Data/downloads/roboflow_chicken_pose/train/labels/871_jpg.rf.7fcef16e696b29816619cbb67c4c8d96.txt,871,train,test,12,4|4|4
../Data/downloads/Roboflow/Data/downloads/roboflow_chicken_pose/train/images/872_jpg.rf.dde3ce85a717c3a25c61d9382e2cd2cf.jpg,../Data/downloads/Roboflow/Data/downloads/roboflow_chicken_pose/train/labels/872_jpg.rf.dde3ce85a717c3a25c61d9382e2cd2cf.txt,872,train,train,11,4|3|4
../Data/downloads/Roboflow/Data/downloads/roboflow_chicken_pose/train/images/873_jpg.rf.65ef24cac995f7b89d65901b7e4b93e5.jpg,../Data/downloads/Roboflow/Data/downloads/roboflow_chicken_pose/train/labels/873_jpg.rf.65ef24cac995f7b89d65901b7e4b93e5.txt,873,train,train,12,5|2|5
../Data/downloads/Roboflow/Data/downloads/roboflow_chicken_pose/train/images/874_jpg.rf.9dca14d5882694f344446266455f4b65.jpg,../Data/downloads/Roboflow/Data/downloads/roboflow_chicken_pose/train/labels/874_jpg.rf.9dca14d5882694f344446266455f4b65.txt,874,train,test,12,2|0|10
../Data/downloads/Roboflow/Data/downloads/roboflow_chicken_pose/train/images/875_jpg.rf.7be1f2a32f8742d9f5fa4742a5e4dea1.jpg,../Data/downloads/Roboflow/Data/downloads/roboflow_chicken_pose/train/labels/875_jpg.rf.7be1f2a32f8742d9f5fa4742a5e4dea1.txt,875,train,val,12,6|2|4
../Data/downloads/Roboflow/Data/downloads/roboflow_chicken_pose/train/images/876_jpg.rf.87e5451aa56524caaf9231c2e75e48de.jpg,../Data/downloads/Roboflow/Data/downloads/roboflow_chicken_pose/train/labels/876_jpg.rf.87e5451aa56524caaf9231c2e75e48de.txt,876,train,train,12,7|2|3
../Data/downloads/Roboflow/Data/downloads/roboflow_chicken_pose/train/images/877_jpg.rf.01ae2a8c0c27b6c03e3d4ca64d8052d8.jpg,../Data/downloads/Roboflow/Data/downloads/roboflow_chicken_pose/train/labels/877_jpg.rf.01ae2a8c0c27b6c03e3d4ca64d8052d8.txt,877,train,train,12,2|5|5
../Data/downloads/Roboflow/Data/downloads/roboflow_chicken_pose/train/images/878_jpg.rf.42b133686992bee9bd1f402721483511.jpg,../Data/downloads/Roboflow/Data/downloads/roboflow_chicken_pose/train/labels/878_jpg.rf.42b133686992bee9bd1f402721483511.txt,878,train,train,12,2|5|5
../Data/downloads/Roboflow/Data/downloads/roboflow_chicken_pose/train/images/879_jpg.rf.29995f17c06af4278a11396ab3e50ee5.jpg,../Data/downloads/Roboflow/Data/downloads/roboflow_chicken_pose/train/labels/879_jpg.rf.29995f17c06af4278a11396ab3e50ee5.txt,879,train,val,12,3|5|4
../Data/downloads/Roboflow/Data/downloads/roboflow_chicken_pose/train/images/87_jpg.rf.a434b90667a27ab6a1ad53175d2e7dab.jpg,../Data/downloads/Roboflow/Data/downloads/roboflow_chicken_pose/train/labels/87_jpg.rf.a434b90667a27ab6a1ad53175d2e7dab.txt,87,train,test,12,2|5|5
../Data/downloads/Roboflow/Data/downloads/roboflow_chicken_pose/train/images/880_jpg.rf.88ee89c9a38b40f07a2b26715d9b1e6f.jpg,../Data/downloads/Roboflow/Data/downloads/roboflow_chicken_pose/train/labels/880_jpg.rf.88ee89c9a38b40f07a2b26715d9b1e6f.txt,880,train,val,12,0|9|3
../Data/downloads/Roboflow/Data/downloads/roboflow_chicken_pose/train/images/881_jpg.rf.11e7b4f3be2ad15b5ad0d9a4071a204c.jpg,../Data/downloads/Roboflow/Data/downloads/roboflow_chicken_pose/train/labels/881_jpg.rf.11e7b4f3be2ad15b5ad0d9a4071a204c.txt,881,train,test,12,3|6|3
../Data/downloads/Roboflow/Data/downloads/roboflow_chicken_pose/train/images/882_jpg.rf.a437d9843eb9e831d6c562de4d6c0d9f.jpg,../Data/downloads/Roboflow/Data/downloads/roboflow_chicken_pose/train/labels/882_jpg.rf.a437d9843eb9e831d6c562de4d6c0d9f.txt,882,train,train,12,1|5|6
../Data/downloads/Roboflow/Data/downloads/roboflow_chicken_pose/train/images/883_jpg.rf.0aa6e97bd260c8366a231528a83b66ed.jpg,../Data/downloads/Roboflow/Data/downloads/roboflow_chicken_pose/train/labels/883_jpg.rf.0aa6e97bd260c8366a231528a83b66ed.txt,883,train,train,12,3|7|2
../Data/downloads/Roboflow/Data/downloads/roboflow_chicken_pose/train/images/884_jpg.rf.5e2781ed9bdbc9b5b667574d5166aaa1.jpg,../Data/downloads/Roboflow/Data/downloads/roboflow_chicken_pose/train/labels/884_jpg.rf.5e2781ed9bdbc9b5b667574d5166aaa1.txt,884,train,train,12,3|5|4
../Data/downloads/Roboflow/Data/downloads/roboflow_chicken_pose/train/images/886_jpg.rf.8ccb6813cc27a99c5d9ff7305e8d36ed.jpg,../Data/downloads/Roboflow/Data/downloads/roboflow_chicken_pose/train/labels/886_jpg.rf.8ccb6813cc27a99c5d9ff7305e8d36ed.txt,886,train,train,12,7|2|3
../Data/downloads/Roboflow/Data/downloads/roboflow_chicken_pose/train/images/887_jpg.rf.a7d0cbaaa2459624271c5237c8bcc258.jpg,../Data/downloads/Roboflow/Data/downloads/roboflow_chicken_pose/train/labels/887_jpg.rf.a7d0cbaaa2459624271c5237c8bcc258.txt,887,train,train,12,3|4|5
../Data/downloads/Roboflow/Data/downloads/roboflow_chicken_pose/train/images/888_jpg.rf.fe01062bda99ee3817fdb1cb59a58869.jpg,../Data/downloads/Roboflow/Data/downloads/roboflow_chicken_pose/train/labels/888_jpg.rf.fe01062bda99ee3817fdb1cb59a58869.txt,888,train,val,12,2|4|6
../Data/downloads/Roboflow/Data/downloads/roboflow_chicken_pose/train/images/889_jpg.rf.ccc24c74cb567c5fc4178961b77281d7.jpg,../Data/downloads/Roboflow/Data/downloads/roboflow_chicken_pose/train/labels/889_jpg.rf.ccc24c74cb567c5fc4178961b77281d7.txt,889,train,train,12,2|5|5
../Data/downloads/Roboflow/Data/downloads/roboflow_chicken_pose/train/images/890_jpg.rf.f29ba1d185694b1d1d583475b6ac9a06.jpg,../Data/downloads/Roboflow/Data/downloads/roboflow_chicken_pose/train/labels/890_jpg.rf.f29ba1d185694b1d1d583475b6ac9a06.txt,890,train,train,12,4|4|4
../Data/downloads/Roboflow/Data/downloads/roboflow_chicken_pose/train/images/891_jpg.rf.89d256a9e7112b40961833cd846e59fd.jpg,../Data/downloads/Roboflow/Data/downloads/roboflow_chicken_pose/train/labels/891_jpg.rf.89d256a9e7112b40961833cd846e59fd.txt,891,train,test,12,4|4|4
../Data/downloads/Roboflow/Data/downloads/roboflow_chicken_pose/train/images/892_jpg.rf.fb71147d69f88067c5921d42e4fa2650.jpg,../Data/downloads/Roboflow/Data/downloads/roboflow_chicken_pose/train/labels/892_jpg.rf.fb71147d69f88067c5921d42e4fa2650.txt,892,train,val,12,3|6|3
../Data/downloads/Roboflow/Data/downloads/roboflow_chicken_pose/train/images/894_jpg.rf.8a8c3b9148a66ca8dbd4aafbd503427f.jpg,../Data/downloads/Roboflow/Data/downloads/roboflow_chicken_pose/train/labels/894_jpg.rf.8a8c3b9148a66ca8dbd4aafbd503427f.txt,894,train,train,12,1|6|5
../Data/downloads/Roboflow/Data/downloads/roboflow_chicken_pose/train/images/895_jpg.rf.0f4047c0bb1423cb0286e800a03b62e7.jpg,../Data/downloads/Roboflow/Data/downloads/roboflow_chicken_pose/train/labels/895_jpg.rf.0f4047c0bb1423cb0286e800a03b62e7.txt,895,train,train,12,4|6|2
../Data/downloads/Roboflow/Data/downloads/roboflow_chicken_pose/train/images/896_jpg.rf.127afc974aff9560773672302410e855.jpg,../Data/downloads/Roboflow/Data/downloads/roboflow_chicken_pose/train/labels/896_jpg.rf.127afc974aff9560773672302410e855.txt,896,train,val,12,3|4|5
../Data/downloads/Roboflow/Data/downloads/roboflow_chicken_pose/train/images/897_jpg.rf.7ddc03ec14a8a842ae21af0d29a2e439.jpg,../Data/downloads/Roboflow/Data/downloads/roboflow_chicken_pose/train/labels/897_jpg.rf.7ddc03ec14a8a842ae21af0d29a2e439.txt,897,train,test,12,2|7|3
../Data/downloads/Roboflow/Data/downloads/roboflow_chicken_pose/train/images/898_jpg.rf.ca9b22e0642e264bb0a794dc251ed703.jpg,../Data/downloads/Roboflow/Data/downloads/roboflow_chicken_pose/train/labels/898_jpg.rf.ca9b22e0642e264bb0a794dc251ed703.txt,898,train,train,12,3|2|7
../Data/downloads/Roboflow/Data/downloads/roboflow_chicken_pose/train/images/899_jpg.rf.c0bfbff2876f812f1f4b5dd82d0aa766.jpg,../Data/downloads/Roboflow/Data/downloads/roboflow_chicken_pose/train/labels/899_jpg.rf.c0bfbff2876f812f1f4b5dd82d0aa766.txt,899,train,train,12,2|4|6
../Data/downloads/Roboflow/Data/downloads/roboflow_chicken_pose/train/images/89_jpg.rf.44f16e735992ba8c096239034f229645.jpg,../Data/downloads/Roboflow/Data/downloads/roboflow_chicken_pose/train/labels/89_jpg.rf.44f16e735992ba8c096239034f229645.txt,89,train,train,12,0|6|6
../Data/downloads/Roboflow/Data/downloads/roboflow_chicken_pose/train/images/8_jpg.rf.839a518376805e48f785f3f256a74a5b.jpg,../Data/downloads/Roboflow/Data/downloads/roboflow_chicken_pose/train/labels/8_jpg.rf.839a518376805e48f785f3f256a74a5b.txt,8,train,test,12,2|7|3
../Data/downloads/Roboflow/Data/downloads/roboflow_chicken_pose/train/images/9-75_jpg.rf.06111e6cd89377ca92e7d45025f56345.jpg,../Data/downloads/Roboflow/Data/downloads/roboflow_chicken_pose/train/labels/9-75_jpg.rf.06111e6cd89377ca92e7d45025f56345.txt,9,train,train,12,6|2|4
../Data/downloads/Roboflow/Data/downloads/roboflow_chicken_pose/train/images/900_jpg.rf.5ea72fac7fb197e008245f48d3554b8f.jpg,../Data/downloads/Roboflow/Data/downloads/roboflow_chicken_pose/train/labels/900_jpg.rf.5ea72fac7fb197e008245f48d3554b8f.txt,900,train,train,12,2|6|4
../Data/downloads/Roboflow/Data/downloads/roboflow_chicken_pose/train/images/901_jpg.rf.9b979abae8ec03a3a4bb40332822936b.jpg,../Data/downloads/Roboflow/Data/downloads/roboflow_chicken_pose/train/labels/901_jpg.rf.9b979abae8ec03a3a4bb40332822936b.txt,901,train,train,12,6|3|3
../Data/downloads/Roboflow/Data/downloads/roboflow_chicken_pose/train/images/902_jpg.rf.244d4417c1aad35229a0091d5e82f2db.jpg,../Data/downloads/Roboflow/Data/downloads/roboflow_chicken_pose/train/labels/902_jpg.rf.244d4417c1aad35229a0091d5e82f2db.txt,902,train,train,12,1|6|5
../Data/downloads/Roboflow/Data/downloads/roboflow_chicken_pose/train/images/903_jpg.rf.6608d663e7160870bd59f768423b2d04.jpg,../Data/downloads/Roboflow/Data/downloads/roboflow_chicken_pose/train/labels/903_jpg.rf.6608d663e7160870bd59f768423b2d04.txt,903,train,train,12,5|5|2
../Data/downloads/Roboflow/Data/downloads/roboflow_chicken_pose/train/images/904_jpg.rf.c94712c3d2762db0edc71637727a99bb.jpg,../Data/downloads/Roboflow/Data/downloads/roboflow_chicken_pose/train/labels/904_jpg.rf.c94712c3d2762db0edc71637727a99bb.txt,904,train,test,12,5|2|5
../Data/downloads/Roboflow/Data/downloads/roboflow_chicken_pose/train/images/906_jpg.rf.18a7a11a06bd26de108159d30556be38.jpg,../Data/downloads/Roboflow/Data/downloads/roboflow_chicken_pose/train/labels/906_jpg.rf.18a7a11a06bd26de108159d30556be38.txt,906,train,train,12,4|5|3
../Data/downloads/Roboflow/Data/downloads/roboflow_chicken_pose/train/images/908_jpg.rf.db3dab2df68657bab6c27f712092c888.jpg,../Data/downloads/Roboflow/Data/downloads/roboflow_chicken_pose/train/labels/908_jpg.rf.db3dab2df68657bab6c27f712092c888.txt,908,train,val,12,4|4|4
../Data/downloads/Roboflow/Data/downloads/roboflow_chicken_pose/train/images/909_jpg.rf.fd9fe3c0a854839692ebc494a6f1b24b.jpg,../Data/downloads/Roboflow/Data/downloads/roboflow_chicken_pose/train/labels/909_jpg.rf.fd9fe3c0a854839692ebc494a6f1b24b.txt,909,train,train,12,3|5|4
../Data/downloads/Roboflow/Data/downloads/roboflow_chicken_pose/train/images/90_jpg.rf.01f20f46a871b478ef68f5e260c3fd98.jpg,../Data/downloads/Roboflow/Data/downloads/roboflow_chicken_pose/train/labels/90_jpg.rf.01f20f46a871b478ef68f5e260c3fd98.txt,90,train,train,11,1|4|6
../Data/downloads/Roboflow/Data/downloads/roboflow_chicken_pose/train/images/910_jpg.rf.f12a5c75dbd2306b68f3d64e8f86b626.jpg,../Data/downloads/Roboflow/Data/downloads/roboflow_chicken_pose/train/labels/910_jpg.rf.f12a5c75dbd2306b68f3d64e8f86b626.txt,910,train,train,12,5|4|3
../Data/downloads/Roboflow/Data/downloads/roboflow_chicken_pose/train/images/911_jpg.rf.94b26961facf1dab71490c3b9f33bdd4.jpg,../Data/downloads/Roboflow/Data/downloads/roboflow_chicken_pose/train/labels/911_jpg.rf.94b26961facf1dab71490c3b9f33bdd4.txt,911,train,train,12,3|3|6
../Data/downloads/Roboflow/Data/downloads/roboflow_chicken_pose/train/images/912_jpg.rf.2a87a3619f36751c091cdd3438abf28c.jpg,../Data/downloads/Roboflow/Data/downloads/roboflow_chicken_pose/train/labels/912_jpg.rf.2a87a3619f36751c091cdd3438abf28c.txt,912,train,train,12,3|7|2
../Data/downloads/Roboflow/Data/downloads/roboflow_chicken_pose/train/images/913_jpg.rf.ce2c9f61776d3b1b947f3e806862d779.jpg,../Data/downloads/Roboflow/Data/downloads/roboflow_chicken_pose/train/labels/913_jpg.rf.ce2c9f61776d3b1b947f3e806862d779.txt,913,train,train,12,1|9|2
../Data/downloads/Roboflow/Data/downloads/roboflow_chicken_pose/train/images/914_jpg.rf.8b378e766ea6caf46080aade65cd9f59.jpg,../Data/downloads/Roboflow/Data/downloads/roboflow_chicken_pose/train/labels/914_jpg.rf.8b378e766ea6caf46080aade65cd9f59.txt,914,train,train,12,3|6|3
../Data/downloads/Roboflow/Data/downloads/roboflow_chicken_pose/train/images/916_jpg.rf.b57c1980a1ef8f8a19c30b9ba2b7396c.jpg,../Data/downloads/Roboflow/Data/downloads/roboflow_chicken_pose/train/labels/916_jpg.rf.b57c1980a1ef8f8a19c30b9ba2b7396c.txt,916,train,train,12,4|6|2
../Data/downloads/Roboflow/Data/downloads/roboflow_chicken_pose/train/images/919_jpg.rf.bf350b753b960a99b50a1c0164be3de3.jpg,../Data/downloads/Roboflow/Data/downloads/roboflow_chicken_pose/train/labels/919_jpg.rf.bf350b753b960a99b50a1c0164be3de3.txt,919,train,val,12,5|2|5
../Data/downloads/Roboflow/Data/downloads/roboflow_chicken_pose/train/images/920_jpg.rf.0add339bc66eaabc3368408d28209d3e.jpg,../Data/downloads/Roboflow/Data/downloads/roboflow_chicken_pose/train/labels/920_jpg.rf.0add339bc66eaabc3368408d28209d3e.txt,920,train,test,12,4|1|7
../Data/downloads/Roboflow/Data/downloads/roboflow_chicken_pose/train/images/921_jpg.rf.a15f91e0a52cf3feb30eea602a3631c7.jpg,../Data/downloads/Roboflow/Data/downloads/roboflow_chicken_pose/train/labels/921_jpg.rf.a15f91e0a52cf3feb30eea602a3631c7.txt,921,train,train,12,4|5|3
../Data/downloads/Roboflow/Data/downloads/roboflow_chicken_pose/train/images/922_jpg.rf.0a540c848a27028401ffc2339ae308c7.jpg,../Data/downloads/Roboflow/Data/downloads/roboflow_chicken_pose/train/labels/922_jpg.rf.0a540c848a27028401ffc2339ae308c7.txt,922,train,train,12,4|7|1
../Data/downloads/Roboflow/Data/downloads/roboflow_chicken_pose/train/images/923_jpg.rf.4dca5a64560e20b2465905e2adc7ead7.jpg,../Data/downloads/Roboflow/Data/downloads/roboflow_chicken_pose/train/labels/923_jpg.rf.4dca5a64560e20b2465905e2adc7ead7.txt,923,train,train,11,3|3|5
../Data/downloads/Roboflow/Data/downloads/roboflow_chicken_pose/train/images/924_jpg.rf.1f83d20c4875eb4abbba979cd09e063f.jpg,../Data/downloads/Roboflow/Data/downloads/roboflow_chicken_pose/train/labels/924_jpg.rf.1f83d20c4875eb4abbba979cd09e063f.txt,924,train,test,12,6|3|3
../Data/downloads/Roboflow/Data/downloads/roboflow_chicken_pose/train/images/925_jpg.rf.f57be3eb7a12ad17e04e893b8706fc7a.jpg,../Data/downloads/Roboflow/Data/downloads/roboflow_chicken_pose/train/labels/925_jpg.rf.f57be3eb7a12ad17e04e893b8706fc7a.txt,925,train,train,12,4|4|4
../Data/downloads/Roboflow/Data/downloads/roboflow_chicken_pose/train/images/926_jpg.rf.bc917f4b51cfd51288c586011e20b098.jpg,../Data/downloads/Roboflow/Data/downloads/roboflow_chicken_pose/train/labels/926_jpg.rf.bc917f4b51cfd51288c586011e20b098.txt,926,train,train,12,4|4|4
../Data/downloads/Roboflow/Data/downloads/roboflow_chicken_pose/train/images/927_jpg.rf.eb690ca7f5c07806813d6c8e826fc37c.jpg,../Data/downloads/Roboflow/Data/downloads/roboflow_chicken_pose/train/labels/927_jpg.rf.eb690ca7f5c07806813d6c8e826fc37c.txt,927,train,train,12,4|2|6
../Data/downloads/Roboflow/Data/downloads/roboflow_chicken_pose/train/images/928_jpg.rf.5cbe9c59fcae7d4485031bb56f16a510.jpg,../Data/downloads/Roboflow/Data/downloads/roboflow_chicken_pose/train/labels/928_jpg.rf.5cbe9c59fcae7d4485031bb56f16a510.txt,928,train,val,12,6|5|1
../Data/downloads/Roboflow/Data/downloads/roboflow_chicken_pose/train/images/92_jpg.rf.a9e0e3fda27a0714470e28e97dabd583.jpg,../Data/downloads/Roboflow/Data/downloads/roboflow_chicken_pose/train/labels/92_jpg.rf.a9e0e3fda27a0714470e28e97dabd583.txt,92,train,test,10,0|5|5
../Data/downloads/Roboflow/Data/downloads/roboflow_chicken_pose/train/images/930_jpg.rf.bbbb36b028b6a1af3415bc14242e62fb.jpg,../Data/downloads/Roboflow/Data/downloads/roboflow_chicken_pose/train/labels/930_jpg.rf.bbbb36b028b6a1af3415bc14242e62fb.txt,930,train,train,12,3|3|6
../Data/downloads/Roboflow/Data/downloads/roboflow_chicken_pose/train/images/931_jpg.rf.7ac02f46febedc28401fa3f3269b63cb.jpg,../Data/downloads/Roboflow/Data/downloads/roboflow_chicken_pose/train/labels/931_jpg.rf.7ac02f46febedc28401fa3f3269b63cb.txt,931,train,train,12,5|3|4
../Data/downloads/Roboflow/Data/downloads/roboflow_chicken_pose/train/images/932_jpg.rf.9035ec2ea42107fc6ef7ba052f4f5242.jpg,../Data/downloads/Roboflow/Data/downloads/roboflow_chicken_pose/train/labels/932_jpg.rf.9035ec2ea42107fc6ef7ba052f4f5242.txt,932,train,val,12,2|5|5
../Data/downloads/Roboflow/Data/downloads/roboflow_chicken_pose/train/images/933_jpg.rf.152f5dc56c905237a45cf931865097c3.jpg,../Data/downloads/Roboflow/Data/downloads/roboflow_chicken_pose/train/labels/933_jpg.rf.152f5dc56c905237a45cf931865097c3.txt,933,train,train,12,2|6|4
../Data/downloads/Roboflow/Data/downloads/roboflow_chicken_pose/train/images/934_jpg.rf.f4f6202f47100b1d725797ba9871645d.jpg,../Data/downloads/Roboflow/Data/downloads/roboflow_chicken_pose/train/labels/934_jpg.rf.f4f6202f47100b1d725797ba9871645d.txt,934,train,val,12,6|4|2
../Data/downloads/Roboflow/Data/downloads/roboflow_chicken_pose/train/images/935_jpg.rf.84cc77b1bdf071a7f1270305ff983a6c.jpg,../Data/downloads/Roboflow/Data/downloads/roboflow_chicken_pose/train/labels/935_jpg.rf.84cc77b1bdf071a7f1270305ff983a6c.txt,935,train,train,12,3|4|5
../Data/downloads/Roboflow/Data/downloads/roboflow_chicken_pose/train/images/937_jpg.rf.bde0f98ba90e852d59368292e85e8202.jpg,../Data/downloads/Roboflow/Data/downloads/roboflow_chicken_pose/train/labels/937_jpg.rf.bde0f98ba90e852d59368292e85e8202.txt,937,train,train,12,1|6|5
../Data/downloads/Roboflow/Data/downloads/roboflow_chicken_pose/train/images/938_jpg.rf.c77f35ef29394b801e77f1c1f87af967.jpg,../Data/downloads/Roboflow/Data/downloads/roboflow_chicken_pose/train/labels/938_jpg.rf.c77f35ef29394b801e77f1c1f87af967.txt,938,train,train,12,4|2|6
../Data/downloads/Roboflow/Data/downloads/roboflow_chicken_pose/train/images/939_jpg.rf.0f15d830e1fcf1a0e4168a0c47b6c4a3.jpg,../Data/downloads/Roboflow/Data/downloads/roboflow_chicken_pose/train/labels/939_jpg.rf.0f15d830e1fcf1a0e4168a0c47b6c4a3.txt,939,train,train,12,3|4|5
../Data/downloads/Roboflow/Data/downloads/roboflow_chicken_pose/train/images/93_jpg.rf.52068370bffc849a7e82439c68237cbe.jpg,../Data/downloads/Roboflow/Data/downloads/roboflow_chicken_pose/train/labels/93_jpg.rf.52068370bffc849a7e82439c68237cbe.txt,93,train,val,12,0|3|9
../Data/downloads/Roboflow/Data/downloads/roboflow_chicken_pose/train/images/940_jpg.rf.22fe713a165853b37f271dfe422e1a78.jpg,../Data/downloads/Roboflow/Data/downloads/roboflow_chicken_pose/train/labels/940_jpg.rf.22fe713a165853b37f271dfe422e1a78.txt,940,train,train,12,1|10|1
../Data/downloads/Roboflow/Data/downloads/roboflow_chicken_pose/train/images/942_jpg.rf.7352dcb9dc2b293d6b214260861f8545.jpg,../Data/downloads/Roboflow/Data/downloads/roboflow_chicken_pose/train/labels/942_jpg.rf.7352dcb9dc2b293d6b214260861f8545.txt,942,train,train,12,4|5|3
../Data/downloads/Roboflow/Data/downloads/roboflow_chicken_pose/train/images/944_jpg.rf.bdf3c048c72d025208840d969b2f1828.jpg,../Data/downloads/Roboflow/Data/downloads/roboflow_chicken_pose/train/labels/944_jpg.rf.bdf3c048c72d025208840d969b2f1828.txt,944,train,train,12,1|7|4
../Data/downloads/Roboflow/Data/downloads/roboflow_chicken_pose/train/images/945_jpg.rf.2e6606c05af13de6b93d966c74df19e1.jpg,../Data/downloads/Roboflow/Data/downloads/roboflow_chicken_pose/train/labels/945_jpg.rf.2e6606c05af13de6b93d966c74df19e1.txt,945,train,train,12,1|8|3
../Data/downloads/Roboflow/Data/downloads/roboflow_chicken_pose/train/images/946_jpg.rf.8b99ee20b3fb07ef43b14b2ffdb6849f.jpg,../Data/downloads/Roboflow/Data/downloads/roboflow_chicken_pose/train/labels/946_jpg.rf.8b99ee20b3fb07ef43b14b2ffdb6849f.txt,946,train,train,12,2|5|5
../Data/downloads/Roboflow/Data/downloads/roboflow_chicken_pose/train/images/947_jpg.rf.b520052c1732e66421b1d1a488fc48ae.jpg,../Data/downloads/Roboflow/Data/downloads/roboflow_chicken_pose/train/labels/947_jpg.rf.b520052c1732e66421b1d1a488fc48ae.txt,947,train,train,12,2|6|4
../Data/downloads/Roboflow/Data/downloads/roboflow_chicken_pose/train/images/949_jpg.rf.6b59239f39a80dd2363a4f9a9fb0bafb.jpg,../Data/downloads/Roboflow/Data/downloads/roboflow_chicken_pose/train/labels/949_jpg.rf.6b59239f39a80dd2363a4f9a9fb0bafb.txt,949,train,train,12,3|6|3
../Data/downloads/Roboflow/Data/downloads/roboflow_chicken_pose/train/images/94_jpg.rf.ec81d48e62b4adcfeaa5235bc718f7fd.jpg,../Data/downloads/Roboflow/Data/downloads/roboflow_chicken_pose/train/labels/94_jpg.rf.ec81d48e62b4adcfeaa5235bc718f7fd.txt,94,train,train,12,0|1|11
../Data/downloads/Roboflow/Data/downloads/roboflow_chicken_pose/train/images/950_jpg.rf.73e337da5c13e125988cf500ea325df5.jpg,../Data/downloads/Roboflow/Data/downloads/roboflow_chicken_pose/train/labels/950_jpg.rf.73e337da5c13e125988cf500ea325df5.txt,950,train,train,12,3|3|6
../Data/downloads/Roboflow/Data/downloads/roboflow_chicken_pose/train/images/951_jpg.rf.c9c47758989ffe6883d457846e11c15d.jpg,../Data/downloads/Roboflow/Data/downloads/roboflow_chicken_pose/train/labels/951_jpg.rf.c9c47758989ffe6883d457846e11c15d.txt,951,train,test,12,1|4|7
../Data/downloads/Roboflow/Data/downloads/roboflow_chicken_pose/train/images/952_jpg.rf.739519d2dcf3b9a9fb941dfde1aec82f.jpg,../Data/downloads/Roboflow/Data/downloads/roboflow_chicken_pose/train/labels/952_jpg.rf.739519d2dcf3b9a9fb941dfde1aec82f.txt,952,train,val,12,5|5|2
../Data/downloads/Roboflow/Data/downloads/roboflow_chicken_pose/train/images/953_jpg.rf.21707d6fa9e09536ef864206fcea3c6b.jpg,../Data/downloads/Roboflow/Data/downloads/roboflow_chicken_pose/train/labels/953_jpg.rf.21707d6fa9e09536ef864206fcea3c6b.txt,953,train,train,12,6|2|4
../Data/downloads/Roboflow/Data/downloads/roboflow_chicken_pose/train/images/955_jpg.rf.8f1277fd8c7aa7075c3f64ad35fd6c70.jpg,../Data/downloads/Roboflow/Data/downloads/roboflow_chicken_pose/train/labels/955_jpg.rf.8f1277fd8c7aa7075c3f64ad35fd6c70.txt,955,train,val,12,2|5|5
../Data/downloads/Roboflow/Data/downloads/roboflow_chicken_pose/train/images/956_jpg.rf.8faae1e618deba9bff7f7a0cc24fbedf.jpg,../Data/downloads/Roboflow/Data/downloads/roboflow_chicken_pose/train/labels/956_jpg.rf.8faae1e618deba9bff7f7a0cc24fbedf.txt,956,train,train,12,1|4|7
../Data/downloads/Roboflow/Data/downloads/roboflow_chicken_pose/train/images/957_jpg.rf.394f2a26ed85dabdce95d0c3f289cdd2.jpg,../Data/downloads/Roboflow/Data/downloads/roboflow_chicken_pose/train/labels/957_jpg.rf.394f2a26ed85dabdce95d0c3f289cdd2.txt,957,train,train,12,5|5|2
../Data/downloads/Roboflow/Data/downloads/roboflow_chicken_pose/train/images/958_jpg.rf.123be50d106f5f4c666f37408f5ea4d6.jpg,../Data/downloads/Roboflow/Data/downloads/roboflow_chicken_pose/train/labels/958_jpg.rf.123be50d106f5f4c666f37408f5ea4d6.txt,958,train,train,12,4|6|2
../Data/downloads/Roboflow/Data/downloads/roboflow_chicken_pose/train/images/959_jpg.rf.b117ef9855e158a85e34e3928b2187f0.jpg,../Data/downloads/Roboflow/Data/downloads/roboflow_chicken_pose/train/labels/959_jpg.rf.b117ef9855e158a85e34e3928b2187f0.txt,959,train,train,12,3|5|4
../Data/downloads/Roboflow/Data/downloads/roboflow_chicken_pose/train/images/95_jpg.rf.8c9128f359d12151ac66008515454ad8.jpg,../Data/downloads/Roboflow/Data/downloads/roboflow_chicken_pose/train/labels/95_jpg.rf.8c9128f359d12151ac66008515454ad8.txt,95,train,val,12,2|3|7
../Data/downloads/Roboflow/Data/downloads/roboflow_chicken_pose/train/images/960_jpg.rf.0aab527308787ddc862b2ca0bd787b7d.jpg,../Data/downloads/Roboflow/Data/downloads/roboflow_chicken_pose/train/labels/960_jpg.rf.0aab527308787ddc862b2ca0bd787b7d.txt,960,train,test,12,3|4|5
../Data/downloads/Roboflow/Data/downloads/roboflow_chicken_pose/train/images/961_jpg.rf.ecf6d2f2e7e2e7875331aaba1b0d321b.jpg,../Data/downloads/Roboflow/Data/downloads/roboflow_chicken_pose/train/labels/961_jpg.rf.ecf6d2f2e7e2e7875331aaba1b0d321b.txt,961,train,train,12,0|5|7
../Data/downloads/Roboflow/Data/downloads/roboflow_chicken_pose/train/images/962_jpg.rf.00e2c971a14fcd568ebbc7023a06abfe.jpg,../Data/downloads/Roboflow/Data/downloads/roboflow_chicken_pose/train/labels/962_jpg.rf.00e2c971a14fcd568ebbc7023a06abfe.txt,962,train,train,12,3|3|6
../Data/downloads/Roboflow/Data/downloads/roboflow_chicken_pose/train/images/964_jpg.rf.a8103bfedb302a1daa1dfd26f69d3171.jpg,../Data/downloads/Roboflow/Data/downloads/roboflow_chicken_pose/train/labels/964_jpg.rf.a8103bfedb302a1daa1dfd26f69d3171.txt,964,train,train,12,3|5|4
../Data/downloads/Roboflow/Data/downloads/roboflow_chicken_pose/train/images/965_jpg.rf.7d2353cffe1aaf723b967ce3b487d922.jpg,../Data/downloads/Roboflow/Data/downloads/roboflow_chicken_pose/train/labels/965_jpg.rf.7d2353cffe1aaf723b967ce3b487d922.txt,965,train,train,12,3|9|0
../Data/downloads/Roboflow/Data/downloads/roboflow_chicken_pose/train/images/967_jpg.rf.67cf53b9476c8013566cd5776c3d5ee3.jpg,../Data/downloads/Roboflow/Data/downloads/roboflow_chicken_pose/train/labels/967_jpg.rf.67cf53b9476c8013566cd5776c3d5ee3.txt,967,train,test,11,3|6|2
../Data/downloads/Roboflow/Data/downloads/roboflow_chicken_pose/train/images/968_jpg.rf.e1128a740f5c57809e3e351179d7e94e.jpg,../Data/downloads/Roboflow/Data/downloads/roboflow_chicken_pose/train/labels/968_jpg.rf.e1128a740f5c57809e3e351179d7e94e.txt,968,train,train,12,2|3|7
../Data/downloads/Roboflow/Data/downloads/roboflow_chicken_pose/train/images/969_jpg.rf.93ad560b4bf92586630a69f597061fcc.jpg,../Data/downloads/Roboflow/Data/downloads/roboflow_chicken_pose/train/labels/969_jpg.rf.93ad560b4bf92586630a69f597061fcc.txt,969,train,train,12,9|2|1
../Data/downloads/Roboflow/Data/downloads/roboflow_chicken_pose/train/images/96_jpg.rf.a920fd9d3d378399f3d0f8fe2aa94efe.jpg,../Data/downloads/Roboflow/Data/downloads/roboflow_chicken_pose/train/labels/96_jpg.rf.a920fd9d3d378399f3d0f8fe2aa94efe.txt,96,train,train,12,4|4|4
../Data/downloads/Roboflow/Data/downloads/roboflow_chicken_pose/train/images/971_jpg.rf.1925fb24056f0cc0fb1dfebf6e40675a.jpg,../Data/downloads/Roboflow/Data/downloads/roboflow_chicken_pose/train/labels/971_jpg.rf.1925fb24056f0cc0fb1dfebf6e40675a.txt,971,train,train,12,2|3|7
../Data/downloads/Roboflow/Data/downloads/roboflow_chicken_pose/train/images/972_jpg.rf.62a011975f13b88b2e4bafadd0791d1c.jpg,../Data/downloads/Roboflow/Data/downloads/roboflow_chicken_pose/train/labels/972_jpg.rf.62a011975f13b88b2e4bafadd0791d1c.txt,972,train,train,11,4|6|1
../Data/downloads/Roboflow/Data/downloads/roboflow_chicken_pose/train/images/974_jpg.rf.1eb4010fb8558cf98510cd2195d2a3ba.jpg,../Data/downloads/Roboflow/Data/downloads/roboflow_chicken_pose/train/labels/974_jpg.rf.1eb4010fb8558cf98510cd2195d2a3ba.txt,974,train,train,12,7|2|3
../Data/downloads/Roboflow/Data/downloads/roboflow_chicken_pose/train/images/975_jpg.rf.2b7da07722083796f0d1280b7be6a347.jpg,../Data/downloads/Roboflow/Data/downloads/roboflow_chicken_pose/train/labels/975_jpg.rf.2b7da07722083796f0d1280b7be6a347.txt,975,train,test,12,4|6|2
../Data/downloads/Roboflow/Data/downloads/roboflow_chicken_pose/train/images/977_jpg.rf.2f861aaf70b99022d50e22a11a7a0373.jpg,../Data/downloads/Roboflow/Data/downloads/roboflow_chicken_pose/train/labels/977_jpg.rf.2f861aaf70b99022d50e22a11a7a0373.txt,977,train,train,12,2|5|5
../Data/downloads/Roboflow/Data/downloads/roboflow_chicken_pose/train/images/978_jpg.rf.74c6e3fc44dae7a2e807e044e88c6e1e.jpg,../Data/downloads/Roboflow/Data/downloads/roboflow_chicken_pose/train/labels/978_jpg.rf.74c6e3fc44dae7a2e807e044e88c6e1e.txt,978,train,train,12,5|3|4
../Data/downloads/Roboflow/Data/downloads/roboflow_chicken_pose/train/images/97_jpg.rf.63657255811ee741076b79108c2a0517.jpg,../Data/downloads/Roboflow/Data/downloads/roboflow_chicken_pose/train/labels/97_jpg.rf.63657255811ee741076b79108c2a0517.txt,97,train,train,12,1|1|10
../Data/downloads/Roboflow/Data/downloads/roboflow_chicken_pose/train/images/982_jpg.rf.69eb6e283c08cac4e7e6d88ca1e1190d.jpg,../Data/downloads/Roboflow/Data/downloads/roboflow_chicken_pose/train/labels/982_jpg.rf.69eb6e283c08cac4e7e6d88ca1e1190d.txt,982,train,test,12,7|1|4
../Data/downloads/Roboflow/Data/downloads/roboflow_chicken_pose/train/images/983_jpg.rf.e4175f0f91f2722f8f6d6c0870376d4f.jpg,../Data/downloads/Roboflow/Data/downloads/roboflow_chicken_pose/train/labels/983_jpg.rf.e4175f0f91f2722f8f6d6c0870376d4f.txt,983,train,train,12,4|3|5
../Data/downloads/Roboflow/Data/downloads/roboflow_chicken_pose/train/images/984_jpg.rf.25346f717db426416c874be701a16d12.jpg,../Data/downloads/Roboflow/Data/downloads/roboflow_chicken_pose/train/labels/984_jpg.rf.25346f717db426416c874be701a16d12.txt,984,train,val,12,1|6|5
../Data/downloads/Roboflow/Data/downloads/roboflow_chicken_pose/train/images/986_jpg.rf.76fed9f16f09b8a17a528246a990d9c4.jpg,../Data/downloads/Roboflow/Data/downloads/roboflow_chicken_pose/train/labels/986_jpg.rf.76fed9f16f09b8a17a528246a990d9c4.txt,986,train,val,12,3|1|8
../Data/downloads/Roboflow/Data/downloads/roboflow_chicken_pose/train/images/987_jpg.rf.61ccdf290d1ee923c72daf7b98289da8.jpg,../Data/downloads/Roboflow/Data/downloads/roboflow_chicken_pose/train/labels/987_jpg.rf.61ccdf290d1ee923c72daf7b98289da8.txt,987,train,train,12,3|7|2
../Data/downloads/Roboflow/Data/downloads/roboflow_chicken_pose/train/images/988_jpg.rf.88a2708fe3642fd252e5704fd9941de0.jpg,../Data/downloads/Roboflow/Data/downloads/roboflow_chicken_pose/train/labels/988_jpg.rf.88a2708fe3642fd252e5704fd9941de0.txt,988,train,train,12,7|2|3
../Data/downloads/Roboflow/Data/downloads/roboflow_chicken_pose/train/images/989_jpg.rf.19f8a2e9851bcfebffc79f38e04909af.jpg,../Data/downloads/Roboflow/Data/downloads/roboflow_chicken_pose/train/labels/989_jpg.rf.19f8a2e9851bcfebffc79f38e04909af.txt,989,train,test,12,5|3|4
../Data/downloads/Roboflow/Data/downloads/roboflow_chicken_pose/train/images/98_jpg.rf.e86652ed7f75cea6d0960eb2484801c5.jpg,../Data/downloads/Roboflow/Data/downloads/roboflow_chicken_pose/train/labels/98_jpg.rf.e86652ed7f75cea6d0960eb2484801c5.txt,98,train,train,12,3|2|7
../Data/downloads/Roboflow/Data/downloads/roboflow_chicken_pose/train/images/991_jpg.rf.82c91d5199492909be74d2699d0de698.jpg,../Data/downloads/Roboflow/Data/downloads/roboflow_chicken_pose/train/labels/991_jpg.rf.82c91d5199492909be74d2699d0de698.txt,991,train,train,12,3|3|6
../Data/downloads/Roboflow/Data/downloads/roboflow_chicken_pose/train/images/992_jpg.rf.f2c8680aa88b96b890a997cfb785b28b.jpg,../Data/downloads/Roboflow/Data/downloads/roboflow_chicken_pose/train/labels/992_jpg.rf.f2c8680aa88b96b890a997cfb785b28b.txt,992,train,train,12,2|3|7
../Data/downloads/Roboflow/Data/downloads/roboflow_chicken_pose/train/images/993_jpg.rf.8e9714a7b5a2158f7bfea51be8961936.jpg,../Data/downloads/Roboflow/Data/downloads/roboflow_chicken_pose/train/labels/993_jpg.rf.8e9714a7b5a2158f7bfea51be8961936.txt,993,train,train,12,6|2|4
../Data/downloads/Roboflow/Data/downloads/roboflow_chicken_pose/train/images/994_jpg.rf.9643c185f8bd80ab9ca78e366e68bf94.jpg,../Data/downloads/Roboflow/Data/downloads/roboflow_chicken_pose/train/labels/994_jpg.rf.9643c185f8bd80ab9ca78e366e68bf94.txt,994,train,train,12,3|1|8
../Data/downloads/Roboflow/Data/downloads/roboflow_chicken_pose/train/images/995_jpg.rf.864f81620240bf7ba44abcd9efe27506.jpg,../Data/downloads/Roboflow/Data/downloads/roboflow_chicken_pose/train/labels/995_jpg.rf.864f81620240bf7ba44abcd9efe27506.txt,995,train,train,12,3|8|1
../Data/downloads/Roboflow/Data/downloads/roboflow_chicken_pose/train/images/996_jpg.rf.85588da3404e7c4a2667859de1090b38.jpg,../Data/downloads/Roboflow/Data/downloads/roboflow_chicken_pose/train/labels/996_jpg.rf.85588da3404e7c4a2667859de1090b38.txt,996,train,train,12,4|3|5
../Data/downloads/Roboflow/Data/downloads/roboflow_chicken_pose/train/images/997_jpg.rf.24139ddbf1b7e47dccafd9b187dbcd10.jpg,../Data/downloads/Roboflow/Data/downloads/roboflow_chicken_pose/train/labels/997_jpg.rf.24139ddbf1b7e47dccafd9b187dbcd10.txt,997,train,train,12,2|5|5
../Data/downloads/Roboflow/Data/downloads/roboflow_chicken_pose/train/images/998_jpg.rf.fc300908a4be72d61da68013b570c0d1.jpg,../Data/downloads/Roboflow/Data/downloads/roboflow_chicken_pose/train/labels/998_jpg.rf.fc300908a4be72d61da68013b570c0d1.txt,998,train,train,11,2|3|6
../Data/downloads/Roboflow/Data/downloads/roboflow_chicken_pose/train/images/999_jpg.rf.61be8bf9adc6f1962a7945631af1ed62.jpg,../Data/downloads/Roboflow/Data/downloads/roboflow_chicken_pose/train/labels/999_jpg.rf.61be8bf9adc6f1962a7945631af1ed62.txt,999,train,test,11,3|4|4
../Data/downloads/Roboflow/Data/downloads/roboflow_chicken_pose/train/images/99_jpg.rf.f1b3f36347d68c9b60c93e2bf75da23f.jpg,../Data/downloads/Roboflow/Data/downloads/roboflow_chicken_pose/train/labels/99_jpg.rf.f1b3f36347d68c9b60c93e2bf75da23f.txt,99,train,train,12,2|2|8
../Data/downloads/Roboflow/Data/downloads/roboflow_chicken_pose/train/images/9_jpg.rf.e1409f023083df0103d75f9a425343c5.jpg,../Data/downloads/Roboflow/Data/downloads/roboflow_chicken_pose/train/labels/9_jpg.rf.e1409f023083df0103d75f9a425343c5.txt,9,train,train,12,0|3|9
../Data/downloads/Roboflow/Data/downloads/roboflow_chicken_pose/valid/images/100030-1_png.rf.a4a2ea3e5bc6baffe88858c6412185c5.jpg,../Data/downloads/Roboflow/Data/downloads/roboflow_chicken_pose/valid/labels/100030-1_png.rf.a4a2ea3e5bc6baffe88858c6412185c5.txt,100030,valid,test,12,1|3|8
../Data/downloads/Roboflow/Data/downloads/roboflow_chicken_pose/valid/images/100030-3_png.rf.b8f792a37ed219d25f7a1449015a5423.jpg,../Data/downloads/Roboflow/Data/downloads/roboflow_chicken_pose/valid/labels/100030-3_png.rf.b8f792a37ed219d25f7a1449015a5423.txt,100030,valid,test,12,0|3|9
../Data/downloads/Roboflow/Data/downloads/roboflow_chicken_pose/valid/images/100927-1_png.rf.f6b1f59439a4904e73e244393be249c0.jpg,../Data/downloads/Roboflow/Data/downloads/roboflow_chicken_pose/valid/labels/100927-1_png.rf.f6b1f59439a4904e73e244393be249c0.txt,100927,valid,train,12,1|11|0
../Data/downloads/Roboflow/Data/downloads/roboflow_chicken_pose/valid/images/100_jpg.rf.e2a93bc4aba6f82b8960ed1b0fe838b0.jpg,../Data/downloads/Roboflow/Data/downloads/roboflow_chicken_pose/valid/labels/100_jpg.rf.e2a93bc4aba6f82b8960ed1b0fe838b0.txt,100,valid,train,12,0|10|2
../Data/downloads/Roboflow/Data/downloads/roboflow_chicken_pose/valid/images/1010_jpg.rf.4c69ec66e318312f72f4f9af2e01ebc6.jpg,../Data/downloads/Roboflow/Data/downloads/roboflow_chicken_pose/valid/labels/1010_jpg.rf.4c69ec66e318312f72f4f9af2e01ebc6.txt,1010,valid,train,12,5|6|1
../Data/downloads/Roboflow/Data/downloads/roboflow_chicken_pose/valid/images/101337-8_png.rf.8abc63f440dc64ba45a430e2287cddbc.jpg,../Data/downloads/Roboflow/Data/downloads/roboflow_chicken_pose/valid/labels/101337-8_png.rf.8abc63f440dc64ba45a430e2287cddbc.txt,101337,valid,train,12,1|4|7
../Data/downloads/Roboflow/Data/downloads/roboflow_chicken_pose/valid/images/102125-4-_png.rf.dbc606b2be181de4385b0e43c2598393.jpg,../Data/downloads/Roboflow/Data/downloads/roboflow_chicken_pose/valid/labels/102125-4-_png.rf.dbc606b2be181de4385b0e43c2598393.txt,102125-4-,valid,train,12,3|6|3
../Data/downloads/Roboflow/Data/downloads/roboflow_chicken_pose/valid/images/102501-11_png.rf.a2c1a2609388d847cbf6949388c7712d.jpg,../Data/downloads/Roboflow/Data/downloads/roboflow_chicken_pose/valid/labels/102501-11_png.rf.a2c1a2609388d847cbf6949388c7712d.txt,102501,valid,train,12,3|6|3
../Data/downloads/Roboflow/Data/downloads/roboflow_chicken_pose/valid/images/1036_jpg.rf.e026b96cd21e36e2c39ff35a7824a43c.jpg,../Data/downloads/Roboflow/Data/downloads/roboflow_chicken_pose/valid/labels/1036_jpg.rf.e026b96cd21e36e2c39ff35a7824a43c.txt,1036,valid,val,12,5|6|1
../Data/downloads/Roboflow/Data/downloads/roboflow_chicken_pose/valid/images/1038_jpg.rf.f72baaf2faf66e2948961c22ad60fa1f.jpg,../Data/downloads/Roboflow/Data/downloads/roboflow_chicken_pose/valid/labels/1038_jpg.rf.f72baaf2faf66e2948961c22ad60fa1f.txt,1038,valid,train,12,4|1|7
../Data/downloads/Roboflow/Data/downloads/roboflow_chicken_pose/valid/images/1044_jpg.rf.d6028553a0aa1c7d8e4c0ab93f657dea.jpg,../Data/downloads/Roboflow/Data/downloads/roboflow_chicken_pose/valid/labels/1044_jpg.rf.d6028553a0aa1c7d8e4c0ab93f657dea.txt,1044,valid,train,2,2|0|0
../Data/downloads/Roboflow/Data/downloads/roboflow_chicken_pose/valid/images/1059_jpg.rf.d0f353a22ac2a4b4ab039c93fd5e2d2d.jpg,../Data/downloads/Roboflow/Data/downloads/roboflow_chicken_pose/valid/labels/1059_jpg.rf.d0f353a22ac2a4b4ab039c93fd5e2d2d.txt,1059,valid,test,3,3|0|0
../Data/downloads/Roboflow/Data/downloads/roboflow_chicken_pose/valid/images/1066_jpg.rf.d90835ca081b1c092a38bc5ea9f1de57.jpg,../Data/downloads/Roboflow/Data/downloads/roboflow_chicken_pose/valid/labels/1066_jpg.rf.d90835ca081b1c092a38bc5ea9f1de57.txt,1066,valid,test,3,3|0|0
../Data/downloads/Roboflow/Data/downloads/roboflow_chicken_pose/valid/images/1076_jpg.rf.49bdac8153ce7aa78f0ed2c91f939352.jpg,../Data/downloads/Roboflow/Data/downloads/roboflow_chicken_pose/valid/labels/1076_jpg.rf.49bdac8153ce7aa78f0ed2c91f939352.txt,1076,valid,val,3,3|0|0
../Data/downloads/Roboflow/Data/downloads/roboflow_chicken_pose/valid/images/1103_jpg.rf.bb12bab2c51e208db22e2dd89b3efd53.jpg,../Data/downloads/Roboflow/Data/downloads/roboflow_chicken_pose/valid/labels/1103_jpg.rf.bb12bab2c51e208db22e2dd89b3efd53.txt,1103,valid,train,4,4|0|0
../Data/downloads/Roboflow/Data/downloads/roboflow_chicken_pose/valid/images/1109_jpg.rf.5bb0a7469e9ea4fea2c6a053265ae091.jpg,../Data/downloads/Roboflow/Data/downloads/roboflow_chicken_pose/valid/labels/1109_jpg.rf.5bb0a7469e9ea4fea2c6a053265ae091.txt,1109,valid,train,2,2|0|0
../Data/downloads/Roboflow/Data/downloads/roboflow_chicken_pose/valid/images/111416-13_png.rf.6458ba0f17b201ec2014f4568bc018d3.jpg,../Data/downloads/Roboflow/Data/downloads/roboflow_chicken_pose/valid/labels/111416-13_png.rf.6458ba0f17b201ec2014f4568bc018d3.txt,111416,valid,train,12,2|6|4
../Data/downloads/Roboflow/Data/downloads/roboflow_chicken_pose/valid/images/1122_jpg.rf.24d84f9cb72db228e72b1adb6862befc.jpg,../Data/downloads/Roboflow/Data/downloads/roboflow_chicken_pose/valid/labels/1122_jpg.rf.24d84f9cb72db228e72b1adb6862befc.txt,1122,valid,train,3,3|0|0
../Data/downloads/Roboflow/Data/downloads/roboflow_chicken_pose/valid/images/1125_jpg.rf.62df1e5be2522a694c1b0b2492a576d2.jpg,../Data/downloads/Roboflow/Data/downloads/roboflow_chicken_pose/valid/labels/1125_jpg.rf.62df1e5be2522a694c1b0b2492a576d2.txt,1125,valid,train,6,6|0|0
../Data/downloads/Roboflow/Data/downloads/roboflow_chicken_pose/valid/images/1135_jpg.rf.3f0ad22031e3814b5fe193c2f848c374.jpg,../Data/downloads/Roboflow/Data/downloads/roboflow_chicken_pose/valid/labels/1135_jpg.rf.3f0ad22031e3814b5fe193c2f848c374.txt,1135,valid,train,2,2|0|0
../Data/downloads/Roboflow/Data/downloads/roboflow_chicken_pose/valid/images/114_jpg.rf.77db267c282b6241e7cbdf0d091b6d03.jpg,../Data/downloads/Roboflow/Data/downloads/roboflow_chicken_pose/valid/labels/114_jpg.rf.77db267c282b6241e7cbdf0d091b6d03.txt,114,valid,test,12,4|4|4
../Data/downloads/Roboflow/Data/downloads/roboflow_chicken_pose/valid/images/1152_jpg.rf.c5b533485c8e1ed1ea84a215f83d8787.jpg,../Data/downloads/Roboflow/Data/downloads/roboflow_chicken_pose/valid/labels/1152_jpg.rf.c5b533485c8e1ed1ea84a215f83d8787.txt,1152,valid,val,3,3|0|0
../Data/downloads/Roboflow/Data/downloads/roboflow_chicken_pose/valid/images/1160_jpg.rf.119d831b7a7a12dd9e6b33b961ff9be1.jpg,../Data/downloads/Roboflow/Data/downloads/roboflow_chicken_pose/valid/labels/1160_jpg.rf.119d831b7a7a12dd9e6b33b961ff9be1.txt,1160,valid,train,2,2|0|0
../Data/downloads/Roboflow/Data/downloads/roboflow_chicken_pose/valid/images/1165_jpg.rf.bc31dde72934ed17090fd75c541e2201.jpg,../Data/downloads/Roboflow/Data/downloads/roboflow_chicken_pose/valid/labels/1165_jpg.rf.bc31dde72934ed17090fd75c541e2201.txt,1165,valid,train,4,4|0|0
../Data/downloads/Roboflow/Data/downloads/roboflow_chicken_pose/valid/images/1181_jpg.rf.b0edcaaf298c83ac843928dddc483deb.jpg,../Data/downloads/Roboflow/Data/downloads/roboflow_chicken_pose/valid/labels/1181_jpg.rf.b0edcaaf298c83ac843928dddc483deb.txt,1181,valid,train,5,5|0|0
../Data/downloads/Roboflow/Data/downloads/roboflow_chicken_pose/valid/images/1193_jpg.rf.fb4ad2c721180185de772814b1bc2092.jpg,../Data/downloads/Roboflow/Data/downloads/roboflow_chicken_pose/valid/labels/1193_jpg.rf.fb4ad2c721180185de772814b1bc2092.txt,1193,valid,val,12,0|6|6
../Data/downloads/Roboflow/Data/downloads/roboflow_chicken_pose/valid/images/1195_jpg.rf.70a6c9c097a3448b1177bda3417e4aba.jpg,../Data/downloads/Roboflow/Data/downloads/roboflow_chicken_pose/valid/labels/1195_jpg.rf.70a6c9c097a3448b1177bda3417e4aba.txt,1195,valid,train,3,3|0|0
../Data/downloads/Roboflow/Data/downloads/roboflow_chicken_pose/valid/images/1197_jpg.rf.e252a03790221503712c1ac0b12d1f93.jpg,../Data/downloads/Roboflow/Data/downloads/roboflow_chicken_pose/valid/labels/1197_jpg.rf.e252a03790221503712c1ac0b12d1f93.txt,1197,valid,train,2,2|0|0
../Data/downloads/Roboflow/Data/downloads/roboflow_chicken_pose/valid/images/119_jpg.rf.076efbbce97990901d5aba65950d5fcc.jpg,../Data/downloads/Roboflow/Data/downloads/roboflow_chicken_pose/valid/labels/119_jpg.rf.076efbbce97990901d5aba65950d5fcc.txt,119,valid,train,12,3|5|4
../Data/downloads/Roboflow/Data/downloads/roboflow_chicken_pose/valid/images/120828-2_png.rf.77a6c0f5a554bb758f3ea6f38b7919bc.jpg,../Data/downloads/Roboflow/Data/downloads/roboflow_chicken_pose/valid/labels/120828-2_png.rf.77a6c0f5a554bb758f3ea6f38b7919bc.txt,120828,valid,test,12,0|6|6
../Data/downloads/Roboflow/Data/downloads/roboflow_chicken_pose/valid/images/120910-1-_png.rf.c28f345cf15e36870fdcd41f74e35b56.jpg,../Data/downloads/Roboflow/Data/downloads/roboflow_chicken_pose/valid/labels/120910-1-_png.rf.c28f345cf15e36870fdcd41f74e35b56.txt,120910-1-,valid,train,12,5|5|2
../Data/downloads/Roboflow/Data/downloads/roboflow_chicken_pose/valid/images/120910-14-_png.rf.4e03322583ace5e98b6652fd2cb32fa7.jpg,../Data/downloads/Roboflow/Data/downloads/roboflow_chicken_pose/valid/labels/120910-14-_png.rf.4e03322583ace5e98b6652fd2cb32fa7.txt,120910-14-,valid,train,12,2|10|0
../Data/downloads/Roboflow/Data/downloads/roboflow_chicken_pose/valid/images/120910-9-_png.rf.e701ed170627a44a0f7946a0528b7a5a.jpg,../Data/downloads/Roboflow/Data/downloads/roboflow_chicken_pose/valid/labels/120910-9-_png.rf.e701ed170627a44a0f7946a0528b7a5a.txt,120910-9-,valid,train,12,6|5|1
../Data/downloads/Roboflow/Data/downloads/roboflow_chicken_pose/valid/images/1212_jpg.rf.7e5b44347cfcda1054a9bf0af491bdf0.jpg,../Data/downloads/Roboflow/Data/downloads/roboflow_chicken_pose/valid/labels/1212_jpg.rf.7e5b44347cfcda1054a9bf0af491bdf0.txt,1212,valid,train,1,1|0|0
../Data/downloads/Roboflow/Data/downloads/roboflow_chicken_pose/valid/images/121617-3_png.rf.6cc1886f4838130d33493fe684434bfd.jpg,../Data/downloads/Roboflow/Data/downloads/roboflow_chicken_pose/valid/labels/121617-3_png.rf.6cc1886f4838130d33493fe684434bfd.txt,121617,valid,train,12,1|7|4
../Data/downloads/Roboflow/Data/downloads/roboflow_chicken_pose/valid/images/121617-6_png.rf.89f4e1dd0059f737abf40a5337aa1255.jpg,../Data/downloads/Roboflow/Data/downloads/roboflow_chicken_pose/valid/labels/121617-6_png.rf.89f4e1dd0059f737abf40a5337aa1255.txt,121617,valid,train,13,0|9|4
../Data/downloads/Roboflow/Data/downloads/roboflow_chicken_pose/valid/images/121617-7_png.rf.fd5779410b914455dc30ada61bcde33f.jpg,../Data/downloads/Roboflow/Data/downloads/roboflow_chicken_pose/valid/labels/121617-7_png.rf.fd5779410b914455dc30ada61bcde33f.txt,121617,valid,train,12,3|7|2
../Data/downloads/Roboflow/Data/downloads/roboflow_chicken_pose/valid/images/1217_jpg.rf.c1644dc7c03ae261b081cdd494530a3e.jpg,../Data/downloads/Roboflow/Data/downloads/roboflow_chicken_pose/valid/labels/1217_jpg.rf.c1644dc7c03ae261b081cdd494530a3e.txt,1217,valid,val,2,2|0|0
../Data/downloads/Roboflow/Data/downloads/roboflow_chicken_pose/valid/images/121817-2_png.rf.28e03dd5393c2270ed2ff597c473001d.jpg,../Data/downloads/Roboflow/Data/downloads/roboflow_chicken_pose/valid/labels/121817-2_png.rf.28e03dd5393c2270ed2ff597c473001d.txt,121817,valid,train,12,5|2|5
../Data/downloads/Roboflow/Data/downloads/roboflow_chicken_pose/valid/images/121833-10-_png.rf.1a6695f18b6bceef19214d34855110a1.jpg,../Data/downloads/Roboflow/Data/downloads/roboflow_chicken_pose/valid/labels/121833-10-_png.rf.1a6695f18b6bceef19214d34855110a1.txt,121833-10-,valid,train,13,4|4|5
../Data/downloads/Roboflow/Data/downloads/roboflow_chicken_pose/valid/images/121833-13-_png.rf.c2e7c786efed28673b9aa6cadcf0044a.jpg,../Data/downloads/Roboflow/Data/downloads/roboflow_chicken_pose/valid/labels/121833-13-_png.rf.c2e7c786efed28673b9aa6cadcf0044a.txt,121833-13-,valid,val,12,0|8|4
../Data/downloads/Roboflow/Data/downloads/roboflow_chicken_pose/valid/images/121833-6-_png.rf.ba73b43de755de2040b4d1fba710058c.jpg,../Data/downloads/Roboflow/Data/downloads/roboflow_chicken_pose/valid/labels/121833-6-_png.rf.ba73b43de755de2040b4d1fba710058c.txt,121833-6-,valid,val,12,3|4|5
../Data/downloads/Roboflow/Data/downloads/roboflow_chicken_pose/valid/images/121833-7-_png.rf.eb2aa95baa06004368ff358f43d2b320.jpg,../Data/downloads/Roboflow/Data/downloads/roboflow_chicken_pose/valid/labels/121833-7-_png.rf.eb2aa95baa06004368ff358f43d2b320.txt,121833-7-,valid,test,12,3|6|3
../Data/downloads/Roboflow/Data/downloads/roboflow_chicken_pose/valid/images/121_jpg.rf.117d0a3dbac89c8f2c08d6ce4d94b427.jpg,../Data/downloads/Roboflow/Data/downloads/roboflow_chicken_pose/valid/labels/121_jpg.rf.117d0a3dbac89c8f2c08d6ce4d94b427.txt,121,valid,train,12,3|5|4
../Data/downloads/Roboflow/Data/downloads/roboflow_chicken_pose/valid/images/122226-1-_png.rf.7197183ed6ad853e5fcc1a19cc0e60c5.jpg,../Data/downloads/Roboflow/Data/downloads/roboflow_chicken_pose/valid/labels/122226-1-_png.rf.7197183ed6ad853e5fcc1a19cc0e60c5.txt,122226-1-,valid,train,12,4|7|1
../Data/downloads/Roboflow/Data/downloads/roboflow_chicken_pose/valid/images/122226-15-_png.rf.86f7f1ca363a5fd950d1c7ae5b3cd752.jpg,../Data/downloads/Roboflow/Data/downloads/roboflow_chicken_pose/valid/labels/122226-15-_png.rf.86f7f1ca363a5fd950d1c7ae5b3cd752.txt,122226-15-,valid,train,12,4|6|2
../Data/downloads/Roboflow/Data/downloads/roboflow_chicken_pose/valid/images/122226-18-_png.rf.51b6f3d1748ac98d2ccafd030583aecf.jpg,../Data/downloads/Roboflow/Data/downloads/roboflow_chicken_pose/valid/labels/122226-18-_png.rf.51b6f3d1748ac98d2ccafd030583aecf.txt,122226-18-,valid,train,12,2|9|1
../Data/downloads/Roboflow/Data/downloads/roboflow_chicken_pose/valid/images/122226-8-_png.rf.8a702850a7371fd55e196f6a06eb5343.jpg,../Data/downloads/Roboflow/Data/downloads/roboflow_chicken_pose/valid/labels/122226-8-_png.rf.8a702850a7371fd55e196f6a06eb5343.txt,122226-8-,valid,train,12,6|1|5
../Data/downloads/Roboflow/Data/downloads/roboflow_chicken_pose/valid/images/1222262-1-_png.rf.e24dc4e94924c41716798cee3dd255a0.jpg,../Data/downloads/Roboflow/Data/downloads/roboflow_chicken_pose/valid/labels/1222262-1-_png.rf.e24dc4e94924c41716798cee3dd255a0.txt,1222262-1-,valid,val,12,1|6|5
../Data/downloads/Roboflow/Data/downloads/roboflow_chicken_pose/valid/images/122557-3_png.rf.9d30c5b0f1b3a411e8bfa22b6910909a.jpg,../Data/downloads/Roboflow/Data/downloads/roboflow_chicken_pose/valid/labels/122557-3_png.rf.9d30c5b0f1b3a411e8bfa22b6910909a.txt,122557,valid,val,12,4|6|2
../Data/downloads/Roboflow/Data/downloads/roboflow_chicken_pose/valid/images/123558-4_png.rf.1017775e2ee1ddd5a645b9e91f705cf6.jpg,../Data/downloads/Roboflow/Data/downloads/roboflow_chicken_pose/valid/labels/123558-4_png.rf.1017775e2ee1ddd5a645b9e91f705cf6.txt,123558,valid,train,12,2|3|7
../Data/downloads/Roboflow/Data/downloads/roboflow_chicken_pose/valid/images/130453-13-_png.rf.3cc2bdf1f310b788f04a7a36a3591101.jpg,../Data/downloads/Roboflow/Data/downloads/roboflow_chicken_pose/valid/labels/130453-13-_png.rf.3cc2bdf1f310b788f04a7a36a3591101.txt,130453-13-,valid,train,12,2|4|6
../Data/downloads/Roboflow/Data/downloads/roboflow_chicken_pose/valid/images/130453-4-_png.rf.87b63f470c31ab9368e39145f461f85a.jpg,../Data/downloads/Roboflow/Data/downloads/roboflow_chicken_pose/valid/labels/130453-4-_png.rf.87b63f470c31ab9368e39145f461f85a.txt,130453-4-,valid,train,12,5|5|2
../Data/downloads/Roboflow/Data/downloads/roboflow_chicken_pose/valid/images/130453-9-_png.rf.257e4456168a18755a6cbf573f219081.jpg,../Data/downloads/Roboflow/Data/downloads/roboflow_chicken_pose/valid/labels/130453-9-_png.rf.257e4456168a18755a6cbf573f219081.txt,130453-9-,valid,train,12,5|3|4
../Data/downloads/Roboflow/Data/downloads/roboflow_chicken_pose/valid/images/131053-6_png.rf.fa7199c4b1ccf54d8d4247d77b3ef853.jpg,../Data/downloads/Roboflow/Data/downloads/roboflow_chicken_pose/valid/labels/131053-6_png.rf.fa7199c4b1ccf54d8d4247d77b3ef853.txt,131053,valid,train,12,4|5|3
../Data/downloads/Roboflow/Data/downloads/roboflow_chicken_pose/valid/images/131621-1_png.rf.f33fe6367e029315ea52b7055d0e6adc.jpg,../Data/downloads/Roboflow/Data/downloads/roboflow_chicken_pose/valid/labels/131621-1_png.rf.f33fe6367e029315ea52b7055d0e6adc.txt,131621,valid,val,12,2|8|2
../Data/downloads/Roboflow/Data/downloads/roboflow_chicken_pose/valid/images/132755-3_png.rf.9fa5cd66ae96c1a56583d07a6cdb86e1.jpg,../Data/downloads/Roboflow/Data/downloads/roboflow_chicken_pose/valid/labels/132755-3_png.rf.9fa5cd66ae96c1a56583d07a6cdb86e1.txt,132755,valid,val,12,3|4|5
../Data/downloads/Roboflow/Data/downloads/roboflow_chicken_pose/valid/images/133713-6-_png.rf.c42aa5bdae5088fca291c863dcc8aa41.jpg,../Data/downloads/Roboflow/Data/downloads/roboflow_chicken_pose/valid/labels/133713-6-_png.rf.c42aa5bdae5088fca291c863dcc8aa41.txt,133713-6-,valid,train,12,4|6|2
../Data/downloads/Roboflow/Data/downloads/roboflow_chicken_pose/valid/images/138_jpg.rf.238ece66b7f2cdaeb77e50bde66e0f82.jpg,../Data/downloads/Roboflow/Data/downloads/roboflow_chicken_pose/valid/labels/138_jpg.rf.238ece66b7f2cdaeb77e50bde66e0f82.txt,138,valid,test,12,2|8|2
../Data/downloads/Roboflow/Data/downloads/roboflow_chicken_pose/valid/images/144125-13-_png.rf.15db8a38610f1ed70190f9e1e13de921.jpg,../Data/downloads/Roboflow/Data/downloads/roboflow_chicken_pose/valid/labels/144125-13-_png.rf.15db8a38610f1ed70190f9e1e13de921.txt,144125-13-,valid,train,12,4|8|0
../Data/downloads/Roboflow/Data/downloads/roboflow_chicken_pose/valid/images/144125-3-_png.rf.20bfdfbf90d5d0999e1dcb94f71384f5.jpg,../Data/downloads/Roboflow/Data/downloads/roboflow_chicken_pose/valid/labels/144125-3-_png.rf.20bfdfbf90d5d0999e1dcb94f71384f5.txt,144125-3-,valid,test,12,2|4|6
../Data/downloads/Roboflow/Data/downloads/roboflow_chicken_pose/valid/images/145632-4_png.rf.5b3a4f1e16e339931861fb8eed50dcaf.jpg,../Data/downloads/Roboflow/Data/downloads/roboflow_chicken_pose/valid/labels/145632-4_png.rf.5b3a4f1e16e339931861fb8eed50dcaf.txt,145632,valid,train,12,4|6|2
../Data/downloads/Roboflow/Data/downloads/roboflow_chicken_pose/valid/images/145632-5_png.rf.4cc8396e755e2f1e47d3fe94bfba90f8.jpg,../Data/downloads/Roboflow/Data/downloads/roboflow_chicken_pose/valid/labels/145632-5_png.rf.4cc8396e755e2f1e47d3fe94bfba90f8.txt,145632,valid,train,12,0|6|6
../Data/downloads/Roboflow/Data/downloads/roboflow_chicken_pose/valid/images/145632-8_png.rf.df1ac848cf49dfbb9b000fe653d0bd12.jpg,../Data/downloads/Roboflow/Data/downloads/roboflow_chicken_pose/valid/labels/145632-8_png.rf.df1ac848cf49dfbb9b000fe653d0bd12.txt,145632,valid,train,12,1|5|6
../Data/downloads/Roboflow/Data/downloads/roboflow_chicken_pose/valid/images/145_jpg.rf.1c435e1b73a0b7364107e0d280690e49.jpg,../Data/downloads/Roboflow/Data/downloads/roboflow_chicken_pose/valid/labels/145_jpg.rf.1c435e1b73a0b7364107e0d280690e49.txt,145,valid,train,12,1|3|8
../Data/downloads/Roboflow/Data/downloads/roboflow_chicken_pose/valid/images/160536-11-_png.rf.d39ef0f057c090b0cd50b98b7b3f35f4.jpg,../Data/downloads/Roboflow/Data/downloads/roboflow_chicken_pose/valid/labels/160536-11-_png.rf.d39ef0f057c090b0cd50b98b7b3f35f4.txt,160536-11-,valid,train,12,1|7|4
../Data/downloads/Roboflow/Data/downloads/roboflow_chicken_pose/valid/images/160536-15-_png.rf.e5681f36df3ac49f37cf2c3d9f02c3cd.jpg,../Data/downloads/Roboflow/Data/downloads/roboflow_chicken_pose/valid/labels/160536-15-_png.rf.e5681f36df3ac49f37cf2c3d9f02c3cd.txt,160536-15-,valid,train,12,2|5|5
../Data/downloads/Roboflow/Data/downloads/roboflow_chicken_pose/valid/images/160536-17-_png.rf.3aa194ba133b9175eead3bd373d63810.jpg,../Data/downloads/Roboflow/Data/downloads/roboflow_chicken_pose/valid/labels/160536-17-_png.rf.3aa194ba133b9175eead3bd373d63810.txt,160536-17-,valid,train,12,0|7|5
../Data/downloads/Roboflow/Data/downloads/roboflow_chicken_pose/valid/images/163517-2_png.rf.dd29cea846024154b0a6618031dc7241.jpg,../Data/downloads/Roboflow/Data/downloads/roboflow_chicken_pose/valid/labels/163517-2_png.rf.dd29cea846024154b0a6618031dc7241.txt,163517,valid,train,12,1|4|7
../Data/downloads/Roboflow/Data/downloads/roboflow_chicken_pose/valid/images/163517-4_png.rf.50528513b39920c15b74ab56b838e949.jpg,../Data/downloads/Roboflow/Data/downloads/roboflow_chicken_pose/valid/labels/163517-4_png.rf.50528513b39920c15b74ab56b838e949.txt,163517,valid,train,12,3|5|4
../Data/downloads/Roboflow/Data/downloads/roboflow_chicken_pose/valid/images/164045-10_png.rf.15f0badf646637ee059da306f2a1c1de.jpg,../Data/downloads/Roboflow/Data/downloads/roboflow_chicken_pose/valid/labels/164045-10_png.rf.15f0badf646637ee059da306f2a1c1de.txt,164045,valid,train,12,5|5|2
../Data/downloads/Roboflow/Data/downloads/roboflow_chicken_pose/valid/images/164045-12_png.rf.a0fd02587a11c8ca624debaf68a82a09.jpg,../Data/downloads/Roboflow/Data/downloads/roboflow_chicken_pose/valid/labels/164045-12_png.rf.a0fd02587a11c8ca624debaf68a82a09.txt,164045,valid,train,11,1|5|5
../Data/downloads/Roboflow/Data/downloads/roboflow_chicken_pose/valid/images/164045-1_png.rf.23e39abcd6a6d2cca906ecd2a21ae3f6.jpg,../Data/downloads/Roboflow/Data/downloads/roboflow_chicken_pose/valid/labels/164045-1_png.rf.23e39abcd6a6d2cca906ecd2a21ae3f6.txt,164045,valid,train,12,1|9|2
../Data/downloads/Roboflow/Data/downloads/roboflow_chicken_pose/valid/images/164139-1-_png.rf.216d5cc6b872cc5616ef6a01c0a78a6c.jpg,../Data/downloads/Roboflow/Data/downloads/roboflow_chicken_pose/valid/labels/164139-1-_png.rf.216d5cc6b872cc5616ef6a01c0a78a6c.txt,164139-1-,valid,train,12,2|7|3
../Data/downloads/Roboflow/Data/downloads/roboflow_chicken_pose/valid/images/164139-3-_png.rf.9f0c2f532951d38f3f33ce19bd652b7b.jpg,../Data/downloads/Roboflow/Data/downloads/roboflow_chicken_pose/valid/labels/164139-3-_png.rf.9f0c2f532951d38f3f33ce19bd652b7b.txt,164139-3-,valid,test,12,5|5|2
../Data/downloads/Roboflow/Data/downloads/roboflow_chicken_pose/valid/images/164139-4-_png.rf.5a9c53a8fa430336c012053a0b8b7323.jpg,../Data/downloads/Roboflow/Data/downloads/roboflow_chicken_pose/valid/labels/164139-4-_png.rf.5a9c53a8fa430336c012053a0b8b7323.txt,164139-4-,valid,train,12,2|4|6
../Data/downloads/Roboflow/Data/downloads/roboflow_chicken_pose/valid/images/164139-9_png.rf.bada2558ba24490a77eb923f1aff8951.jpg,../Data/downloads/Roboflow/Data/downloads/roboflow_chicken_pose/valid/labels/164139-9_png.rf.bada2558ba24490a77eb923f1aff8951.txt,164139,valid,train,12,3|5|4
../Data/downloads/Roboflow/Data/downloads/roboflow_chicken_pose/valid/images/164901-13_png.rf.bd068a073445a8ed469982de2dd121cc.jpg,../Data/downloads/Roboflow/Data/downloads/roboflow_chicken_pose/valid/labels/164901-13_png.rf.bd068a073445a8ed469982de2dd121cc.txt,164901,valid,train,12,1|6|5
../Data/downloads/Roboflow/Data/downloads/roboflow_chicken_pose/valid/images/164901-2_png.rf.df8655c2e2cd55908ae224b9ccefb61c.jpg,../Data/downloads/Roboflow/Data/downloads/roboflow_chicken_pose/valid/labels/164901-2_png.rf.df8655c2e2cd55908ae224b9ccefb61c.txt,164901,valid,train,12,3|2|7
../Data/downloads/Roboflow/Data/downloads/roboflow_chicken_pose/valid/images/164901-3_png.rf.b6fe7554f03a65eee868f4db0818b591.jpg,../Data/downloads/Roboflow/Data/downloads/roboflow_chicken_pose/valid/labels/164901-3_png.rf.b6fe7554f03a65eee868f4db0818b591.txt,164901,valid,train,12,5|7|0
../Data/downloads/Roboflow/Data/downloads/roboflow_chicken_pose/valid/images/164901-4_png.rf.de293c60b730dc4a62fa90127f3a4aff.jpg,../Data/downloads/Roboflow/Data/downloads/roboflow_chicken_pose/valid/labels/164901-4_png.rf.de293c60b730dc4a62fa90127f3a4aff.txt,164901,valid,train,12,3|4|5
../Data/downloads/Roboflow/Data/downloads/roboflow_chicken_pose/valid/images/164901-8_png.rf.7c2dace58af535fc183bfec4ab8d6964.jpg,../Data/downloads/Roboflow/Data/downloads/roboflow_chicken_pose/valid/labels/164901-8_png.rf.7c2dace58af535fc183bfec4ab8d6964.txt,164901,valid,train,12,5|6|1
../Data/downloads/Roboflow/Data/downloads/roboflow_chicken_pose/valid/images/165349-5_png.rf.a41ba348dde2466267bddabb568969f1.jpg,../Data/downloads/Roboflow/Data/downloads/roboflow_chicken_pose/valid/labels/165349-5_png.rf.a41ba348dde2466267bddabb568969f1.txt,165349,valid,train,12,2|8|2
../Data/downloads/Roboflow/Data/downloads/roboflow_chicken_pose/valid/images/166_jpg.rf.6eb62ddfb3cbf3409dfbadd29af893a7.jpg,../Data/downloads/Roboflow/Data/downloads/roboflow_chicken_pose/valid/labels/166_jpg.rf.6eb62ddfb3cbf3409dfbadd29af893a7.txt,166,valid,train,12,1|6|5
../Data/downloads/Roboflow/Data/downloads/roboflow_chicken_pose/valid/images/170156-4_png.rf.dd2dd39c3e8e709077e6c9980fb96b0d.jpg,../Data/downloads/Roboflow/Data/downloads/roboflow_chicken_pose/valid/labels/170156-4_png.rf.dd2dd39c3e8e709077e6c9980fb96b0d.txt,170156,valid,val,12,0|11|1
../Data/downloads/Roboflow/Data/downloads/roboflow_chicken_pose/valid/images/170156-8_png.rf.847a89e3eec4f589efee0a7f3014eb7a.jpg,../Data/downloads/Roboflow/Data/downloads/roboflow_chicken_pose/valid/labels/170156-8_png.rf.847a89e3eec4f589efee0a7f3014eb7a.txt,170156,valid,val,12,2|6|4
../Data/downloads/Roboflow/Data/downloads/roboflow_chicken_pose/valid/images/170442-11-_png.rf.6cb6bd42f6397a4ca9afc98e3a21268e.jpg,../Data/downloads/Roboflow/Data/downloads/roboflow_chicken_pose/valid/labels/170442-11-_png.rf.6cb6bd42f6397a4ca9afc98e3a21268e.txt,170442-11-,valid,val,12,1|9|2
../Data/downloads/Roboflow/Data/downloads/roboflow_chicken_pose/valid/images/170442-15-_png.rf.77db8b4e60dc57dee849e4296b260df0.jpg,../Data/downloads/Roboflow/Data/downloads/roboflow_chicken_pose/valid/labels/170442-15-_png.rf.77db8b4e60dc57dee849e4296b260df0.txt,170442-15-,valid,val,12,2|2|8
../Data/downloads/Roboflow/Data/downloads/roboflow_chicken_pose/valid/images/170442-2-_png.rf.5390721d7ad7cac8724700a3be04076a.jpg,../Data/downloads/Roboflow/Data/downloads/roboflow_chicken_pose/valid/labels/170442-2-_png.rf.5390721d7ad7cac8724700a3be04076a.txt,170442-2-,valid,test,12,3|4|5
../Data/downloads/Roboflow/Data/downloads/roboflow_chicken_pose/valid/images/170442-9-_png.rf.c20dd697c6eb7e94e8df932ad04b44fc.jpg,../Data/downloads/Roboflow/Data/downloads/roboflow_chicken_pose/valid/labels/170442-9-_png.rf.c20dd697c6eb7e94e8df932ad04b44fc.txt,170442-9-,valid,test,12,1|7|4
../Data/downloads/Roboflow/Data/downloads/roboflow_chicken_pose/valid/images/171057-14_png.rf.67eb4b3f3c93a4ab5e7f3db62117be27.jpg,../Data/downloads/Roboflow/Data/downloads/roboflow_chicken_pose/valid/labels/171057-14_png.rf.67eb4b3f3c93a4ab5e7f3db62117be27.txt,171057,valid,train,12,1|11|0
../Data/downloads/Roboflow/Data/downloads/roboflow_chicken_pose/valid/images/171057-3_png.rf.41a086db51a8fc8f7b07ee42f6cfacc6.jpg,../Data/downloads/Roboflow/Data/downloads/roboflow_chicken_pose/valid/labels/171057-3_png.rf.41a086db51a8fc8f7b07ee42f6cfacc6.txt,171057,valid,train,12,3|3|6
../Data/downloads/Roboflow/Data/downloads/roboflow_chicken_pose/valid/images/171057-9_png.rf.05d813a91fb177588f3ec6e6c23891a7.jpg,../Data/downloads/Roboflow/Data/downloads/roboflow_chicken_pose/valid/labels/171057-9_png.rf.05d813a91fb177588f3ec6e6c23891a7.txt,171057,valid,train,12,6|5|1
../Data/downloads/Roboflow/Data/downloads/roboflow_chicken_pose/valid/images/172301-12_png.rf.f2b8fd4ee1aa81abf3a4892ea1396f47.jpg,../Data/downloads/Roboflow/Data/downloads/roboflow_chicken_pose/valid/labels/172301-12_png.rf.f2b8fd4ee1aa81abf3a4892ea1396f47.txt,172301,valid,test,12,0|4|8
../Data/downloads/Roboflow/Data/downloads/roboflow_chicken_pose/valid/images/172301-7_png.rf.4300c5ec1af2051f2546c3a0134bebb9.jpg,../Data/downloads/Roboflow/Data/downloads/roboflow_chicken_pose/valid/labels/172301-7_png.rf.4300c5ec1af2051f2546c3a0134bebb9.txt,172301,valid,test,12,2|7|3
../Data/downloads/Roboflow/Data/downloads/roboflow_chicken_pose/valid/images/173529-14_png.rf.aafc311caca05330d9fb34638fbe8c84.jpg,../Data/downloads/Roboflow/Data/downloads/roboflow_chicken_pose/valid/labels/173529-14_png.rf.aafc311caca05330d9fb34638fbe8c84.txt,173529,valid,val,12,5|2|5
../Data/downloads/Roboflow/Data/downloads/roboflow_chicken_pose/valid/images/174713-1_png.rf.149bb5effe2a79b3fb514224a76a15ec.jpg,../Data/downloads/Roboflow/Data/downloads/roboflow_chicken_pose/valid/labels/174713-1_png.rf.149bb5effe2a79b3fb514224a76a15ec.txt,174713,valid,train,12,2|8|2
../Data/downloads/Roboflow/Data/downloads/roboflow_chicken_pose/valid/images/174713-3_png.rf.6af039dfa0add19c19ee970dd9a6d2a9.jpg,../Data/downloads/Roboflow/Data/downloads/roboflow_chicken_pose/valid/labels/174713-3_png.rf.6af039dfa0add19c19ee970dd9a6d2a9.txt,174713,valid,train,12,2|4|6
../Data/downloads/Roboflow/Data/downloads/roboflow_chicken_pose/valid/images/175131-5_png.rf.8a6f6339edeb66a2dfe907d3f83d3740.jpg,../Data/downloads/Roboflow/Data/downloads/roboflow_chicken_pose/valid/labels/175131-5_png.rf.8a6f6339edeb66a2dfe907d3f83d3740.txt,175131,valid,test,12,0|8|4
../Data/downloads/Roboflow/Data/downloads/roboflow_chicken_pose/valid/images/180_jpg.rf.0123fa4d7f7a157f04af4d0c260ebd8a.jpg,../Data/downloads/Roboflow/Data/downloads/roboflow_chicken_pose/valid/labels/180_jpg.rf.0123fa4d7f7a157f04af4d0c260ebd8a.txt,180,valid,train,12,4|5|3
../Data/downloads/Roboflow/Data/downloads/roboflow_chicken_pose/valid/images/184032-4-_png.rf.4e5810089a7fa16116fa2f27d11f98c5.jpg,../Data/downloads/Roboflow/Data/downloads/roboflow_chicken_pose/valid/labels/184032-4-_png.rf.4e5810089a7fa16116fa2f27d11f98c5.txt,184032-4-,valid,train,12,2|6|4
../Data/downloads/Roboflow/Data/downloads/roboflow_chicken_pose/valid/images/184032-6-_png.rf.95be55c36b8dfb475ac2c31f4cdd57e6.jpg,../Data/downloads/Roboflow/Data/downloads/roboflow_chicken_pose/valid/labels/184032-6-_png.rf.95be55c36b8dfb475ac2c31f4cdd57e6.txt,184032-6-,valid,val,12,1|8|3
../Data/downloads/Roboflow/Data/downloads/roboflow_chicken_pose/valid/images/200_jpg.rf.4505f02bc8fd4f0056599f0e7738ced1.jpg,../Data/downloads/Roboflow/Data/downloads/roboflow_chicken_pose/valid/labels/200_jpg.rf.4505f02bc8fd4f0056599f0e7738ced1.txt,200,valid,val,12,1|6|5
../Data/downloads/Roboflow/Data/downloads/roboflow_chicken_pose/valid/images/213_jpg.rf.f3a9bac6b017993c094def4d6c19ecc7.jpg,../Data/downloads/Roboflow/Data/downloads/roboflow_chicken_pose/valid/labels/213_jpg.rf.f3a9bac6b017993c094def4d6c19ecc7.txt,213,valid,val,12,3|3|6
../Data/downloads/Roboflow/Data/downloads/roboflow_chicken_pose/valid/images/219_jpg.rf.731edad6960cf45566ab290cf25e3bab.jpg,../Data/downloads/Roboflow/Data/downloads/roboflow_chicken_pose/valid/labels/219_jpg.rf.731edad6960cf45566ab290cf25e3bab.txt,219,valid,train,11,0|1|10
../Data/downloads/Roboflow/Data/downloads/roboflow_chicken_pose/valid/images/225_jpg.rf.9f24117af96a895aaefdb01507f960fb.jpg,../Data/downloads/Roboflow/Data/downloads/roboflow_chicken_pose/valid/labels/225_jpg.rf.9f24117af96a895aaefdb01507f960fb.txt,225,valid,train,11,1|1|9
../Data/downloads/Roboflow/Data/downloads/roboflow_chicken_pose/valid/images/234_jpg.rf.3a358fe0a3f50c34fcb793d2aba29d69.jpg,../Data/downloads/Roboflow/Data/downloads/roboflow_chicken_pose/valid/labels/234_jpg.rf.3a358fe0a3f50c34fcb793d2aba29d69.txt,234,valid,val,12,3|1|8
../Data/downloads/Roboflow/Data/downloads/roboflow_chicken_pose/valid/images/236_jpg.rf.941d41b7978341a2ce921e50362e4fa5.jpg,../Data/downloads/Roboflow/Data/downloads/roboflow_chicken_pose/valid/labels/236_jpg.rf.941d41b7978341a2ce921e50362e4fa5.txt,236,valid,val,12,3|2|7
../Data/downloads/Roboflow/Data/downloads/roboflow_chicken_pose/valid/images/241_jpg.rf.67a016ae2d9cf5ee7fd66edce7fcb6c8.jpg,../Data/downloads/Roboflow/Data/downloads/roboflow_chicken_pose/valid/labels/241_jpg.rf.67a016ae2d9cf5ee7fd66edce7fcb6c8.txt,241,valid,train,12,1|2|9
../Data/downloads/Roboflow/Data/downloads/roboflow_chicken_pose/valid/images/259_jpg.rf.97fc410da36f8ade57adc4be412fd311.jpg,../Data/downloads/Roboflow/Data/downloads/roboflow_chicken_pose/valid/labels/259_jpg.rf.97fc410da36f8ade57adc4be412fd311.txt,259,valid,val,12,0|8|4
../Data/downloads/Roboflow/Data/downloads/roboflow_chicken_pose/valid/images/265_jpg.rf.6db09e76a7e0ca9a38a1a944047d3ea9.jpg,../Data/downloads/Roboflow/Data/downloads/roboflow_chicken_pose/valid/labels/265_jpg.rf.6db09e76a7e0ca9a38a1a944047d3ea9.txt,265,valid,train,12,0|4|8
../Data/downloads/Roboflow/Data/downloads/roboflow_chicken_pose/valid/images/272_jpg.rf.760d640ff92a3206ae2f29c483d8d986.jpg,../Data/downloads/Roboflow/Data/downloads/roboflow_chicken_pose/valid/labels/272_jpg.rf.760d640ff92a3206ae2f29c483d8d986.txt,272,valid,train,12,1|7|4
../Data/downloads/Roboflow/Data/downloads/roboflow_chicken_pose/valid/images/283_jpg.rf.0ae944c1a907ce9861a1375e262a7cbe.jpg,../Data/downloads/Roboflow/Data/downloads/roboflow_chicken_pose/valid/labels/283_jpg.rf.0ae944c1a907ce9861a1375e262a7cbe.txt,283,valid,train,12,1|2|9
../Data/downloads/Roboflow/Data/downloads/roboflow_chicken_pose/valid/images/301_jpg.rf.4fcdba67438dfade6c888708a4e4cb87.jpg,../Data/downloads/Roboflow/Data/downloads/roboflow_chicken_pose/valid/labels/301_jpg.rf.4fcdba67438dfade6c888708a4e4cb87.txt,301,valid,train,12,1|8|3
../Data/downloads/Roboflow/Data/downloads/roboflow_chicken_pose/valid/images/322_jpg.rf.eeb4b9a633732f04f728f94d6ca81fb0.jpg,../Data/downloads/Roboflow/Data/downloads/roboflow_chicken_pose/valid/labels/322_jpg.rf.eeb4b9a633732f04f728f94d6ca81fb0.txt,322,valid,train,12,0|6|6
../Data/downloads/Roboflow/Data/downloads/roboflow_chicken_pose/valid/images/403_jpg.rf.b37a19216a4d05fa1b3cff1ff8579d20.jpg,../Data/downloads/Roboflow/Data/downloads/roboflow_chicken_pose/valid/labels/403_jpg.rf.b37a19216a4d05fa1b3cff1ff8579d20.txt,403,valid,train,12,4|5|3
../Data/downloads/Roboflow/Data/downloads/roboflow_chicken_pose/valid/images/430_jpg.rf.e3aa03fd88a946253853267ea1e1e2da.jpg,../Data/downloads/Roboflow/Data/downloads/roboflow_chicken_pose/valid/labels/430_jpg.rf.e3aa03fd88a946253853267ea1e1e2da.txt,430,valid,train,12,2|8|2
../Data/downloads/Roboflow/Data/downloads/roboflow_chicken_pose/valid/images/437_jpg.rf.0c9acbc1b259013b09f6c1d65099d004.jpg,../Data/downloads/Roboflow/Data/downloads/roboflow_chicken_pose/valid/labels/437_jpg.rf.0c9acbc1b259013b09f6c1d65099d004.txt,437,valid,val,11,1|4|6
../Data/downloads/Roboflow/Data/downloads/roboflow_chicken_pose/valid/images/446_jpg.rf.aa9264f868541a5eaed277c0994055fd.jpg,../Data/downloads/Roboflow/Data/downloads/roboflow_chicken_pose/valid/labels/446_jpg.rf.aa9264f868541a5eaed277c0994055fd.txt,446,valid,train,12,4|6|2
../Data/downloads/Roboflow/Data/downloads/roboflow_chicken_pose/valid/images/44_jpg.rf.4be08aeb67c434bc335c09d4aeedc065.jpg,../Data/downloads/Roboflow/Data/downloads/roboflow_chicken_pose/valid/labels/44_jpg.rf.4be08aeb67c434bc335c09d4aeedc065.txt,44,valid,test,11,2|5|4
../Data/downloads/Roboflow/Data/downloads/roboflow_chicken_pose/valid/images/450_jpg.rf.6b20491f3f458c4f8ba96441c24666d3.jpg,../Data/downloads/Roboflow/Data/downloads/roboflow_chicken_pose/valid/labels/450_jpg.rf.6b20491f3f458c4f8ba96441c24666d3.txt,450,valid,test,12,1|10|1
../Data/downloads/Roboflow/Data/downloads/roboflow_chicken_pose/valid/images/451_jpg.rf.08fc95282e89fdf9ad00e359dbd70236.jpg,../Data/downloads/Roboflow/Data/downloads/roboflow_chicken_pose/valid/labels/451_jpg.rf.08fc95282e89fdf9ad00e359dbd70236.txt,451,valid,train,12,3|4|5
../Data/downloads/Roboflow/Data/downloads/roboflow_chicken_pose/valid/images/455_jpg.rf.5d6d8db412744d8ffb5fce1ecd05b3a3.jpg,../Data/downloads/Roboflow/Data/downloads/roboflow_chicken_pose/valid/labels/455_jpg.rf.5d6d8db412744d8ffb5fce1ecd05b3a3.txt,455,valid,test,12,4|6|2
../Data/downloads/Roboflow/Data/downloads/roboflow_chicken_pose/valid/images/468_jpg.rf.70ea0caffd2e095c02ddef4df684037e.jpg,../Data/downloads/Roboflow/Data/downloads/roboflow_chicken_pose/valid/labels/468_jpg.rf.70ea0caffd2e095c02ddef4df684037e.txt,468,valid,train,12,4|6|2
../Data/downloads/Roboflow/Data/downloads/roboflow_chicken_pose/valid/images/477_jpg.rf.bc593fb99fb93994f9ef76392558d5bd.jpg,../Data/downloads/Roboflow/Data/downloads/roboflow_chicken_pose/valid/labels/477_jpg.rf.bc593fb99fb93994f9ef76392558d5bd.txt,477,valid,val,12,2|4|6
../Data/downloads/Roboflow/Data/downloads/roboflow_chicken_pose/valid/images/48_jpg.rf.2d20d620436aa3fd661206324cc94f8f.jpg,../Data/downloads/Roboflow/Data/downloads/roboflow_chicken_pose/valid/labels/48_jpg.rf.2d20d620436aa3fd661206324cc94f8f.txt,48,valid,val,11,0|2|9
../Data/downloads/Roboflow/Data/downloads/roboflow_chicken_pose/valid/images/496_jpg.rf.e03671e96f14afb557fec7e9e68be265.jpg,../Data/downloads/Roboflow/Data/downloads/roboflow_chicken_pose/valid/labels/496_jpg.rf.e03671e96f14afb557fec7e9e68be265.txt,496,valid,val,12,2|7|3
../Data/downloads/Roboflow/Data/downloads/roboflow_chicken_pose/valid/images/507_jpg.rf.6838410a35a47c8c1afe3691bbd4ae7d.jpg,../Data/downloads/Roboflow/Data/downloads/roboflow_chicken_pose/valid/labels/507_jpg.rf.6838410a35a47c8c1afe3691bbd4ae7d.txt,507,valid,train,12,3|3|6
../Data/downloads/Roboflow/Data/downloads/roboflow_chicken_pose/valid/images/50_jpg.rf.be6ee377228e16e8f7ff1bd5f183bbdf.jpg,../Data/downloads/Roboflow/Data/downloads/roboflow_chicken_pose/valid/labels/50_jpg.rf.be6ee377228e16e8f7ff1bd5f183bbdf.txt,50,valid,train,12,0|8|4
../Data/downloads/Roboflow/Data/downloads/roboflow_chicken_pose/valid/images/516_jpg.rf.6f963353eba1fb32e58ca68920574a8f.jpg,../Data/downloads/Roboflow/Data/downloads/roboflow_chicken_pose/valid/labels/516_jpg.rf.6f963353eba1fb32e58ca68920574a8f.txt,516,valid,train,12,5|2|5
../Data/downloads/Roboflow/Data/downloads/roboflow_chicken_pose/valid/images/51_jpg.rf.e2b6801612bf163dad67015d75022cc8.jpg,../Data/downloads/Roboflow/Data/downloads/roboflow_chicken_pose/valid/labels/51_jpg.rf.e2b6801612bf163dad67015d75022cc8.txt,51,valid,train,11,5|1|5
../Data/downloads/Roboflow/Data/downloads/roboflow_chicken_pose/valid/images/530_jpg.rf.cbcc3cabd3c65225d2268761369cb705.jpg,../Data/downloads/Roboflow/Data/downloads/roboflow_chicken_pose/valid/labels/530_jpg.rf.cbcc3cabd3c65225d2268761369cb705.txt,530,valid,train,12,2|7|3
../Data/downloads/Roboflow/Data/downloads/roboflow_chicken_pose/valid/images/553_jpg.rf.dcad2ccebaa79bcae264f9681326ed05.jpg,../Data/downloads/Roboflow/Data/downloads/roboflow_chicken_pose/valid/labels/553_jpg.rf.dcad2ccebaa79bcae264f9681326ed05.txt,553,valid,test,12,3|4|5
../Data/downloads/Roboflow/Data/downloads/roboflow_chicken_pose/valid/images/555_jpg.rf.5067c29858ba63cf0aa67d143e51e17e.jpg,../Data/downloads/Roboflow/Data/downloads/roboflow_chicken_pose/valid/labels/555_jpg.rf.5067c29858ba63cf0aa67d143e51e17e.txt,555,valid,train,12,5|5|2
../Data/downloads/Roboflow/Data/downloads/roboflow_chicken_pose/valid/images/557_jpg.rf.0e59c2e22c2c45af9d373a5b32190b4c.jpg,../Data/downloads/Roboflow/Data/downloads/roboflow_chicken_pose/valid/labels/557_jpg.rf.0e59c2e22c2c45af9d373a5b32190b4c.txt,557,valid,train,11,2|0|9
../Data/downloads/Roboflow/Data/downloads/roboflow_chicken_pose/valid/images/562_jpg.rf.23fe46db11d0fa1209512b4f03b73766.jpg,../Data/downloads/Roboflow/Data/downloads/roboflow_chicken_pose/valid/labels/562_jpg.rf.23fe46db11d0fa1209512b4f03b73766.txt,562,valid,test,12,7|2|3
../Data/downloads/Roboflow/Data/downloads/roboflow_chicken_pose/valid/images/566_jpg.rf.f85879208712a1c0655e6d3343e5c27d.jpg,../Data/downloads/Roboflow/Data/downloads/roboflow_chicken_pose/valid/labels/566_jpg.rf.f85879208712a1c0655e6d3343e5c27d.txt,566,valid,train,12,5|4|3
../Data/downloads/Roboflow/Data/downloads/roboflow_chicken_pose/valid/images/568_jpg.rf.8caaf300b9a73ffabf420664e6d2c5bf.jpg,../Data/downloads/Roboflow/Data/downloads/roboflow_chicken_pose/valid/labels/568_jpg.rf.8caaf300b9a73ffabf420664e6d2c5bf.txt,568,valid,val,12,1|8|3
../Data/downloads/Roboflow/Data/downloads/roboflow_chicken_pose/valid/images/572_jpg.rf.457e8c9535b33cb4a335cebce28a1f68.jpg,../Data/downloads/Roboflow/Data/downloads/roboflow_chicken_pose/valid/labels/572_jpg.rf.457e8c9535b33cb4a335cebce28a1f68.txt,572,valid,train,12,3|9|0
../Data/downloads/Roboflow/Data/downloads/roboflow_chicken_pose/valid/images/574_jpg.rf.9cb2b985dafe7aa529e1c5f045739238.jpg,../Data/downloads/Roboflow/Data/downloads/roboflow_chicken_pose/valid/labels/574_jpg.rf.9cb2b985dafe7aa529e1c5f045739238.txt,574,valid,train,12,1|8|3
../Data/downloads/Roboflow/Data/downloads/roboflow_chicken_pose/valid/images/576_jpg.rf.bd7ce033da220e12f7f97e631682d7e3.jpg,../Data/downloads/Roboflow/Data/downloads/roboflow_chicken_pose/valid/labels/576_jpg.rf.bd7ce033da220e12f7f97e631682d7e3.txt,576,valid,test,12,4|5|3
../Data/downloads/Roboflow/Data/downloads/roboflow_chicken_pose/valid/images/583_jpg.rf.ef6a16ae1ea347e5d34a5223c1a9bdf0.jpg,../Data/downloads/Roboflow/Data/downloads/roboflow_chicken_pose/valid/labels/583_jpg.rf.ef6a16ae1ea347e5d34a5223c1a9bdf0.txt,583,valid,train,12,3|5|4
../Data/downloads/Roboflow/Data/downloads/roboflow_chicken_pose/valid/images/602_jpg.rf.2bcee51586fc8e5504877c76cc088c71.jpg,../Data/downloads/Roboflow/Data/downloads/roboflow_chicken_pose/valid/labels/602_jpg.rf.2bcee51586fc8e5504877c76cc088c71.txt,602,valid,test,12,7|3|2
../Data/downloads/Roboflow/Data/downloads/roboflow_chicken_pose/valid/images/617_jpg.rf.5b1a03221ed01890b99e4d21d343e250.jpg,../Data/downloads/Roboflow/Data/downloads/roboflow_chicken_pose/valid/labels/617_jpg.rf.5b1a03221ed01890b99e4d21d343e250.txt,617,valid,train,12,5|3|4
../Data/downloads/Roboflow/Data/downloads/roboflow_chicken_pose/valid/images/640_jpg.rf.64b1534d3aa2069f6b601bd5ce65febf.jpg,../Data/downloads/Roboflow/Data/downloads/roboflow_chicken_pose/valid/labels/640_jpg.rf.64b1534d3aa2069f6b601bd5ce65febf.txt,640,valid,train,12,3|6|3
../Data/downloads/Roboflow/Data/downloads/roboflow_chicken_pose/valid/images/645_jpg.rf.b07341823babd2358d6db503ba4ee5ca.jpg,../Data/downloads/Roboflow/Data/downloads/roboflow_chicken_pose/valid/labels/645_jpg.rf.b07341823babd2358d6db503ba4ee5ca.txt,645,valid,train,12,8|2|2
../Data/downloads/Roboflow/Data/downloads/roboflow_chicken_pose/valid/images/660_jpg.rf.8d32afc2a7b7bfeafdb5d8a7fe084e4c.jpg,../Data/downloads/Roboflow/Data/downloads/roboflow_chicken_pose/valid/labels/660_jpg.rf.8d32afc2a7b7bfeafdb5d8a7fe084e4c.txt,660,valid,train,12,1|9|2
../Data/downloads/Roboflow/Data/downloads/roboflow_chicken_pose/valid/images/670_jpg.rf.114f45d6b8665bdd270372246ecfeb98.jpg,../Data/downloads/Roboflow/Data/downloads/roboflow_chicken_pose/valid/labels/670_jpg.rf.114f45d6b8665bdd270372246ecfeb98.txt,670,valid,test,12,0|7|5
../Data/downloads/Roboflow/Data/downloads/roboflow_chicken_pose/valid/images/675_jpg.rf.4260b59fd369260ceea4452185bf6d6e.jpg,../Data/downloads/Roboflow/Data/downloads/roboflow_chicken_pose/valid/labels/675_jpg.rf.4260b59fd369260ceea4452185bf6d6e.txt,675,valid,train,12,3|4|5
../Data/downloads/Roboflow/Data/downloads/roboflow_chicken_pose/valid/images/680_jpg.rf.49092e46ca5fad090a9bc6667c94ca36.jpg,../Data/downloads/Roboflow/Data/downloads/roboflow_chicken_pose/valid/labels/680_jpg.rf.49092e46ca5fad090a9bc6667c94ca36.txt,680,valid,test,12,3|5|4
../Data/downloads/Roboflow/Data/downloads/roboflow_chicken_pose/valid/images/691_jpg.rf.3912ae288a078b3ad0f12c4fb1684a14.jpg,../Data/downloads/Roboflow/Data/downloads/roboflow_chicken_pose/valid/labels/691_jpg.rf.3912ae288a078b3ad0f12c4fb1684a14.txt,691,valid,val,12,2|4|6
../Data/downloads/Roboflow/Data/downloads/roboflow_chicken_pose/valid/images/696_jpg.rf.c402351597244568da81292d70b06e3c.jpg,../Data/downloads/Roboflow/Data/downloads/roboflow_chicken_pose/valid/labels/696_jpg.rf.c402351597244568da81292d70b06e3c.txt,696,valid,val,12,2|10|0
../Data/downloads/Roboflow/Data/downloads/roboflow_chicken_pose/valid/images/701_jpg.rf.e06d3c1a9b9bc2a1f3def5b0884d0489.jpg,../Data/downloads/Roboflow/Data/downloads/roboflow_chicken_pose/valid/labels/701_jpg.rf.e06d3c1a9b9bc2a1f3def5b0884d0489.txt,701,valid,train,12,7|2|3
../Data/downloads/Roboflow/Data/downloads/roboflow_chicken_pose/valid/images/702_jpg.rf.6dada83fa1beaa25d4da0a558e22241d.jpg,../Data/downloads/Roboflow/Data/downloads/roboflow_chicken_pose/valid/labels/702_jpg.rf.6dada83fa1beaa25d4da0a558e22241d.txt,702,valid,train,12,3|4|5
../Data/downloads/Roboflow/Data/downloads/roboflow_chicken_pose/valid/images/709_jpg.rf.64ec77583927da53d8bf7fbe2980babb.jpg,../Data/downloads/Roboflow/Data/downloads/roboflow_chicken_pose/valid/labels/709_jpg.rf.64ec77583927da53d8bf7fbe2980babb.txt,709,valid,test,12,3|3|6
../Data/downloads/Roboflow/Data/downloads/roboflow_chicken_pose/valid/images/70_jpg.rf.222346bbd845f154154e61f37d4409bf.jpg,../Data/downloads/Roboflow/Data/downloads/roboflow_chicken_pose/valid/labels/70_jpg.rf.222346bbd845f154154e61f37d4409bf.txt,70,valid,train,12,8|3|1
../Data/downloads/Roboflow/Data/downloads/roboflow_chicken_pose/valid/images/713_jpg.rf.cdb5fd62f74c73352b3f242410792722.jpg,../Data/downloads/Roboflow/Data/downloads/roboflow_chicken_pose/valid/labels/713_jpg.rf.cdb5fd62f74c73352b3f242410792722.txt,713,valid,train,12,3|4|5
../Data/downloads/Roboflow/Data/downloads/roboflow_chicken_pose/valid/images/717_jpg.rf.164187f2005439fcfb159e0b867d1896.jpg,../Data/downloads/Roboflow/Data/downloads/roboflow_chicken_pose/valid/labels/717_jpg.rf.164187f2005439fcfb159e0b867d1896.txt,717,valid,train,12,6|2|4
../Data/downloads/Roboflow/Data/downloads/roboflow_chicken_pose/valid/images/729_jpg.rf.8ba10052be1c0121eddd036d02b77808.jpg,../Data/downloads/Roboflow/Data/downloads/roboflow_chicken_pose/valid/labels/729_jpg.rf.8ba10052be1c0121eddd036d02b77808.txt,729,valid,val,12,2|5|5
../Data/downloads/Roboflow/Data/downloads/roboflow_chicken_pose/valid/images/73_jpg.rf.16856f6398f7bac49cf61e099e18a4f0.jpg,../Data/downloads/Roboflow/Data/downloads/roboflow_chicken_pose/valid/labels/73_jpg.rf.16856f6398f7bac49cf61e099e18a4f0.txt,73,valid,train,12,0|3|9
../Data/downloads/Roboflow/Data/downloads/roboflow_chicken_pose/valid/images/745_jpg.rf.0d50496c07cdf139a987e8dea84e755b.jpg,../Data/downloads/Roboflow/Data/downloads/roboflow_chicken_pose/valid/labels/745_jpg.rf.0d50496c07cdf139a987e8dea84e755b.txt,745,valid,train,12,7|3|2
../Data/downloads/Roboflow/Data/downloads/roboflow_chicken_pose/valid/images/750_jpg.rf.faa095eeceeada94f80d734ff256d439.jpg,../Data/downloads/Roboflow/Data/downloads/roboflow_chicken_pose/valid/labels/750_jpg.rf.faa095eeceeada94f80d734ff256d439.txt,750,valid,train,12,3|6|3
../Data/downloads/Roboflow/Data/downloads/roboflow_chicken_pose/valid/images/761_jpg.rf.7ecfd327d530acebc3f8e19e929ad6a1.jpg,../Data/downloads/Roboflow/Data/downloads/roboflow_chicken_pose/valid/labels/761_jpg.rf.7ecfd327d530acebc3f8e19e929ad6a1.txt,761,valid,train,12,3|4|5
../Data/downloads/Roboflow/Data/downloads/roboflow_chicken_pose/valid/images/764_jpg.rf.8ff39450400d345864bafb651ee1e43f.jpg,../Data/downloads/Roboflow/Data/downloads/roboflow_chicken_pose/valid/labels/764_jpg.rf.8ff39450400d345864bafb651ee1e43f.txt,764,valid,test,12,4|5|3
../Data/downloads/Roboflow/Data/downloads/roboflow_chicken_pose/valid/images/776_jpg.rf.c100cb7c12d9108037c321ecc3ba9906.jpg,../Data/downloads/Roboflow/Data/downloads/roboflow_chicken_pose/valid/labels/776_jpg.rf.c100cb7c12d9108037c321ecc3ba9906.txt,776,valid,val,12,4|8|0
../Data/downloads/Roboflow/Data/downloads/roboflow_chicken_pose/valid/images/779_jpg.rf.616abe2b4ff5798f56d5481b21238196.jpg,../Data/downloads/Roboflow/Data/downloads/roboflow_chicken_pose/valid/labels/779_jpg.rf.616abe2b4ff5798f56d5481b21238196.txt,779,valid,val,12,1|8|3
../Data/downloads/Roboflow/Data/downloads/roboflow_chicken_pose/valid/images/788_jpg.rf.bba903e6cc902da302dbd296d86f8218.jpg,../Data/downloads/Roboflow/Data/downloads/roboflow_chicken_pose/valid/labels/788_jpg.rf.bba903e6cc902da302dbd296d86f8218.txt,788,valid,train,12,2|8|2
../Data/downloads/Roboflow/Data/downloads/roboflow_chicken_pose/valid/images/796_jpg.rf.cc73cd19b527a2bb74962f1587e2977b.jpg,../Data/downloads/Roboflow/Data/downloads/roboflow_chicken_pose/valid/labels/796_jpg.rf.cc73cd19b527a2bb74962f1587e2977b.txt,796,valid,train,11,1|6|4
../Data/downloads/Roboflow/Data/downloads/roboflow_chicken_pose/valid/images/79_jpg.rf.493c3afb0deea458af3958dc427e3c5a.jpg,../Data/downloads/Roboflow/Data/downloads/roboflow_chicken_pose/valid/labels/79_jpg.rf.493c3afb0deea458af3958dc427e3c5a.txt,79,valid,val,11,2|4|5
../Data/downloads/Roboflow/Data/downloads/roboflow_chicken_pose/valid/images/804_jpg.rf.6cfced4d783c8b643e382905c3846194.jpg,../Data/downloads/Roboflow/Data/downloads/roboflow_chicken_pose/valid/labels/804_jpg.rf.6cfced4d783c8b643e382905c3846194.txt,804,valid,train,12,5|5|2
../Data/downloads/Roboflow/Data/downloads/roboflow_chicken_pose/valid/images/816_jpg.rf.031943e3c9bcd4a4e0641ebfabb87041.jpg,../Data/downloads/Roboflow/Data/downloads/roboflow_chicken_pose/valid/labels/816_jpg.rf.031943e3c9bcd4a4e0641ebfabb87041.txt,816,valid,val,12,5|3|4
../Data/downloads/Roboflow/Data/downloads/roboflow_chicken_pose/valid/images/820_jpg.rf.0cf2bea8264ff35a5529ce2aaede1703.jpg,../Data/downloads/Roboflow/Data/downloads/roboflow_chicken_pose/valid/labels/820_jpg.rf.0cf2bea8264ff35a5529ce2aaede1703.txt,820,valid,test,12,1|8|3
../Data/downloads/Roboflow/Data/downloads/roboflow_chicken_pose/valid/images/822_jpg.rf.b46fd821dae622e0f9e18ec467a66dda.jpg,../Data/downloads/Roboflow/Data/downloads/roboflow_chicken_pose/valid/labels/822_jpg.rf.b46fd821dae622e0f9e18ec467a66dda.txt,822,valid,train,12,3|6|3
../Data/downloads/Roboflow/Data/downloads/roboflow_chicken_pose/valid/images/825_jpg.rf.0a2de6512b9cb1ef1525da809455f57b.jpg,../Data/downloads/Roboflow/Data/downloads/roboflow_chicken_pose/valid/labels/825_jpg.rf.0a2de6512b9cb1ef1525da809455f57b.txt,825,valid,train,12,2|6|4
../Data/downloads/Roboflow/Data/downloads/roboflow_chicken_pose/valid/images/827_jpg.rf.bfe4aa2416bd360e5fe97271303ced01.jpg,../Data/downloads/Roboflow/Data/downloads/roboflow_chicken_pose/valid/labels/827_jpg.rf.bfe4aa2416bd360e5fe97271303ced01.txt,827,valid,train,12,2|7|3
../Data/downloads/Roboflow/Data/downloads/roboflow_chicken_pose/valid/images/829_jpg.rf.66fe69cccc0846ea6243d054e280d75c.jpg,../Data/downloads/Roboflow/Data/downloads/roboflow_chicken_pose/valid/labels/829_jpg.rf.66fe69cccc0846ea6243d054e280d75c.txt,829,valid,train,12,8|2|2
../Data/downloads/Roboflow/Data/downloads/roboflow_chicken_pose/valid/images/841_jpg.rf.423ff5ccfc15ff70c2cf6d185307e129.jpg,../Data/downloads/Roboflow/Data/downloads/roboflow_chicken_pose/valid/labels/841_jpg.rf.423ff5ccfc15ff70c2cf6d185307e129.txt,841,valid,val,12,2|2|8
../Data/downloads/Roboflow/Data/downloads/roboflow_chicken_pose/valid/images/842_jpg.rf.25311f874590d231f6323fbc43685837.jpg,../Data/downloads/Roboflow/Data/downloads/roboflow_chicken_pose/valid/labels/842_jpg.rf.25311f874590d231f6323fbc43685837.txt,842,valid,train,12,3|9|0
../Data/downloads/Roboflow/Data/downloads/roboflow_chicken_pose/valid/images/846_jpg.rf.3102f298c6193ff97d4e80106965fde4.jpg,../Data/downloads/Roboflow/Data/downloads/roboflow_chicken_pose/valid/labels/846_jpg.rf.3102f298c6193ff97d4e80106965fde4.txt,846,valid,train,12,5|6|1
../Data/downloads/Roboflow/Data/downloads/roboflow_chicken_pose/valid/images/847_jpg.rf.84eb47ed8bb3265f7e47e54a4229b2ef.jpg,../Data/downloads/Roboflow/Data/downloads/roboflow_chicken_pose/valid/labels/847_jpg.rf.84eb47ed8bb3265f7e47e54a4229b2ef.txt,847,valid,val,12,2|7|3
../Data/downloads/Roboflow/Data/downloads/roboflow_chicken_pose/valid/images/84_jpg.rf.93f42b995eff679c29c47a885c8c60ef.jpg,../Data/downloads/Roboflow/Data/downloads/roboflow_chicken_pose/valid/labels/84_jpg.rf.93f42b995eff679c29c47a885c8c60ef.txt,84,valid,train,11,2|0|9
../Data/downloads/Roboflow/Data/downloads/roboflow_chicken_pose/valid/images/868_jpg.rf.36b92a31c2f318f31867cab17c4e3a6d.jpg,../Data/downloads/Roboflow/Data/downloads/roboflow_chicken_pose/valid/labels/868_jpg.rf.36b92a31c2f318f31867cab17c4e3a6d.txt,868,valid,train,12,6|3|3
../Data/downloads/Roboflow/Data/downloads/roboflow_chicken_pose/valid/images/885_jpg.rf.d4ccfd32d5524c52e1b5bf9c0ee58240.jpg,../Data/downloads/Roboflow/Data/downloads/roboflow_chicken_pose/valid/labels/885_jpg.rf.d4ccfd32d5524c52e1b5bf9c0ee58240.txt,885,valid,train,12,3|3|6
../Data/downloads/Roboflow/Data/downloads/roboflow_chicken_pose/valid/images/963_jpg.rf.d991d024ba944eb0eb15093227dd8d3d.jpg,../Data/downloads/Roboflow/Data/downloads/roboflow_chicken_pose/valid/labels/963_jpg.rf.d991d024ba944eb0eb15093227dd8d3d.txt,963,valid,train,12,3|7|2
../Data/downloads/Roboflow/Data/downloads/roboflow_chicken_pose/valid/images/966_jpg.rf.28806904f71cd45431d30c4ba6aab8df.jpg,../Data/downloads/Roboflow/Data/downloads/roboflow_chicken_pose/valid/labels/966_jpg.rf.28806904f71cd45431d30c4ba6aab8df.txt,966,valid,train,11,6|2|3
../Data/downloads/Roboflow/Data/downloads/roboflow_chicken_pose/valid/images/980_jpg.rf.22a50679b71ee7e0ff6f01e92b41150b.jpg,../Data/downloads/Roboflow/Data/downloads/roboflow_chicken_pose/valid/labels/980_jpg.rf.22a50679b71ee7e0ff6f01e92b41150b.txt,980,valid,train,12,4|4|4
../Data/downloads/Roboflow/Data/downloads/roboflow_chicken_pose/valid/images/985_jpg.rf.cede0f7aecd25c1aa559d614d3fda2c0.jpg,../Data/downloads/Roboflow/Data/downloads/roboflow_chicken_pose/valid/labels/985_jpg.rf.cede0f7aecd25c1aa559d614d3fda2c0.txt,985,valid,train,12,5|4|3
../Data/downloads/Roboflow/Data/downloads/roboflow_chicken_pose/valid/images/990_jpg.rf.f1091fa6a634e4ae61f94672a6f7ecbb.jpg,../Data/downloads/Roboflow/Data/downloads/roboflow_chicken_pose/valid/labels/990_jpg.rf.f1091fa6a634e4ae61f94672a6f7ecbb.txt,990,valid,train,12,5|1|6
../Data/downloads/Roboflow/Data/downloads/roboflow_chicken_pose/test/images/100030-2_png.rf.258cf7177d7a06db68fe96121b0ead71.jpg,../Data/downloads/Roboflow/Data/downloads/roboflow_chicken_pose/test/labels/100030-2_png.rf.258cf7177d7a06db68fe96121b0ead71.txt,100030,test,test,12,1|6|5
../Data/downloads/Roboflow/Data/downloads/roboflow_chicken_pose/test/images/101337-3_png.rf.fcf28ae0011a83601b02d019c56178e1.jpg,../Data/downloads/Roboflow/Data/downloads/roboflow_chicken_pose/test/labels/101337-3_png.rf.fcf28ae0011a83601b02d019c56178e1.txt,101337,test,train,13,4|9|0
../Data/downloads/Roboflow/Data/downloads/roboflow_chicken_pose/test/images/101337-7_png.rf.e9ac752e133118978ace0c37721e216f.jpg,../Data/downloads/Roboflow/Data/downloads/roboflow_chicken_pose/test/labels/101337-7_png.rf.e9ac752e133118978ace0c37721e216f.txt,101337,test,train,12,2|9|1
../Data/downloads/Roboflow/Data/downloads/roboflow_chicken_pose/test/images/1022_jpg.rf.6dd64ab2f3e9b9f0b10c36d53cc88d39.jpg,../Data/downloads/Roboflow/Data/downloads/roboflow_chicken_pose/test/labels/1022_jpg.rf.6dd64ab2f3e9b9f0b10c36d53cc88d39.txt,1022,test,val,12,1|7|4
../Data/downloads/Roboflow/Data/downloads/roboflow_chicken_pose/test/images/102501-7_png.rf.b59c16f3aa59b214a7887a9c6af8352c.jpg,../Data/downloads/Roboflow/Data/downloads/roboflow_chicken_pose/test/labels/102501-7_png.rf.b59c16f3aa59b214a7887a9c6af8352c.txt,102501,test,train,12,4|5|3
../Data/downloads/Roboflow/Data/downloads/roboflow_chicken_pose/test/images/1026_jpg.rf.94733b484087eed3c3e88ea9d711e178.jpg,../Data/downloads/Roboflow/Data/downloads/roboflow_chicken_pose/test/labels/1026_jpg.rf.94733b484087eed3c3e88ea9d711e178.txt,1026,test,val,12,0|8|4
../Data/downloads/Roboflow/Data/downloads/roboflow_chicken_pose/test/images/1029_jpg.rf.5391a57f00a34627fd62caa8e700b8ce.jpg,../Data/downloads/Roboflow/Data/downloads/roboflow_chicken_pose/test/labels/1029_jpg.rf.5391a57f00a34627fd62caa8e700b8ce.txt,1029,test,train,11,3|3|5
../Data/downloads/Roboflow/Data/downloads/roboflow_chicken_pose/test/images/1033_jpg.rf.57a9bab3cad3f0b22053dd40274164c8.jpg,../Data/downloads/Roboflow/Data/downloads/roboflow_chicken_pose/test/labels/1033_jpg.rf.57a9bab3cad3f0b22053dd40274164c8.txt,1033,test,train,12,6|2|4
../Data/downloads/Roboflow/Data/downloads/roboflow_chicken_pose/test/images/1037_jpg.rf.0ec1a23866acc3103bf667013d90d5f5.jpg,../Data/downloads/Roboflow/Data/downloads/roboflow_chicken_pose/test/labels/1037_jpg.rf.0ec1a23866acc3103bf667013d90d5f5.txt,1037,test,train,12,0|7|5
../Data/downloads/Roboflow/Data/downloads/roboflow_chicken_pose/test/images/1042_jpg.rf.1ec08fd9de46e569e6aad7ff43e4ca97.jpg,../Data/downloads/Roboflow/Data/downloads/roboflow_chicken_pose/test/labels/1042_jpg.rf.1ec08fd9de46e569e6aad7ff43e4ca97.txt,1042,test,train,12,1|6|5
../Data/downloads/Roboflow/Data/downloads/roboflow_chicken_pose/test/images/1042_jpg.rf.b99f3e35a17a72746fcf81328452f833.jpg,../Data/downloads/Roboflow/Data/downloads/roboflow_chicken_pose/test/labels/1042_jpg.rf.b99f3e35a17a72746fcf81328452f833.txt,1042,test,train,2,2|0|0
../Data/downloads/Roboflow/Data/downloads/roboflow_chicken_pose/test/images/1055_jpg.rf.71ddf50f16c55dc9b1ffeb9c9e9eb907.jpg,../Data/downloads/Roboflow/Data/downloads/roboflow_chicken_pose/test/labels/1055_jpg.rf.71ddf50f16c55dc9b1ffeb9c9e9eb907.txt,1055,test,train,12,4|5|3
../Data/downloads/Roboflow/Data/downloads/roboflow_chicken_pose/test/images/1057_jpg.rf.06a147957da301c7f6bc00ccf6063e0a.jpg,../Data/downloads/Roboflow/Data/downloads/roboflow_chicken_pose/test/labels/1057_jpg.rf.06a147957da301c7f6bc00ccf6063e0a.txt,1057,test,train,4,4|0|0
../Data/downloads/Roboflow/Data/downloads/roboflow_chicken_pose/test/images/105_jpg.rf.d51b2c161680754c4dd3ed03ef7c58a4.jpg,../Data/downloads/Roboflow/Data/downloads/roboflow_chicken_pose/test/labels/105_jpg.rf.d51b2c161680754c4dd3ed03ef7c58a4.txt,105,test,test,11,1|6|4
../Data/downloads/Roboflow/Data/downloads/roboflow_chicken_pose/test/images/1061_jpg.rf.4cebc9b7fd8af126de090a24258e2296.jpg,../Data/downloads/Roboflow/Data/downloads/roboflow_chicken_pose/test/labels/1061_jpg.rf.4cebc9b7fd8af126de090a24258e2296.txt,1061,test,test,12,2|8|2
../Data/downloads/Roboflow/Data/downloads/roboflow_chicken_pose/test/images/1061_jpg.rf.d1389f204086e14a2772de0f7f3728dd.jpg,../Data/downloads/Roboflow/Data/downloads/roboflow_chicken_pose/test/labels/1061_jpg.rf.d1389f204086e14a2772de0f7f3728dd.txt,1061,test,test,7,7|0|0
../Data/downloads/Roboflow/Data/downloads/roboflow_chicken_pose/test/images/1064_jpg.rf.a599cd6da9b458454ad438d28125c0f0.jpg,../Data/downloads/Roboflow/Data/downloads/roboflow_chicken_pose/test/labels/1064_jpg.rf.a599cd6da9b458454ad438d28125c0f0.txt,1064,test,train,1,1|0|0
../Data/downloads/Roboflow/Data/downloads/roboflow_chicken_pose/test/images/1064_jpg.rf.eeaec3da43ed9334a4de6686ced9827c.jpg,../Data/downloads/Roboflow/Data/downloads/roboflow_chicken_pose/test/labels/1064_jpg.rf.eeaec3da43ed9334a4de6686ced9827c.txt,1064,test,train,12,3|4|5
../Data/downloads/Roboflow/Data/downloads/roboflow_chicken_pose/test/images/1068_jpg.rf.bbba66232198e381b110a90e6958c0b9.jpg,../Data/downloads/Roboflow/Data/downloads/roboflow_chicken_pose/test/labels/1068_jpg.rf.bbba66232198e381b110a90e6958c0b9.txt,1068,test,train,12,4|2|6
../Data/downloads/Roboflow/Data/downloads/roboflow_chicken_pose/test/images/1068_jpg.rf.f7f898cb260a5e0c0ed74e903ae984f2.jpg,../Data/downloads/Roboflow/Data/downloads/roboflow_chicken_pose/test/labels/1068_jpg.rf.f7f898cb260a5e0c0ed74e903ae984f2.txt,1068,test,train,3,3|0|0
../Data/downloads/Roboflow/Data/downloads/roboflow_chicken_pose/test/images/1071_jpg.rf.6495125b48c5e5bd74c20f34b6e41fa7.jpg,../Data/downloads/Roboflow/Data/downloads/roboflow_chicken_pose/test/labels/1071_jpg.rf.6495125b48c5e5bd74c20f34b6e41fa7.txt,1071,test,val,12,1|6|5
../Data/downloads/Roboflow/Data/downloads/roboflow_chicken_pose/test/images/1078_jpg.rf.f30b5314fde6dd66cae6a7934300a6b8.jpg,../Data/downloads/Roboflow/Data/downloads/roboflow_chicken_pose/test/labels/1078_jpg.rf.f30b5314fde6dd66cae6a7934300a6b8.txt,1078,test,train,4,4|0|0
../Data/downloads/Roboflow/Data/downloads/roboflow_chicken_pose/test/images/1079_jpg.rf.cf63f6a5507f554410171c606fce0aca.jpg,../Data/downloads/Roboflow/Data/downloads/roboflow_chicken_pose/test/labels/1079_jpg.rf.cf63f6a5507f554410171c606fce0aca.txt,1079,test,test,2,2|0|0
../Data/downloads/Roboflow/Data/downloads/roboflow_chicken_pose/test/images/1082_jpg.rf.19c5737362695217527e2ccbd6d8fec2.jpg,../Data/downloads/Roboflow/Data/downloads/roboflow_chicken_pose/test/labels/1082_jpg.rf.19c5737362695217527e2ccbd6d8fec2.txt,1082,test,test,12,0|10|2
../Data/downloads/Roboflow/Data/downloads/roboflow_chicken_pose/test/images/1091_jpg.rf.532d6ab93929548a3e4fdce686eb5103.jpg,../Data/downloads/Roboflow/Data/downloads/roboflow_chicken_pose/test/labels/1091_jpg.rf.532d6ab93929548a3e4fdce686eb5103.txt,1091,test,train,2,2|0|0
../Data/downloads/Roboflow/Data/downloads/roboflow_chicken_pose/test/images/1097_jpg.rf.f923fd4427fe4499bc4928fa222e61be.jpg,../Data/downloads/Roboflow/Data/downloads/roboflow_chicken_pose/test/labels/1097_jpg.rf.f923fd4427fe4499bc4928fa222e61be.txt,1097,test,train,2,2|0|0
../Data/downloads/Roboflow/Data/downloads/roboflow_chicken_pose/test/images/1105_jpg.rf.d7174c5feb7656f1b4ade33f9fddee69.jpg,../Data/downloads/Roboflow/Data/downloads/roboflow_chicken_pose/test/labels/1105_jpg.rf.d7174c5feb7656f1b4ade33f9fddee69.txt,1105,test,train,1,1|0|0
../Data/downloads/Roboflow/Data/downloads/roboflow_chicken_pose/test/images/111416-3-_png.rf.cbc4e054acb4dcca06565c431dc3e57a.jpg,../Data/downloads/Roboflow/Data/downloads/roboflow_chicken_pose/test/labels/111416-3-_png.rf.cbc4e054acb4dcca06565c431dc3e57a.txt,111416-3-,test,train,12,1|5|6
../Data/downloads/Roboflow/Data/downloads/roboflow_chicken_pose/test/images/111416-8_png.rf.2b3efb114e96d73020e3efbf23d821ee.jpg,../Data/downloads/Roboflow/Data/downloads/roboflow_chicken_pose/test/labels/111416-8_png.rf.2b3efb114e96d73020e3efbf23d821ee.txt,111416,test,train,12,0|9|3
../Data/downloads/Roboflow/Data/downloads/roboflow_chicken_pose/test/images/111_jpg.rf.999963fa5ccd3fbb2abbf5be1c4d4dcc.jpg,../Data/downloads/Roboflow/Data/downloads/roboflow_chicken_pose/test/labels/111_jpg.rf.999963fa5ccd3fbb2abbf5be1c4d4dcc.txt,111,test,train,12,3|5|4
../Data/downloads/Roboflow/Data/downloads/roboflow_chicken_pose/test/images/1120_jpg.rf.936351ab56c5f88a21000cf79232414c.jpg,../Data/downloads/Roboflow/Data/downloads/roboflow_chicken_pose/test/labels/1120_jpg.rf.936351ab56c5f88a21000cf79232414c.txt,1120,test,train,5,5|0|0
../Data/downloads/Roboflow/Data/downloads/roboflow_chicken_pose/test/images/1155_jpg.rf.b3140d6317760045ff712a3d94312a76.jpg,../Data/downloads/Roboflow/Data/downloads/roboflow_chicken_pose/test/labels/1155_jpg.rf.b3140d6317760045ff712a3d94312a76.txt,1155,test,test,3,3|0|0
../Data/downloads/Roboflow/Data/downloads/roboflow_chicken_pose/test/images/1157_jpg.rf.e9991a4430bf64932dce0737c0473f6f.jpg,../Data/downloads/Roboflow/Data/downloads/roboflow_chicken_pose/test/labels/1157_jpg.rf.e9991a4430bf64932dce0737c0473f6f.txt,1157,test,train,5,5|0|0
../Data/downloads/Roboflow/Data/downloads/roboflow_chicken_pose/test/images/1159_jpg.rf.85d9120646ab5ac4b8fd8f38a1ae6fe4.jpg,../Data/downloads/Roboflow/Data/downloads/roboflow_chicken_pose/test/labels/1159_jpg.rf.85d9120646ab5ac4b8fd8f38a1ae6fe4.txt,1159,test,val,2,2|0|0
../Data/downloads/Roboflow/Data/downloads/roboflow_chicken_pose/test/images/1166_jpg.rf.bcc2e453f5edee93c616cd4e608cfccc.jpg,../Data/downloads/Roboflow/Data/downloads/roboflow_chicken_pose/test/labels/1166_jpg.rf.bcc2e453f5edee93c616cd4e608cfccc.txt,1166,test,test,3,3|0|0
../Data/downloads/Roboflow/Data/downloads/roboflow_chicken_pose/test/images/1173_jpg.rf.0087363d8c41729574a0970457c97231.jpg,../Data/downloads/Roboflow/Data/downloads/roboflow_chicken_pose/test/labels/1173_jpg.rf.0087363d8c41729574a0970457c97231.txt,1173,test,train,2,2|0|0
../Data/downloads/Roboflow/Data/downloads/roboflow_chicken_pose/test/images/1201_jpg.rf.58e5a0d90107a4080a845b51b0330d52.jpg,../Data/downloads/Roboflow/Data/downloads/roboflow_chicken_pose/test/labels/1201_jpg.rf.58e5a0d90107a4080a845b51b0330d52.txt,1201,test,train,1,1|0|0
../Data/downloads/Roboflow/Data/downloads/roboflow_chicken_pose/test/images/1207_jpg.rf.f5954c6c97eec94cbd131944c915d84c.jpg,../Data/downloads/Roboflow/Data/downloads/roboflow_chicken_pose/test/labels/1207_jpg.rf.f5954c6c97eec94cbd131944c915d84c.txt,1207,test,train,1,1|0|0
../Data/downloads/Roboflow/Data/downloads/roboflow_chicken_pose/test/images/120828-10_png.rf.9210e108fcf9f8320d9d16cec56a09f1.jpg,../Data/downloads/Roboflow/Data/downloads/roboflow_chicken_pose/test/labels/120828-10_png.rf.9210e108fcf9f8320d9d16cec56a09f1.txt,120828,test,test,12,3|5|4
../Data/downloads/Roboflow/Data/downloads/roboflow_chicken_pose/test/images/120828-8_png.rf.02b641231536ffbcdcbdc043556efb2e.jpg,../Data/downloads/Roboflow/Data/downloads/roboflow_chicken_pose/test/labels/120828-8_png.rf.02b641231536ffbcdcbdc043556efb2e.txt,120828,test,test,12,2|6|4
../Data/downloads/Roboflow/Data/downloads/roboflow_chicken_pose/test/images/120910-12-_png.rf.d21ce6d72d17c03bc19aa4d4ede839a0.jpg,../Data/downloads/Roboflow/Data/downloads/roboflow_chicken_pose/test/labels/120910-12-_png.rf.d21ce6d72d17c03bc19aa4d4ede839a0.txt,120910-12-,test,train,12,5|6|1
../Data/downloads/Roboflow/Data/downloads/roboflow_chicken_pose/test/images/120_jpg.rf.a4d59089fbe35bf0aa11d9d261a63cc6.jpg,../Data/downloads/Roboflow/Data/downloads/roboflow_chicken_pose/test/labels/120_jpg.rf.a4d59089fbe35bf0aa11d9d261a63cc6.txt,120,test,train,12,0|7|5
../Data/downloads/Roboflow/Data/downloads/roboflow_chicken_pose/test/images/1210_jpg.rf.854d9c24229545e826fb54410c575ce6.jpg,../Data/downloads/Roboflow/Data/downloads/roboflow_chicken_pose/test/labels/1210_jpg.rf.854d9c24229545e826fb54410c575ce6.txt,1210,test,train,4,4|0|0
../Data/downloads/Roboflow/Data/downloads/roboflow_chicken_pose/test/images/121817-11_png.rf.1b1abc29d4e8111cdf24d4104be14fb3.jpg,../Data/downloads/Roboflow/Data/downloads/roboflow_chicken_pose/test/labels/121817-11_png.rf.1b1abc29d4e8111cdf24d4104be14fb3.txt,121817,test,train,12,0|11|1
../Data/downloads/Roboflow/Data/downloads/roboflow_chicken_pose/test/images/121817-12_png.rf.ba08d00942c898447840c92e806a7a98.jpg,../Data/downloads/Roboflow/Data/downloads/roboflow_chicken_pose/test/labels/121817-12_png.rf.ba08d00942c898447840c92e806a7a98.txt,121817,test,train,12,0|9|3
../Data/downloads/Roboflow/Data/downloads/roboflow_chicken_pose/test/images/121833-11-_png.rf.0016dcc0fa0e197b1cce8533fcc979d2.jpg,../Data/downloads/Roboflow/Data/downloads/roboflow_chicken_pose/test/labels/121833-11-_png.rf.0016dcc0fa0e197b1cce8533fcc979d2.txt,121833-11-,test,val,12,3|7|2
../Data/downloads/Roboflow/Data/downloads/roboflow_chicken_pose/test/images/121833-3-_png.rf.e38dea8f92ab122421345088174a3f41.jpg,../Data/downloads/Roboflow/Data/downloads/roboflow_chicken_pose/test/labels/121833-3-_png.rf.e38dea8f92ab122421345088174a3f41.txt,121833-3-,test,test,12,2|9|1
../Data/downloads/Roboflow/Data/downloads/roboflow_chicken_pose/test/images/121833-4-_png.rf.1e379db748f6ae72f03b0926a886a90b.jpg,../Data/downloads/Roboflow/Data/downloads/roboflow_chicken_pose/test/labels/121833-4-_png.rf.1e379db748f6ae72f03b0926a886a90b.txt,121833-4-,test,train,12,5|7|0
../Data/downloads/Roboflow/Data/downloads/roboflow_chicken_pose/test/images/1218_jpg.rf.a0b42e68cc516a1384e0947105e41ee6.jpg,../Data/downloads/Roboflow/Data/downloads/roboflow_chicken_pose/test/labels/1218_jpg.rf.a0b42e68cc516a1384e0947105e41ee6.txt,1218,test,val,5,5|0|0
../Data/downloads/Roboflow/Data/downloads/roboflow_chicken_pose/test/images/1222262-18-_png.rf.57c2e7d918f48edb4dcf4aea849eb6a0.jpg,../Data/downloads/Roboflow/Data/downloads/roboflow_chicken_pose/test/labels/1222262-18-_png.rf.57c2e7d918f48edb4dcf4aea849eb6a0.txt,1222262-18-,test,train,12,4|6|2
../Data/downloads/Roboflow/Data/downloads/roboflow_chicken_pose/test/images/1222262-3-_png.rf.91cbf5a8b407d6b65577c37730892769.jpg,../Data/downloads/Roboflow/Data/downloads/roboflow_chicken_pose/test/labels/1222262-3-_png.rf.91cbf5a8b407d6b65577c37730892769.txt,1222262-3-,test,train,12,1|8|3
../Data/downloads/Roboflow/Data/downloads/roboflow_chicken_pose/test/images/122557-6_png.rf.fa39e61e9bcbde767c07a3117b236930.jpg,../Data/downloads/Roboflow/Data/downloads/roboflow_chicken_pose/test/labels/122557-6_png.rf.fa39e61e9bcbde767c07a3117b236930.txt,122557,test,val,12,4|8|0
../Data/downloads/Roboflow/Data/downloads/roboflow_chicken_pose/test/images/123558-10_png.rf.82e94f763c634896daf5506bce09d148.jpg,../Data/downloads/Roboflow/Data/downloads/roboflow_chicken_pose/test/labels/123558-10_png.rf.82e94f763c634896daf5506bce09d148.txt,123558,test,train,12,2|7|3
../Data/downloads/Roboflow/Data/downloads/roboflow_chicken_pose/test/images/123558-13_png.rf.edbe2e68ffbfb8d1d4c9105708d00c8a.jpg,../Data/downloads/Roboflow/Data/downloads/roboflow_chicken_pose/test/labels/123558-13_png.rf.edbe2e68ffbfb8d1d4c9105708d00c8a.txt,123558,test,train,12,2|7|3
../Data/downloads/Roboflow/Data/downloads/roboflow_chicken_pose/test/images/123558-5_png.rf.4f5c458abecf5170d0e012848c782a46.jpg,../Data/downloads/Roboflow/Data/downloads/roboflow_chicken_pose/test/labels/123558-5_png.rf.4f5c458abecf5170d0e012848c782a46.txt,123558,test,train,12,2|6|4
../Data/downloads/Roboflow/Data/downloads/roboflow_chicken_pose/test/images/130453-10-_png.rf.c3106af71a9abc626efe2daabdce20a2.jpg,../Data/downloads/Roboflow/Data/downloads/roboflow_chicken_pose/test/labels/130453-10-_png.rf.c3106af71a9abc626efe2daabdce20a2.txt,130453-10-,test,test,12,4|2|6
../Data/downloads/Roboflow/Data/downloads/roboflow_chicken_pose/test/images/130453-16-_png.rf.3ba32a49df9c2fef6ace975249ecec94.jpg,../Data/downloads/Roboflow/Data/downloads/roboflow_chicken_pose/test/labels/130453-16-_png.rf.3ba32a49df9c2fef6ace975249ecec94.txt,130453-16-,test,train,12,4|4|4
../Data/downloads/Roboflow/Data/downloads/roboflow_chicken_pose/test/images/131621-10_png.rf.6bd71263afe587d23f0661debaf79453.jpg,../Data/downloads/Roboflow/Data/downloads/roboflow_chicken_pose/test/labels/131621-10_png.rf.6bd71263afe587d23f0661debaf79453.txt,131621,test,val,12,3|8|1
../Data/downloads/Roboflow/Data/downloads/roboflow_chicken_pose/test/images/131621-6_png.rf.d1eb09165016921c8f55dc9459bc2295.jpg,../Data/downloads/Roboflow/Data/downloads/roboflow_chicken_pose/test/labels/131621-6_png.rf.d1eb09165016921c8f55dc9459bc2295.txt,131621,test,val,12,0|9|3
../Data/downloads/Roboflow/Data/downloads/roboflow_chicken_pose/test/images/132755-8_png.rf.31b785595787bce9fabe614f93a82c50.jpg,../Data/downloads/Roboflow/Data/downloads/roboflow_chicken_pose/test/labels/132755-8_png.rf.31b785595787bce9fabe614f93a82c50.txt,132755,test,val,12,3|6|3
../Data/downloads/Roboflow/Data/downloads/roboflow_chicken_pose/test/images/1327552-10_png.rf.cc024a9ce5c008d54d62a7a9d6172834.jpg,../Data/downloads/Roboflow/Data/downloads/roboflow_chicken_pose/test/labels/1327552-10_png.rf.cc024a9ce5c008d54d62a7a9d6172834.txt,1327552,test,train,12,2|8|2
../Data/downloads/Roboflow/Data/downloads/roboflow_chicken_pose/test/images/1327552-2_png.rf.13c262df44087c784ba4f4a0d98c61c6.jpg,../Data/downloads/Roboflow/Data/downloads/roboflow_chicken_pose/test/labels/1327552-2_png.rf.13c262df44087c784ba4f4a0d98c61c6.txt,1327552,test,train,12,0|7|5
../Data/downloads/Roboflow/Data/downloads/roboflow_chicken_pose/test/images/1327552-9_png.rf.792d6cbf57b383c04c838db2a10ed26c.jpg,../Data/downloads/Roboflow/Data/downloads/roboflow_chicken_pose/test/labels/1327552-9_png.rf.792d6cbf57b383c04c838db2a10ed26c.txt,1327552,test,train,12,5|5|2
../Data/downloads/Roboflow/Data/downloads/roboflow_chicken_pose/test/images/132_jpg.rf.cc5646a3e1d826f0d875104911aa7b3f.jpg,../Data/downloads/Roboflow/Data/downloads/roboflow_chicken_pose/test/labels/132_jpg.rf.cc5646a3e1d826f0d875104911aa7b3f.txt,132,test,train,12,2|3|7
../Data/downloads/Roboflow/Data/downloads/roboflow_chicken_pose/test/images/133713-12-_png.rf.739191d2330367f8ac0565f9ec009df1.jpg,../Data/downloads/Roboflow/Data/downloads/roboflow_chicken_pose/test/labels/133713-12-_png.rf.739191d2330367f8ac0565f9ec009df1.txt,133713-12-,test,train,12,3|6|3
../Data/downloads/Roboflow/Data/downloads/roboflow_chicken_pose/test/images/134_jpg.rf.0be2f3e9f04225dc409ea3da40e70617.jpg,../Data/downloads/Roboflow/Data/downloads/roboflow_chicken_pose/test/labels/134_jpg.rf.0be2f3e9f04225dc409ea3da40e70617.txt,134,test,train,12,1|3|8
../Data/downloads/Roboflow/Data/downloads/roboflow_chicken_pose/test/images/139_jpg.rf.2cf74f127eac1f17eda88e83c13b2645.jpg,../Data/downloads/Roboflow/Data/downloads/roboflow_chicken_pose/test/labels/139_jpg.rf.2cf74f127eac1f17eda88e83c13b2645.txt,139,test,train,12,0|11|1
../Data/downloads/Roboflow/Data/downloads/roboflow_chicken_pose/test/images/144125-7-_png.rf.e08ca33149984ca2d6737c96c823b68c.jpg,../Data/downloads/Roboflow/Data/downloads/roboflow_chicken_pose/test/labels/144125-7-_png.rf.e08ca33149984ca2d6737c96c823b68c.txt,144125-7-,test,train,12,2|6|4
../Data/downloads/Roboflow/Data/downloads/roboflow_chicken_pose/test/images/145632-7_png.rf.2207002256f3640ea8c2b91d0cacc914.jpg,../Data/downloads/Roboflow/Data/downloads/roboflow_chicken_pose/test/labels/145632-7_png.rf.2207002256f3640ea8c2b91d0cacc914.txt,145632,test,train,12,1|6|5
../Data/downloads/Roboflow/Data/downloads/roboflow_chicken_pose/test/images/160536-1-_png.rf.7cbc31588f49aae3dd8392a41d734ecd.jpg,../Data/downloads/Roboflow/Data/downloads/roboflow_chicken_pose/test/labels/160536-1-_png.rf.7cbc31588f49aae3dd8392a41d734ecd.txt,160536-1-,test,test,12,0|6|6
../Data/downloads/Roboflow/Data/downloads/roboflow_chicken_pose/test/images/160536-10-_png.rf.483a7a9467369bcebd68f9231c6bcb98.jpg,../Data/downloads/Roboflow/Data/downloads/roboflow_chicken_pose/test/labels/160536-10-_png.rf.483a7a9467369bcebd68f9231c6bcb98.txt,160536-10-,test,train,12,2|8|2
../Data/downloads/Roboflow/Data/downloads/roboflow_chicken_pose/test/images/160536-14-_png.rf.a70559d6f0722d17bb2987bad3695521.jpg,../Data/downloads/Roboflow/Data/downloads/roboflow_chicken_pose/test/labels/160536-14-_png.rf.a70559d6f0722d17bb2987bad3695521.txt,160536-14-,test,train,12,3|6|3
../Data/downloads/Roboflow/Data/downloads/roboflow_chicken_pose/test/images/163517-11_png.rf.14e6e942360bc8ac2595216a5a901d99.jpg,../Data/downloads/Roboflow/Data/downloads/roboflow_chicken_pose/test/labels/163517-11_png.rf.14e6e942360bc8ac2595216a5a901d99.txt,163517,test,train,12,6|3|3
../Data/downloads/Roboflow/Data/downloads/roboflow_chicken_pose/test/images/163517-13_png.rf.2fe5aabab1746b951f7c1be601f59671.jpg,../Data/downloads/Roboflow/Data/downloads/roboflow_chicken_pose/test/labels/163517-13_png.rf.2fe5aabab1746b951f7c1be601f59671.txt,163517,test,train,12,3|3|6
../Data/downloads/Roboflow/Data/downloads/roboflow_chicken_pose/test/images/163517-5_png.rf.1b7747b9a60242cac277059d3af8e903.jpg,../Data/downloads/Roboflow/Data/downloads/roboflow_chicken_pose/test/labels/163517-5_png.rf.1b7747b9a60242cac277059d3af8e903.txt,163517,test,train,12,3|7|2
../Data/downloads/Roboflow/Data/downloads/roboflow_chicken_pose/test/images/164045-2_png.rf.2a15a31f530ed5b222be55bf9c4aa9c7.jpg,../Data/downloads/Roboflow/Data/downloads/roboflow_chicken_pose/test/labels/164045-2_png.rf.2a15a31f530ed5b222be55bf9c4aa9c7.txt,164045,test,train,12,1|6|5
../Data/downloads/Roboflow/Data/downloads/roboflow_chicken_pose/test/images/164139-15_png.rf.206b5c897c96cb59b2e8401bdaf1736f.jpg,../Data/downloads/Roboflow/Data/downloads/roboflow_chicken_pose/test/labels/164139-15_png.rf.206b5c897c96cb59b2e8401bdaf1736f.txt,164139,test,train,12,5|4|3
../Data/downloads/Roboflow/Data/downloads/roboflow_chicken_pose/test/images/164139-5_png.rf.ee9871daa0c40f18b0d4f8368779f578.jpg,../Data/downloads/Roboflow/Data/downloads/roboflow_chicken_pose/test/labels/164139-5_png.rf.ee9871daa0c40f18b0d4f8368779f578.txt,164139,test,train,12,4|5|3
../Data/downloads/Roboflow/Data/downloads/roboflow_chicken_pose/test/images/164901-12_png.rf.42afa754c320e7be5d8ba4cde195efc3.jpg,../Data/downloads/Roboflow/Data/downloads/roboflow_chicken_pose/test/labels/164901-12_png.rf.42afa754c320e7be5d8ba4cde195efc3.txt,164901,test,train,12,5|6|1
../Data/downloads/Roboflow/Data/downloads/roboflow_chicken_pose/test/images/164901-14_png.rf.d31b6f731c91d5aac3aa721e9e4d30c8.jpg,../Data/downloads/Roboflow/Data/downloads/roboflow_chicken_pose/test/labels/164901-14_png.rf.d31b6f731c91d5aac3aa721e9e4d30c8.txt,164901,test,train,12,2|5|5
../Data/downloads/Roboflow/Data/downloads/roboflow_chicken_pose/test/images/164901-5_png.rf.4749f7ed67f616d1bcc339b047ab9563.jpg,../Data/downloads/Roboflow/Data/downloads/roboflow_chicken_pose/test/labels/164901-5_png.rf.4749f7ed67f616d1bcc339b047ab9563.txt,164901,test,train,12,3|4|5
../Data/downloads/Roboflow/Data/downloads/roboflow_chicken_pose/test/images/167_jpg.rf.6d966d41597360775832c5fdcb2a2b12.jpg,../Data/downloads/Roboflow/Data/downloads/roboflow_chicken_pose/test/labels/167_jpg.rf.6d966d41597360775832c5fdcb2a2b12.txt,167,test,val,12,0|10|2
../Data/downloads/Roboflow/Data/downloads/roboflow_chicken_pose/test/images/170156-11_png.rf.6a37af8c0ac9490b5fa829c32b1eec5e.jpg,../Data/downloads/Roboflow/Data/downloads/roboflow_chicken_pose/test/labels/170156-11_png.rf.6a37af8c0ac9490b5fa829c32b1eec5e.txt,170156,test,val,12,0|8|4
../Data/downloads/Roboflow/Data/downloads/roboflow_chicken_pose/test/images/170156-13_png.rf.801cef5c54411547cb29c909221c3c1b.jpg,../Data/downloads/Roboflow/Data/downloads/roboflow_chicken_pose/test/labels/170156-13_png.rf.801cef5c54411547cb29c909221c3c1b.txt,170156,test,val,12,3|3|6
../Data/downloads/Roboflow/Data/downloads/roboflow_chicken_pose/test/images/170156-7_png.rf.89806e48ba1a70d33c4fa8afffb38b14.jpg,../Data/downloads/Roboflow/Data/downloads/roboflow_chicken_pose/test/labels/170156-7_png.rf.89806e48ba1a70d33c4fa8afffb38b14.txt,170156,test,val,12,1|8|3
../Data/downloads/Roboflow/Data/downloads/roboflow_chicken_pose/test/images/170442-4-_png.rf.8eab3a8c01a3e74c8e4d2b14fb2a9735.jpg,../Data/downloads/Roboflow/Data/downloads/roboflow_chicken_pose/test/labels/170442-4-_png.rf.8eab3a8c01a3e74c8e4d2b14fb2a9735.txt,170442-4-,test,val,12,3|8|1
../Data/downloads/Roboflow/Data/downloads/roboflow_chicken_pose/test/images/170442-5-_png.rf.fa62265a17b1ce5a83cee5faecd7102c.jpg,../Data/downloads/Roboflow/Data/downloads/roboflow_chicken_pose/test/labels/170442-5-_png.rf.fa62265a17b1ce5a83cee5faecd7102c.txt,170442-5-,test,train,12,3|4|5
../Data/downloads/Roboflow/Data/downloads/roboflow_chicken_pose/test/images/170442-7-_png.rf.a2a415c71d1d04b5508d61820576887f.jpg,../Data/downloads/Roboflow/Data/downloads/roboflow_chicken_pose/test/labels/170442-7-_png.rf.a2a415c71d1d04b5508d61820576887f.txt,170442-7-,test,train,12,2|7|3
../Data/downloads/Roboflow/Data/downloads/roboflow_chicken_pose/test/images/172301-2_png.rf.b45caaf9f2c526487145eb0d3d7ed53d.jpg,../Data/downloads/Roboflow/Data/downloads/roboflow_chicken_pose/test/labels/172301-2_png.rf.b45caaf9f2c526487145eb0d3d7ed53d.txt,172301,test,test,12,0|9|3
../Data/downloads/Roboflow/Data/downloads/roboflow_chicken_pose/test/images/173529-6_png.rf.911fb669c653ee57e65ee5d28122c79a.jpg,../Data/downloads/Roboflow/Data/downloads/roboflow_chicken_pose/test/labels/173529-6_png.rf.911fb669c653ee57e65ee5d28122c79a.txt,173529,test,val,12,1|9|2
../Data/downloads/Roboflow/Data/downloads/roboflow_chicken_pose/test/images/175131-2_png.rf.f4ffdcf0916c6ced39e7e3ac76b6cc59.jpg,../Data/downloads/Roboflow/Data/downloads/roboflow_chicken_pose/test/labels/175131-2_png.rf.f4ffdcf0916c6ced39e7e3ac76b6cc59.txt,175131,test,test,12,3|4|5
../Data/downloads/Roboflow/Data/downloads/roboflow_chicken_pose/test/images/184032-10-_png.rf.d72645d5d54a5294d574d157a342e61c.jpg,../Data/downloads/Roboflow/Data/downloads/roboflow_chicken_pose/test/labels/184032-10-_png.rf.d72645d5d54a5294d574d157a342e61c.txt,184032-10-,test,val,12,5|6|1
../Data/downloads/Roboflow/Data/downloads/roboflow_chicken_pose/test/images/196_jpg.rf.ae9bc49edcc181d03964108df7c2121d.jpg,../Data/downloads/Roboflow/Data/downloads/roboflow_chicken_pose/test/labels/196_jpg.rf.ae9bc49edcc181d03964108df7c2121d.txt,196,test,train,12,2|5|5
../Data/downloads/Roboflow/Data/downloads/roboflow_chicken_pose/test/images/232_jpg.rf.8273a6db6f7df5f7f301452dac2e600b.jpg,../Data/downloads/Roboflow/Data/downloads/roboflow_chicken_pose/test/labels/232_jpg.rf.8273a6db6f7df5f7f301452dac2e600b.txt,232,test,test,11,1|3|7
../Data/downloads/Roboflow/Data/downloads/roboflow_chicken_pose/test/images/235_jpg.rf.820add450b709a884166d788ee8da84b.jpg,../Data/downloads/Roboflow/Data/downloads/roboflow_chicken_pose/test/labels/235_jpg.rf.820add450b709a884166d788ee8da84b.txt,235,test,train,12,0|5|7
../Data/downloads/Roboflow/Data/downloads/roboflow_chicken_pose/test/images/244_jpg.rf.fccb1b7a89adb74667c880add4bd99ad.jpg,../Data/downloads/Roboflow/Data/downloads/roboflow_chicken_pose/test/labels/244_jpg.rf.fccb1b7a89adb74667c880add4bd99ad.txt,244,test,test,12,3|5|4
../Data/downloads/Roboflow/Data/downloads/roboflow_chicken_pose/test/images/252_jpg.rf.c2b455adb12ef5dd4a98acc637739f87.jpg,../Data/downloads/Roboflow/Data/downloads/roboflow_chicken_pose/test/labels/252_jpg.rf.c2b455adb12ef5dd4a98acc637739f87.txt,252,test,train,12,0|7|5
../Data/downloads/Roboflow/Data/downloads/roboflow_chicken_pose/test/images/260_jpg.rf.7a6d6a29f4abd3b374da0f8b3bd30aa6.jpg,../Data/downloads/Roboflow/Data/downloads/roboflow_chicken_pose/test/labels/260_jpg.rf.7a6d6a29f4abd3b374da0f8b3bd30aa6.txt,260,test,train,12,1|8|3
../Data/downloads/Roboflow/Data/downloads/roboflow_chicken_pose/test/images/267_jpg.rf.3faaa290e92dac0ee6c251fbebe93cb4.jpg,../Data/downloads/Roboflow/Data/downloads/roboflow_chicken_pose/test/labels/267_jpg.rf.3faaa290e92dac0ee6c251fbebe93cb4.txt,267,test,train,12,2|1|9
../Data/downloads/Roboflow/Data/downloads/roboflow_chicken_pose/test/images/270_jpg.rf.6c65e34fea00fcb0bf6b592f9255cc91.jpg,../Data/downloads/Roboflow/Data/downloads/roboflow_chicken_pose/test/labels/270_jpg.rf.6c65e34fea00fcb0bf6b592f9255cc91.txt,270,test,train,11,2|1|8
../Data/downloads/Roboflow/Data/downloads/roboflow_chicken_pose/test/images/278_jpg.rf.f50a6fa6cb11112f3eadf11582e037c4.jpg,../Data/downloads/Roboflow/Data/downloads/roboflow_chicken_pose/test/labels/278_jpg.rf.f50a6fa6cb11112f3eadf11582e037c4.txt,278,test,train,12,7|4|1
../Data/downloads/Roboflow/Data/downloads/roboflow_chicken_pose/test/images/280_jpg.rf.3ad075599188f81d24b5e0dc18a3ba09.jpg,../Data/downloads/Roboflow/Data/downloads/roboflow_chicken_pose/test/labels/280_jpg.rf.3ad075599188f81d24b5e0dc18a3ba09.txt,280,test,train,12,0|6|6
../Data/downloads/Roboflow/Data/downloads/roboflow_chicken_pose/test/images/288_jpg.rf.4692330a7b6b4c0c35b25ce82484d34b.jpg,../Data/downloads/Roboflow/Data/downloads/roboflow_chicken_pose/test/labels/288_jpg.rf.4692330a7b6b4c0c35b25ce82484d34b.txt,288,test,train,12,2|8|2
../Data/downloads/Roboflow/Data/downloads/roboflow_chicken_pose/test/images/295_jpg.rf.729a9bde93abf21417bd71f7d8761c2f.jpg,../Data/downloads/Roboflow/Data/downloads/roboflow_chicken_pose/test/labels/295_jpg.rf.729a9bde93abf21417bd71f7d8761c2f.txt,295,test,val,12,1|6|5
../Data/downloads/Roboflow/Data/downloads/roboflow_chicken_pose/test/images/311_jpg.rf.47774facd6dd88c126ea3427488df326.jpg,../Data/downloads/Roboflow/Data/downloads/roboflow_chicken_pose/test/labels/311_jpg.rf.47774facd6dd88c126ea3427488df326.txt,311,test,train,12,2|2|8
../Data/downloads/Roboflow/Data/downloads/roboflow_chicken_pose/test/images/313_jpg.rf.68aafa5f5c4dbd3ba8912b4e4f43f56b.jpg,../Data/downloads/Roboflow/Data/downloads/roboflow_chicken_pose/test/labels/313_jpg.rf.68aafa5f5c4dbd3ba8912b4e4f43f56b.txt,313,test,train,12,0|9|3
../Data/downloads/Roboflow/Data/downloads/roboflow_chicken_pose/test/images/320_jpg.rf.282ed0858b2b659e1a7f95807c7e6961.jpg,../Data/downloads/Roboflow/Data/downloads/roboflow_chicken_pose/test/labels/320_jpg.rf.282ed0858b2b659e1a7f95807c7e6961.txt,320,test,val,12,2|4|6
../Data/downloads/Roboflow/Data/downloads/roboflow_chicken_pose/test/images/355_jpg.rf.3b93bb404d535113f094510cb66c26ce.jpg,../Data/downloads/Roboflow/Data/downloads/roboflow_chicken_pose/test/labels/355_jpg.rf.3b93bb404d535113f094510cb66c26ce.txt,355,test,train,12,4|6|2
../Data/downloads/Roboflow/Data/downloads/roboflow_chicken_pose/test/images/388_jpg.rf.208a912109bfac481960830a3ba795e8.jpg,../Data/downloads/Roboflow/Data/downloads/roboflow_chicken_pose/test/labels/388_jpg.rf.208a912109bfac481960830a3ba795e8.txt,388,test,train,12,3|4|5
../Data/downloads/Roboflow/Data/downloads/roboflow_chicken_pose/test/images/395_jpg.rf.88526650be4b27274229d0b87d109f37.jpg,../Data/downloads/Roboflow/Data/downloads/roboflow_chicken_pose/test/labels/395_jpg.rf.88526650be4b27274229d0b87d109f37.txt,395,test,train,12,5|4|3
../Data/downloads/Roboflow/Data/downloads/roboflow_chicken_pose/test/images/39_jpg.rf.df95a2c5d26ef06642fb069d6b8f2f21.jpg,../Data/downloads/Roboflow/Data/downloads/roboflow_chicken_pose/test/labels/39_jpg.rf.df95a2c5d26ef06642fb069d6b8f2f21.txt,39,test,train,12,1|6|5
../Data/downloads/Roboflow/Data/downloads/roboflow_chicken_pose/test/images/40_jpg.rf.92860a7133614c14739b8db6e2829cfb.jpg,../Data/downloads/Roboflow/Data/downloads/roboflow_chicken_pose/test/labels/40_jpg.rf.92860a7133614c14739b8db6e2829cfb.txt,40,test,test,12,2|5|5
../Data/downloads/Roboflow/Data/downloads/roboflow_chicken_pose/test/images/422_jpg.rf.9cafca12fce23d0f2eba391b23ea6c6b.jpg,../Data/downloads/Roboflow/Data/downloads/roboflow_chicken_pose/test/labels/422_jpg.rf.9cafca12fce23d0f2eba391b23ea6c6b.txt,422,test,train,12,5|4|3
../Data/downloads/Roboflow/Data/downloads/roboflow_chicken_pose/test/images/433_jpg.rf.21cada6239f72730cee05e298a394b86.jpg,../Data/downloads/Roboflow/Data/downloads/roboflow_chicken_pose/test/labels/433_jpg.rf.21cada6239f72730cee05e298a394b86.txt,433,test,train,12,1|3|8
../Data/downloads/Roboflow/Data/downloads/roboflow_chicken_pose/test/images/474_jpg.rf.cc9ada901a3c88883f556704177161f3.jpg,../Data/downloads/Roboflow/Data/downloads/roboflow_chicken_pose/test/labels/474_jpg.rf.cc9ada901a3c88883f556704177161f3.txt,474,test,train,13,4|7|2
../Data/downloads/Roboflow/Data/downloads/roboflow_chicken_pose/test/images/481_jpg.rf.e6270176727124b3b6a9a574ebe299be.jpg,../Data/downloads/Roboflow/Data/downloads/roboflow_chicken_pose/test/labels/481_jpg.rf.e6270176727124b3b6a9a574ebe299be.txt,481,test,train,12,3|6|3
../Data/downloads/Roboflow/Data/downloads/roboflow_chicken_pose/test/images/504_jpg.rf.289345b714bafc1528dd9d3ac3b6284e.jpg,../Data/downloads/Roboflow/Data/downloads/roboflow_chicken_pose/test/labels/504_jpg.rf.289345b714bafc1528dd9d3ac3b6284e.txt,504,test,train,12,2|6|4
../Data/downloads/Roboflow/Data/downloads/roboflow_chicken_pose/test/images/515_jpg.rf.bd39f7b170ee5f6fee908d488f2806aa.jpg,../Data/downloads/Roboflow/Data/downloads/roboflow_chicken_pose/test/labels/515_jpg.rf.bd39f7b170ee5f6fee908d488f2806aa.txt,515,test,test,12,2|3|7
../Data/downloads/Roboflow/Data/downloads/roboflow_chicken_pose/test/images/526_jpg.rf.191ee15ec5dacedeba3479065e5ebdf3.jpg,../Data/downloads/Roboflow/Data/downloads/roboflow_chicken_pose/test/labels/526_jpg.rf.191ee15ec5dacedeba3479065e5ebdf3.txt,526,test,train,12,3|3|6
../Data/downloads/Roboflow/Data/downloads/roboflow_chicken_pose/test/images/528_jpg.rf.286cecf845c7afac0cd7265fcc3618a3.jpg,../Data/downloads/Roboflow/Data/downloads/roboflow_chicken_pose/test/labels/528_jpg.rf.286cecf845c7afac0cd7265fcc3618a3.txt,528,test,train,12,3|2|7
../Data/downloads/Roboflow/Data/downloads/roboflow_chicken_pose/test/images/534_jpg.rf.a06bd072cd53702b8df69b76ea6bf970.jpg,../Data/downloads/Roboflow/Data/downloads/roboflow_chicken_pose/test/labels/534_jpg.rf.a06bd072cd53702b8df69b76ea6bf970.txt,534,test,val,12,2|10|0
../Data/downloads/Roboflow/Data/downloads/roboflow_chicken_pose/test/images/543_jpg.rf.98effc26531b4d0a2229d068fe16588d.jpg,../Data/downloads/Roboflow/Data/downloads/roboflow_chicken_pose/test/labels/543_jpg.rf.98effc26531b4d0a2229d068fe16588d.txt,543,test,train,11,1|4|6
../Data/downloads/Roboflow/Data/downloads/roboflow_chicken_pose/test/images/548_jpg.rf.43cc5aab6a07f83acebd0318056d8ca9.jpg,../Data/downloads/Roboflow/Data/downloads/roboflow_chicken_pose/test/labels/548_jpg.rf.43cc5aab6a07f83acebd0318056d8ca9.txt,548,test,train,12,1|6|5
../Data/downloads/Roboflow/Data/downloads/roboflow_chicken_pose/test/images/551_jpg.rf.cb01067bd67a4aae6a7f34be89c0acf5.jpg,../Data/downloads/Roboflow/Data/downloads/roboflow_chicken_pose/test/labels/551_jpg.rf.cb01067bd67a4aae6a7f34be89c0acf5.txt,551,test,val,12,4|5|3
../Data/downloads/Roboflow/Data/downloads/roboflow_chicken_pose/test/images/556_jpg.rf.b269c532490eb6bf0b5938822e54df28.jpg,../Data/downloads/Roboflow/Data/downloads/roboflow_chicken_pose/test/labels/556_jpg.rf.b269c532490eb6bf0b5938822e54df28.txt,556,test,train,11,0|7|4
../Data/downloads/Roboflow/Data/downloads/roboflow_chicken_pose/test/images/56_jpg.rf.78a9effdf5beeb9117b087e6b102b993.jpg,../Data/downloads/Roboflow/Data/downloads/roboflow_chicken_pose/test/labels/56_jpg.rf.78a9effdf5beeb9117b087e6b102b993.txt,56,test,train,12,0|0|12
../Data/downloads/Roboflow/Data/downloads/roboflow_chicken_pose/test/images/57_jpg.rf.fe814329c62fb1faa79b67f722b582a2.jpg,../Data/downloads/Roboflow/Data/downloads/roboflow_chicken_pose/test/labels/57_jpg.rf.fe814329c62fb1faa79b67f722b582a2.txt,57,test,test,12,3|3|6
../Data/downloads/Roboflow/Data/downloads/roboflow_chicken_pose/test/images/581_jpg.rf.5f93199fa4d429ca0d8b67427e652cd3.jpg,../Data/downloads/Roboflow/Data/downloads/roboflow_chicken_pose/test/labels/581_jpg.rf.5f93199fa4d429ca0d8b67427e652cd3.txt,581,test,val,12,2|5|5
../Data/downloads/Roboflow/Data/downloads/roboflow_chicken_pose/test/images/597_jpg.rf.e29f815dfad98795d0023fefb620f567.jpg,../Data/downloads/Roboflow/Data/downloads/roboflow_chicken_pose/test/labels/597_jpg.rf.e29f815dfad98795d0023fefb620f567.txt,597,test,val,12,2|5|5
../Data/downloads/Roboflow/Data/downloads/roboflow_chicken_pose/test/images/599_jpg.rf.060bfbee485308909e481e40e4589177.jpg,../Data/downloads/Roboflow/Data/downloads/roboflow_chicken_pose/test/labels/599_jpg.rf.060bfbee485308909e481e40e4589177.txt,599,test,val,12,4|5|3
../Data/downloads/Roboflow/Data/downloads/roboflow_chicken_pose/test/images/620_jpg.rf.8cb9faba64c9af4133a1b0293ffd76da.jpg,../Data/downloads/Roboflow/Data/downloads/roboflow_chicken_pose/test/labels/620_jpg.rf.8cb9faba64c9af4133a1b0293ffd76da.txt,620,test,test,12,2|7|3
../Data/downloads/Roboflow/Data/downloads/roboflow_chicken_pose/test/images/623_jpg.rf.60da9bed7c1e793d13b3b98ce0d2d522.jpg,../Data/downloads/Roboflow/Data/downloads/roboflow_chicken_pose/test/labels/623_jpg.rf.60da9bed7c1e793d13b3b98ce0d2d522.txt,623,test,train,12,4|5|3
../Data/downloads/Roboflow/Data/downloads/roboflow_chicken_pose/test/images/634_jpg.rf.f526c5b9db4934ad3f87cc4223a9dd30.jpg,../Data/downloads/Roboflow/Data/downloads/roboflow_chicken_pose/test/labels/634_jpg.rf.f526c5b9db4934ad3f87cc4223a9dd30.txt,634,test,train,12,0|8|4
../Data/downloads/Roboflow/Data/downloads/roboflow_chicken_pose/test/images/635_jpg.rf.b0e492e80294f59f85a1bc6f8f35a9bb.jpg,../Data/downloads/Roboflow/Data/downloads/roboflow_chicken_pose/test/labels/635_jpg.rf.b0e492e80294f59f85a1bc6f8f35a9bb.txt,635,test,train,11,3|3|5
../Data/downloads/Roboflow/Data/downloads/roboflow_chicken_pose/test/images/644_jpg.rf.1e26c1734bd8cdb3c68bc24b1aae4d51.jpg,../Data/downloads/Roboflow/Data/downloads/roboflow_chicken_pose/test/labels/644_jpg.rf.1e26c1734bd8cdb3c68bc24b1aae4d51.txt,644,test,val,12,3|7|2
../Data/downloads/Roboflow/Data/downloads/roboflow_chicken_pose/test/images/648_jpg.rf.da9164745621e33c9d5956f86bab7225.jpg,../Data/downloads/Roboflow/Data/downloads/roboflow_chicken_pose/test/labels/648_jpg.rf.da9164745621e33c9d5956f86bab7225.txt,648,test,train,12,2|5|5
../Data/downloads/Roboflow/Data/downloads/roboflow_chicken_pose/test/images/676_jpg.rf.6da0c74080dd3a1efacac86ed3d299d3.jpg,../Data/downloads/Roboflow/Data/downloads/roboflow_chicken_pose/test/labels/676_jpg.rf.6da0c74080dd3a1efacac86ed3d299d3.txt,676,test,train,12,1|7|4
../Data/downloads/Roboflow/Data/downloads/roboflow_chicken_pose/test/images/682_jpg.rf.f28988c0229d6de425c7cd83f6132b81.jpg,../Data/downloads/Roboflow/Data/downloads/roboflow_chicken_pose/test/labels/682_jpg.rf.f28988c0229d6de425c7cd83f6132b81.txt,682,test,train,12,4|4|4
../Data/downloads/Roboflow/Data/downloads/roboflow_chicken_pose/test/images/693_jpg.rf.0f429476d5e35128e670764c20ffeaa5.jpg,../Data/downloads/Roboflow/Data/downloads/roboflow_chicken_pose/test/labels/693_jpg.rf.0f429476d5e35128e670764c20ffeaa5.txt,693,test,val,12,4|4|4
../Data/downloads/Roboflow/Data/downloads/roboflow_chicken_pose/test/images/705_jpg.rf.ccc66d556d971c304e2d0576556f3a1c.jpg,../Data/downloads/Roboflow/Data/downloads/roboflow_chicken_pose/test/labels/705_jpg.rf.ccc66d556d971c304e2d0576556f3a1c.txt,705,test,val,12,1|6|5
../Data/downloads/Roboflow/Data/downloads/roboflow_chicken_pose/test/images/743_jpg.rf.517b40a9391d0a947f7dba4eb95b76d5.jpg,../Data/downloads/Roboflow/Data/downloads/roboflow_chicken_pose/test/labels/743_jpg.rf.517b40a9391d0a947f7dba4eb95b76d5.txt,743,test,train,12,3|6|3
../Data/downloads/Roboflow/Data/downloads/roboflow_chicken_pose/test/images/769_jpg.rf.8c449f0d5654db52ed5d9862c1bd2b75.jpg,../Data/downloads/Roboflow/Data/downloads/roboflow_chicken_pose/test/labels/769_jpg.rf.8c449f0d5654db52ed5d9862c1bd2b75.txt,769,test,val,11,2|2|7
../Data/downloads/Roboflow/Data/downloads/roboflow_chicken_pose/test/images/770_jpg.rf.e2e45f47c8b49c0b46f26736c8123f9c.jpg,../Data/downloads/Roboflow/Data/downloads/roboflow_chicken_pose/test/labels/770_jpg.rf.e2e45f47c8b49c0b46f26736c8123f9c.txt,770,test,test,12,4|5|3
../Data/downloads/Roboflow/Data/downloads/roboflow_chicken_pose/test/images/773_jpg.rf.aa2f5cd2e9d62e2e875b98c3ffe86dba.jpg,../Data/downloads/Roboflow/Data/downloads/roboflow_chicken_pose/test/labels/773_jpg.rf.aa2f5cd2e9d62e2e875b98c3ffe86dba.txt,773,test,train,12,3|4|5
../Data/downloads/Roboflow/Data/downloads/roboflow_chicken_pose/test/images/778_jpg.rf.799a1b107671f2ec8e92fcaa21ce2e58.jpg,../Data/downloads/Roboflow/Data/downloads/roboflow_chicken_pose/test/labels/778_jpg.rf.799a1b107671f2ec8e92fcaa21ce2e58.txt,778,test,train,12,2|9|1
../Data/downloads/Roboflow/Data/downloads/roboflow_chicken_pose/test/images/785_jpg.rf.5d5a9d234dcf62710f3aaa876c761623.jpg,../Data/downloads/Roboflow/Data/downloads/roboflow_chicken_pose/test/labels/785_jpg.rf.5d5a9d234dcf62710f3aaa876c761623.txt,785,test,test,12,5|7|0
../Data/downloads/Roboflow/Data/downloads/roboflow_chicken_pose/test/images/787_jpg.rf.a0c279ca863c500fd8fecb03f7c74883.jpg,../Data/downloads/Roboflow/Data/downloads/roboflow_chicken_pose/test/labels/787_jpg.rf.a0c279ca863c500fd8fecb03f7c74883.txt,787,test,train,12,4|6|2
../Data/downloads/Roboflow/Data/downloads/roboflow_chicken_pose/test/images/797_jpg.rf.6cdf62a0ddd76afc9dd441b5aff41b01.jpg,../Data/downloads/Roboflow/Data/downloads/roboflow_chicken_pose/test/labels/797_jpg.rf.6cdf62a0ddd76afc9dd441b5aff41b01.txt,797,test,train,11,1|5|5
../Data/downloads/Roboflow/Data/downloads/roboflow_chicken_pose/test/images/802_jpg.rf.051581a1b4108bf84cfe556fa9f45547.jpg,../Data/downloads/Roboflow/Data/downloads/roboflow_chicken_pose/test/labels/802_jpg.rf.051581a1b4108bf84cfe556fa9f45547.txt,802,test,train,12,2|5|5
../Data/downloads/Roboflow/Data/downloads/roboflow_chicken_pose/test/images/810_jpg.rf.9a7a0f7e3a635ec595dcbef244308076.jpg,../Data/downloads/Roboflow/Data/downloads/roboflow_chicken_pose/test/labels/810_jpg.rf.9a7a0f7e3a635ec595dcbef244308076.txt,810,test,train,12,4|4|4
../Data/downloads/Roboflow/Data/downloads/roboflow_chicken_pose/test/images/824_jpg.rf.7454804fdfafea6ffa2e709b9a8b6c60.jpg,../Data/downloads/Roboflow/Data/downloads/roboflow_chicken_pose/test/labels/824_jpg.rf.7454804fdfafea6ffa2e709b9a8b6c60.txt,824,test,test,12,4|6|2
../Data/downloads/Roboflow/Data/downloads/roboflow_chicken_pose/test/images/826_jpg.rf.14c676598723daec89925f0725034450.jpg,../Data/downloads/Roboflow/Data/downloads/roboflow_chicken_pose/test/labels/826_jpg.rf.14c676598723daec89925f0725034450.txt,826,test,train,12,5|4|3
../Data/downloads/Roboflow/Data/downloads/roboflow_chicken_pose/test/images/82_jpg.rf.8c90668be38185c6e314052412d443d4.jpg,../Data/downloads/Roboflow/Data/downloads/roboflow_chicken_pose/test/labels/82_jpg.rf.8c90668be38185c6e314052412d443d4.txt,82,test,train,11,0|6|5
../Data/downloads/Roboflow/Data/downloads/roboflow_chicken_pose/test/images/833_jpg.rf.6b009868e54eff5e246e5d10d398746a.jpg,../Data/downloads/Roboflow/Data/downloads/roboflow_chicken_pose/test/labels/833_jpg.rf.6b009868e54eff5e246e5d10d398746a.txt,833,test,train,12,4|6|2
../Data/downloads/Roboflow/Data/downloads/roboflow_chicken_pose/test/images/834_jpg.rf.057129dca663d6979eef960a76d4308a.jpg,../Data/downloads/Roboflow/Data/downloads/roboflow_chicken_pose/test/labels/834_jpg.rf.057129dca663d6979eef960a76d4308a.txt,834,test,train,12,2|1|9
../Data/downloads/Roboflow/Data/downloads/roboflow_chicken_pose/test/images/835_jpg.rf.8d5c85cd42d72b6f302ab3e7478e56d1.jpg,../Data/downloads/Roboflow/Data/downloads/roboflow_chicken_pose/test/labels/835_jpg.rf.8d5c85cd42d72b6f302ab3e7478e56d1.txt,835,test,train,12,3|5|4
../Data/downloads/Roboflow/Data/downloads/roboflow_chicken_pose/test/images/845_jpg.rf.fdc9c2019ea3e6bfdc9fea86aa6d5335.jpg,../Data/downloads/Roboflow/Data/downloads/roboflow_chicken_pose/test/labels/845_jpg.rf.fdc9c2019ea3e6bfdc9fea86aa6d5335.txt,845,test,test,12,3|4|5
../Data/downloads/Roboflow/Data/downloads/roboflow_chicken_pose/test/images/854_jpg.rf.421deb76489c376313489c4b398e896f.jpg,../Data/downloads/Roboflow/Data/downloads/roboflow_chicken_pose/test/labels/854_jpg.rf.421deb76489c376313489c4b398e896f.txt,854,test,train,12,3|6|3
../Data/downloads/Roboflow/Data/downloads/roboflow_chicken_pose/test/images/855_jpg.rf.c51ef98203faa3c67d1774a9b58dfa5c.jpg,../Data/downloads/Roboflow/Data/downloads/roboflow_chicken_pose/test/labels/855_jpg.rf.c51ef98203faa3c67d1774a9b58dfa5c.txt,855,test,train,12,3|7|2
../Data/downloads/Roboflow/Data/downloads/roboflow_chicken_pose/test/images/856_jpg.rf.ad53b68a1f88133a2373261f4aba29c9.jpg,../Data/downloads/Roboflow/Data/downloads/roboflow_chicken_pose/test/labels/856_jpg.rf.ad53b68a1f88133a2373261f4aba29c9.txt,856,test,train,12,4|5|3
../Data/downloads/Roboflow/Data/downloads/roboflow_chicken_pose/test/images/88_jpg.rf.2be6d1cd199c5b0131101906d96539ee.jpg,../Data/downloads/Roboflow/Data/downloads/roboflow_chicken_pose/test/labels/88_jpg.rf.2be6d1cd199c5b0131101906d96539ee.txt,88,test,train,12,5|5|2
../Data/downloads/Roboflow/Data/downloads/roboflow_chicken_pose/test/images/893_jpg.rf.4d6551d4bcd7955fd62719d5923fabf0.jpg,../Data/downloads/Roboflow/Data/downloads/roboflow_chicken_pose/test/labels/893_jpg.rf.4d6551d4bcd7955fd62719d5923fabf0.txt,893,test,val,12,0|5|7
../Data/downloads/Roboflow/Data/downloads/roboflow_chicken_pose/test/images/905_jpg.rf.50f45390f3b7dbb9d2aa81bd3e2c8aaa.jpg,../Data/downloads/Roboflow/Data/downloads/roboflow_chicken_pose/test/labels/905_jpg.rf.50f45390f3b7dbb9d2aa81bd3e2c8aaa.txt,905,test,test,12,4|6|2
../Data/downloads/Roboflow/Data/downloads/roboflow_chicken_pose/test/images/907_jpg.rf.0c8bd067865a377b7f9a72298691806d.jpg,../Data/downloads/Roboflow/Data/downloads/roboflow_chicken_pose/test/labels/907_jpg.rf.0c8bd067865a377b7f9a72298691806d.txt,907,test,test,12,4|4|4
../Data/downloads/Roboflow/Data/downloads/roboflow_chicken_pose/test/images/915_jpg.rf.f500ca52a7e6837ab5a2fc50fef8cf9a.jpg,../Data/downloads/Roboflow/Data/downloads/roboflow_chicken_pose/test/labels/915_jpg.rf.f500ca52a7e6837ab5a2fc50fef8cf9a.txt,915,test,train,12,2|5|5
../Data/downloads/Roboflow/Data/downloads/roboflow_chicken_pose/test/images/918_jpg.rf.fea5e08cb6978aef466ff624468bdf9a.jpg,../Data/downloads/Roboflow/Data/downloads/roboflow_chicken_pose/test/labels/918_jpg.rf.fea5e08cb6978aef466ff624468bdf9a.txt,918,test,test,12,4|4|4
../Data/downloads/Roboflow/Data/downloads/roboflow_chicken_pose/test/images/91_jpg.rf.26cdc2c11f64fa0176a90a08fa396ba5.jpg,../Data/downloads/Roboflow/Data/downloads/roboflow_chicken_pose/test/labels/91_jpg.rf.26cdc2c11f64fa0176a90a08fa396ba5.txt,91,test,test,11,1|1|9
../Data/downloads/Roboflow/Data/downloads/roboflow_chicken_pose/test/images/929_jpg.rf.37d8c62669ac865c1e8d118a6cb7bd8d.jpg,../Data/downloads/Roboflow/Data/downloads/roboflow_chicken_pose/test/labels/929_jpg.rf.37d8c62669ac865c1e8d118a6cb7bd8d.txt,929,test,val,12,2|7|3
../Data/downloads/Roboflow/Data/downloads/roboflow_chicken_pose/test/images/936_jpg.rf.ab3273bfcc358d09ddab55e065c7df85.jpg,../Data/downloads/Roboflow/Data/downloads/roboflow_chicken_pose/test/labels/936_jpg.rf.ab3273bfcc358d09ddab55e065c7df85.txt,936,test,train,12,1|7|4
../Data/downloads/Roboflow/Data/downloads/roboflow_chicken_pose/test/images/941_jpg.rf.907bb3bede28e303328ea3f351fddf1e.jpg,../Data/downloads/Roboflow/Data/downloads/roboflow_chicken_pose/test/labels/941_jpg.rf.907bb3bede28e303328ea3f351fddf1e.txt,941,test,train,12,6|4|2
../Data/downloads/Roboflow/Data/downloads/roboflow_chicken_pose/test/images/943_jpg.rf.f5a50ac51c6d2a957b88d2b4f5c1fdd0.jpg,../Data/downloads/Roboflow/Data/downloads/roboflow_chicken_pose/test/labels/943_jpg.rf.f5a50ac51c6d2a957b88d2b4f5c1fdd0.txt,943,test,val,12,3|7|2
../Data/downloads/Roboflow/Data/downloads/roboflow_chicken_pose/test/images/948_jpg.rf.70c48f4a39f3a7543b8607782ba08bc3.jpg,../Data/downloads/Roboflow/Data/downloads/roboflow_chicken_pose/test/labels/948_jpg.rf.70c48f4a39f3a7543b8607782ba08bc3.txt,948,test,train,12,3|6|3
../Data/downloads/Roboflow/Data/downloads/roboflow_chicken_pose/test/images/954_jpg.rf.dadf1881b53ca2fcaaaaa26e14f52a18.jpg,../Data/downloads/Roboflow/Data/downloads/roboflow_chicken_pose/test/labels/954_jpg.rf.dadf1881b53ca2fcaaaaa26e14f52a18.txt,954,test,train,12,1|4|7
../Data/downloads/Roboflow/Data/downloads/roboflow_chicken_pose/test/images/970_jpg.rf.df92cc544b9d8fab7e9c21a34567dd16.jpg,../Data/downloads/Roboflow/Data/downloads/roboflow_chicken_pose/test/labels/970_jpg.rf.df92cc544b9d8fab7e9c21a34567dd16.txt,970,test,train,12,5|3|4
../Data/downloads/Roboflow/Data/downloads/roboflow_chicken_pose/test/images/973_jpg.rf.7ce5bf6c47d6abc96eafc59a7fa2cc6b.jpg,../Data/downloads/Roboflow/Data/downloads/roboflow_chicken_pose/test/labels/973_jpg.rf.7ce5bf6c47d6abc96eafc59a7fa2cc6b.txt,973,test,train,11,7|3|1
../Data/downloads/Roboflow/Data/downloads/roboflow_chicken_pose/test/images/979_jpg.rf.63e84252e73527844def4198a509730e.jpg,../Data/downloads/Roboflow/Data/downloads/roboflow_chicken_pose/test/labels/979_jpg.rf.63e84252e73527844def4198a509730e.txt,979,test,train,12,2|10|0
../Data/downloads/Roboflow/Data/downloads/roboflow_chicken_pose/test/images/981_jpg.rf.47a74469fe14fe16affda2ab4cfb80cc.jpg,../Data/downloads/Roboflow/Data/downloads/roboflow_chicken_pose/test/labels/981_jpg.rf.47a74469fe14fe16affda2ab4cfb80cc.txt,981,test,train,12,6|0|6
