path,label_path,clip,orig_split,split,n_objects,class_hist
../Data/downloads/Roboflow/Data/downloads/roboflow_healthy_sick/train/images/1672722154765_jpg.rf.08b1f1c7af9cb37f5b330fae2fba5f5c.jpg,../Data/downloads/Roboflow/Data/downloads/roboflow_healthy_sick/train/labels/1672722154765_jpg.rf.08b1f1c7af9cb37f5b330fae2fba5f5c.txt,1672722154765,train,test,1,0|1
../Data/downloads/Roboflow/Data/downloads/roboflow_healthy_sick/train/images/1672722154765_jpg.rf.83d5d18b0510782e46a10742d03ba399.jpg,../Data/downloads/Roboflow/Data/downloads/roboflow_healthy_sick/train/labels/1672722154765_jpg.rf.83d5d18b0510782e46a10742d03ba399.txt,1672722154765,train,test,1,0|1
../Data/downloads/Roboflow/Data/downloads/roboflow_healthy_sick/train/images/1672722154765_jpg.rf.85e721b097e1fcdd6097d11f535cd9a1.jpg,../Data/downloads/Roboflow/Data/downloads/roboflow_healthy_sick/train/labels/1672722154765_jpg.rf.85e721b097e1fcdd6097d11f535cd9a1.txt,1672722154765,train,test,1,0|1
../Data/downloads/Roboflow/Data/downloads/roboflow_healthy_sick/train/images/1672722154765_jpg.rf.892f49df19b2fb96166689ac1b53e173.jpg,../Data/downloads/Roboflow/Data/downloads/roboflow_healthy_sick/train/labels/1672722154765_jpg.rf.892f49df19b2fb96166689ac1b53e173.txt,1672722154765,train,test,1,0|1
../Data/downloads/Roboflow/Data/downloads/roboflow_healthy_sick/train/images/1672722154765_jpg.rf.9deeae75d09a58d1eadc2f9d4f708ea3.jpg,../Data/downloads/Roboflow/Data/downloads/roboflow_healthy_sick/train/labels/1672722154765_jpg.rf.9deeae75d09a58d1eadc2f9d4f708ea3.txt,1672722154765,train,test,1,0|1
../Data/downloads/Roboflow/Data/downloads/roboflow_healthy_sick/train/images/1672722154765_jpg.rf.fae0180e0af97d16f0471138daeb27b0.jpg,../Data/downloads/Roboflow/Data/downloads/roboflow_healthy_sick/train/labels/1672722154765_jpg.rf.fae0180e0af97d16f0471138daeb27b0.txt,1672722154765,train,test,1,0|1
../Data/downloads/Roboflow/Data/downloads/roboflow_healthy_sick/train/images/1672722154770_jpg.rf.5213dddf1e0755767fa220d4fa56813c.jpg,../Data/downloads/Roboflow/Data/downloads/roboflow_healthy_sick/train/labels/1672722154770_jpg.rf.5213dddf1e0755767fa220d4fa56813c.txt,1672722154770,train,train,1,0|1
../Data/downloads/Roboflow/Data/downloads/roboflow_healthy_sick/train/images/1672722154770_jpg.rf.58dc1b17e868b46217a4d56cd643e282.jpg,../Data/downloads/Roboflow/Data/downloads/roboflow_healthy_sick/train/labels/1672722154770_jpg.rf.58dc1b17e868b46217a4d56cd643e282.txt,1672722154770,train,train,1,0|1
../Data/downloads/Roboflow/Data/downloads/roboflow_healthy_sick/train/images/1672722154770_jpg.rf.bcd1b31b97fa29afb75220f61d5d2595.jpg,../Data/downloads/Roboflow/Data/downloads/roboflow_healthy_sick/train/labels/1672722154770_jpg.rf.bcd1b31b97fa29afb75220f61d5d2595.txt,1672722154770,train,train,1,0|1
../Data/downloads/Roboflow/Data/downloads/roboflow_healthy_sick/train/images/1672722154775_jpg.rf.94d0a964ec78bc1100ca4b6a4f6f66c8.jpg,../Data/downloads/Roboflow/Data/downloads/roboflow_healthy_sick/train/labels/1672722154775_jpg.rf.94d0a964ec78bc1100ca4b6a4f6f66c8.txt,1672722154775,train,train,1,0|1
../Data/downloads/Roboflow/Data/downloads/roboflow_healthy_sick/train/images/1672722154775_jpg.rf.b2f2f3243e4400486c3501165037a5ce.jpg,../Data/downloads/Roboflow/Data/downloads/roboflow_healthy_sick/train/labels/1672722154775_jpg.rf.b2f2f3243e4400486c3501165037a5ce.txt,1672722154775,train,train,1,0|1
../Data/downloads/Roboflow/Data/downloads/roboflow_healthy_sick/train/images/1672722154775_jpg.rf.bfebad5910db6b2f9e09dd2e48893546.jpg,../Data/downloads/Roboflow/Data/downloads/roboflow_healthy_sick/train/labels/1672722154775_jpg.rf.bfebad5910db6b2f9e09dd2e48893546.txt,1672722154775,train,train,1,0|1
../Data/downloads/Roboflow/Data/downloads/roboflow_healthy_sick/train/images/1672722154780_jpg.rf.0577abbc5c33088db797311aed155f55.jpg,../Data/downloads/Roboflow/Data/downloads/roboflow_healthy_sick/train/labels/1672722154780_jpg.rf.0577abbc5c33088db797311aed155f55.txt,1672722154780,train,train,1,0|1
../Data/downloads/Roboflow/Data/downloads/roboflow_healthy_sick/train/images/1672722154780_jpg.rf.474f97f3368892a645f183067e3381f4.jpg,../Data/downloads/Roboflow/Data/downloads/roboflow_healthy_sick/train/labels/1672722154780_jpg.rf.474f97f3368892a645f183067e3381f4.txt,1672722154780,train,train,1,0|1
../Data/downloads/Roboflow/Data/downloads/roboflow_healthy_sick/train/images/1672722154780_jpg.rf.4cd8de40ee068e4438ff022ac4d6599a.jpg,../Data/downloads/Roboflow/Data/downloads/roboflow_healthy_sick/train/labels/1672722154780_jpg.rf.4cd8de40ee068e4438ff022ac4d6599a.txt,1672722154780,train,train,1,0|1
../Data/downloads/Roboflow/Data/downloads/roboflow_healthy_sick/train/images/1672722154780_jpg.rf.892058b85f2d04eb308938dff401829b.jpg,../Data/downloads/Roboflow/Data/downloads/roboflow_healthy_sick/train/labels/1672722154780_jpg.rf.892058b85f2d04eb308938dff401829b.txt,1672722154780,train,train,1,0|1
../Data/downloads/Roboflow/Data/downloads/roboflow_healthy_sick/train/images/1672722154780_jpg.rf.9a549bf15375c3f5c37756036f078b2d.jpg,../Data/downloads/Roboflow/Data/downloads/roboflow_healthy_sick/train/labels/1672722154780_jpg.rf.9a549bf15375c3f5c37756036f078b2d.txt,1672722154780,train,train,1,0|1
../Data/downloads/Roboflow/Data/downloads/roboflow_healthy_sick/train/images/1672722154780_jpg.rf.e78f62e19f67db1a928d57483239595c.jpg,../Data/downloads/Roboflow/Data/downloads/roboflow_healthy_sick/train/labels/1672722154780_jpg.rf.e78f62e19f67db1a928d57483239595c.txt,1672722154780,train,train,1,0|1
../Data/downloads/Roboflow/Data/downloads/roboflow_healthy_sick/train/images/1672722154784_jpg.rf.2b2dfb0c1407f2a1efcfd45f048763b2.jpg,../Data/downloads/Roboflow/Data/downloads/roboflow_healthy_sick/train/labels/1672722154784_jpg.rf.2b2dfb0c1407f2a1efcfd45f048763b2.txt,1672722154784,train,val,1,0|1
../Data/downloads/Roboflow/Data/downloads/roboflow_healthy_sick/train/images/1672722154784_jpg.rf.737a7729c590c44e4ae23014a6a98ff1.jpg,../Data/downloads/Roboflow/Data/downloads/roboflow_healthy_sick/train/labels/1672722154784_jpg.rf.737a7729c590c44e4ae23014a6a98ff1.txt,1672722154784,train,val,1,0|1
../Data/downloads/Roboflow/Data/downloads/roboflow_healthy_sick/train/images/1672722154784_jpg.rf.84d8975dc630fa990f7148fe522ffc5b.jpg,../Data/downloads/Roboflow/Data/downloads/roboflow_healthy_sick/train/labels/1672722154784_jpg.rf.84d8975dc630fa990f7148fe522ffc5b.txt,1672722154784,train,val,1,0|1
../Data/downloads/Roboflow/Data/downloads/roboflow_healthy_sick/train/images/1672722154784_jpg.rf.af560e579705433c05398765fd08d87c.jpg,../Data/downloads/Roboflow/Data/downloads/roboflow_healthy_sick/train/labels/1672722154784_jpg.rf.af560e579705433c05398765fd08d87c.txt,1672722154784,train,val,1,0|1
../Data/downloads/Roboflow/Data/downloads/roboflow_healthy_sick/train/images/1672722154784_jpg.rf.e2caac9edc17b096381542e578458025.jpg,../Data/downloads/Roboflow/Data/downloads/roboflow_healthy_sick/train/labels/1672722154784_jpg.rf.e2caac9edc17b096381542e578458025.txt,1672722154784,train,val,1,0|1
../Data/downloads/Roboflow/Data/downloads/roboflow_healthy_sick/train/images/1672722154784_jpg.rf.f607b05744ff528157d0b8f278c43f68.jpg,../Data/downloads/Roboflow/Data/downloads/roboflow_healthy_sick/train/labels/1672722154784_jpg.rf.f607b05744ff528157d0b8f278c43f68.txt,1672722154784,train,val,1,0|1
../Data/downloads/Roboflow/Data/downloads/roboflow_healthy_sick/train/images/1672722154789_jpg.rf.d12a2aa239c072c61b72ccfaaaa5658c.jpg,../Data/downloads/Roboflow/Data/downloads/roboflow_healthy_sick/train/labels/1672722154789_jpg.rf.d12a2aa239c072c61b72ccfaaaa5658c.txt,1672722154789,train,train,1,0|1
../Data/downloads/Roboflow/Data/downloads/roboflow_healthy_sick/train/images/1672722154789_jpg.rf.e4857dc615d0e0a6ae57b4af961fb50b.jpg,../Data/downloads/Roboflow/Data/downloads/roboflow_healthy_sick/train/labels/1672722154789_jpg.rf.e4857dc615d0e0a6ae57b4af961fb50b.txt,1672722154789,train,train,1,0|1
../Data/downloads/Roboflow/Data/downloads/roboflow_healthy_sick/train/images/1672722154789_jpg.rf.ffc4daf5f204d178f0b294ec6b3e623d.jpg,../Data/downloads/Roboflow/Data/downloads/roboflow_healthy_sick/train/labels/1672722154789_jpg.rf.ffc4daf5f204d178f0b294ec6b3e623d.txt,1672722154789,train,train,1,0|1
../Data/downloads/Roboflow/Data/downloads/roboflow_healthy_sick/train/images/1672722154794_jpg.rf.094ed656a6be2d9902e89aed01017247.jpg,../Data/downloads/Roboflow/Data/downloads/roboflow_healthy_sick/train/labels/1672722154794_jpg.rf.094ed656a6be2d9902e89aed01017247.txt,1672722154794,train,train,1,0|1
../Data/downloads/Roboflow/Data/downloads/roboflow_healthy_sick/train/images/1672722154794_jpg.rf.5beb5ca352df3e664dfb377aa8e2e7f8.jpg,../Data/downloads/Roboflow/Data/downloads/roboflow_healthy_sick/train/labels/1672722154794_jpg.rf.5beb5ca352df3e664dfb377aa8e2e7f8.txt,1672722154794,train,train,1,0|1
../Data/downloads/Roboflow/Data/downloads/roboflow_healthy_sick/train/images/1672722154794_jpg.rf.de8a6dd5026d41eb2ff689da47c72cbf.jpg,../Data/downloads/Roboflow/Data/downloads/roboflow_healthy_sick/train/labels/1672722154794_jpg.rf.de8a6dd5026d41eb2ff689da47c72cbf.txt,1672722154794,train,train,1,0|1
../Data/downloads/Roboflow/Data/downloads/roboflow_healthy_sick/train/images/1672722154799_jpg.rf.3c96c9ddda7d2a7d95aa109ab923b611.jpg,../Data/downloads/Roboflow/Data/downloads/roboflow_healthy_sick/train/labels/1672722154799_jpg.rf.3c96c9ddda7d2a7d95aa109ab923b611.txt,1672722154799,train,val,1,0|1
../Data/downloads/Roboflow/Data/downloads/roboflow_healthy_sick/train/images/1672722154799_jpg.rf.66b591fdf5140831a61a9aafb1b00708.jpg,../Data/downloads/Roboflow/Data/downloads/roboflow_healthy_sick/train/labels/1672722154799_jpg.rf.66b591fdf5140831a61a9aafb1b00708.txt,1672722154799,train,val,1,0|1
../Data/downloads/Roboflow/Data/downloads/roboflow_healthy_sick/train/images/1672722154799_jpg.rf.896fb6f3fa000b92c2f86443d7227563.jpg,../Data/downloads/Roboflow/Data/downloads/roboflow_healthy_sick/train/labels/1672722154799_jpg.rf.896fb6f3fa000b92c2f86443d7227563.txt,1672722154799,train,val,1,0|1
../Data/downloads/Roboflow/Data/downloads/roboflow_healthy_sick/train/images/1672722154804_jpg.rf.150c1d401f33e5310d3df1b4c5773982.jpg,../Data/downloads/Roboflow/Data/downloads/roboflow_healthy_sick/train/labels/1672722154804_jpg.rf.150c1d401f33e5310d3df1b4c5773982.txt,1672722154804,train,train,1,0|1
../Data/downloads/Roboflow/Data/downloads/roboflow_healthy_sick/train/images/1672722154804_jpg.rf.1910a5b7ded81d9bbb377a5f4d2295bc.jpg,../Data/downloads/Roboflow/Data/downloads/roboflow_healthy_sick/train/labels/1672722154804_jpg.rf.1910a5b7ded81d9bbb377a5f4d2295bc.txt,1672722154804,train,train,1,0|1
../Data/downloads/Roboflow/Data/downloads/roboflow_healthy_sick/train/images/1672722154804_jpg.rf.37ceb3cfb7acd7a68ed719cd2267126a.jpg,../Data/downloads/Roboflow/Data/downloads/roboflow_healthy_sick/train/labels/1672722154804_jpg.rf.37ceb3cfb7acd7a68ed719cd2267126a.txt,1672722154804,train,train,1,0|1
../Data/downloads/Roboflow/Data/downloads/roboflow_healthy_sick/train/images/1672722154804_jpg.rf.4345b3bfc3f6be4344825421ddda33c3.jpg,../Data/downloads/Roboflow/Data/downloads/roboflow_healthy_sick/train/labels/1672722154804_jpg.rf.4345b3bfc3f6be4344825421ddda33c3.txt,1672722154804,train,train,1,0|1
../Data/downloads/Roboflow/Data/downloads/roboflow_healthy_sick/train/images/1672722154804_jpg.rf.77dfbe9415302534755f38d9400b9fbd.jpg,../Data/downloads/Roboflow/Data/downloads/roboflow_healthy_sick/train/labels/1672722154804_jpg.rf.77dfbe9415302534755f38d9400b9fbd.txt,1672722154804,train,train,1,0|1
../Data/downloads/Roboflow/Data/downloads/roboflow_healthy_sick/train/images/1672722154804_jpg.rf.7b5eb2c93e8185b61f479ba48758ec52.jpg,../Data/downloads/Roboflow/Data/downloads/roboflow_healthy_sick/train/labels/1672722154804_jpg.rf.7b5eb2c93e8185b61f479ba48758ec52.txt,1672722154804,train,train,1,0|1
../Data/downloads/Roboflow/Data/downloads/roboflow_healthy_sick/train/images/1672722154809_jpg.rf.2cd5fd78b9a9b8c3bd6b8659f1789be8.jpg,../Data/downloads/Roboflow/Data/downloads/roboflow_healthy_sick/train/labels/1672722154809_jpg.rf.2cd5fd78b9a9b8c3bd6b8659f1789be8.txt,1672722154809,train,train,1,0|1
../Data/downloads/Roboflow/Data/downloads/roboflow_healthy_sick/train/images/1672722154809_jpg.rf.56a67f4a7e3c7b5e3e0e576f5c762905.jpg,../Data/downloads/Roboflow/Data/downloads/roboflow_healthy_sick/train/labels/1672722154809_jpg.rf.56a67f4a7e3c7b5e3e0e576f5c762905.txt,1672722154809,train,train,1,0|1
../Data/downloads/Roboflow/Data/downloads/roboflow_healthy_sick/train/images/1672722154809_jpg.rf.e8ed0631f0173b275651b323de9f315e.jpg,../Data/downloads/Roboflow/Data/downloads/roboflow_healthy_sick/train/labels/1672722154809_jpg.rf.e8ed0631f0173b275651b323de9f315e.txt,1672722154809,train,train,1,0|1
../Data/downloads/Roboflow/Data/downloads/roboflow_healthy_sick/train/images/1672722154818_jpg.rf.43a26f6decbcf8889cc0b25a6e0e6f5c.jpg,../Data/downloads/Roboflow/Data/downloads/roboflow_healthy_sick/train/labels/1672722154818_jpg.rf.43a26f6decbcf8889cc0b25a6e0e6f5c.txt,1672722154818,train,train,1,0|1
../Data/downloads/Roboflow/Data/downloads/roboflow_healthy_sick/train/images/1672722154818_jpg.rf.7a23209ee0420e9aed8f29223d275bcf.jpg,../Data/downloads/Roboflow/Data/downloads/roboflow_healthy_sick/train/labels/1672722154818_jpg.rf.7a23209ee0420e9aed8f29223d275bcf.txt,1672722154818,train,train,1,0|1
../Data/downloads/Roboflow/Data/downloads/roboflow_healthy_sick/train/images/1672722154818_jpg.rf.a211389e3d3d2a99e86fde6326c792b4.jpg,../Data/downloads/Roboflow/Data/downloads/roboflow_healthy_sick/train/labels/1672722154818_jpg.rf.a211389e3d3d2a99e86fde6326c792b4.txt,1672722154818,train,train,1,0|1
../Data/downloads/Roboflow/Data/downloads/roboflow_healthy_sick/train/images/1672722154823_jpg.rf.a16b95044d9b66c5a98f6fec41289435.jpg,../Data/downloads/Roboflow/Data/downloads/roboflow_healthy_sick/train/labels/1672722154823_jpg.rf.a16b95044d9b66c5a98f6fec41289435.txt,1672722154823,train,train,1,0|1
../Data/downloads/Roboflow/Data/downloads/roboflow_healthy_sick/train/images/1672722154823_jpg.rf.b07c8544292f0a68daaf20c19545960a.jpg,../Data/downloads/Roboflow/Data/downloads/roboflow_healthy_sick/train/labels/1672722154823_jpg.rf.b07c8544292f0a68daaf20c19545960a.txt,1672722154823,train,train,1,0|1
../Data/downloads/Roboflow/Data/downloads/roboflow_healthy_sick/train/images/1672722154823_jpg.rf.d83bdabafa50b21f1f29c6f80915fad1.jpg,../Data/downloads/Roboflow/Data/downloads/roboflow_healthy_sick/train/labels/1672722154823_jpg.rf.d83bdabafa50b21f1f29c6f80915fad1.txt,1672722154823,train,train,1,0|1
../Data/downloads/Roboflow/Data/downloads/roboflow_healthy_sick/train/images/1672722154828_jpg.rf.0a9b32107de114b76bb029941d909dd7.jpg,../Data/downloads/Roboflow/Data/downloads/roboflow_healthy_sick/train/labels/1672722154828_jpg.rf.0a9b32107de114b76bb029941d909dd7.txt,1672722154828,train,train,1,0|1
../Data/downloads/Roboflow/Data/downloads/roboflow_healthy_sick/train/images/1672722154828_jpg.rf.18c568f9c20e8d5a82eaf7c86f74ee84.jpg,../Data/downloads/Roboflow/Data/downloads/roboflow_healthy_sick/train/labels/1672722154828_jpg.rf.18c568f9c20e8d5a82eaf7c86f74ee84.txt,1672722154828,train,train,1,0|1
../Data/downloads/Roboflow/Data/downloads/roboflow_healthy_sick/train/images/1672722154828_jpg.rf.583269c0641d1fb8fd2ad48f60e2b9ef.jpg,../Data/downloads/Roboflow/Data/downloads/roboflow_healthy_sick/train/labels/1672722154828_jpg.rf.583269c0641d1fb8fd2ad48f60e2b9ef.txt,1672722154828,train,train,1,0|1
../Data/downloads/Roboflow/Data/downloads/roboflow_healthy_sick/train/images/1672722154828_jpg.rf.89a7a6c306e71441a14543abdd13962d.jpg,../Data/downloads/Roboflow/Data/downloads/roboflow_healthy_sick/train/labels/1672722154828_jpg.rf.89a7a6c306e71441a14543abdd13962d.txt,1672722154828,train,train,1,0|1
../Data/downloads/Roboflow/Data/downloads/roboflow_healthy_sick/train/images/1672722154828_jpg.rf.b85307b5b2d434959ebb26015fbfb7cc.jpg,../Data/downloads/Roboflow/Data/downloads/roboflow_healthy_sick/train/labels/1672722154828_jpg.rf.b85307b5b2d434959ebb26015fbfb7cc.txt,1672722154828,train,train,1,0|1
../Data/downloads/Roboflow/Data/downloads/roboflow_healthy_sick/train/images/1672722154828_jpg.rf.bede85225c7a4690798ab052d70d9ab0.jpg,../Data/downloads/Roboflow/Data/downloads/roboflow_healthy_sick/train/labels/1672722154828_jpg.rf.bede85225c7a4690798ab052d70d9ab0.txt,1672722154828,train,train,1,0|1
../Data/downloads/Roboflow/Data/downloads/roboflow_healthy_sick/train/images/1672722154847_jpg.rf.1651aefc06258d85bd980a41f7e8134c.jpg,../Data/downloads/Roboflow/Data/downloads/roboflow_healthy_sick/train/labels/1672722154847_jpg.rf.1651aefc06258d85bd980a41f7e8134c.txt,1672722154847,train,train,1,0|1
../Data/downloads/Roboflow/Data/downloads/roboflow_healthy_sick/train/images/1672722154847_jpg.rf.18acc2f3c26d4c1fa0c3e4c440a36b81.jpg,../Data/downloads/Roboflow/Data/downloads/roboflow_healthy_sick/train/labels/1672722154847_jpg.rf.18acc2f3c26d4c1fa0c3e4c440a36b81.txt,1672722154847,train,train,1,0|1
../Data/downloads/Roboflow/Data/downloads/roboflow_healthy_sick/train/images/1672722154847_jpg.rf.1e5d325746eddb6b92d429f944b734f3.jpg,../Data/downloads/Roboflow/Data/downloads/roboflow_healthy_sick/train/labels/1672722154847_jpg.rf.1e5d325746eddb6b92d429f944b734f3.txt,1672722154847,train,train,1,0|1
../Data/downloads/Roboflow/Data/downloads/roboflow_healthy_sick/train/images/1672722154847_jpg.rf.63d83409ccb72f630b1c07a83cf96f2a.jpg,../Data/downloads/Roboflow/Data/downloads/roboflow_healthy_sick/train/labels/1672722154847_jpg.rf.63d83409ccb72f630b1c07a83cf96f2a.txt,1672722154847,train,train,1,0|1
../Data/downloads/Roboflow/Data/downloads/roboflow_healthy_sick/train/images/1672722154847_jpg.rf.9195cd3449c4d264530f08fb3d99c64d.jpg,../Data/downloads/Roboflow/Data/downloads/roboflow_healthy_sick/train/labels/1672722154847_jpg.rf.9195cd3449c4d264530f08fb3d99c64d.txt,1672722154847,train,train,1,0|1
../Data/downloads/Roboflow/Data/downloads/roboflow_healthy_sick/train/images/1672722154847_jpg.rf.b95003c6a7ff98dd82077074e465fbfa.jpg,../Data/downloads/Roboflow/Data/downloads/roboflow_healthy_sick/train/labels/1672722154847_jpg.rf.b95003c6a7ff98dd82077074e465fbfa.txt,1672722154847,train,train,1,0|1
../Data/downloads/Roboflow/Data/downloads/roboflow_healthy_sick/train/images/1672722154852_jpg.rf.062bb3d8ed85c1fb2dcc9c2c5d17396f.jpg,../Data/downloads/Roboflow/Data/downloads/roboflow_healthy_sick/train/labels/1672722154852_jpg.rf.062bb3d8ed85c1fb2dcc9c2c5d17396f.txt,1672722154852,train,train,1,0|1
../Data/downloads/Roboflow/Data/downloads/roboflow_healthy_sick/train/images/1672722154852_jpg.rf.1af04de31262921cde6d881024c1da2e.jpg,../Data/downloads/Roboflow/Data/downloads/roboflow_healthy_sick/train/labels/1672722154852_jpg.rf.1af04de31262921cde6d881024c1da2e.txt,1672722154852,train,train,1,0|1
../Data/downloads/Roboflow/Data/downloads/roboflow_healthy_sick/train/images/1672722154852_jpg.rf.39334a647be104693a1052d8b0dde612.jpg,../Data/downloads/Roboflow/Data/downloads/roboflow_healthy_sick/train/labels/1672722154852_jpg.rf.39334a647be104693a1052d8b0dde612.txt,1672722154852,train,train,1,0|1
../Data/downloads/Roboflow/Data/downloads/roboflow_healthy_sick/train/images/1672722154852_jpg.rf.3bc8cdde5117c1d1346bcdbcee477452.jpg,../Data/downloads/Roboflow/Data/downloads/roboflow_healthy_sick/train/labels/1672722154852_jpg.rf.3bc8cdde5117c1d1346bcdbcee477452.txt,1672722154852,train,train,1,0|1
../Data/downloads/Roboflow/Data/downloads/roboflow_healthy_sick/train/images/1672722154852_jpg.rf.52b0026ecb39d9ef5407876450f1e176.jpg,../Data/downloads/Roboflow/Data/downloads/roboflow_healthy_sick/train/labels/1672722154852_jpg.rf.52b0026ecb39d9ef5407876450f1e176.txt,1672722154852,train,train,1,0|1
../Data/downloads/Roboflow/Data/downloads/roboflow_healthy_sick/train/images/1672722154852_jpg.rf.9e44a510b17d063032682a3f9864dc38.jpg,../Data/downloads/Roboflow/Data/downloads/roboflow_healthy_sick/train/labels/1672722154852_jpg.rf.9e44a510b17d063032682a3f9864dc38.txt,1672722154852,train,train,1,0|1
../Data/downloads/Roboflow/Data/downloads/roboflow_healthy_sick/train/images/1672722154862_jpg.rf.62e7424240017dbdf19db11c5f5211f3.jpg,../Data/downloads/Roboflow/Data/downloads/roboflow_healthy_sick/train/labels/1672722154862_jpg.rf.62e7424240017dbdf19db11c5f5211f3.txt,1672722154862,train,train,1,0|1
../Data/downloads/Roboflow/Data/downloads/roboflow_healthy_sick/train/images/1672722154862_jpg.rf.b26c1ffe29ae9bf1825a1e5657321903.jpg,../Data/downloads/Roboflow/Data/downloads/roboflow_healthy_sick/train/labels/1672722154862_jpg.rf.b26c1ffe29ae9bf1825a1e5657321903.txt,1672722154862,train,train,1,0|1
../Data/downloads/Roboflow/Data/downloads/roboflow_healthy_sick/train/images/1672722154862_jpg.rf.b40b7e6d9ca5e2e20538660e87ab915a.jpg,../Data/downloads/Roboflow/Data/downloads/roboflow_healthy_sick/train/labels/1672722154862_jpg.rf.b40b7e6d9ca5e2e20538660e87ab915a.txt,1672722154862,train,train,1,0|1
../Data/downloads/Roboflow/Data/downloads/roboflow_healthy_sick/train/images/1672722154867_jpg.rf.07ec529524cec81933a72a4933e1a872.jpg,../Data/downloads/Roboflow/Data/downloads/roboflow_healthy_sick/train/labels/1672722154867_jpg.rf.07ec529524cec81933a72a4933e1a872.txt,1672722154867,train,train,1,0|1
../Data/downloads/Roboflow/Data/downloads/roboflow_healthy_sick/train/images/1672722154867_jpg.rf.551f353c7b327e9e1e0c200496c6d16a.jpg,../Data/downloads/Roboflow/Data/downloads/roboflow_healthy_sick/train/labels/1672722154867_jpg.rf.551f353c7b327e9e1e0c200496c6d16a.txt,1672722154867,train,train,1,0|1
../Data/downloads/Roboflow/Data/downloads/roboflow_healthy_sick/train/images/1672722154867_jpg.rf.6d468992ffc88d0cf17a88aa4a15e26d.jpg,../Data/downloads/Roboflow/Data/downloads/roboflow_healthy_sick/train/labels/1672722154867_jpg.rf.6d468992ffc88d0cf17a88aa4a15e26d.txt,1672722154867,train,train,1,0|1
../Data/downloads/Roboflow/Data/downloads/roboflow_healthy_sick/train/images/1672722154867_jpg.rf.85faad3d4c32a9392fe751628c71ed70.jpg,../Data/downloads/Roboflow/Data/downloads/roboflow_healthy_sick/train/labels/1672722154867_jpg.rf.85faad3d4c32a9392fe751628c71ed70.txt,1672722154867,train,train,1,0|1
../Data/downloads/Roboflow/Data/downloads/roboflow_healthy_sick/train/images/1672722154867_jpg.rf.a64e95696bcb4a015a811c14c191bfbe.jpg,../Data/downloads/Roboflow/Data/downloads/roboflow_healthy_sick/train/labels/1672722154867_jpg.rf.a64e95696bcb4a015a811c14c191bfbe.txt,1672722154867,train,train,1,0|1
../Data/downloads/Roboflow/Data/downloads/roboflow_healthy_sick/train/images/1672722154867_jpg.rf.f5983c40a5123ff2cde9b6b644db24d4.jpg,../Data/downloads/Roboflow/Data/downloads/roboflow_healthy_sick/train/labels/1672722154867_jpg.rf.f5983c40a5123ff2cde9b6b644db24d4.txt,1672722154867,train,train,1,0|1
../Data/downloads/Roboflow/Data/downloads/roboflow_healthy_sick/train/images/1672722154872_jpg.rf.31f0b038ec3c3f6942e42e377e39019c.jpg,../Data/downloads/Roboflow/Data/downloads/roboflow_healthy_sick/train/labels/1672722154872_jpg.rf.31f0b038ec3c3f6942e42e377e39019c.txt,1672722154872,train,val,1,0|1
../Data/downloads/Roboflow/Data/downloads/roboflow_healthy_sick/train/images/1672722154872_jpg.rf.8564176bcc26d04aac101c68fd92c975.jpg,../Data/downloads/Roboflow/Data/downloads/roboflow_healthy_sick/train/labels/1672722154872_jpg.rf.8564176bcc26d04aac101c68fd92c975.txt,1672722154872,train,val,1,0|1
../Data/downloads/Roboflow/Data/downloads/roboflow_healthy_sick/train/images/1672722154872_jpg.rf.c2c2ba081c9e33396edd3c0647738099.jpg,../Data/downloads/Roboflow/Data/downloads/roboflow_healthy_sick/train/labels/1672722154872_jpg.rf.c2c2ba081c9e33396edd3c0647738099.txt,1672722154872,train,val,1,0|1
../Data/downloads/Roboflow/Data/downloads/roboflow_healthy_sick/train/images/1672722154872_jpg.rf.e01041e7ed198ee517ac758a9c4d41a8.jpg,../Data/downloads/Roboflow/Data/downloads/roboflow_healthy_sick/train/labels/1672722154872_jpg.rf.e01041e7ed198ee517ac758a9c4d41a8.txt,1672722154872,train,val,1,0|1
../Data/downloads/Roboflow/Data/downloads/roboflow_healthy_sick/train/images/1672722154872_jpg.rf.ed5ace4ee763e67e0fec2a539c7bcb92.jpg,../Data/downloads/Roboflow/Data/downloads/roboflow_healthy_sick/train/labels/1672722154872_jpg.rf.ed5ace4ee763e67e0fec2a539c7bcb92.txt,1672722154872,train,val,1,0|1
../Data/downloads/Roboflow/Data/downloads/roboflow_healthy_sick/train/images/1672722154872_jpg.rf.f11a00f400a95f68bb1c2aead90885e3.jpg,../Data/downloads/Roboflow/Data/downloads/roboflow_healthy_sick/train/labels/1672722154872_jpg.rf.f11a00f400a95f68bb1c2aead90885e3.txt,1672722154872,train,val,1,0|1
../Data/downloads/Roboflow/Data/downloads/roboflow_healthy_sick/train/images/1672722154876_jpg.rf.002b9339bcdfc89612ea5828d475fc72.jpg,../Data/downloads/Roboflow/Data/downloads/roboflow_healthy_sick/train/labels/1672722154876_jpg.rf.002b9339bcdfc89612ea5828d475fc72.txt,1672722154876,train,val,1,0|1
../Data/downloads/Roboflow/Data/downloads/roboflow_healthy_sick/train/images/1672722154876_jpg.rf.8d2f1aea5417959f0981a77063ce5c5f.jpg,../Data/downloads/Roboflow/Data/downloads/roboflow_healthy_sick/train/labels/1672722154876_jpg.rf.8d2f1aea5417959f0981a77063ce5c5f.txt,1672722154876,train,val,1,0|1
../Data/downloads/Roboflow/Data/downloads/roboflow_healthy_sick/train/images/1672722154876_jpg.rf.8eb837243e1f27230cc41720d3b37ac4.jpg,../Data/downloads/Roboflow/Data/downloads/roboflow_healthy_sick/train/labels/1672722154876_jpg.rf.8eb837243e1f27230cc41720d3b37ac4.txt,1672722154876,train,val,1,0|1
../Data/downloads/Roboflow/Data/downloads/roboflow_healthy_sick/train/images/1672722154876_jpg.rf.9c86956b7113a0ce9aa866a726ec2003.jpg,../Data/downloads/Roboflow/Data/downloads/roboflow_healthy_sick/train/labels/1672722154876_jpg.rf.9c86956b7113a0ce9aa866a726ec2003.txt,1672722154876,train,val,1,0|1
../Data/downloads/Roboflow/Data/downloads/roboflow_healthy_sick/train/images/1672722154876_jpg.rf.b19c53695749292f01872586ffd938c1.jpg,../Data/downloads/Roboflow/Data/downloads/roboflow_healthy_sick/train/labels/1672722154876_jpg.rf.b19c53695749292f01872586ffd938c1.txt,1672722154876,train,val,1,0|1
../Data/downloads/Roboflow/Data/downloads/roboflow_healthy_sick/train/images/1672722154876_jpg.rf.fa81e7422ceb27bec5c25dd6b82768e4.jpg,../Data/downloads/Roboflow/Data/downloads/roboflow_healthy_sick/train/labels/1672722154876_jpg.rf.fa81e7422ceb27bec5c25dd6b82768e4.txt,1672722154876,train,val,1,0|1
../Data/downloads/Roboflow/Data/downloads/roboflow_healthy_sick/train/images/1672722154886_jpg.rf.491cb8a1ad917c2a21baaa9515aaa709.jpg,../Data/downloads/Roboflow/Data/downloads/roboflow_healthy_sick/train/labels/1672722154886_jpg.rf.491cb8a1ad917c2a21baaa9515aaa709.txt,1672722154886,train,train,1,0|1
../Data/downloads/Roboflow/Data/downloads/roboflow_healthy_sick/train/images/1672722154886_jpg.rf.e64e32acfc1f389d9561038e455529b6.jpg,../Data/downloads/Roboflow/Data/downloads/roboflow_healthy_sick/train/labels/1672722154886_jpg.rf.e64e32acfc1f389d9561038e455529b6.txt,1672722154886,train,train,1,0|1
../Data/downloads/Roboflow/Data/downloads/roboflow_healthy_sick/train/images/1672722154886_jpg.rf.f0c205c200def2d9a68a25dd99873fcd.jpg,../Data/downloads/Roboflow/Data/downloads/roboflow_healthy_sick/train/labels/1672722154886_jpg.rf.f0c205c200def2d9a68a25dd99873fcd.txt,1672722154886,train,train,1,0|1
../Data/downloads/Roboflow/Data/downloads/roboflow_healthy_sick/train/images/1672722154929_jpg.rf.3fac2a06bee9d8d221d7351f23aa7a9c.jpg,../Data/downloads/Roboflow/Data/downloads/roboflow_healthy_sick/train/labels/1672722154929_jpg.rf.3fac2a06bee9d8d221d7351f23aa7a9c.txt,1672722154929,train,train,1,0|1
../Data/downloads/Roboflow/Data/downloads/roboflow_healthy_sick/train/images/1672722154929_jpg.rf.4c90a3f5524e30adfad9f4c1fcee9fd2.jpg,../Data/downloads/Roboflow/Data/downloads/roboflow_healthy_sick/train/labels/1672722154929_jpg.rf.4c90a3f5524e30adfad9f4c1fcee9fd2.txt,1672722154929,train,train,1,0|1
../Data/downloads/Roboflow/Data/downloads/roboflow_healthy_sick/train/images/1672722154929_jpg.rf.65064e3223d9abe1db7a2b10e739b6d9.jpg,../Data/downloads/Roboflow/Data/downloads/roboflow_healthy_sick/train/labels/1672722154929_jpg.rf.65064e3223d9abe1db7a2b10e739b6d9.txt,1672722154929,train,train,1,0|1
../Data/downloads/Roboflow/Data/downloads/roboflow_healthy_sick/train/images/1672722154929_jpg.rf.655387aa6088c9578bd7c73d181bf4c5.jpg,../Data/downloads/Roboflow/Data/downloads/roboflow_healthy_sick/train/labels/1672722154929_jpg.rf.655387aa6088c9578bd7c73d181bf4c5.txt,1672722154929,train,train,1,0|1
../Data/downloads/Roboflow/Data/downloads/roboflow_healthy_sick/train/images/1672722154929_jpg.rf.c74ad5dae40a25b86a719a87b946d924.jpg,../Data/downloads/Roboflow/Data/downloads/roboflow_healthy_sick/train/labels/1672722154929_jpg.rf.c74ad5dae40a25b86a719a87b946d924.txt,1672722154929,train,train,1,0|1
../Data/downloads/Roboflow/Data/downloads/roboflow_healthy_sick/train/images/1672722154929_jpg.rf.f050cd296ce934af3ddf5c0bd834306b.jpg,../Data/downloads/Roboflow/Data/downloads/roboflow_healthy_sick/train/labels/1672722154929_jpg.rf.f050cd296ce934af3ddf5c0bd834306b.txt,1672722154929,train,train,1,0|1
../Data/downloads/Roboflow/Data/downloads/roboflow_healthy_sick/train/images/1672722154934_jpg.rf.032d599c6db862941aed3e9a0248616c.jpg,../Data/downloads/Roboflow/Data/downloads/roboflow_healthy_sick/train/labels/1672722154934_jpg.rf.032d599c6db862941aed3e9a0248616c.txt,1672722154934,train,test,1,0|1
../Data/downloads/Roboflow/Data/downloads/roboflow_healthy_sick/train/images/1672722154934_jpg.rf.971a628c4cb79a2a0cbb577c19708aa8.jpg,../Data/downloads/Roboflow/Data/downloads/roboflow_healthy_sick/train/labels/1672722154934_jpg.rf.971a628c4cb79a2a0cbb577c19708aa8.txt,1672722154934,train,test,1,0|1
../Data/downloads/Roboflow/Data/downloads/roboflow_healthy_sick/train/images/1672722154934_jpg.rf.abe0549464c46c39bcd5a9fc1417c9d3.jpg,../Data/downloads/Roboflow/Data/downloads/roboflow_healthy_sick/train/labels/1672722154934_jpg.rf.abe0549464c46c39bcd5a9fc1417c9d3.txt,1672722154934,train,test,1,0|1
../Data/downloads/Roboflow/Data/downloads/roboflow_healthy_sick/train/images/1672722154934_jpg.rf.c678d494d5be79f3915b38dbcdef64d3.jpg,../Data/downloads/Roboflow/Data/downloads/roboflow_healthy_sick/train/labels/1672722154934_jpg.rf.c678d494d5be79f3915b38dbcdef64d3.txt,1672722154934,train,test,1,0|1
../Data/downloads/Roboflow/Data/downloads/roboflow_healthy_sick/train/images/1672722154934_jpg.rf.dee42e09d2c641d5a2de0db9a232e417.jpg,../Data/downloads/Roboflow/Data/downloads/roboflow_healthy_sick/train/labels/1672722154934_jpg.rf.dee42e09d2c641d5a2de0db9a232e417.txt,1672722154934,train,test,1,0|1
../Data/downloads/Roboflow/Data/downloads/roboflow_healthy_sick/train/images/1672722154934_jpg.rf.f1e43e1c7c37a97f1e261fa0eee3eb0c.jpg,../Data/downloads/Roboflow/Data/downloads/roboflow_healthy_sick/train/labels/1672722154934_jpg.rf.f1e43e1c7c37a97f1e261fa0eee3eb0c.txt,1672722154934,train,test,1,0|1
../Data/downloads/Roboflow/Data/downloads/roboflow_healthy_sick/train/images/1672722154938_jpg.rf.7e23c4ddee4807ac59499da03497fb76.jpg,../Data/downloads/Roboflow/Data/downloads/roboflow_healthy_sick/train/labels/1672722154938_jpg.rf.7e23c4ddee4807ac59499da03497fb76.txt,1672722154938,train,train,1,0|1
../Data/downloads/Roboflow/Data/downloads/roboflow_healthy_sick/train/images/1672722154938_jpg.rf.986c1f8f4ce6688fac3991d6d2a7983f.jpg,../Data/downloads/Roboflow/Data/downloads/roboflow_healthy_sick/train/labels/1672722154938_jpg.rf.986c1f8f4ce6688fac3991d6d2a7983f.txt,1672722154938,train,train,1,0|1
../Data/downloads/Roboflow/Data/downloads/roboflow_healthy_sick/train/images/1672722154938_jpg.rf.d56eeac1d9dd5b41b54ccd02fd7463a9.jpg,../Data/downloads/Roboflow/Data/downloads/roboflow_healthy_sick/train/labels/1672722154938_jpg.rf.d56eeac1d9dd5b41b54ccd02fd7463a9.txt,1672722154938,train,train,1,0|1
../Data/downloads/Roboflow/Data/downloads/roboflow_healthy_sick/train/images/1672722154943_jpg.rf.1ae8f5f3676c972dbbac20b946cf3661.jpg,../Data/downloads/Roboflow/Data/downloads/roboflow_healthy_sick/train/labels/1672722154943_jpg.rf.1ae8f5f3676c972dbbac20b946cf3661.txt,1672722154943,train,train,1,0|1
../Data/downloads/Roboflow/Data/downloads/roboflow_healthy_sick/train/images/1672722154943_jpg.rf.49f827ef73e980b570c3d3457e4ddfee.jpg,../Data/downloads/Roboflow/Data/downloads/roboflow_healthy_sick/train/labels/1672722154943_jpg.rf.49f827ef73e980b570c3d3457e4ddfee.txt,1672722154943,train,train,1,0|1
../Data/downloads/Roboflow/Data/downloads/roboflow_healthy_sick/train/images/1672722154943_jpg.rf.a6f95e8e2308ae3bb5740db1c6708b6f.jpg,../Data/downloads/Roboflow/Data/downloads/roboflow_healthy_sick/train/labels/1672722154943_jpg.rf.a6f95e8e2308ae3bb5740db1c6708b6f.txt,1672722154943,train,train,1,0|1
../Data/downloads/Roboflow/Data/downloads/roboflow_healthy_sick/train/images/1672722154948_jpg.rf.2f778c0822d87a4b38385000e05bb4a4.jpg,../Data/downloads/Roboflow/Data/downloads/roboflow_healthy_sick/train/labels/1672722154948_jpg.rf.2f778c0822d87a4b38385000e05bb4a4.txt,1672722154948,train,val,1,0|1
../Data/downloads/Roboflow/Data/downloads/roboflow_healthy_sick/train/images/1672722154948_jpg.rf.78ad4ef74c747a670057bc42a0748f0a.jpg,../Data/downloads/Roboflow/Data/downloads/roboflow_healthy_sick/train/labels/1672722154948_jpg.rf.78ad4ef74c747a670057bc42a0748f0a.txt,1672722154948,train,val,1,0|1
../Data/downloads/Roboflow/Data/downloads/roboflow_healthy_sick/train/images/1672722154948_jpg.rf.b6e16a9136a4dbf7ca08075397d70158.jpg,../Data/downloads/Roboflow/Data/downloads/roboflow_healthy_sick/train/labels/1672722154948_jpg.rf.b6e16a9136a4dbf7ca08075397d70158.txt,1672722154948,train,val,1,0|1
../Data/downloads/Roboflow/Data/downloads/roboflow_healthy_sick/train/images/1672722154958_jpg.rf.6ac21ae6b5deb582529aacc5b289270c.jpg,../Data/downloads/Roboflow/Data/downloads/roboflow_healthy_sick/train/labels/1672722154958_jpg.rf.6ac21ae6b5deb582529aacc5b289270c.txt,1672722154958,train,val,1,0|1
../Data/downloads/Roboflow/Data/downloads/roboflow_healthy_sick/train/images/1672722154958_jpg.rf.b5d7d0ab4089d0d557f92d29aa4ae775.jpg,../Data/downloads/Roboflow/Data/downloads/roboflow_healthy_sick/train/labels/1672722154958_jpg.rf.b5d7d0ab4089d0d557f92d29aa4ae775.txt,1672722154958,train,val,1,0|1
../Data/downloads/Roboflow/Data/downloads/roboflow_healthy_sick/train/images/1672722154958_jpg.rf.d6d89c7198cdde3e66d6eb3b40874a6f.jpg,../Data/downloads/Roboflow/Data/downloads/roboflow_healthy_sick/train/labels/1672722154958_jpg.rf.d6d89c7198cdde3e66d6eb3b40874a6f.txt,1672722154958,train,val,1,0|1
../Data/downloads/Roboflow/Data/downloads/roboflow_healthy_sick/train/images/1672722154962_jpg.rf.165aec1bffa39b3ae526f8525a0d1698.jpg,../Data/downloads/Roboflow/Data/downloads/roboflow_healthy_sick/train/labels/1672722154962_jpg.rf.165aec1bffa39b3ae526f8525a0d1698.txt,1672722154962,train,test,1,0|1
../Data/downloads/Roboflow/Data/downloads/roboflow_healthy_sick/train/images/1672722154962_jpg.rf.44f2544594da57e9c5ecf265bdb765dc.jpg,../Data/downloads/Roboflow/Data/downloads/roboflow_healthy_sick/train/labels/1672722154962_jpg.rf.44f2544594da57e9c5ecf265bdb765dc.txt,1672722154962,train,test,1,0|1
../Data/downloads/Roboflow/Data/downloads/roboflow_healthy_sick/train/images/1672722154962_jpg.rf.5c0bbc41ec2b89299713bd553e85123e.jpg,../Data/downloads/Roboflow/Data/downloads/roboflow_healthy_sick/train/labels/1672722154962_jpg.rf.5c0bbc41ec2b89299713bd553e85123e.txt,1672722154962,train,test,1,0|1
../Data/downloads/Roboflow/Data/downloads/roboflow_healthy_sick/train/images/1672722154962_jpg.rf.8f1d25a56dcd43f73429d2fb63f4d794.jpg,../Data/downloads/Roboflow/Data/downloads/roboflow_healthy_sick/train/labels/1672722154962_jpg.rf.8f1d25a56dcd43f73429d2fb63f4d794.txt,1672722154962,train,test,1,0|1
../Data/downloads/Roboflow/Data/downloads/roboflow_healthy_sick/train/images/1672722154962_jpg.rf.b402c3dbdfb5f909a4b4744df19eac55.jpg,../Data/downloads/Roboflow/Data/downloads/roboflow_healthy_sick/train/labels/1672722154962_jpg.rf.b402c3dbdfb5f909a4b4744df19eac55.txt,1672722154962,train,test,1,0|1
../Data/downloads/Roboflow/Data/downloads/roboflow_healthy_sick/train/images/1672722154962_jpg.rf.e709d7c1ed65b3837af04b0f9ac57eec.jpg,../Data/downloads/Roboflow/Data/downloads/roboflow_healthy_sick/train/labels/1672722154962_jpg.rf.e709d7c1ed65b3837af04b0f9ac57eec.txt,1672722154962,train,test,1,0|1
../Data/downloads/Roboflow/Data/downloads/roboflow_healthy_sick/train/images/1672722154977_jpg.rf.3b1446ad8759fb889f166818e6d287ca.jpg,../Data/downloads/Roboflow/Data/downloads/roboflow_healthy_sick/train/labels/1672722154977_jpg.rf.3b1446ad8759fb889f166818e6d287ca.txt,1672722154977,train,val,1,0|1
../Data/downloads/Roboflow/Data/downloads/roboflow_healthy_sick/train/images/1672722154977_jpg.rf.56671fae6d0013e71291dbfdd770aee5.jpg,../Data/downloads/Roboflow/Data/downloads/roboflow_healthy_sick/train/labels/1672722154977_jpg.rf.56671fae6d0013e71291dbfdd770aee5.txt,1672722154977,train,val,1,0|1
../Data/downloads/Roboflow/Data/downloads/roboflow_healthy_sick/train/images/1672722154977_jpg.rf.57dc5b9dd8288268263eaaa56056bc74.jpg,../Data/downloads/Roboflow/Data/downloads/roboflow_healthy_sick/train/labels/1672722154977_jpg.rf.57dc5b9dd8288268263eaaa56056bc74.txt,1672722154977,train,val,1,0|1
../Data/downloads/Roboflow/Data/downloads/roboflow_healthy_sick/train/images/1672722154977_jpg.rf.695af89cede61963de4205b880dba533.jpg,../Data/downloads/Roboflow/Data/downloads/roboflow_healthy_sick/train/labels/1672722154977_jpg.rf.695af89cede61963de4205b880dba533.txt,1672722154977,train,val,1,0|1
../Data/downloads/Roboflow/Data/downloads/roboflow_healthy_sick/train/images/1672722154977_jpg.rf.72ab5b33b4ced80f0985220366553d2e.jpg,../Data/downloads/Roboflow/Data/downloads/roboflow_healthy_sick/train/labels/1672722154977_jpg.rf.72ab5b33b4ced80f0985220366553d2e.txt,1672722154977,train,val,1,0|1
../Data/downloads/Roboflow/Data/downloads/roboflow_healthy_sick/train/images/1672722154977_jpg.rf.eef7877c0fcf124b1bddf91871db3815.jpg,../Data/downloads/Roboflow/Data/downloads/roboflow_healthy_sick/train/labels/1672722154977_jpg.rf.eef7877c0fcf124b1bddf91871db3815.txt,1672722154977,train,val,1,0|1
../Data/downloads/Roboflow/Data/downloads/roboflow_healthy_sick/train/images/1672722154982_jpg.rf.76264d351ad6a8e45fc6d284f6b5d275.jpg,../Data/downloads/Roboflow/Data/downloads/roboflow_healthy_sick/train/labels/1672722154982_jpg.rf.76264d351ad6a8e45fc6d284f6b5d275.txt,1672722154982,train,train,1,0|1
../Data/downloads/Roboflow/Data/downloads/roboflow_healthy_sick/train/images/1672722154982_jpg.rf.a0d1393f182ec562c27d9da143ca9f13.jpg,../Data/downloads/Roboflow/Data/downloads/roboflow_healthy_sick/train/labels/1672722154982_jpg.rf.a0d1393f182ec562c27d9da143ca9f13.txt,1672722154982,train,train,1,0|1
../Data/downloads/Roboflow/Data/downloads/roboflow_healthy_sick/train/images/1672722154982_jpg.rf.b36eb0017b1dd151ae0170d9452abb24.jpg,../Data/downloads/Roboflow/Data/downloads/roboflow_healthy_sick/train/labels/1672722154982_jpg.rf.b36eb0017b1dd151ae0170d9452abb24.txt,1672722154982,train,train,1,0|1
../Data/downloads/Roboflow/Data/downloads/roboflow_healthy_sick/train/images/1672722154991_jpg.rf.1b1f1bc4b254e791a1eb542748c3419d.jpg,../Data/downloads/Roboflow/Data/downloads/roboflow_healthy_sick/train/labels/1672722154991_jpg.rf.1b1f1bc4b254e791a1eb542748c3419d.txt,1672722154991,train,test,1,0|1
../Data/downloads/Roboflow/Data/downloads/roboflow_healthy_sick/train/images/1672722154991_jpg.rf.968e128a5df7ae47442e05a421a5a3ec.jpg,../Data/downloads/Roboflow/Data/downloads/roboflow_healthy_sick/train/labels/1672722154991_jpg.rf.968e128a5df7ae47442e05a421a5a3ec.txt,1672722154991,train,test,1,0|1
../Data/downloads/Roboflow/Data/downloads/roboflow_healthy_sick/train/images/1672722154991_jpg.rf.daae7d3bb99a6bee312c74ba0108b392.jpg,../Data/downloads/Roboflow/Data/downloads/roboflow_healthy_sick/train/labels/1672722154991_jpg.rf.daae7d3bb99a6bee312c74ba0108b392.txt,1672722154991,train,test,1,0|1
../Data/downloads/Roboflow/Data/downloads/roboflow_healthy_sick/train/images/1672722154996_jpg.rf.457ea51ac30d104289d7689ad4930523.jpg,../Data/downloads/Roboflow/Data/downloads/roboflow_healthy_sick/train/labels/1672722154996_jpg.rf.457ea51ac30d104289d7689ad4930523.txt,1672722154996,train,train,1,0|1
../Data/downloads/Roboflow/Data/downloads/roboflow_healthy_sick/train/images/1672722154996_jpg.rf.77ea8f849796546bd95406312f0063a6.jpg,../Data/downloads/Roboflow/Data/downloads/roboflow_healthy_sick/train/labels/1672722154996_jpg.rf.77ea8f849796546bd95406312f0063a6.txt,1672722154996,train,train,1,0|1
../Data/downloads/Roboflow/Data/downloads/roboflow_healthy_sick/train/images/1672722154996_jpg.rf.f54cc3492f5edcb8307b315a6594b2c6.jpg,../Data/downloads/Roboflow/Data/downloads/roboflow_healthy_sick/train/labels/1672722154996_jpg.rf.f54cc3492f5edcb8307b315a6594b2c6.txt,1672722154996,train,train,1,0|1
../Data/downloads/Roboflow/Data/downloads/roboflow_healthy_sick/train/images/1672722155001_jpg.rf.372009e8127bfdca8c1b8d23a282918d.jpg,../Data/downloads/Roboflow/Data/downloads/roboflow_healthy_sick/train/labels/1672722155001_jpg.rf.372009e8127bfdca8c1b8d23a282918d.txt,1672722155001,train,train,1,0|1
../Data/downloads/Roboflow/Data/downloads/roboflow_healthy_sick/train/images/1672722155001_jpg.rf.39cfe9312cb22b13c67f23defdcbc90c.jpg,../Data/downloads/Roboflow/Data/downloads/roboflow_healthy_sick/train/labels/1672722155001_jpg.rf.39cfe9312cb22b13c67f23defdcbc90c.txt,1672722155001,train,train,1,0|1
../Data/downloads/Roboflow/Data/downloads/roboflow_healthy_sick/train/images/1672722155001_jpg.rf.68cb3819b991be82e93afe1ad963e0b0.jpg,../Data/downloads/Roboflow/Data/downloads/roboflow_healthy_sick/train/labels/1672722155001_jpg.rf.68cb3819b991be82e93afe1ad963e0b0.txt,1672722155001,train,train,1,0|1
../Data/downloads/Roboflow/Data/downloads/roboflow_healthy_sick/train/images/1672722155001_jpg.rf.6eeba0d288837b02e8d18e54ee93b508.jpg,../Data/downloads/Roboflow/Data/downloads/roboflow_healthy_sick/train/labels/1672722155001_jpg.rf.6eeba0d288837b02e8d18e54ee93b508.txt,1672722155001,train,train,1,0|1
../Data/downloads/Roboflow/Data/downloads/roboflow_healthy_sick/train/images/1672722155001_jpg.rf.b515477d48cb90a21d34c17cfe4dfecf.jpg,../Data/downloads/Roboflow/Data/downloads/roboflow_healthy_sick/train/labels/1672722155001_jpg.rf.b515477d48cb90a21d34c17cfe4dfecf.txt,1672722155001,train,train,1,0|1
../Data/downloads/Roboflow/Data/downloads/roboflow_healthy_sick/train/images/1672722155001_jpg.rf.e3a9371a125ced779dc52fe35bc4bd50.jpg,../Data/downloads/Roboflow/Data/downloads/roboflow_healthy_sick/train/labels/1672722155001_jpg.rf.e3a9371a125ced779dc52fe35bc4bd50.txt,1672722155001,train,train,1,0|1
../Data/downloads/Roboflow/Data/downloads/roboflow_healthy_sick/train/images/1672722155006_jpg.rf.3f3b2975be0ce6ed0b6e2aab702dcaf4.jpg,../Data/downloads/Roboflow/Data/downloads/roboflow_healthy_sick/train/labels/1672722155006_jpg.rf.3f3b2975be0ce6ed0b6e2aab702dcaf4.txt,1672722155006,train,train,1,0|1
../Data/downloads/Roboflow/Data/downloads/roboflow_healthy_sick/train/images/1672722155006_jpg.rf.45284f35eb62a199aaf661b6bcd7e785.jpg,../Data/downloads/Roboflow/Data/downloads/roboflow_healthy_sick/train/labels/1672722155006_jpg.rf.45284f35eb62a199aaf661b6bcd7e785.txt,1672722155006,train,train,1,0|1
../Data/downloads/Roboflow/Data/downloads/roboflow_healthy_sick/train/images/1672722155006_jpg.rf.e17f5473667d66331dbe564f537b19da.jpg,../Data/downloads/Roboflow/Data/downloads/roboflow_healthy_sick/train/labels/1672722155006_jpg.rf.e17f5473667d66331dbe564f537b19da.txt,1672722155006,train,train,1,0|1
../Data/downloads/Roboflow/Data/downloads/roboflow_healthy_sick/train/images/1672722155011_jpg.rf.438fe2957fd97da9113510146fb02474.jpg,../Data/downloads/Roboflow/Data/downloads/roboflow_healthy_sick/train/labels/1672722155011_jpg.rf.438fe2957fd97da9113510146fb02474.txt,1672722155011,train,test,1,0|1
../Data/downloads/Roboflow/Data/downloads/roboflow_healthy_sick/train/images/1672722155011_jpg.rf.4a16056302a491c198d64f5b2c3c72a2.jpg,../Data/downloads/Roboflow/Data/downloads/roboflow_healthy_sick/train/labels/1672722155011_jpg.rf.4a16056302a491c198d64f5b2c3c72a2.txt,1672722155011,train,test,1,0|1
../Data/downloads/Roboflow/Data/downloads/roboflow_healthy_sick/train/images/1672722155011_jpg.rf.5912396f46f29c57ffd8eec60ee343ef.jpg,../Data/downloads/Roboflow/Data/downloads/roboflow_healthy_sick/train/labels/1672722155011_jpg.rf.5912396f46f29c57ffd8eec60ee343ef.txt,1672722155011,train,test,1,0|1
../Data/downloads/Roboflow/Data/downloads/roboflow_healthy_sick/train/images/1672722155011_jpg.rf.a2a01d1b0cbc6c81de51a64dc35ccdbd.jpg,../Data/downloads/Roboflow/Data/downloads/roboflow_healthy_sick/train/labels/1672722155011_jpg.rf.a2a01d1b0cbc6c81de51a64dc35ccdbd.txt,1672722155011,train,test,1,0|1
../Data/downloads/Roboflow/Data/downloads/roboflow_healthy_sick/train/images/1672722155011_jpg.rf.f6d4a3bd213a8800fbd270feaa606646.jpg,../Data/downloads/Roboflow/Data/downloads/roboflow_healthy_sick/train/labels/1672722155011_jpg.rf.f6d4a3bd213a8800fbd270feaa606646.txt,1672722155011,train,test,1,0|1
../Data/downloads/Roboflow/Data/downloads/roboflow_healthy_sick/train/images/1672722155011_jpg.rf.f8f6f594fa7e0b913037d6f0f70b6fa0.jpg,../Data/downloads/Roboflow/Data/downloads/roboflow_healthy_sick/train/labels/1672722155011_jpg.rf.f8f6f594fa7e0b913037d6f0f70b6fa0.txt,1672722155011,train,test,1,0|1
../Data/downloads/Roboflow/Data/downloads/roboflow_healthy_sick/train/images/1672722155015_jpg.rf.4a330989987d1ebf88ca6eda247260d0.jpg,../Data/downloads/Roboflow/Data/downloads/roboflow_healthy_sick/train/labels/1672722155015_jpg.rf.4a330989987d1ebf88ca6eda247260d0.txt,1672722155015,train,train,1,0|1
../Data/downloads/Roboflow/Data/downloads/roboflow_healthy_sick/train/images/1672722155015_jpg.rf.cb1e2b8e012d79ed1012f04cba0764d9.jpg,../Data/downloads/Roboflow/Data/downloads/roboflow_healthy_sick/train/labels/1672722155015_jpg.rf.cb1e2b8e012d79ed1012f04cba0764d9.txt,1672722155015,train,train,1,0|1
../Data/downloads/Roboflow/Data/downloads/roboflow_healthy_sick/train/images/1672722155015_jpg.rf.ff6f597942b4d67e43a27e8afc04857f.jpg,../Data/downloads/Roboflow/Data/downloads/roboflow_healthy_sick/train/labels/1672722155015_jpg.rf.ff6f597942b4d67e43a27e8afc04857f.txt,1672722155015,train,train,1,0|1
../Data/downloads/Roboflow/Data/downloads/roboflow_healthy_sick/train/images/1672722155020_jpg.rf.40c0c04b20a2f0a439ae3f3cf408d7a8.jpg,../Data/downloads/Roboflow/Data/downloads/roboflow_healthy_sick/train/labels/1672722155020_jpg.rf.40c0c04b20a2f0a439ae3f3cf408d7a8.txt,1672722155020,train,train,1,0|1
../Data/downloads/Roboflow/Data/downloads/roboflow_healthy_sick/train/images/1672722155020_jpg.rf.7be7daff1ee27e6d65e59329141a643c.jpg,../Data/downloads/Roboflow/Data/downloads/roboflow_healthy_sick/train/labels/1672722155020_jpg.rf.7be7daff1ee27e6d65e59329141a643c.txt,1672722155020,train,train,1,0|1
../Data/downloads/Roboflow/Data/downloads/roboflow_healthy_sick/train/images/1672722155020_jpg.rf.d1ded9c4226a447316b7d4e4bba05e4b.jpg,../Data/downloads/Roboflow/Data/downloads/roboflow_healthy_sick/train/labels/1672722155020_jpg.rf.d1ded9c4226a447316b7d4e4bba05e4b.txt,1672722155020,train,train,1,0|1
../Data/downloads/Roboflow/Data/downloads/roboflow_healthy_sick/train/images/1672722155026_jpg.rf.64ff6c15bb3a5251b195f83cd7565670.jpg,../Data/downloads/Roboflow/Data/downloads/roboflow_healthy_sick/train/labels/1672722155026_jpg.rf.64ff6c15bb3a5251b195f83cd7565670.txt,1672722155026,train,train,1,0|1
../Data/downloads/Roboflow/Data/downloads/roboflow_healthy_sick/train/images/1672722155026_jpg.rf.92ed0aad441ac99f92f93e9a78ebe6da.jpg,../Data/downloads/Roboflow/Data/downloads/roboflow_healthy_sick/train/labels/1672722155026_jpg.rf.92ed0aad441ac99f92f93e9a78ebe6da.txt,1672722155026,train,train,1,0|1
../Data/downloads/Roboflow/Data/downloads/roboflow_healthy_sick/train/images/1672722155026_jpg.rf.ab5f99f0f7d2d2f018568cfc0bfef3d1.jpg,../Data/downloads/Roboflow/Data/downloads/roboflow_healthy_sick/train/labels/1672722155026_jpg.rf.ab5f99f0f7d2d2f018568cfc0bfef3d1.txt,1672722155026,train,train,1,0|1
../Data/downloads/Roboflow/Data/downloads/roboflow_healthy_sick/train/images/1672722155076_jpg.rf.1705b0b857094bc73ed32c332ba607a3.jpg,../Data/downloads/Roboflow/Data/downloads/roboflow_healthy_sick/train/labels/1672722155076_jpg.rf.1705b0b857094bc73ed32c332ba607a3.txt,1672722155076,train,train,1,0|1
../Data/downloads/Roboflow/Data/downloads/roboflow_healthy_sick/train/images/1672722155076_jpg.rf.2e351b4d53d04b3fe114a10866e0c288.jpg,../Data/downloads/Roboflow/Data/downloads/roboflow_healthy_sick/train/labels/1672722155076_jpg.rf.2e351b4d53d04b3fe114a10866e0c288.txt,1672722155076,train,train,1,0|1
../Data/downloads/Roboflow/Data/downloads/roboflow_healthy_sick/train/images/1672722155076_jpg.rf.339514c898d69563d8b49e21a0303d72.jpg,../Data/downloads/Roboflow/Data/downloads/roboflow_healthy_sick/train/labels/1672722155076_jpg.rf.339514c898d69563d8b49e21a0303d72.txt,1672722155076,train,train,1,0|1
../Data/downloads/Roboflow/Data/downloads/roboflow_healthy_sick/train/images/1672722155085_jpg.rf.a417e6e63d71594a19ec271f286c820e.jpg,../Data/downloads/Roboflow/Data/downloads/roboflow_healthy_sick/train/labels/1672722155085_jpg.rf.a417e6e63d71594a19ec271f286c820e.txt,1672722155085,train,train,1,0|1
../Data/downloads/Roboflow/Data/downloads/roboflow_healthy_sick/train/images/1672722155085_jpg.rf.abd786a32fba39f1074ad460e049c482.jpg,../Data/downloads/Roboflow/Data/downloads/roboflow_healthy_sick/train/labels/1672722155085_jpg.rf.abd786a32fba39f1074ad460e049c482.txt,1672722155085,train,train,1,0|1
../Data/downloads/Roboflow/Data/downloads/roboflow_healthy_sick/train/images/1672722155085_jpg.rf.c4ca5e35c9ade9b6acffa793b7a9ff80.jpg,../Data/downloads/Roboflow/Data/downloads/roboflow_healthy_sick/train/labels/1672722155085_jpg.rf.c4ca5e35c9ade9b6acffa793b7a9ff80.txt,1672722155085,train,train,1,0|1
../Data/downloads/Roboflow/Data/downloads/roboflow_healthy_sick/train/images/1672722155090_jpg.rf.6bdfe86fa1748bedde55f3a853db0eee.jpg,../Data/downloads/Roboflow/Data/downloads/roboflow_healthy_sick/train/labels/1672722155090_jpg.rf.6bdfe86fa1748bedde55f3a853db0eee.txt,1672722155090,train,train,1,0|1
../Data/downloads/Roboflow/Data/downloads/roboflow_healthy_sick/train/images/1672722155090_jpg.rf.9f671a905571dacbc44f14aa10b08b00.jpg,../Data/downloads/Roboflow/Data/downloads/roboflow_healthy_sick/train/labels/1672722155090_jpg.rf.9f671a905571dacbc44f14aa10b08b00.txt,1672722155090,train,train,1,0|1
../Data/downloads/Roboflow/Data/downloads/roboflow_healthy_sick/train/images/1672722155090_jpg.rf.ae1b40d27558e186cfbc16e00e8f8b0b.jpg,../Data/downloads/Roboflow/Data/downloads/roboflow_healthy_sick/train/labels/1672722155090_jpg.rf.ae1b40d27558e186cfbc16e00e8f8b0b.txt,1672722155090,train,train,1,0|1
../Data/downloads/Roboflow/Data/downloads/roboflow_healthy_sick/train/images/1672722155095_jpg.rf.1a2ccc146895dd48537da5e25df6458f.jpg,../Data/downloads/Roboflow/Data/downloads/roboflow_healthy_sick/train/labels/1672722155095_jpg.rf.1a2ccc146895dd48537da5e25df6458f.txt,1672722155095,train,test,1,0|1
../Data/downloads/Roboflow/Data/downloads/roboflow_healthy_sick/train/images/1672722155095_jpg.rf.5090a7ef4431e1441004934f82a14d3f.jpg,../Data/downloads/Roboflow/Data/downloads/roboflow_healthy_sick/train/labels/1672722155095_jpg.rf.5090a7ef4431e1441004934f82a14d3f.txt,1672722155095,train,test,1,0|1
../Data/downloads/Roboflow/Data/downloads/roboflow_healthy_sick/train/images/1672722155095_jpg.rf.ab15f7d9556e8fcfcf914c9af67dbf39.jpg,../Data/downloads/Roboflow/Data/downloads/roboflow_healthy_sick/train/labels/1672722155095_jpg.rf.ab15f7d9556e8fcfcf914c9af67dbf39.txt,1672722155095,train,test,1,0|1
../Data/downloads/Roboflow/Data/downloads/roboflow_healthy_sick/train/images/1672722155100_jpg.rf.28b96cdc852242b9ec23a43b9df63a08.jpg,../Data/downloads/Roboflow/Data/downloads/roboflow_healthy_sick/train/labels/1672722155100_jpg.rf.28b96cdc852242b9ec23a43b9df63a08.txt,1672722155100,train,train,1,0|1
../Data/downloads/Roboflow/Data/downloads/roboflow_healthy_sick/train/images/1672722155100_jpg.rf.ba565c1ed1f84d0a48c782058c9d7e24.jpg,../Data/downloads/Roboflow/Data/downloads/roboflow_healthy_sick/train/labels/1672722155100_jpg.rf.ba565c1ed1f84d0a48c782058c9d7e24.txt,1672722155100,train,train,1,0|1
../Data/downloads/Roboflow/Data/downloads/roboflow_healthy_sick/train/images/1672722155100_jpg.rf.f2683f7f9aeb825dc90609c3992205b9.jpg,../Data/downloads/Roboflow/Data/downloads/roboflow_healthy_sick/train/labels/1672722155100_jpg.rf.f2683f7f9aeb825dc90609c3992205b9.txt,1672722155100,train,train,1,0|1
../Data/downloads/Roboflow/Data/downloads/roboflow_healthy_sick/train/images/1672722155105_jpg.rf.2c7eb92704b169ed30bb4a73823e3541.jpg,../Data/downloads/Roboflow/Data/downloads/roboflow_healthy_sick/train/labels/1672722155105_jpg.rf.2c7eb92704b169ed30bb4a73823e3541.txt,1672722155105,train,val,1,0|1
../Data/downloads/Roboflow/Data/downloads/roboflow_healthy_sick/train/images/1672722155105_jpg.rf.bb2e39a55d0dafbba2d650310d79399a.jpg,../Data/downloads/Roboflow/Data/downloads/roboflow_healthy_sick/train/labels/1672722155105_jpg.rf.bb2e39a55d0dafbba2d650310d79399a.txt,1672722155105,train,val,1,0|1
../Data/downloads/Roboflow/Data/downloads/roboflow_healthy_sick/train/images/1672722155105_jpg.rf.ece6f1bfbc270dbca6c766ac0dac0000.jpg,../Data/downloads/Roboflow/Data/downloads/roboflow_healthy_sick/train/labels/1672722155105_jpg.rf.ece6f1bfbc270dbca6c766ac0dac0000.txt,1672722155105,train,val,1,0|1
../Data/downloads/Roboflow/Data/downloads/roboflow_healthy_sick/train/images/1672722155114_jpg.rf.37a8b4e5aa4b7d57655fa22dc6b69a02.jpg,../Data/downloads/Roboflow/Data/downloads/roboflow_healthy_sick/train/labels/1672722155114_jpg.rf.37a8b4e5aa4b7d57655fa22dc6b69a02.txt,1672722155114,train,train,1,0|1
../Data/downloads/Roboflow/Data/downloads/roboflow_healthy_sick/train/images/1672722155114_jpg.rf.612e6ee14d1465889433c60d51a34d79.jpg,../Data/downloads/Roboflow/Data/downloads/roboflow_healthy_sick/train/labels/1672722155114_jpg.rf.612e6ee14d1465889433c60d51a34d79.txt,1672722155114,train,train,1,0|1
../Data/downloads/Roboflow/Data/downloads/roboflow_healthy_sick/train/images/1672722155114_jpg.rf.85f5fcb887797e77823c73212ec23d3f.jpg,../Data/downloads/Roboflow/Data/downloads/roboflow_healthy_sick/train/labels/1672722155114_jpg.rf.85f5fcb887797e77823c73212ec23d3f.txt,1672722155114,train,train,1,0|1
../Data/downloads/Roboflow/Data/downloads/roboflow_healthy_sick/train/images/1672722155133_jpg.rf.437724de67b13c37bba8559255e5b7aa.jpg,../Data/downloads/Roboflow/Data/downloads/roboflow_healthy_sick/train/labels/1672722155133_jpg.rf.437724de67b13c37bba8559255e5b7aa.txt,1672722155133,train,train,1,0|1
../Data/downloads/Roboflow/Data/downloads/roboflow_healthy_sick/train/images/1672722155133_jpg.rf.e9edc01b43fc25bae315494ba6fc8eed.jpg,../Data/downloads/Roboflow/Data/downloads/roboflow_healthy_sick/train/labels/1672722155133_jpg.rf.e9edc01b43fc25bae315494ba6fc8eed.txt,1672722155133,train,train,1,0|1
../Data/downloads/Roboflow/Data/downloads/roboflow_healthy_sick/train/images/1672722155133_jpg.rf.edb450653bec5f9155e828bd9f734fa9.jpg,../Data/downloads/Roboflow/Data/downloads/roboflow_healthy_sick/train/labels/1672722155133_jpg.rf.edb450653bec5f9155e828bd9f734fa9.txt,1672722155133,train,train,1,0|1
../Data/downloads/Roboflow/Data/downloads/roboflow_healthy_sick/train/images/1672722155138_jpg.rf.29a93b94672c55ce695327080723d270.jpg,../Data/downloads/Roboflow/Data/downloads/roboflow_healthy_sick/train/labels/1672722155138_jpg.rf.29a93b94672c55ce695327080723d270.txt,1672722155138,train,train,1,0|1
../Data/downloads/Roboflow/Data/downloads/roboflow_healthy_sick/train/images/1672722155138_jpg.rf.4856193a013934a809652f857a85f5be.jpg,../Data/downloads/Roboflow/Data/downloads/roboflow_healthy_sick/train/labels/1672722155138_jpg.rf.4856193a013934a809652f857a85f5be.txt,1672722155138,train,train,1,0|1
../Data/downloads/Roboflow/Data/downloads/roboflow_healthy_sick/train/images/1672722155138_jpg.rf.d0ac9747c9e1d38d359b733497a58a10.jpg,../Data/downloads/Roboflow/Data/downloads/roboflow_healthy_sick/train/labels/1672722155138_jpg.rf.d0ac9747c9e1d38d359b733497a58a10.txt,1672722155138,train,train,1,0|1
../Data/downloads/Roboflow/Data/downloads/roboflow_healthy_sick/train/images/1672722155157_jpg.rf.0300aea7b78cf6211c62881d437eefc1.jpg,../Data/downloads/Roboflow/Data/downloads/roboflow_healthy_sick/train/labels/1672722155157_jpg.rf.0300aea7b78cf6211c62881d437eefc1.txt,1672722155157,train,train,1,0|1
../Data/downloads/Roboflow/Data/downloads/roboflow_healthy_sick/train/images/1672722155157_jpg.rf.334755d0f20f38146ae90835907199f7.jpg,../Data/downloads/Roboflow/Data/downloads/roboflow_healthy_sick/train/labels/1672722155157_jpg.rf.334755d0f20f38146ae90835907199f7.txt,1672722155157,train,train,1,0|1
../Data/downloads/Roboflow/Data/downloads/roboflow_healthy_sick/train/images/1672722155157_jpg.rf.34094674b5866b25851703d274b71781.jpg,../Data/downloads/Roboflow/Data/downloads/roboflow_healthy_sick/train/labels/1672722155157_jpg.rf.34094674b5866b25851703d274b71781.txt,1672722155157,train,train,1,0|1
../Data/downloads/Roboflow/Data/downloads/roboflow_healthy_sick/train/images/1672722155166_jpg.rf.21b030d43285b1f058ccb861806955c8.jpg,../Data/downloads/Roboflow/Data/downloads/roboflow_healthy_sick/train/labels/1672722155166_jpg.rf.21b030d43285b1f058ccb861806955c8.txt,1672722155166,train,train,1,0|1
../Data/downloads/Roboflow/Data/downloads/roboflow_healthy_sick/train/images/1672722155166_jpg.rf.54389f5e28617030a06efe5b734309f4.jpg,../Data/downloads/Roboflow/Data/downloads/roboflow_healthy_sick/train/labels/1672722155166_jpg.rf.54389f5e28617030a06efe5b734309f4.txt,1672722155166,train,train,1,0|1
../Data/downloads/Roboflow/Data/downloads/roboflow_healthy_sick/train/images/1672722155166_jpg.rf.9662f1862b9db8ecc8f67cb9ae727f52.jpg,../Data/downloads/Roboflow/Data/downloads/roboflow_healthy_sick/train/labels/1672722155166_jpg.rf.9662f1862b9db8ecc8f67cb9ae727f52.txt,1672722155166,train,train,1,0|1
../Data/downloads/Roboflow/Data/downloads/roboflow_healthy_sick/train/images/1672722155181_jpg.rf.a0ac90b7bb604bb753cb827bf02ce632.jpg,../Data/downloads/Roboflow/Data/downloads/roboflow_healthy_sick/train/labels/1672722155181_jpg.rf.a0ac90b7bb604bb753cb827bf02ce632.txt,1672722155181,train,train,1,0|1
../Data/downloads/Roboflow/Data/downloads/roboflow_healthy_sick/train/images/1672722155181_jpg.rf.bc9e7798365aa49aff723f0462fbee01.jpg,../Data/downloads/Roboflow/Data/downloads/roboflow_healthy_sick/train/labels/1672722155181_jpg.rf.bc9e7798365aa49aff723f0462fbee01.txt,1672722155181,train,train,1,0|1
../Data/downloads/Roboflow/Data/downloads/roboflow_healthy_sick/train/images/1672722155181_jpg.rf.d41b99ec1090c44b8dae0930e1cf1b6f.jpg,../Data/downloads/Roboflow/Data/downloads/roboflow_healthy_sick/train/labels/1672722155181_jpg.rf.d41b99ec1090c44b8dae0930e1cf1b6f.txt,1672722155181,train,train,1,0|1
../Data/downloads/Roboflow/Data/downloads/roboflow_healthy_sick/train/images/1672722155190_jpg.rf.f3587fac6813b24b64c78aefebc0e1cc.jpg,../Data/downloads/Roboflow/Data/downloads/roboflow_healthy_sick/train/labels/1672722155190_jpg.rf.f3587fac6813b24b64c78aefebc0e1cc.txt,1672722155190,train,train,1,0|1
../Data/downloads/Roboflow/Data/downloads/roboflow_healthy_sick/train/images/1672722155190_jpg.rf.fc52dac8a1822147778e187893ce2675.jpg,../Data/downloads/Roboflow/Data/downloads/roboflow_healthy_sick/train/labels/1672722155190_jpg.rf.fc52dac8a1822147778e187893ce2675.txt,1672722155190,train,train,1,0|1
../Data/downloads/Roboflow/Data/downloads/roboflow_healthy_sick/train/images/1672722155190_jpg.rf.ff7425989251c8ce73f4ad3bd222bea5.jpg,../Data/downloads/Roboflow/Data/downloads/roboflow_healthy_sick/train/labels/1672722155190_jpg.rf.ff7425989251c8ce73f4ad3bd222bea5.txt,1672722155190,train,train,1,0|1
../Data/downloads/Roboflow/Data/downloads/roboflow_healthy_sick/train/images/1672722155205_jpg.rf.29ddcbb19929ec93fff77fcd51b8208c.jpg,../Data/downloads/Roboflow/Data/downloads/roboflow_healthy_sick/train/labels/1672722155205_jpg.rf.29ddcbb19929ec93fff77fcd51b8208c.txt,1672722155205,train,train,1,0|1
../Data/downloads/Roboflow/Data/downloads/roboflow_healthy_sick/train/images/1672722155205_jpg.rf.a5bec619bda3f2dbbefa9406a5885530.jpg,../Data/downloads/Roboflow/Data/downloads/roboflow_healthy_sick/train/labels/1672722155205_jpg.rf.a5bec619bda3f2dbbefa9406a5885530.txt,1672722155205,train,train,1,0|1
../Data/downloads/Roboflow/Data/downloads/roboflow_healthy_sick/train/images/1672722155205_jpg.rf.e971d393ee466df3a88fd82ba1f16f82.jpg,../Data/downloads/Roboflow/Data/downloads/roboflow_healthy_sick/train/labels/1672722155205_jpg.rf.e971d393ee466df3a88fd82ba1f16f82.txt,1672722155205,train,train,1,0|1
../Data/downloads/Roboflow/Data/downloads/roboflow_healthy_sick/train/images/1672722155214_jpg.rf.078a11fcbf255ce37528ffb553c263b5.jpg,../Data/downloads/Roboflow/Data/downloads/roboflow_healthy_sick/train/labels/1672722155214_jpg.rf.078a11fcbf255ce37528ffb553c263b5.txt,1672722155214,train,train,1,0|1
../Data/downloads/Roboflow/Data/downloads/roboflow_healthy_sick/train/images/1672722155214_jpg.rf.12bd4a7c17368e1649ba206bbb444726.jpg,../Data/downloads/Roboflow/Data/downloads/roboflow_healthy_sick/train/labels/1672722155214_jpg.rf.12bd4a7c17368e1649ba206bbb444726.txt,1672722155214,train,train,1,0|1
../Data/downloads/Roboflow/Data/downloads/roboflow_healthy_sick/train/images/1672722155214_jpg.rf.39eb7a98b9340fe1e8579b16d75d673f.jpg,../Data/downloads/Roboflow/Data/downloads/roboflow_healthy_sick/train/labels/1672722155214_jpg.rf.39eb7a98b9340fe1e8579b16d75d673f.txt,1672722155214,train,train,1,0|1
../Data/downloads/Roboflow/Data/downloads/roboflow_healthy_sick/train/images/1672722155242_jpg.rf.6f5ef2b4ec6dfd0776e3178ebd2a5dee.jpg,../Data/downloads/Roboflow/Data/downloads/roboflow_healthy_sick/train/labels/1672722155242_jpg.rf.6f5ef2b4ec6dfd0776e3178ebd2a5dee.txt,1672722155242,train,test,1,0|1
../Data/downloads/Roboflow/Data/downloads/roboflow_healthy_sick/train/images/1672722155242_jpg.rf.9c2466e0d8702cfb0ca488af7264e56c.jpg,../Data/downloads/Roboflow/Data/downloads/roboflow_healthy_sick/train/labels/1672722155242_jpg.rf.9c2466e0d8702cfb0ca488af7264e56c.txt,1672722155242,train,test,1,0|1
../Data/downloads/Roboflow/Data/downloads/roboflow_healthy_sick/train/images/1672722155242_jpg.rf.e74b4e877f996599edf4daa1e635af9b.jpg,../Data/downloads/Roboflow/Data/downloads/roboflow_healthy_sick/train/labels/1672722155242_jpg.rf.e74b4e877f996599edf4daa1e635af9b.txt,1672722155242,train,test,1,0|1
../Data/downloads/Roboflow/Data/downloads/roboflow_healthy_sick/train/images/1672722155285_jpg.rf.63be07c0b43549dcabe0c12a80ded910.jpg,../Data/downloads/Roboflow/Data/downloads/roboflow_healthy_sick/train/labels/1672722155285_jpg.rf.63be07c0b43549dcabe0c12a80ded910.txt,1672722155285,train,train,1,0|1
../Data/downloads/Roboflow/Data/downloads/roboflow_healthy_sick/train/images/1672722155285_jpg.rf.8af28c2fe5439f405f0908e0833faf0e.jpg,../Data/downloads/Roboflow/Data/downloads/roboflow_healthy_sick/train/labels/1672722155285_jpg.rf.8af28c2fe5439f405f0908e0833faf0e.txt,1672722155285,train,train,1,0|1
../Data/downloads/Roboflow/Data/downloads/roboflow_healthy_sick/train/images/1672722155285_jpg.rf.a9791211042f7b69c31972ca9bcfb490.jpg,../Data/downloads/Roboflow/Data/downloads/roboflow_healthy_sick/train/labels/1672722155285_jpg.rf.a9791211042f7b69c31972ca9bcfb490.txt,1672722155285,train,train,1,0|1
../Data/downloads/Roboflow/Data/downloads/roboflow_healthy_sick/train/images/1672722155371_jpg.rf.16b5f630bcffd83f84e328c229978de8.jpg,../Data/downloads/Roboflow/Data/downloads/roboflow_healthy_sick/train/labels/1672722155371_jpg.rf.16b5f630bcffd83f84e328c229978de8.txt,1672722155371,train,test,1,0|1
../Data/downloads/Roboflow/Data/downloads/roboflow_healthy_sick/train/images/1672722155371_jpg.rf.aace0215b0c6cb6b4ef0d3697c50d420.jpg,../Data/downloads/Roboflow/Data/downloads/roboflow_healthy_sick/train/labels/1672722155371_jpg.rf.aace0215b0c6cb6b4ef0d3697c50d420.txt,1672722155371,train,test,1,0|1
../Data/downloads/Roboflow/Data/downloads/roboflow_healthy_sick/train/images/1672722155371_jpg.rf.fbee5bcc3d5bc2553855b47b39fd6594.jpg,../Data/downloads/Roboflow/Data/downloads/roboflow_healthy_sick/train/labels/1672722155371_jpg.rf.fbee5bcc3d5bc2553855b47b39fd6594.txt,1672722155371,train,test,1,0|1
../Data/downloads/Roboflow/Data/downloads/roboflow_healthy_sick/train/images/1672722155376_jpg.rf.4f95fe91edf85ed047d1d704c41ee275.jpg,../Data/downloads/Roboflow/Data/downloads/roboflow_healthy_sick/train/labels/1672722155376_jpg.rf.4f95fe91edf85ed047d1d704c41ee275.txt,1672722155376,train,test,1,0|1
../Data/downloads/Roboflow/Data/downloads/roboflow_healthy_sick/train/images/1672722155376_jpg.rf.7279a5d4877735baf1a8477b01d9e26a.jpg,../Data/downloads/Roboflow/Data/downloads/roboflow_healthy_sick/train/labels/1672722155376_jpg.rf.7279a5d4877735baf1a8477b01d9e26a.txt,1672722155376,train,test,1,0|1
../Data/downloads/Roboflow/Data/downloads/roboflow_healthy_sick/train/images/1672722155376_jpg.rf.e1210336551188e0665451e7e3edd472.jpg,../Data/downloads/Roboflow/Data/downloads/roboflow_healthy_sick/train/labels/1672722155376_jpg.rf.e1210336551188e0665451e7e3edd472.txt,1672722155376,train,test,1,0|1
../Data/downloads/Roboflow/Data/downloads/roboflow_healthy_sick/train/images/1672722155405_jpg.rf.0b7d6003d1099b7e66cb131e6b29d1d8.jpg,../Data/downloads/Roboflow/Data/downloads/roboflow_healthy_sick/train/labels/1672722155405_jpg.rf.0b7d6003d1099b7e66cb131e6b29d1d8.txt,1672722155405,train,train,1,0|1
../Data/downloads/Roboflow/Data/downloads/roboflow_healthy_sick/train/images/1672722155405_jpg.rf.4a5d26d7d7759631a9adcf64fb4b33ab.jpg,../Data/downloads/Roboflow/Data/downloads/roboflow_healthy_sick/train/labels/1672722155405_jpg.rf.4a5d26d7d7759631a9adcf64fb4b33ab.txt,1672722155405,train,train,1,0|1
../Data/downloads/Roboflow/Data/downloads/roboflow_healthy_sick/train/images/1672722155405_jpg.rf.b20ad721c166173cbc9c382812fa7ec0.jpg,../Data/downloads/Roboflow/Data/downloads/roboflow_healthy_sick/train/labels/1672722155405_jpg.rf.b20ad721c166173cbc9c382812fa7ec0.txt,1672722155405,train,train,1,0|1
../Data/downloads/Roboflow/Data/downloads/roboflow_healthy_sick/train/images/1672722155496_jpg.rf.9b294ac6f365da11253cad8df481f978.jpg,../Data/downloads/Roboflow/Data/downloads/roboflow_healthy_sick/train/labels/1672722155496_jpg.rf.9b294ac6f365da11253cad8df481f978.txt,1672722155496,train,train,1,0|1
../Data/downloads/Roboflow/Data/downloads/roboflow_healthy_sick/train/images/1672722155496_jpg.rf.a4ad805004fd18b00afc0851351f85f9.jpg,../Data/downloads/Roboflow/Data/downloads/roboflow_healthy_sick/train/labels/1672722155496_jpg.rf.a4ad805004fd18b00afc0851351f85f9.txt,1672722155496,train,train,1,0|1
../Data/downloads/Roboflow/Data/downloads/roboflow_healthy_sick/train/images/1672722155496_jpg.rf.be8af6bc1e24e90b6b595b41e511b44a.jpg,../Data/downloads/Roboflow/Data/downloads/roboflow_healthy_sick/train/labels/1672722155496_jpg.rf.be8af6bc1e24e90b6b595b41e511b44a.txt,1672722155496,train,train,1,0|1
../Data/downloads/Roboflow/Data/downloads/roboflow_healthy_sick/train/images/1672722155501_jpg.rf.9eb4f8d0664371ab8914e287f393793d.jpg,../Data/downloads/Roboflow/Data/downloads/roboflow_healthy_sick/train/labels/1672722155501_jpg.rf.9eb4f8d0664371ab8914e287f393793d.txt,1672722155501,train,train,1,0|1
../Data/downloads/Roboflow/Data/downloads/roboflow_healthy_sick/train/images/1672722155501_jpg.rf.a68086eff75c8c8a755467eea4a91ea5.jpg,../Data/downloads/Roboflow/Data/downloads/roboflow_healthy_sick/train/labels/1672722155501_jpg.rf.a68086eff75c8c8a755467eea4a91ea5.txt,1672722155501,train,train,1,0|1
../Data/downloads/Roboflow/Data/downloads/roboflow_healthy_sick/train/images/1672722155501_jpg.rf.e31d98e1299f063d7394a3fad5e04716.jpg,../Data/downloads/Roboflow/Data/downloads/roboflow_healthy_sick/train/labels/1672722155501_jpg.rf.e31d98e1299f063d7394a3fad5e04716.txt,1672722155501,train,train,1,0|1
../Data/downloads/Roboflow/Data/downloads/roboflow_healthy_sick/train/images/IMG_20230109_123444_jpg.rf.0b0d84f473e015a9634d3733bb4f4502.jpg,../Data/downloads/Roboflow/Data/downloads/roboflow_healthy_sick/train/labels/IMG_20230109_123444_jpg.rf.0b0d84f473e015a9634d3733bb4f4502.txt,IMG_20230109,train,train,1,1|0
../Data/downloads/Roboflow/Data/downloads/roboflow_healthy_sick/train/images/IMG_20230109_123444_jpg.rf.1487881f1de137e023fa390e669076cf.jpg,../Data/downloads/Roboflow/Data/downloads/roboflow_healthy_sick/train/labels/IMG_20230109_123444_jpg.rf.1487881f1de137e023fa390e669076cf.txt,IMG_20230109,train,train,1,1|0
../Data/downloads/Roboflow/Data/downloads/roboflow_healthy_sick/train/images/IMG_20230109_123444_jpg.rf.f2eadafcecfe413e6652b770e5150f3d.jpg,../Data/downloads/Roboflow/Data/downloads/roboflow_healthy_sick/train/labels/IMG_20230109_123444_jpg.rf.f2eadafcecfe413e6652b770e5150f3d.txt,IMG_20230109,train,train,1,1|0
../Data/downloads/Roboflow/Data/downloads/roboflow_healthy_sick/train/images/IMG_20230109_123449_jpg.rf.4355638193f544384e8922290e41d4e0.jpg,../Data/downloads/Roboflow/Data/downloads/roboflow_healthy_sick/train/labels/IMG_20230109_123449_jpg.rf.4355638193f544384e8922290e41d4e0.txt,IMG_20230109,train,train,1,1|0
../Data/downloads/Roboflow/Data/downloads/roboflow_healthy_sick/train/images/IMG_20230109_123449_jpg.rf.594a6e88779c5560bef3ce67453c51f4.jpg,../Data/downloads/Roboflow/Data/downloads/roboflow_healthy_sick/train/labels/IMG_20230109_123449_jpg.rf.594a6e88779c5560bef3ce67453c51f4.txt,IMG_20230109,train,train,1,1|0
../Data/downloads/Roboflow/Data/downloads/roboflow_healthy_sick/train/images/IMG_20230109_123449_jpg.rf.ceca3d91ef4f4eeb21c8e038558d273f.jpg,../Data/downloads/Roboflow/Data/downloads/roboflow_healthy_sick/train/labels/IMG_20230109_123449_jpg.rf.ceca3d91ef4f4eeb21c8e038558d273f.txt,IMG_20230109,train,train,1,1|0
../Data/downloads/Roboflow/Data/downloads/roboflow_healthy_sick/train/images/IMG_20230109_124641_jpg.rf.093aaee44cee08e9d30b41d57a1371bb.jpg,../Data/downloads/Roboflow/Data/downloads/roboflow_healthy_sick/train/labels/IMG_20230109_124641_jpg.rf.093aaee44cee08e9d30b41d57a1371bb.txt,IMG_20230109,train,train,1,1|0
../Data/downloads/Roboflow/Data/downloads/roboflow_healthy_sick/train/images/IMG_20230109_124641_jpg.rf.105ece7725fcb12de356b84b8f8c325c.jpg,../Data/downloads/Roboflow/Data/downloads/roboflow_healthy_sick/train/labels/IMG_20230109_124641_jpg.rf.105ece7725fcb12de356b84b8f8c325c.txt,IMG_20230109,train,train,1,1|0
../Data/downloads/Roboflow/Data/downloads/roboflow_healthy_sick/train/images/IMG_20230109_124641_jpg.rf.4040c3d7283ed30ded57f7688dab63f0.jpg,../Data/downloads/Roboflow/Data/downloads/roboflow_healthy_sick/train/labels/IMG_20230109_124641_jpg.rf.4040c3d7283ed30ded57f7688dab63f0.txt,IMG_20230109,train,train,1,1|0
../Data/downloads/Roboflow/Data/downloads/roboflow_healthy_sick/train/images/IMG_20230109_124903_jpg.rf.0f3950543a59239ac0aac1fdf4d6ee51.jpg,../Data/downloads/Roboflow/Data/downloads/roboflow_healthy_sick/train/labels/IMG_20230109_124903_jpg.rf.0f3950543a59239ac0aac1fdf4d6ee51.txt,IMG_20230109,train,train,1,1|0
../Data/downloads/Roboflow/Data/downloads/roboflow_healthy_sick/train/images/IMG_20230109_124903_jpg.rf.7f777ca63f99d839704acf368c446f2c.jpg,../Data/downloads/Roboflow/Data/downloads/roboflow_healthy_sick/train/labels/IMG_20230109_124903_jpg.rf.7f777ca63f99d839704acf368c446f2c.txt,IMG_20230109,train,train,1,1|0
../Data/downloads/Roboflow/Data/downloads/roboflow_healthy_sick/train/images/IMG_20230109_124903_jpg.rf.d15f38d7ebc213ffa00e469954c72c60.jpg,../Data/downloads/Roboflow/Data/downloads/roboflow_healthy_sick/train/labels/IMG_20230109_124903_jpg.rf.d15f38d7ebc213ffa00e469954c72c60.txt,IMG_20230109,train,train,1,1|0
../Data/downloads/Roboflow/Data/downloads/roboflow_healthy_sick/train/images/IMG_20230109_125002_jpg.rf.366f860d061491990408ca61cbee86c4.jpg,../Data/downloads/Roboflow/Data/downloads/roboflow_healthy_sick/train/labels/IMG_20230109_125002_jpg.rf.366f860d061491990408ca61cbee86c4.txt,IMG_20230109,train,train,1,1|0
../Data/downloads/Roboflow/Data/downloads/roboflow_healthy_sick/train/images/IMG_20230109_125002_jpg.rf.750b3b2c507b8ea0ec618d34d20941d1.jpg,../Data/downloads/Roboflow/Data/downloads/roboflow_healthy_sick/train/labels/IMG_20230109_125002_jpg.rf.750b3b2c507b8ea0ec618d34d20941d1.txt,IMG_20230109,train,train,1,1|0
../Data/downloads/Roboflow/Data/downloads/roboflow_healthy_sick/train/images/IMG_20230109_125002_jpg.rf.cc5292dc85c417de9c19e48e5679990d.jpg,../Data/downloads/Roboflow/Data/downloads/roboflow_healthy_sick/train/labels/IMG_20230109_125002_jpg.rf.cc5292dc85c417de9c19e48e5679990d.txt,IMG_20230109,train,train,1,1|0
../Data/downloads/Roboflow/Data/downloads/roboflow_healthy_sick/train/images/IMG_20230109_125015_jpg.rf.67f8b1669b3766851a993aea00011245.jpg,../Data/downloads/Roboflow/Data/downloads/roboflow_healthy_sick/train/labels/IMG_20230109_125015_jpg.rf.67f8b1669b3766851a993aea00011245.txt,IMG_20230109,train,train,1,1|0
../Data/downloads/Roboflow/Data/downloads/roboflow_healthy_sick/train/images/IMG_20230109_125015_jpg.rf.98ab19888ad090d45a1428cfbbbf3fc4.jpg,../Data/downloads/Roboflow/Data/downloads/roboflow_healthy_sick/train/labels/IMG_20230109_125015_jpg.rf.98ab19888ad090d45a1428cfbbbf3fc4.txt,IMG_20230109,train,train,1,1|0
../Data/downloads/Roboflow/Data/downloads/roboflow_healthy_sick/train/images/IMG_20230109_125015_jpg.rf.d92ad5cb4a7f7eca9bbfd89c1eabef29.jpg,../Data/downloads/Roboflow/Data/downloads/roboflow_healthy_sick/train/labels/IMG_20230109_125015_jpg.rf.d92ad5cb4a7f7eca9bbfd89c1eabef29.txt,IMG_20230109,train,train,1,1|0
../Data/downloads/Roboflow/Data/downloads/roboflow_healthy_sick/train/images/IMG_20230109_125016_jpg.rf.648db6dd0568519d2be00499fde01e1c.jpg,../Data/downloads/Roboflow/Data/downloads/roboflow_healthy_sick/train/labels/IMG_20230109_125016_jpg.rf.648db6dd0568519d2be00499fde01e1c.txt,IMG_20230109,train,train,0,0|0
../Data/downloads/Roboflow/Data/downloads/roboflow_healthy_sick/train/images/IMG_20230109_125016_jpg.rf.9e2d55ad2a668a52a2720b8a3d977a94.jpg,../Data/downloads/Roboflow/Data/downloads/roboflow_healthy_sick/train/labels/IMG_20230109_125016_jpg.rf.9e2d55ad2a668a52a2720b8a3d977a94.txt,IMG_20230109,train,train,0,0|0
../Data/downloads/Roboflow/Data/downloads/roboflow_healthy_sick/train/images/IMG_20230109_125016_jpg.rf.d7a8e6a43ab6d9550a30a42c9975da13.jpg,../Data/downloads/Roboflow/Data/downloads/roboflow_healthy_sick/train/labels/IMG_20230109_125016_jpg.rf.d7a8e6a43ab6d9550a30a42c9975da13.txt,IMG_20230109,train,train,0,0|0
../Data/downloads/Roboflow/Data/downloads/roboflow_healthy_sick/train/images/IMG_20230109_125019_jpg.rf.20fdf8728d639be69d50252acbb188e3.jpg,../Data/downloads/Roboflow/Data/downloads/roboflow_healthy_sick/train/labels/IMG_20230109_125019_jpg.rf.20fdf8728d639be69d50252acbb188e3.txt,IMG_20230109,train,train,1,1|0
../Data/downloads/Roboflow/Data/downloads/roboflow_healthy_sick/train/images/IMG_20230109_125019_jpg.rf.d5e1a635c4778ab3d1804b57f0e4c5e6.jpg,../Data/downloads/Roboflow/Data/downloads/roboflow_healthy_sick/train/labels/IMG_20230109_125019_jpg.rf.d5e1a635c4778ab3d1804b57f0e4c5e6.txt,IMG_20230109,train,train,1,1|0
../Data/downloads/Roboflow/Data/downloads/roboflow_healthy_sick/train/images/IMG_20230109_125019_jpg.rf.ee0f928d2e5a79b92e59d1ca44d785d2.jpg,../Data/downloads/Roboflow/Data/downloads/roboflow_healthy_sick/train/labels/IMG_20230109_125019_jpg.rf.ee0f928d2e5a79b92e59d1ca44d785d2.txt,IMG_20230109,train,train,1,1|0
../Data/downloads/Roboflow/Data/downloads/roboflow_healthy_sick/train/images/IMG_20230109_125059_jpg.rf.548c43822e34442128ab35e7db5c842d.jpg,../Data/downloads/Roboflow/Data/downloads/roboflow_healthy_sick/train/labels/IMG_20230109_125059_jpg.rf.548c43822e34442128ab35e7db5c842d.txt,IMG_20230109,train,train,1,1|0
../Data/downloads/Roboflow/Data/downloads/roboflow_healthy_sick/train/images/IMG_20230109_125059_jpg.rf.584b1f1a7f522e7d457dcfa00ff35bb3.jpg,../Data/downloads/Roboflow/Data/downloads/roboflow_healthy_sick/train/labels/IMG_20230109_125059_jpg.rf.584b1f1a7f522e7d457dcfa00ff35bb3.txt,IMG_20230109,train,train,1,1|0
../Data/downloads/Roboflow/Data/downloads/roboflow_healthy_sick/train/images/IMG_20230109_125059_jpg.rf.5cfda5c7af8b521d0e3987b6f5c7d01a.jpg,../Data/downloads/Roboflow/Data/downloads/roboflow_healthy_sick/train/labels/IMG_20230109_125059_jpg.rf.5cfda5c7af8b521d0e3987b6f5c7d01a.txt,IMG_20230109,train,train,1,1|0
../Data/downloads/Roboflow/Data/downloads/roboflow_healthy_sick/train/images/IMG_20230109_125059_jpg.rf.88439b1f762d97ed1262b22d09dbda88.jpg,../Data/downloads/Roboflow/Data/downloads/roboflow_healthy_sick/train/labels/IMG_20230109_125059_jpg.rf.88439b1f762d97ed1262b22d09dbda88.txt,IMG_20230109,train,train,1,1|0
../Data/downloads/Roboflow/Data/downloads/roboflow_healthy_sick/train/images/IMG_20230109_125059_jpg.rf.b1be8ecd27d14a7b51cc86c710fb7407.jpg,../Data/downloads/Roboflow/Data/downloads/roboflow_healthy_sick/train/labels/IMG_20230109_125059_jpg.rf.b1be8ecd27d14a7b51cc86c710fb7407.txt,IMG_20230109,train,train,1,1|0
../Data/downloads/Roboflow/Data/downloads/roboflow_healthy_sick/train/images/IMG_20230109_125059_jpg.rf.ef12ce02c67e2478135e82c1239b61a3.jpg,../Data/downloads/Roboflow/Data/downloads/roboflow_healthy_sick/train/labels/IMG_20230109_125059_jpg.rf.ef12ce02c67e2478135e82c1239b61a3.txt,IMG_20230109,train,train,1,1|0
../Data/downloads/Roboflow/Data/downloads/roboflow_healthy_sick/train/images/IMG_20230109_125226_jpg.rf.68f96cb505435e41b2baecb5f5a8cf8f.jpg,../Data/downloads/Roboflow/Data/downloads/roboflow_healthy_sick/train/labels/IMG_20230109_125226_jpg.rf.68f96cb505435e41b2baecb5f5a8cf8f.txt,IMG_20230109,train,train,0,0|0
../Data/downloads/Roboflow/Data/downloads/roboflow_healthy_sick/train/images/IMG_20230109_125226_jpg.rf.9e6c02bf25e75cbade93e508fdfc2b61.jpg,../Data/downloads/Roboflow/Data/downloads/roboflow_healthy_sick/train/labels/IMG_20230109_125226_jpg.rf.9e6c02bf25e75cbade93e508fdfc2b61.txt,IMG_20230109,train,train,0,0|0
../Data/downloads/Roboflow/Data/downloads/roboflow_healthy_sick/train/images/IMG_20230109_125226_jpg.rf.e205163043e7e2cf8c0f407e31257a70.jpg,../Data/downloads/Roboflow/Data/downloads/roboflow_healthy_sick/train/labels/IMG_20230109_125226_jpg.rf.e205163043e7e2cf8c0f407e31257a70.txt,IMG_20230109,train,train,0,0|0
../Data/downloads/Roboflow/Data/downloads/roboflow_healthy_sick/train/images/IMG_20230109_125440_jpg.rf.4dce4c060ba2605f2af99f1498117767.jpg,../Data/downloads/Roboflow/Data/downloads/roboflow_healthy_sick/train/labels/IMG_20230109_125440_jpg.rf.4dce4c060ba2605f2af99f1498117767.txt,IMG_20230109,train,train,0,0|0
../Data/downloads/Roboflow/Data/downloads/roboflow_healthy_sick/train/images/IMG_20230109_125440_jpg.rf.70e469239f84bcd5a253ab8a94cef6d1.jpg,../Data/downloads/Roboflow/Data/downloads/roboflow_healthy_sick/train/labels/IMG_20230109_125440_jpg.rf.70e469239f84bcd5a253ab8a94cef6d1.txt,IMG_20230109,train,train,0,0|0
../Data/downloads/Roboflow/Data/downloads/roboflow_healthy_sick/train/images/IMG_20230109_125440_jpg.rf.76909102849c982c36c56906172be5a9.jpg,../Data/downloads/Roboflow/Data/downloads/roboflow_healthy_sick/train/labels/IMG_20230109_125440_jpg.rf.76909102849c982c36c56906172be5a9.txt,IMG_20230109,train,train,0,0|0
../Data/downloads/Roboflow/Data/downloads/roboflow_healthy_sick/train/images/IMG_20230109_125445_jpg.rf.2d9ad90c340fc39248395f192446c688.jpg,../Data/downloads/Roboflow/Data/downloads/roboflow_healthy_sick/train/labels/IMG_20230109_125445_jpg.rf.2d9ad90c340fc39248395f192446c688.txt,IMG_20230109,train,train,1,1|0
../Data/downloads/Roboflow/Data/downloads/roboflow_healthy_sick/train/images/IMG_20230109_125445_jpg.rf.35f2bc1caac998a2717866a44988cd26.jpg,../Data/downloads/Roboflow/Data/downloads/roboflow_healthy_sick/train/labels/IMG_20230109_125445_jpg.rf.35f2bc1caac998a2717866a44988cd26.txt,IMG_20230109,train,train,1,1|0
../Data/downloads/Roboflow/Data/downloads/roboflow_healthy_sick/train/images/IMG_20230109_125445_jpg.rf.b7e71f9529a6e70d8803eaf8118b7d23.jpg,../Data/downloads/Roboflow/Data/downloads/roboflow_healthy_sick/train/labels/IMG_20230109_125445_jpg.rf.b7e71f9529a6e70d8803eaf8118b7d23.txt,IMG_20230109,train,train,1,1|0
../Data/downloads/Roboflow/Data/downloads/roboflow_healthy_sick/train/images/IMG_20230109_125445_jpg.rf.c6c2e2eb55bc4f3b663a36a51332eaf3.jpg,../Data/downloads/Roboflow/Data/downloads/roboflow_healthy_sick/train/labels/IMG_20230109_125445_jpg.rf.c6c2e2eb55bc4f3b663a36a51332eaf3.txt,IMG_20230109,train,train,1,1|0
../Data/downloads/Roboflow/Data/downloads/roboflow_healthy_sick/train/images/IMG_20230109_125445_jpg.rf.df9dab96ca2817df37e7bdc02b9fbba4.jpg,../Data/downloads/Roboflow/Data/downloads/roboflow_healthy_sick/train/labels/IMG_20230109_125445_jpg.rf.df9dab96ca2817df37e7bdc02b9fbba4.txt,IMG_20230109,train,train,1,1|0
../Data/downloads/Roboflow/Data/downloads/roboflow_healthy_sick/train/images/IMG_20230109_125445_jpg.rf.ef65009ea7c8c9abd241b1b50724da33.jpg,../Data/downloads/Roboflow/Data/downloads/roboflow_healthy_sick/train/labels/IMG_20230109_125445_jpg.rf.ef65009ea7c8c9abd241b1b50724da33.txt,IMG_20230109,train,train,1,1|0
../Data/downloads/Roboflow/Data/downloads/roboflow_healthy_sick/train/images/IMG_20230109_125701_jpg.rf.05e4155c288c13650a914fb6476e5a08.jpg,../Data/downloads/Roboflow/Data/downloads/roboflow_healthy_sick/train/labels/IMG_20230109_125701_jpg.rf.05e4155c288c13650a914fb6476e5a08.txt,IMG_20230109,train,train,1,1|0
../Data/downloads/Roboflow/Data/downloads/roboflow_healthy_sick/train/images/IMG_20230109_125701_jpg.rf.0dbb7d1d7ab41a4f4792a2255d3806c9.jpg,../Data/downloads/Roboflow/Data/downloads/roboflow_healthy_sick/train/labels/IMG_20230109_125701_jpg.rf.0dbb7d1d7ab41a4f4792a2255d3806c9.txt,IMG_20230109,train,train,1,1|0
../Data/downloads/Roboflow/Data/downloads/roboflow_healthy_sick/train/images/IMG_20230109_125701_jpg.rf.5dae4f4ae3de1f774d89346af1aa10c4.jpg,../Data/downloads/Roboflow/Data/downloads/roboflow_healthy_sick/train/labels/IMG_20230109_125701_jpg.rf.5dae4f4ae3de1f774d89346af1aa10c4.txt,IMG_20230109,train,train,1,1|0
../Data/downloads/Roboflow/Data/downloads/roboflow_healthy_sick/train/images/IMG_20230109_125701_jpg.rf.721f61dfed981b95106c121897dda4a9.jpg,../Data/downloads/Roboflow/Data/downloads/roboflow_healthy_sick/train/labels/IMG_20230109_125701_jpg.rf.721f61dfed981b95106c121897dda4a9.txt,IMG_20230109,train,train,1,1|0
../Data/downloads/Roboflow/Data/downloads/roboflow_healthy_sick/train/images/IMG_20230109_125701_jpg.rf.b6bab0fbf0ceaf6123e317e63a72a89a.jpg,../Data/downloads/Roboflow/Data/downloads/roboflow_healthy_sick/train/labels/IMG_20230109_125701_jpg.rf.b6bab0fbf0ceaf6123e317e63a72a89a.txt,IMG_20230109,train,train,1,1|0
../Data/downloads/Roboflow/Data/downloads/roboflow_healthy_sick/train/images/IMG_20230109_125701_jpg.rf.e7dacb76ce79588d6a9106d1507f8785.jpg,../Data/downloads/Roboflow/Data/downloads/roboflow_healthy_sick/train/labels/IMG_20230109_125701_jpg.rf.e7dacb76ce79588d6a9106d1507f8785.txt,IMG_20230109,train,train,1,1|0
../Data/downloads/Roboflow/Data/downloads/roboflow_healthy_sick/train/images/IMG_20230109_125842_jpg.rf.0444d0084d723580ad83c3ab8cae71ab.jpg,../Data/downloads/Roboflow/Data/downloads/roboflow_healthy_sick/train/labels/IMG_20230109_125842_jpg.rf.0444d0084d723580ad83c3ab8cae71ab.txt,IMG_20230109,train,train,1,1|0
../Data/downloads/Roboflow/Data/downloads/roboflow_healthy_sick/train/images/IMG_20230109_125842_jpg.rf.24d4479803b5fc60f3fdf25957c35143.jpg,../Data/downloads/Roboflow/Data/downloads/roboflow_healthy_sick/train/labels/IMG_20230109_125842_jpg.rf.24d4479803b5fc60f3fdf25957c35143.txt,IMG_20230109,train,train,1,1|0
../Data/downloads/Roboflow/Data/downloads/roboflow_healthy_sick/train/images/IMG_20230109_125842_jpg.rf.7ebdabb4100bc68cb2c27d158716f3a9.jpg,../Data/downloads/Roboflow/Data/downloads/roboflow_healthy_sick/train/labels/IMG_20230109_125842_jpg.rf.7ebdabb4100bc68cb2c27d158716f3a9.txt,IMG_20230109,train,train,1,1|0
../Data/downloads/Roboflow/Data/downloads/roboflow_healthy_sick/train/images/IMG_20230109_125842_jpg.rf.93522da1a7f6d6f26b45be4e343110f9.jpg,../Data/downloads/Roboflow/Data/downloads/roboflow_healthy_sick/train/labels/IMG_20230109_125842_jpg.rf.93522da1a7f6d6f26b45be4e343110f9.txt,IMG_20230109,train,train,1,1|0
../Data/downloads/Roboflow/Data/downloads/roboflow_healthy_sick/train/images/IMG_20230109_125842_jpg.rf.c50d33c1962b2f286d2bc6902cbf5fa9.jpg,../Data/downloads/Roboflow/Data/downloads/roboflow_healthy_sick/train/labels/IMG_20230109_125842_jpg.rf.c50d33c1962b2f286d2bc6902cbf5fa9.txt,IMG_20230109,train,train,1,1|0
../Data/downloads/Roboflow/Data/downloads/roboflow_healthy_sick/train/images/IMG_20230109_125842_jpg.rf.dc32bba232ef5a599051a817a11a0340.jpg,../Data/downloads/Roboflow/Data/downloads/roboflow_healthy_sick/train/labels/IMG_20230109_125842_jpg.rf.dc32bba232ef5a599051a817a11a0340.txt,IMG_20230109,train,train,1,1|0
../Data/downloads/Roboflow/Data/downloads/roboflow_healthy_sick/train/images/IMG_20230109_130027_jpg.rf.ac229e91feec5bb293374de546e2d251.jpg,../Data/downloads/Roboflow/Data/downloads/roboflow_healthy_sick/train/labels/IMG_20230109_130027_jpg.rf.ac229e91feec5bb293374de546e2d251.txt,IMG_20230109,train,train,1,1|0
../Data/downloads/Roboflow/Data/downloads/roboflow_healthy_sick/train/images/IMG_20230109_130027_jpg.rf.b39bf5592f6f1f3a526b0415803d1248.jpg,../Data/downloads/Roboflow/Data/downloads/roboflow_healthy_sick/train/labels/IMG_20230109_130027_jpg.rf.b39bf5592f6f1f3a526b0415803d1248.txt,IMG_20230109,train,train,1,1|0
../Data/downloads/Roboflow/Data/downloads/roboflow_healthy_sick/train/images/IMG_20230109_130027_jpg.rf.bdf78ad1acdc5af587f67b90d7b845ad.jpg,../Data/downloads/Roboflow/Data/downloads/roboflow_healthy_sick/train/labels/IMG_20230109_130027_jpg.rf.bdf78ad1acdc5af587f67b90d7b845ad.txt,IMG_20230109,train,train,1,1|0
../Data/downloads/Roboflow/Data/downloads/roboflow_healthy_sick/train/images/IMG_20230109_130027_jpg.rf.cf4952d7fff20ea25c05f6aba9c30a11.jpg,../Data/downloads/Roboflow/Data/downloads/roboflow_healthy_sick/train/labels/IMG_20230109_130027_jpg.rf.cf4952d7fff20ea25c05f6aba9c30a11.txt,IMG_20230109,train,train,1,1|0
../Data/downloads/Roboflow/Data/downloads/roboflow_healthy_sick/train/images/IMG_20230109_130027_jpg.rf.d2c9799d45114af794f612bec846a562.jpg,../Data/downloads/Roboflow/Data/downloads/roboflow_healthy_sick/train/labels/IMG_20230109_130027_jpg.rf.d2c9799d45114af794f612bec846a562.txt,IMG_20230109,train,train,1,1|0
../Data/downloads/Roboflow/Data/downloads/roboflow_healthy_sick/train/images/IMG_20230109_130027_jpg.rf.f2eabb367e6e9078eed18401fcd5ce98.jpg,../Data/downloads/Roboflow/Data/downloads/roboflow_healthy_sick/train/labels/IMG_20230109_130027_jpg.rf.f2eabb367e6e9078eed18401fcd5ce98.txt,IMG_20230109,train,train,1,1|0
../Data/downloads/Roboflow/Data/downloads/roboflow_healthy_sick/train/images/IMG_20230109_130030_jpg.rf.5d2eb3a2eec6cf3e7f09384412309604.jpg,../Data/downloads/Roboflow/Data/downloads/roboflow_healthy_sick/train/labels/IMG_20230109_130030_jpg.rf.5d2eb3a2eec6cf3e7f09384412309604.txt,IMG_20230109,train,train,1,1|0
../Data/downloads/Roboflow/Data/downloads/roboflow_healthy_sick/train/images/IMG_20230109_130030_jpg.rf.6a171b7670a64c47884ec7ee0d959c45.jpg,../Data/downloads/Roboflow/Data/downloads/roboflow_healthy_sick/train/labels/IMG_20230109_130030_jpg.rf.6a171b7670a64c47884ec7ee0d959c45.txt,IMG_20230109,train,train,1,1|0
../Data/downloads/Roboflow/Data/downloads/roboflow_healthy_sick/train/images/IMG_20230109_130030_jpg.rf.9bb8acefaa120cc93474de35b9fc7c61.jpg,../Data/downloads/Roboflow/Data/downloads/roboflow_healthy_sick/train/labels/IMG_20230109_130030_jpg.rf.9bb8acefaa120cc93474de35b9fc7c61.txt,IMG_20230109,train,train,1,1|0
../Data/downloads/Roboflow/Data/downloads/roboflow_healthy_sick/train/images/IMG_20230109_130112_jpg.rf.560f8f5d785c892567c80fd24667ebca.jpg,../Data/downloads/Roboflow/Data/downloads/roboflow_healthy_sick/train/labels/IMG_20230109_130112_jpg.rf.560f8f5d785c892567c80fd24667ebca.txt,IMG_20230109,train,train,1,1|0
../Data/downloads/Roboflow/Data/downloads/roboflow_healthy_sick/train/images/IMG_20230109_130112_jpg.rf.ef5aff575b11ddd8ecb616627d8aa450.jpg,../Data/downloads/Roboflow/Data/downloads/roboflow_healthy_sick/train/labels/IMG_20230109_130112_jpg.rf.ef5aff575b11ddd8ecb616627d8aa450.txt,IMG_20230109,train,train,1,1|0
../Data/downloads/Roboflow/Data/downloads/roboflow_healthy_sick/train/images/IMG_20230109_130112_jpg.rf.fba09509a1dcd8c2f600034312173520.jpg,../Data/downloads/Roboflow/Data/downloads/roboflow_healthy_sick/train/labels/IMG_20230109_130112_jpg.rf.fba09509a1dcd8c2f600034312173520.txt,IMG_20230109,train,train,1,1|0
../Data/downloads/Roboflow/Data/downloads/roboflow_healthy_sick/train/images/IMG_20230109_130141_jpg.rf.7901bb247a019a4978e2a53b67a968c6.jpg,../Data/downloads/Roboflow/Data/downloads/roboflow_healthy_sick/train/labels/IMG_20230109_130141_jpg.rf.7901bb247a019a4978e2a53b67a968c6.txt,IMG_20230109,train,train,1,1|0
../Data/downloads/Roboflow/Data/downloads/roboflow_healthy_sick/train/images/IMG_20230109_130141_jpg.rf.7d15467a146102918cbc121bb53c7ed9.jpg,../Data/downloads/Roboflow/Data/downloads/roboflow_healthy_sick/train/labels/IMG_20230109_130141_jpg.rf.7d15467a146102918cbc121bb53c7ed9.txt,IMG_20230109,train,train,1,1|0
../Data/downloads/Roboflow/Data/downloads/roboflow_healthy_sick/train/images/IMG_20230109_130141_jpg.rf.8e17611fbb53bcaf2354e092f5d05b37.jpg,../Data/downloads/Roboflow/Data/downloads/roboflow_healthy_sick/train/labels/IMG_20230109_130141_jpg.rf.8e17611fbb53bcaf2354e092f5d05b37.txt,IMG_20230109,train,train,1,1|0
../Data/downloads/Roboflow/Data/downloads/roboflow_healthy_sick/train/images/IMG_20230109_130141_jpg.rf.90fe50aa3027e6b7677e2d45b11167e9.jpg,../Data/downloads/Roboflow/Data/downloads/roboflow_healthy_sick/train/labels/IMG_20230109_130141_jpg.rf.90fe50aa3027e6b7677e2d45b11167e9.txt,IMG_20230109,train,train,1,1|0
../Data/downloads/Roboflow/Data/downloads/roboflow_healthy_sick/train/images/IMG_20230109_130141_jpg.rf.a6d8db8eb04a1bd57e1effcfbb8f3f6d.jpg,../Data/downloads/Roboflow/Data/downloads/roboflow_healthy_sick/train/labels/IMG_20230109_130141_jpg.rf.a6d8db8eb04a1bd57e1effcfbb8f3f6d.txt,IMG_20230109,train,train,1,1|0
../Data/downloads/Roboflow/Data/downloads/roboflow_healthy_sick/train/images/IMG_20230109_130141_jpg.rf.b25a6138e6984ae5b87c8fda988cf712.jpg,../Data/downloads/Roboflow/Data/downloads/roboflow_healthy_sick/train/labels/IMG_20230109_130141_jpg.rf.b25a6138e6984ae5b87c8fda988cf712.txt,IMG_20230109,train,train,1,1|0
../Data/downloads/Roboflow/Data/downloads/roboflow_healthy_sick/train/images/IMG_20230109_130246_jpg.rf.c426ce88394126ffa4ce6de1f5adc2d2.jpg,../Data/downloads/Roboflow/Data/downloads/roboflow_healthy_sick/train/labels/IMG_20230109_130246_jpg.rf.c426ce88394126ffa4ce6de1f5adc2d2.txt,IMG_20230109,train,train,1,1|0
../Data/downloads/Roboflow/Data/downloads/roboflow_healthy_sick/train/images/IMG_20230109_130246_jpg.rf.e52b1957985ed3d914892140f1f3b5a4.jpg,../Data/downloads/Roboflow/Data/downloads/roboflow_healthy_sick/train/labels/IMG_20230109_130246_jpg.rf.e52b1957985ed3d914892140f1f3b5a4.txt,IMG_20230109,train,train,1,1|0
../Data/downloads/Roboflow/Data/downloads/roboflow_healthy_sick/train/images/IMG_20230109_130246_jpg.rf.f25e5b4e0ca98cc2d50a116332c2c16c.jpg,../Data/downloads/Roboflow/Data/downloads/roboflow_healthy_sick/train/labels/IMG_20230109_130246_jpg.rf.f25e5b4e0ca98cc2d50a116332c2c16c.txt,IMG_20230109,train,train,1,1|0
../Data/downloads/Roboflow/Data/downloads/roboflow_healthy_sick/train/images/IMG_20230109_130254_jpg.rf.03a8e9b2673ac6582c37cbde5343c324.jpg,../Data/downloads/Roboflow/Data/downloads/roboflow_healthy_sick/train/labels/IMG_20230109_130254_jpg.rf.03a8e9b2673ac6582c37cbde5343c324.txt,IMG_20230109,train,train,1,1|0
../Data/downloads/Roboflow/Data/downloads/roboflow_healthy_sick/train/images/IMG_20230109_130254_jpg.rf.53fcf60dfc68f084b38184efbe150e1e.jpg,../Data/downloads/Roboflow/Data/downloads/roboflow_healthy_sick/train/labels/IMG_20230109_130254_jpg.rf.53fcf60dfc68f084b38184efbe150e1e.txt,IMG_20230109,train,train,1,1|0
../Data/downloads/Roboflow/Data/downloads/roboflow_healthy_sick/train/images/IMG_20230109_130254_jpg.rf.65ad8e4471994222eb383f50fc5c9fe1.jpg,../Data/downloads/Roboflow/Data/downloads/roboflow_healthy_sick/train/labels/IMG_20230109_130254_jpg.rf.65ad8e4471994222eb383f50fc5c9fe1.txt,IMG_20230109,train,train,1,1|0
../Data/downloads/Roboflow/Data/downloads/roboflow_healthy_sick/train/images/IMG_20230109_130254_jpg.rf.8b6b6557386c0d497fbe65b6930e9844.jpg,../Data/downloads/Roboflow/Data/downloads/roboflow_healthy_sick/train/labels/IMG_20230109_130254_jpg.rf.8b6b6557386c0d497fbe65b6930e9844.txt,IMG_20230109,train,train,1,1|0
../Data/downloads/Roboflow/Data/downloads/roboflow_healthy_sick/train/images/IMG_20230109_130254_jpg.rf.d4bde7eaf19bf8eec5fa43db27f8a7f9.jpg,../Data/downloads/Roboflow/Data/downloads/roboflow_healthy_sick/train/labels/IMG_20230109_130254_jpg.rf.d4bde7eaf19bf8eec5fa43db27f8a7f9.txt,IMG_20230109,train,train,1,1|0
../Data/downloads/Roboflow/Data/downloads/roboflow_healthy_sick/train/images/IMG_20230109_130254_jpg.rf.de9aa1ca879aa2a47c7aacc7b0fb1dd1.jpg,../Data/downloads/Roboflow/Data/downloads/roboflow_healthy_sick/train/labels/IMG_20230109_130254_jpg.rf.de9aa1ca879aa2a47c7aacc7b0fb1dd1.txt,IMG_20230109,train,train,1,1|0
../Data/downloads/Roboflow/Data/downloads/roboflow_healthy_sick/train/images/IMG_20230109_130258_jpg.rf.17cf43955203e80b83a902e408ae282f.jpg,../Data/downloads/Roboflow/Data/downloads/roboflow_healthy_sick/train/labels/IMG_20230109_130258_jpg.rf.17cf43955203e80b83a902e408ae282f.txt,IMG_20230109,train,train,1,1|0
../Data/downloads/Roboflow/Data/downloads/roboflow_healthy_sick/train/images/IMG_20230109_130258_jpg.rf.3435e423cdab0b8ef9747e810bc07704.jpg,../Data/downloads/Roboflow/Data/downloads/roboflow_healthy_sick/train/labels/IMG_20230109_130258_jpg.rf.3435e423cdab0b8ef9747e810bc07704.txt,IMG_20230109,train,train,1,1|0
../Data/downloads/Roboflow/Data/downloads/roboflow_healthy_sick/train/images/IMG_20230109_130258_jpg.rf.952c04464e84ea3d6f2b6ab4e928a693.jpg,../Data/downloads/Roboflow/Data/downloads/roboflow_healthy_sick/train/labels/IMG_20230109_130258_jpg.rf.952c04464e84ea3d6f2b6ab4e928a693.txt,IMG_20230109,train,train,1,1|0
../Data/downloads/Roboflow/Data/downloads/roboflow_healthy_sick/train/images/IMG_20230109_130306_jpg.rf.437a97b3ea79fbeba2a1e5483dbf0656.jpg,../Data/downloads/Roboflow/Data/downloads/roboflow_healthy_sick/train/labels/IMG_20230109_130306_jpg.rf.437a97b3ea79fbeba2a1e5483dbf0656.txt,IMG_20230109,train,train,1,1|0
../Data/downloads/Roboflow/Data/downloads/roboflow_healthy_sick/train/images/IMG_20230109_130306_jpg.rf.4de499169f5baf69f2ed3a4741566cdc.jpg,../Data/downloads/Roboflow/Data/downloads/roboflow_healthy_sick/train/labels/IMG_20230109_130306_jpg.rf.4de499169f5baf69f2ed3a4741566cdc.txt,IMG_20230109,train,train,1,1|0
../Data/downloads/Roboflow/Data/downloads/roboflow_healthy_sick/train/images/IMG_20230109_130306_jpg.rf.6a22ec7ddbf77b6374bf907694105750.jpg,../Data/downloads/Roboflow/Data/downloads/roboflow_healthy_sick/train/labels/IMG_20230109_130306_jpg.rf.6a22ec7ddbf77b6374bf907694105750.txt,IMG_20230109,train,train,1,1|0
../Data/downloads/Roboflow/Data/downloads/roboflow_healthy_sick/train/images/IMG_20230109_130343_jpg.rf.1e2fe653a8f72af898d0e643e345f77f.jpg,../Data/downloads/Roboflow/Data/downloads/roboflow_healthy_sick/train/labels/IMG_20230109_130343_jpg.rf.1e2fe653a8f72af898d0e643e345f77f.txt,IMG_20230109,train,train,1,1|0
../Data/downloads/Roboflow/Data/downloads/roboflow_healthy_sick/train/images/IMG_20230109_130343_jpg.rf.1fb009c7164d830ee365ebc301e11fd8.jpg,../Data/downloads/Roboflow/Data/downloads/roboflow_healthy_sick/train/labels/IMG_20230109_130343_jpg.rf.1fb009c7164d830ee365ebc301e11fd8.txt,IMG_20230109,train,train,1,1|0
../Data/downloads/Roboflow/Data/downloads/roboflow_healthy_sick/train/images/IMG_20230109_130343_jpg.rf.7e5c7212a8ae29f6ae6105bc7b9bb0ba.jpg,../Data/downloads/Roboflow/Data/downloads/roboflow_healthy_sick/train/labels/IMG_20230109_130343_jpg.rf.7e5c7212a8ae29f6ae6105bc7b9bb0ba.txt,IMG_20230109,train,train,1,1|0
../Data/downloads/Roboflow/Data/downloads/roboflow_healthy_sick/train/images/IMG_20230109_130425_jpg.rf.04ab9e419823e4e8390a109f0eec8cf2.jpg,../Data/downloads/Roboflow/Data/downloads/roboflow_healthy_sick/train/labels/IMG_20230109_130425_jpg.rf.04ab9e419823e4e8390a109f0eec8cf2.txt,IMG_20230109,train,train,1,1|0
../Data/downloads/Roboflow/Data/downloads/roboflow_healthy_sick/train/images/IMG_20230109_130425_jpg.rf.1f2e52a074e30d6fef3c82a709810fcb.jpg,../Data/downloads/Roboflow/Data/downloads/roboflow_healthy_sick/train/labels/IMG_20230109_130425_jpg.rf.1f2e52a074e30d6fef3c82a709810fcb.txt,IMG_20230109,train,train,1,1|0
../Data/downloads/Roboflow/Data/downloads/roboflow_healthy_sick/train/images/IMG_20230109_130425_jpg.rf.3f41c326a5479f24c4a07337fbfaf2aa.jpg,../Data/downloads/Roboflow/Data/downloads/roboflow_healthy_sick/train/labels/IMG_20230109_130425_jpg.rf.3f41c326a5479f24c4a07337fbfaf2aa.txt,IMG_20230109,train,train,1,1|0
../Data/downloads/Roboflow/Data/downloads/roboflow_healthy_sick/train/images/IMG_20230109_130425_jpg.rf.5f5bdbed2f546458f8cb99c950fff3a9.jpg,../Data/downloads/Roboflow/Data/downloads/roboflow_healthy_sick/train/labels/IMG_20230109_130425_jpg.rf.5f5bdbed2f546458f8cb99c950fff3a9.txt,IMG_20230109,train,train,1,1|0
../Data/downloads/Roboflow/Data/downloads/roboflow_healthy_sick/train/images/IMG_20230109_130425_jpg.rf.6c0385b4fe85e6b96d9d02e0bb93e71c.jpg,../Data/downloads/Roboflow/Data/downloads/roboflow_healthy_sick/train/labels/IMG_20230109_130425_jpg.rf.6c0385b4fe85e6b96d9d02e0bb93e71c.txt,IMG_20230109,train,train,1,1|0
../Data/downloads/Roboflow/Data/downloads/roboflow_healthy_sick/train/images/IMG_20230109_130425_jpg.rf.8b67f139c10ca33cd92e249581b749f9.jpg,../Data/downloads/Roboflow/Data/downloads/roboflow_healthy_sick/train/labels/IMG_20230109_130425_jpg.rf.8b67f139c10ca33cd92e249581b749f9.txt,IMG_20230109,train,train,1,1|0
../Data/downloads/Roboflow/Data/downloads/roboflow_healthy_sick/train/images/IMG_20230109_130445_jpg.rf.3a96b8bd180a33e7b3ef4c2514fd1f12.jpg,../Data/downloads/Roboflow/Data/downloads/roboflow_healthy_sick/train/labels/IMG_20230109_130445_jpg.rf.3a96b8bd180a33e7b3ef4c2514fd1f12.txt,IMG_20230109,train,train,1,1|0
../Data/downloads/Roboflow/Data/downloads/roboflow_healthy_sick/train/images/IMG_20230109_130445_jpg.rf.4473a2d4a819e112403557d6d8b7ca97.jpg,../Data/downloads/Roboflow/Data/downloads/roboflow_healthy_sick/train/labels/IMG_20230109_130445_jpg.rf.4473a2d4a819e112403557d6d8b7ca97.txt,IMG_20230109,train,train,1,1|0
../Data/downloads/Roboflow/Data/downloads/roboflow_healthy_sick/train/images/IMG_20230109_130445_jpg.rf.62ff31c040ad0c1a5574e7ee68cd7d28.jpg,../Data/downloads/Roboflow/Data/downloads/roboflow_healthy_sick/train/labels/IMG_20230109_130445_jpg.rf.62ff31c040ad0c1a5574e7ee68cd7d28.txt,IMG_20230109,train,train,1,1|0
../Data/downloads/Roboflow/Data/downloads/roboflow_healthy_sick/train/images/IMG_20230109_130445_jpg.rf.b27fc2d1b4a679833ef5ab4e9d354ca4.jpg,../Data/downloads/Roboflow/Data/downloads/roboflow_healthy_sick/train/labels/IMG_20230109_130445_jpg.rf.b27fc2d1b4a679833ef5ab4e9d354ca4.txt,IMG_20230109,train,train,1,1|0
../Data/downloads/Roboflow/Data/downloads/roboflow_healthy_sick/train/images/IMG_20230109_130445_jpg.rf.b61444ce5a28fbe0174fd443ab80c9b7.jpg,../Data/downloads/Roboflow/Data/downloads/roboflow_healthy_sick/train/labels/IMG_20230109_130445_jpg.rf.b61444ce5a28fbe0174fd443ab80c9b7.txt,IMG_20230109,train,train,1,1|0
../Data/downloads/Roboflow/Data/downloads/roboflow_healthy_sick/train/images/IMG_20230109_130445_jpg.rf.f7be506254de39bee9f6160ee6bb67dc.jpg,../Data/downloads/Roboflow/Data/downloads/roboflow_healthy_sick/train/labels/IMG_20230109_130445_jpg.rf.f7be506254de39bee9f6160ee6bb67dc.txt,IMG_20230109,train,train,1,1|0
../Data/downloads/Roboflow/Data/downloads/roboflow_healthy_sick/train/images/IMG_20230109_130504_jpg.rf.0231b22edb42463f6e08cef6587c9587.jpg,../Data/downloads/Roboflow/Data/downloads/roboflow_healthy_sick/train/labels/IMG_20230109_130504_jpg.rf.0231b22edb42463f6e08cef6587c9587.txt,IMG_20230109,train,train,1,1|0
../Data/downloads/Roboflow/Data/downloads/roboflow_healthy_sick/train/images/IMG_20230109_130504_jpg.rf.b16da3957f6300858959e362609766d4.jpg,../Data/downloads/Roboflow/Data/downloads/roboflow_healthy_sick/train/labels/IMG_20230109_130504_jpg.rf.b16da3957f6300858959e362609766d4.txt,IMG_20230109,train,train,1,1|0
../Data/downloads/Roboflow/Data/downloads/roboflow_healthy_sick/train/images/IMG_20230109_130504_jpg.rf.be341f6dbe3c3e4db39f951d27a7dc86.jpg,../Data/downloads/Roboflow/Data/downloads/roboflow_healthy_sick/train/labels/IMG_20230109_130504_jpg.rf.be341f6dbe3c3e4db39f951d27a7dc86.txt,IMG_20230109,train,train,1,1|0
../Data/downloads/Roboflow/Data/downloads/roboflow_healthy_sick/train/images/IMG_20230109_130918_jpg.rf.0984dfea55b5ebcc2ecf68fcab336f86.jpg,../Data/downloads/Roboflow/Data/downloads/roboflow_healthy_sick/train/labels/IMG_20230109_130918_jpg.rf.0984dfea55b5ebcc2ecf68fcab336f86.txt,IMG_20230109,train,train,1,1|0
../Data/downloads/Roboflow/Data/downloads/roboflow_healthy_sick/train/images/IMG_20230109_130918_jpg.rf.4bf5aca241aeb13e4ef6cc8627b27b5e.jpg,../Data/downloads/Roboflow/Data/downloads/roboflow_healthy_sick/train/labels/IMG_20230109_130918_jpg.rf.4bf5aca241aeb13e4ef6cc8627b27b5e.txt,IMG_20230109,train,train,1,1|0
../Data/downloads/Roboflow/Data/downloads/roboflow_healthy_sick/train/images/IMG_20230109_130918_jpg.rf.9c8453553fa3d77613ec4a9d6e0bfa06.jpg,../Data/downloads/Roboflow/Data/downloads/roboflow_healthy_sick/train/labels/IMG_20230109_130918_jpg.rf.9c8453553fa3d77613ec4a9d6e0bfa06.txt,IMG_20230109,train,train,1,1|0
../Data/downloads/Roboflow/Data/downloads/roboflow_healthy_sick/train/images/IMG_20230109_130918_jpg.rf.9ec77022af087432c8df2e14e1d90541.jpg,../Data/downloads/Roboflow/Data/downloads/roboflow_healthy_sick/train/labels/IMG_20230109_130918_jpg.rf.9ec77022af087432c8df2e14e1d90541.txt,IMG_20230109,train,train,1,1|0
../Data/downloads/Roboflow/Data/downloads/roboflow_healthy_sick/train/images/IMG_20230109_130918_jpg.rf.a8d2b3f02f2d97af93948a7e911b40d5.jpg,../Data/downloads/Roboflow/Data/downloads/roboflow_healthy_sick/train/labels/IMG_20230109_130918_jpg.rf.a8d2b3f02f2d97af93948a7e911b40d5.txt,IMG_20230109,train,train,1,1|0
../Data/downloads/Roboflow/Data/downloads/roboflow_healthy_sick/train/images/IMG_20230109_130918_jpg.rf.ddb809ec603a5cda6d369589fc410ab9.jpg,../Data/downloads/Roboflow/Data/downloads/roboflow_healthy_sick/train/labels/IMG_20230109_130918_jpg.rf.ddb809ec603a5cda6d369589fc410ab9.txt,IMG_20230109,train,train,1,1|0
../Data/downloads/Roboflow/Data/downloads/roboflow_healthy_sick/train/images/IMG_20230109_131307_jpg.rf.4e9b3cf46c27f54396caab613ea49157.jpg,../Data/downloads/Roboflow/Data/downloads/roboflow_healthy_sick/train/labels/IMG_20230109_131307_jpg.rf.4e9b3cf46c27f54396caab613ea49157.txt,IMG_20230109,train,train,1,1|0
../Data/downloads/Roboflow/Data/downloads/roboflow_healthy_sick/train/images/IMG_20230109_131307_jpg.rf.81b92564f7cecefc7834f670e2403ba2.jpg,../Data/downloads/Roboflow/Data/downloads/roboflow_healthy_sick/train/labels/IMG_20230109_131307_jpg.rf.81b92564f7cecefc7834f670e2403ba2.txt,IMG_20230109,train,train,1,1|0
../Data/downloads/Roboflow/Data/downloads/roboflow_healthy_sick/train/images/IMG_20230109_131307_jpg.rf.cea6ce6f57c6868830143f5bee0db5a0.jpg,../Data/downloads/Roboflow/Data/downloads/roboflow_healthy_sick/train/labels/IMG_20230109_131307_jpg.rf.cea6ce6f57c6868830143f5bee0db5a0.txt,IMG_20230109,train,train,1,1|0
../Data/downloads/Roboflow/Data/downloads/roboflow_healthy_sick/train/images/IMG_20230109_131322_jpg.rf.3db07f87a6f38367802f19948aeaf6cb.jpg,../Data/downloads/Roboflow/Data/downloads/roboflow_healthy_sick/train/labels/IMG_20230109_131322_jpg.rf.3db07f87a6f38367802f19948aeaf6cb.txt,IMG_20230109,train,train,1,1|0
../Data/downloads/Roboflow/Data/downloads/roboflow_healthy_sick/train/images/IMG_20230109_131322_jpg.rf.6258a6699b53e84ef35a4f4919b043a0.jpg,../Data/downloads/Roboflow/Data/downloads/roboflow_healthy_sick/train/labels/IMG_20230109_131322_jpg.rf.6258a6699b53e84ef35a4f4919b043a0.txt,IMG_20230109,train,train,1,1|0
../Data/downloads/Roboflow/Data/downloads/roboflow_healthy_sick/train/images/IMG_20230109_131322_jpg.rf.7462bbe1ab42e5b1129b20960283afee.jpg,../Data/downloads/Roboflow/Data/downloads/roboflow_healthy_sick/train/labels/IMG_20230109_131322_jpg.rf.7462bbe1ab42e5b1129b20960283afee.txt,IMG_20230109,train,train,1,1|0
../Data/downloads/Roboflow/Data/downloads/roboflow_healthy_sick/train/images/IMG_20230109_131322_jpg.rf.7bc84981e777c44789484876059ce9f2.jpg,../Data/downloads/Roboflow/Data/downloads/roboflow_healthy_sick/train/labels/IMG_20230109_131322_jpg.rf.7bc84981e777c44789484876059ce9f2.txt,IMG_20230109,train,train,1,1|0
../Data/downloads/Roboflow/Data/downloads/roboflow_healthy_sick/train/images/IMG_20230109_131322_jpg.rf.7dad05c0ce440363d255d713c1a3aa87.jpg,../Data/downloads/Roboflow/Data/downloads/roboflow_healthy_sick/train/labels/IMG_20230109_131322_jpg.rf.7dad05c0ce440363d255d713c1a3aa87.txt,IMG_20230109,train,train,1,1|0
../Data/downloads/Roboflow/Data/downloads/roboflow_healthy_sick/train/images/IMG_20230109_131322_jpg.rf.adbcf3e2b7e4995443939f8c653ab391.jpg,../Data/downloads/Roboflow/Data/downloads/roboflow_healthy_sick/train/labels/IMG_20230109_131322_jpg.rf.adbcf3e2b7e4995443939f8c653ab391.txt,IMG_20230109,train,train,1,1|0
../Data/downloads/Roboflow/Data/downloads/roboflow_healthy_sick/train/images/IMG_20230109_131331_jpg.rf.05ccd9d1bd7421b88ba3029af485f170.jpg,../Data/downloads/Roboflow/Data/downloads/roboflow_healthy_sick/train/labels/IMG_20230109_131331_jpg.rf.05ccd9d1bd7421b88ba3029af485f170.txt,IMG_20230109,train,train,1,1|0
../Data/downloads/Roboflow/Data/downloads/roboflow_healthy_sick/train/images/IMG_20230109_131331_jpg.rf.08cbf57a138b6a1787e14b92f3c0504d.jpg,../Data/downloads/Roboflow/Data/downloads/roboflow_healthy_sick/train/labels/IMG_20230109_131331_jpg.rf.08cbf57a138b6a1787e14b92f3c0504d.txt,IMG_20230109,train,train,1,1|0
../Data/downloads/Roboflow/Data/downloads/roboflow_healthy_sick/train/images/IMG_20230109_131331_jpg.rf.0927a9adcf60eb6076ef234e640f21e8.jpg,../Data/downloads/Roboflow/Data/downloads/roboflow_healthy_sick/train/labels/IMG_20230109_131331_jpg.rf.0927a9adcf60eb6076ef234e640f21e8.txt,IMG_20230109,train,train,1,1|0
../Data/downloads/Roboflow/Data/downloads/roboflow_healthy_sick/train/images/IMG_20230109_131331_jpg.rf.64904a375825444d1b3060124f0d252d.jpg,../Data/downloads/Roboflow/Data/downloads/roboflow_healthy_sick/train/labels/IMG_20230109_131331_jpg.rf.64904a375825444d1b3060124f0d252d.txt,IMG_20230109,train,train,1,1|0
../Data/downloads/Roboflow/Data/downloads/roboflow_healthy_sick/train/images/IMG_20230109_131331_jpg.rf.ca8d30f5d5b7b544a9d5ad8fee74298c.jpg,../Data/downloads/Roboflow/Data/downloads/roboflow_healthy_sick/train/labels/IMG_20230109_131331_jpg.rf.ca8d30f5d5b7b544a9d5ad8fee74298c.txt,IMG_20230109,train,train,1,1|0
../Data/downloads/Roboflow/Data/downloads/roboflow_healthy_sick/train/images/IMG_20230109_131331_jpg.rf.ddec0b4acdb712c118cd2680888c7734.jpg,../Data/downloads/Roboflow/Data/downloads/roboflow_healthy_sick/train/labels/IMG_20230109_131331_jpg.rf.ddec0b4acdb712c118cd2680888c7734.txt,IMG_20230109,train,train,1,1|0
../Data/downloads/Roboflow/Data/downloads/roboflow_healthy_sick/train/images/IMG_20230109_131402_jpg.rf.2e155b1dc21ef3f611625160e35f848a.jpg,../Data/downloads/Roboflow/Data/downloads/roboflow_healthy_sick/train/labels/IMG_20230109_131402_jpg.rf.2e155b1dc21ef3f611625160e35f848a.txt,IMG_20230109,train,train,1,1|0
../Data/downloads/Roboflow/Data/downloads/roboflow_healthy_sick/train/images/IMG_20230109_131402_jpg.rf.3cd5a8b14518c118296b13d3e8b0e0b2.jpg,../Data/downloads/Roboflow/Data/downloads/roboflow_healthy_sick/train/labels/IMG_20230109_131402_jpg.rf.3cd5a8b14518c118296b13d3e8b0e0b2.txt,IMG_20230109,train,train,1,1|0
../Data/downloads/Roboflow/Data/downloads/roboflow_healthy_sick/train/images/IMG_20230109_131402_jpg.rf.40d1d83ed9be0b94a5b191936353bb19.jpg,../Data/downloads/Roboflow/Data/downloads/roboflow_healthy_sick/train/labels/IMG_20230109_131402_jpg.rf.40d1d83ed9be0b94a5b191936353bb19.txt,IMG_20230109,train,train,1,1|0
../Data/downloads/Roboflow/Data/downloads/roboflow_healthy_sick/train/images/IMG_20230109_131402_jpg.rf.7dc57c630ea1d1fc5ee590322cad85bd.jpg,../Data/downloads/Roboflow/Data/downloads/roboflow_healthy_sick/train/labels/IMG_20230109_131402_jpg.rf.7dc57c630ea1d1fc5ee590322cad85bd.txt,IMG_20230109,train,train,1,1|0
../Data/downloads/Roboflow/Data/downloads/roboflow_healthy_sick/train/images/IMG_20230109_131402_jpg.rf.a546a61003b5b4ded8e58f136402e685.jpg,../Data/downloads/Roboflow/Data/downloads/roboflow_healthy_sick/train/labels/IMG_20230109_131402_jpg.rf.a546a61003b5b4ded8e58f136402e685.txt,IMG_20230109,train,train,1,1|0
../Data/downloads/Roboflow/Data/downloads/roboflow_healthy_sick/train/images/IMG_20230109_131402_jpg.rf.f13f2bc365b2f0b8190ba2ccca847ae7.jpg,../Data/downloads/Roboflow/Data/downloads/roboflow_healthy_sick/train/labels/IMG_20230109_131402_jpg.rf.f13f2bc365b2f0b8190ba2ccca847ae7.txt,IMG_20230109,train,train,1,1|0
../Data/downloads/Roboflow/Data/downloads/roboflow_healthy_sick/train/images/IMG_20230109_131422_jpg.rf.71738e7e9549f91464fddfd5a84ccf13.jpg,../Data/downloads/Roboflow/Data/downloads/roboflow_healthy_sick/train/labels/IMG_20230109_131422_jpg.rf.71738e7e9549f91464fddfd5a84ccf13.txt,IMG_20230109,train,train,1,1|0
../Data/downloads/Roboflow/Data/downloads/roboflow_healthy_sick/train/images/IMG_20230109_131422_jpg.rf.7871d304d96356066f30dd3234211f4e.jpg,../Data/downloads/Roboflow/Data/downloads/roboflow_healthy_sick/train/labels/IMG_20230109_131422_jpg.rf.7871d304d96356066f30dd3234211f4e.txt,IMG_20230109,train,train,1,1|0
../Data/downloads/Roboflow/Data/downloads/roboflow_healthy_sick/train/images/IMG_20230109_131422_jpg.rf.c727c91b1b2ad49233ecb8e0c79591db.jpg,../Data/downloads/Roboflow/Data/downloads/roboflow_healthy_sick/train/labels/IMG_20230109_131422_jpg.rf.c727c91b1b2ad49233ecb8e0c79591db.txt,IMG_20230109,train,train,1,1|0
../Data/downloads/Roboflow/Data/downloads/roboflow_healthy_sick/train/images/IMG_20230109_131533_jpg.rf.14b09c88f1b31063f4eb215d27f3a386.jpg,../Data/downloads/Roboflow/Data/downloads/roboflow_healthy_sick/train/labels/IMG_20230109_131533_jpg.rf.14b09c88f1b31063f4eb215d27f3a386.txt,IMG_20230109,train,train,1,1|0
../Data/downloads/Roboflow/Data/downloads/roboflow_healthy_sick/train/images/IMG_20230109_131533_jpg.rf.1c297d77de36fdab5aa030257765ebdf.jpg,../Data/downloads/Roboflow/Data/downloads/roboflow_healthy_sick/train/labels/IMG_20230109_131533_jpg.rf.1c297d77de36fdab5aa030257765ebdf.txt,IMG_20230109,train,train,1,1|0
../Data/downloads/Roboflow/Data/downloads/roboflow_healthy_sick/train/images/IMG_20230109_131533_jpg.rf.335f18dea8381496b07d2e65a025675d.jpg,../Data/downloads/Roboflow/Data/downloads/roboflow_healthy_sick/train/labels/IMG_20230109_131533_jpg.rf.335f18dea8381496b07d2e65a025675d.txt,IMG_20230109,train,train,1,1|0
../Data/downloads/Roboflow/Data/downloads/roboflow_healthy_sick/train/images/IMG_20230109_131533_jpg.rf.3a5ea71c6c924223a00fd660bda201fc.jpg,../Data/downloads/Roboflow/Data/downloads/roboflow_healthy_sick/train/labels/IMG_20230109_131533_jpg.rf.3a5ea71c6c924223a00fd660bda201fc.txt,IMG_20230109,train,train,1,1|0
../Data/downloads/Roboflow/Data/downloads/roboflow_healthy_sick/train/images/IMG_20230109_131533_jpg.rf.ab2e7f3925ff7bb27807e3f73e561d5b.jpg,../Data/downloads/Roboflow/Data/downloads/roboflow_healthy_sick/train/labels/IMG_20230109_131533_jpg.rf.ab2e7f3925ff7bb27807e3f73e561d5b.txt,IMG_20230109,train,train,1,1|0
../Data/downloads/Roboflow/Data/downloads/roboflow_healthy_sick/train/images/IMG_20230109_131533_jpg.rf.dab3f2d38d3b882100909572c8f71ee4.jpg,../Data/downloads/Roboflow/Data/downloads/roboflow_healthy_sick/train/labels/IMG_20230109_131533_jpg.rf.dab3f2d38d3b882100909572c8f71ee4.txt,IMG_20230109,train,train,1,1|0
../Data/downloads/Roboflow/Data/downloads/roboflow_healthy_sick/train/images/IMG_20230109_131613_jpg.rf.197097a11e2ef3dd03ca6e594d5dfbed.jpg,../Data/downloads/Roboflow/Data/downloads/roboflow_healthy_sick/train/labels/IMG_20230109_131613_jpg.rf.197097a11e2ef3dd03ca6e594d5dfbed.txt,IMG_20230109,train,train,1,1|0
../Data/downloads/Roboflow/Data/downloads/roboflow_healthy_sick/train/images/IMG_20230109_131613_jpg.rf.80640b53adcb73b009903bda68703ed9.jpg,../Data/downloads/Roboflow/Data/downloads/roboflow_healthy_sick/train/labels/IMG_20230109_131613_jpg.rf.80640b53adcb73b009903bda68703ed9.txt,IMG_20230109,train,train,1,1|0
../Data/downloads/Roboflow/Data/downloads/roboflow_healthy_sick/train/images/IMG_20230109_131613_jpg.rf.cce19724e3bde78d977709e95a550511.jpg,../Data/downloads/Roboflow/Data/downloads/roboflow_healthy_sick/train/labels/IMG_20230109_131613_jpg.rf.cce19724e3bde78d977709e95a550511.txt,IMG_20230109,train,train,1,1|0
../Data/downloads/Roboflow/Data/downloads/roboflow_healthy_sick/train/images/IMG_20230109_131616_jpg.rf.000748991857d30bed033ac5a7335a32.jpg,../Data/downloads/Roboflow/Data/downloads/roboflow_healthy_sick/train/labels/IMG_20230109_131616_jpg.rf.000748991857d30bed033ac5a7335a32.txt,IMG_20230109,train,train,1,1|0
../Data/downloads/Roboflow/Data/downloads/roboflow_healthy_sick/train/images/IMG_20230109_131616_jpg.rf.04d95c08d6032d281b3618607c71bbfc.jpg,../Data/downloads/Roboflow/Data/downloads/roboflow_healthy_sick/train/labels/IMG_20230109_131616_jpg.rf.04d95c08d6032d281b3618607c71bbfc.txt,IMG_20230109,train,train,1,1|0
../Data/downloads/Roboflow/Data/downloads/roboflow_healthy_sick/train/images/IMG_20230109_131616_jpg.rf.1f2ea252daebb08b512d85df4ae6dfa9.jpg,../Data/downloads/Roboflow/Data/downloads/roboflow_healthy_sick/train/labels/IMG_20230109_131616_jpg.rf.1f2ea252daebb08b512d85df4ae6dfa9.txt,IMG_20230109,train,train,1,1|0
../Data/downloads/Roboflow/Data/downloads/roboflow_healthy_sick/train/images/IMG_20230109_131616_jpg.rf.5cd1498414262eb59362a16c348d0f25.jpg,../Data/downloads/Roboflow/Data/downloads/roboflow_healthy_sick/train/labels/IMG_20230109_131616_jpg.rf.5cd1498414262eb59362a16c348d0f25.txt,IMG_20230109,train,train,1,1|0
../Data/downloads/Roboflow/Data/downloads/roboflow_healthy_sick/train/images/IMG_20230109_131616_jpg.rf.a90d155b2d0f12bc08453f4908ac27ad.jpg,../Data/downloads/Roboflow/Data/downloads/roboflow_healthy_sick/train/labels/IMG_20230109_131616_jpg.rf.a90d155b2d0f12bc08453f4908ac27ad.txt,IMG_20230109,train,train,1,1|0
../Data/downloads/Roboflow/Data/downloads/roboflow_healthy_sick/train/images/IMG_20230109_131616_jpg.rf.f748387714f5b9a4c234522febff88e0.jpg,../Data/downloads/Roboflow/Data/downloads/roboflow_healthy_sick/train/labels/IMG_20230109_131616_jpg.rf.f748387714f5b9a4c234522febff88e0.txt,IMG_20230109,train,train,1,1|0
../Data/downloads/Roboflow/Data/downloads/roboflow_healthy_sick/train/images/IMG_20230109_131657_jpg.rf.164950bdda4c2ca5f3f8094c5a16b69e.jpg,../Data/downloads/Roboflow/Data/downloads/roboflow_healthy_sick/train/labels/IMG_20230109_131657_jpg.rf.164950bdda4c2ca5f3f8094c5a16b69e.txt,IMG_20230109,train,train,1,1|0
../Data/downloads/Roboflow/Data/downloads/roboflow_healthy_sick/train/images/IMG_20230109_131657_jpg.rf.5c6d26f855dfad9b6a9e7ca31d5a9c03.jpg,../Data/downloads/Roboflow/Data/downloads/roboflow_healthy_sick/train/labels/IMG_20230109_131657_jpg.rf.5c6d26f855dfad9b6a9e7ca31d5a9c03.txt,IMG_20230109,train,train,1,1|0
../Data/downloads/Roboflow/Data/downloads/roboflow_healthy_sick/train/images/IMG_20230109_131657_jpg.rf.7928c90d56b768ba8d42d373728b4884.jpg,../Data/downloads/Roboflow/Data/downloads/roboflow_healthy_sick/train/labels/IMG_20230109_131657_jpg.rf.7928c90d56b768ba8d42d373728b4884.txt,IMG_20230109,train,train,1,1|0
../Data/downloads/Roboflow/Data/downloads/roboflow_healthy_sick/train/images/IMG_20230109_131657_jpg.rf.b8a2daa944056d74ed9d0daf4a9ccc28.jpg,../Data/downloads/Roboflow/Data/downloads/roboflow_healthy_sick/train/labels/IMG_20230109_131657_jpg.rf.b8a2daa944056d74ed9d0daf4a9ccc28.txt,IMG_20230109,train,train,1,1|0
../Data/downloads/Roboflow/Data/downloads/roboflow_healthy_sick/train/images/IMG_20230109_131657_jpg.rf.c3ab7410faaae722cbebeca7afda371f.jpg,../Data/downloads/Roboflow/Data/downloads/roboflow_healthy_sick/train/labels/IMG_20230109_131657_jpg.rf.c3ab7410faaae722cbebeca7afda371f.txt,IMG_20230109,train,train,1,1|0
../Data/downloads/Roboflow/Data/downloads/roboflow_healthy_sick/train/images/IMG_20230109_131657_jpg.rf.ebe8aaf174a0953e158b6ae5373d5f47.jpg,../Data/downloads/Roboflow/Data/downloads/roboflow_healthy_sick/train/labels/IMG_20230109_131657_jpg.rf.ebe8aaf174a0953e158b6ae5373d5f47.txt,IMG_20230109,train,train,1,1|0
../Data/downloads/Roboflow/Data/downloads/roboflow_healthy_sick/train/images/IMG_20230109_131713_jpg.rf.0be6bf376ff75db51f425a62f821bb3b.jpg,../Data/downloads/Roboflow/Data/downloads/roboflow_healthy_sick/train/labels/IMG_20230109_131713_jpg.rf.0be6bf376ff75db51f425a62f821bb3b.txt,IMG_20230109,train,train,1,1|0
../Data/downloads/Roboflow/Data/downloads/roboflow_healthy_sick/train/images/IMG_20230109_131713_jpg.rf.1eb428a53da3a6e5388053099c1c1f82.jpg,../Data/downloads/Roboflow/Data/downloads/roboflow_healthy_sick/train/labels/IMG_20230109_131713_jpg.rf.1eb428a53da3a6e5388053099c1c1f82.txt,IMG_20230109,train,train,1,1|0
../Data/downloads/Roboflow/Data/downloads/roboflow_healthy_sick/train/images/IMG_20230109_131713_jpg.rf.5cd9d852c35c36c33da5c7076568538e.jpg,../Data/downloads/Roboflow/Data/downloads/roboflow_healthy_sick/train/labels/IMG_20230109_131713_jpg.rf.5cd9d852c35c36c33da5c7076568538e.txt,IMG_20230109,train,train,1,1|0
../Data/downloads/Roboflow/Data/downloads/roboflow_healthy_sick/train/images/IMG_20230109_131838_jpg.rf.05a0a09388d90479008f25fd7144936a.jpg,../Data/downloads/Roboflow/Data/downloads/roboflow_healthy_sick/train/labels/IMG_20230109_131838_jpg.rf.05a0a09388d90479008f25fd7144936a.txt,IMG_20230109,train,train,1,1|0
../Data/downloads/Roboflow/Data/downloads/roboflow_healthy_sick/train/images/IMG_20230109_131838_jpg.rf.57f27f394806bfa160c97e2607b78588.jpg,../Data/downloads/Roboflow/Data/downloads/roboflow_healthy_sick/train/labels/IMG_20230109_131838_jpg.rf.57f27f394806bfa160c97e2607b78588.txt,IMG_20230109,train,train,1,1|0
../Data/downloads/Roboflow/Data/downloads/roboflow_healthy_sick/train/images/IMG_20230109_131838_jpg.rf.62b15edaf13e798a4a363cce32a70953.jpg,../Data/downloads/Roboflow/Data/downloads/roboflow_healthy_sick/train/labels/IMG_20230109_131838_jpg.rf.62b15edaf13e798a4a363cce32a70953.txt,IMG_20230109,train,train,1,1|0
../Data/downloads/Roboflow/Data/downloads/roboflow_healthy_sick/train/images/IMG_20230109_131851_jpg.rf.26b80e6e670dbffaa72c112f6c24b1ef.jpg,../Data/downloads/Roboflow/Data/downloads/roboflow_healthy_sick/train/labels/IMG_20230109_131851_jpg.rf.26b80e6e670dbffaa72c112f6c24b1ef.txt,IMG_20230109,train,train,1,1|0
../Data/downloads/Roboflow/Data/downloads/roboflow_healthy_sick/train/images/IMG_20230109_131851_jpg.rf.6ab686107842700b34b15264c96adcff.jpg,../Data/downloads/Roboflow/Data/downloads/roboflow_healthy_sick/train/labels/IMG_20230109_131851_jpg.rf.6ab686107842700b34b15264c96adcff.txt,IMG_20230109,train,train,1,1|0
../Data/downloads/Roboflow/Data/downloads/roboflow_healthy_sick/train/images/IMG_20230109_131851_jpg.rf.cb4d7c54e85db8eea5f8c5aaed61b435.jpg,../Data/downloads/Roboflow/Data/downloads/roboflow_healthy_sick/train/labels/IMG_20230109_131851_jpg.rf.cb4d7c54e85db8eea5f8c5aaed61b435.txt,IMG_20230109,train,train,1,1|0
../Data/downloads/Roboflow/Data/downloads/roboflow_healthy_sick/train/images/IMG_20230109_131855_jpg.rf.55a990f93cda08899beec8da1a69be30.jpg,../Data/downloads/Roboflow/Data/downloads/roboflow_healthy_sick/train/labels/IMG_20230109_131855_jpg.rf.55a990f93cda08899beec8da1a69be30.txt,IMG_20230109,train,train,1,1|0
../Data/downloads/Roboflow/Data/downloads/roboflow_healthy_sick/train/images/IMG_20230109_131855_jpg.rf.6f72fcbcf2248e380fb7942069c212e8.jpg,../Data/downloads/Roboflow/Data/downloads/roboflow_healthy_sick/train/labels/IMG_20230109_131855_jpg.rf.6f72fcbcf2248e380fb7942069c212e8.txt,IMG_20230109,train,train,1,1|0
../Data/downloads/Roboflow/Data/downloads/roboflow_healthy_sick/train/images/IMG_20230109_131855_jpg.rf.7d75b9331cef02282509b8a6165ee406.jpg,../Data/downloads/Roboflow/Data/downloads/roboflow_healthy_sick/train/labels/IMG_20230109_131855_jpg.rf.7d75b9331cef02282509b8a6165ee406.txt,IMG_20230109,train,train,1,1|0
../Data/downloads/Roboflow/Data/downloads/roboflow_healthy_sick/train/images/IMG_20230109_132007_jpg.rf.3f7c55a43723c7a30b3ff60f589a9dba.jpg,../Data/downloads/Roboflow/Data/downloads/roboflow_healthy_sick/train/labels/IMG_20230109_132007_jpg.rf.3f7c55a43723c7a30b3ff60f589a9dba.txt,IMG_20230109,train,train,0,0|0
../Data/downloads/Roboflow/Data/downloads/roboflow_healthy_sick/train/images/IMG_20230109_132007_jpg.rf.468b1f1eddfdb69653dc9dd61665fd04.jpg,../Data/downloads/Roboflow/Data/downloads/roboflow_healthy_sick/train/labels/IMG_20230109_132007_jpg.rf.468b1f1eddfdb69653dc9dd61665fd04.txt,IMG_20230109,train,train,0,0|0
../Data/downloads/Roboflow/Data/downloads/roboflow_healthy_sick/train/images/IMG_20230109_132007_jpg.rf.eed300a388b1a60347640b3fc94aefb0.jpg,../Data/downloads/Roboflow/Data/downloads/roboflow_healthy_sick/train/labels/IMG_20230109_132007_jpg.rf.eed300a388b1a60347640b3fc94aefb0.txt,IMG_20230109,train,train,0,0|0
../Data/downloads/Roboflow/Data/downloads/roboflow_healthy_sick/train/images/IMG_20230109_132011_jpg.rf.4b2875d7fce18db70f9846a30499d1a8.jpg,../Data/downloads/Roboflow/Data/downloads/roboflow_healthy_sick/train/labels/IMG_20230109_132011_jpg.rf.4b2875d7fce18db70f9846a30499d1a8.txt,IMG_20230109,train,train,1,1|0
../Data/downloads/Roboflow/Data/downloads/roboflow_healthy_sick/train/images/IMG_20230109_132011_jpg.rf.51baafd98c8bb9f699389e8155e4543f.jpg,../Data/downloads/Roboflow/Data/downloads/roboflow_healthy_sick/train/labels/IMG_20230109_132011_jpg.rf.51baafd98c8bb9f699389e8155e4543f.txt,IMG_20230109,train,train,1,1|0
../Data/downloads/Roboflow/Data/downloads/roboflow_healthy_sick/train/images/IMG_20230109_132011_jpg.rf.81f8fc4519c11662df01a9ce643305ca.jpg,../Data/downloads/Roboflow/Data/downloads/roboflow_healthy_sick/train/labels/IMG_20230109_132011_jpg.rf.81f8fc4519c11662df01a9ce643305ca.txt,IMG_20230109,train,train,1,1|0
../Data/downloads/Roboflow/Data/downloads/roboflow_healthy_sick/train/images/IMG_20230109_132011_jpg.rf.e74d96290605f154d6a2b31f482e911c.jpg,../Data/downloads/Roboflow/Data/downloads/roboflow_healthy_sick/train/labels/IMG_20230109_132011_jpg.rf.e74d96290605f154d6a2b31f482e911c.txt,IMG_20230109,train,train,1,1|0
../Data/downloads/Roboflow/Data/downloads/roboflow_healthy_sick/train/images/IMG_20230109_132011_jpg.rf.edaf96e2ba46d44fa1107303fcec0efe.jpg,../Data/downloads/Roboflow/Data/downloads/roboflow_healthy_sick/train/labels/IMG_20230109_132011_jpg.rf.edaf96e2ba46d44fa1107303fcec0efe.txt,IMG_20230109,train,train,1,1|0
../Data/downloads/Roboflow/Data/downloads/roboflow_healthy_sick/train/images/IMG_20230109_132011_jpg.rf.fa5bb79132a8c369c1d2fe5ba982a1ca.jpg,../Data/downloads/Roboflow/Data/downloads/roboflow_healthy_sick/train/labels/IMG_20230109_132011_jpg.rf.fa5bb79132a8c369c1d2fe5ba982a1ca.txt,IMG_20230109,train,train,1,1|0
../Data/downloads/Roboflow/Data/downloads/roboflow_healthy_sick/train/images/IMG_20230109_132015_jpg.rf.0366b2f5c1e6d01d396f45f5283d5bf9.jpg,../Data/downloads/Roboflow/Data/downloads/roboflow_healthy_sick/train/labels/IMG_20230109_132015_jpg.rf.0366b2f5c1e6d01d396f45f5283d5bf9.txt,IMG_20230109,train,train,1,1|0
../Data/downloads/Roboflow/Data/downloads/roboflow_healthy_sick/train/images/IMG_20230109_132015_jpg.rf.3fcc164f8df269d5293f51391c5ab2f4.jpg,../Data/downloads/Roboflow/Data/downloads/roboflow_healthy_sick/train/labels/IMG_20230109_132015_jpg.rf.3fcc164f8df269d5293f51391c5ab2f4.txt,IMG_20230109,train,train,1,1|0
../Data/downloads/Roboflow/Data/downloads/roboflow_healthy_sick/train/images/IMG_20230109_132015_jpg.rf.8cad29a24e5b358ef6accc4f9357abd0.jpg,../Data/downloads/Roboflow/Data/downloads/roboflow_healthy_sick/train/labels/IMG_20230109_132015_jpg.rf.8cad29a24e5b358ef6accc4f9357abd0.txt,IMG_20230109,train,train,1,1|0
../Data/downloads/Roboflow/Data/downloads/roboflow_healthy_sick/train/images/IMG_20230109_132015_jpg.rf.cae2e1e6662dff9a83605c5b4d7ff378.jpg,../Data/downloads/Roboflow/Data/downloads/roboflow_healthy_sick/train/labels/IMG_20230109_132015_jpg.rf.cae2e1e6662dff9a83605c5b4d7ff378.txt,IMG_20230109,train,train,1,1|0
../Data/downloads/Roboflow/Data/downloads/roboflow_healthy_sick/train/images/IMG_20230109_132015_jpg.rf.e1512ca08a18ed9d0ed5c433da4617dd.jpg,../Data/downloads/Roboflow/Data/downloads/roboflow_healthy_sick/train/labels/IMG_20230109_132015_jpg.rf.e1512ca08a18ed9d0ed5c433da4617dd.txt,IMG_20230109,train,train,1,1|0
../Data/downloads/Roboflow/Data/downloads/roboflow_healthy_sick/train/images/IMG_20230109_132015_jpg.rf.ee4634619ff02d54472e6c67342e6339.jpg,../Data/downloads/Roboflow/Data/downloads/roboflow_healthy_sick/train/labels/IMG_20230109_132015_jpg.rf.ee4634619ff02d54472e6c67342e6339.txt,IMG_20230109,train,train,1,1|0
../Data/downloads/Roboflow/Data/downloads/roboflow_healthy_sick/train/images/IMG_20230109_132019_jpg.rf.28b9e440a8c996d21ab449f2c88ecd4c.jpg,../Data/downloads/Roboflow/Data/downloads/roboflow_healthy_sick/train/labels/IMG_20230109_132019_jpg.rf.28b9e440a8c996d21ab449f2c88ecd4c.txt,IMG_20230109,train,train,1,1|0
../Data/downloads/Roboflow/Data/downloads/roboflow_healthy_sick/train/images/IMG_20230109_132019_jpg.rf.59f4ee836c2e3addc6e94039ea533ac9.jpg,../Data/downloads/Roboflow/Data/downloads/roboflow_healthy_sick/train/labels/IMG_20230109_132019_jpg.rf.59f4ee836c2e3addc6e94039ea533ac9.txt,IMG_20230109,train,train,1,1|0
../Data/downloads/Roboflow/Data/downloads/roboflow_healthy_sick/train/images/IMG_20230109_132019_jpg.rf.82ed3bfe47e45fde1445ed6bcaa682b1.jpg,../Data/downloads/Roboflow/Data/downloads/roboflow_healthy_sick/train/labels/IMG_20230109_132019_jpg.rf.82ed3bfe47e45fde1445ed6bcaa682b1.txt,IMG_20230109,train,train,1,1|0
../Data/downloads/Roboflow/Data/downloads/roboflow_healthy_sick/train/images/IMG_20230109_132019_jpg.rf.86a303b2424fd4bdea5b7270a367452d.jpg,../Data/downloads/Roboflow/Data/downloads/roboflow_healthy_sick/train/labels/IMG_20230109_132019_jpg.rf.86a303b2424fd4bdea5b7270a367452d.txt,IMG_20230109,train,train,1,1|0
../Data/downloads/Roboflow/Data/downloads/roboflow_healthy_sick/train/images/IMG_20230109_132019_jpg.rf.abaee503a1683861790354ff85719acf.jpg,../Data/downloads/Roboflow/Data/downloads/roboflow_healthy_sick/train/labels/IMG_20230109_132019_jpg.rf.abaee503a1683861790354ff85719acf.txt,IMG_20230109,train,train,1,1|0
../Data/downloads/Roboflow/Data/downloads/roboflow_healthy_sick/train/images/IMG_20230109_132019_jpg.rf.db896eb03929012672f1586d9fcade45.jpg,../Data/downloads/Roboflow/Data/downloads/roboflow_healthy_sick/train/labels/IMG_20230109_132019_jpg.rf.db896eb03929012672f1586d9fcade45.txt,IMG_20230109,train,train,1,1|0
../Data/downloads/Roboflow/Data/downloads/roboflow_healthy_sick/train/images/IMG_20230109_132029_jpg.rf.20e702fc6737f9601a7cc61c3d62355c.jpg,../Data/downloads/Roboflow/Data/downloads/roboflow_healthy_sick/train/labels/IMG_20230109_132029_jpg.rf.20e702fc6737f9601a7cc61c3d62355c.txt,IMG_20230109,train,train,1,1|0
../Data/downloads/Roboflow/Data/downloads/roboflow_healthy_sick/train/images/IMG_20230109_132029_jpg.rf.5cd01881446070da682bf3a4bce11a8f.jpg,../Data/downloads/Roboflow/Data/downloads/roboflow_healthy_sick/train/labels/IMG_20230109_132029_jpg.rf.5cd01881446070da682bf3a4bce11a8f.txt,IMG_20230109,train,train,1,1|0
../Data/downloads/Roboflow/Data/downloads/roboflow_healthy_sick/train/images/IMG_20230109_132029_jpg.rf.aad90ec125543b5f9c752f3174df31ff.jpg,../Data/downloads/Roboflow/Data/downloads/roboflow_healthy_sick/train/labels/IMG_20230109_132029_jpg.rf.aad90ec125543b5f9c752f3174df31ff.txt,IMG_20230109,train,train,1,1|0
../Data/downloads/Roboflow/Data/downloads/roboflow_healthy_sick/train/images/IMG_20230109_132121_jpg.rf.02a7a7cf0160d95885e67795fb45d104.jpg,../Data/downloads/Roboflow/Data/downloads/roboflow_healthy_sick/train/labels/IMG_20230109_132121_jpg.rf.02a7a7cf0160d95885e67795fb45d104.txt,IMG_20230109,train,train,1,1|0
../Data/downloads/Roboflow/Data/downloads/roboflow_healthy_sick/train/images/IMG_20230109_132121_jpg.rf.1ac86e0724c07d72595fc0609f17a494.jpg,../Data/downloads/Roboflow/Data/downloads/roboflow_healthy_sick/train/labels/IMG_20230109_132121_jpg.rf.1ac86e0724c07d72595fc0609f17a494.txt,IMG_20230109,train,train,1,1|0
../Data/downloads/Roboflow/Data/downloads/roboflow_healthy_sick/train/images/IMG_20230109_132121_jpg.rf.8b7ad4608300cb2b4d41836967e2a911.jpg,../Data/downloads/Roboflow/Data/downloads/roboflow_healthy_sick/train/labels/IMG_20230109_132121_jpg.rf.8b7ad4608300cb2b4d41836967e2a911.txt,IMG_20230109,train,train,1,1|0
../Data/downloads/Roboflow/Data/downloads/roboflow_healthy_sick/train/images/IMG_20230109_132121_jpg.rf.9ef862c3152eb4102dfc6c9fd7e14854.jpg,../Data/downloads/Roboflow/Data/downloads/roboflow_healthy_sick/train/labels/IMG_20230109_132121_jpg.rf.9ef862c3152eb4102dfc6c9fd7e14854.txt,IMG_20230109,train,train,1,1|0
../Data/downloads/Roboflow/Data/downloads/roboflow_healthy_sick/train/images/IMG_20230109_132121_jpg.rf.c12b0d604190b3211c6fc2dc4b177c50.jpg,../Data/downloads/Roboflow/Data/downloads/roboflow_healthy_sick/train/labels/IMG_20230109_132121_jpg.rf.c12b0d604190b3211c6fc2dc4b177c50.txt,IMG_20230109,train,train,1,1|0
../Data/downloads/Roboflow/Data/downloads/roboflow_healthy_sick/train/images/IMG_20230109_132121_jpg.rf.c4d94b54ac6e2855b67d5aade0e6175d.jpg,../Data/downloads/Roboflow/Data/downloads/roboflow_healthy_sick/train/labels/IMG_20230109_132121_jpg.rf.c4d94b54ac6e2855b67d5aade0e6175d.txt,IMG_20230109,train,train,1,1|0
../Data/downloads/Roboflow/Data/downloads/roboflow_healthy_sick/train/images/IMG_20230109_132206_jpg.rf.71b7aed5f6dff6e5d5ab8e06fecccbd7.jpg,../Data/downloads/Roboflow/Data/downloads/roboflow_healthy_sick/train/labels/IMG_20230109_132206_jpg.rf.71b7aed5f6dff6e5d5ab8e06fecccbd7.txt,IMG_20230109,train,train,1,1|0
../Data/downloads/Roboflow/Data/downloads/roboflow_healthy_sick/train/images/IMG_20230109_132206_jpg.rf.cfbef3ecb05b8137ada10bbcd0990308.jpg,../Data/downloads/Roboflow/Data/downloads/roboflow_healthy_sick/train/labels/IMG_20230109_132206_jpg.rf.cfbef3ecb05b8137ada10bbcd0990308.txt,IMG_20230109,train,train,1,1|0
../Data/downloads/Roboflow/Data/downloads/roboflow_healthy_sick/train/images/IMG_20230109_132206_jpg.rf.d0168963059d56483fda6e49db2729bf.jpg,../Data/downloads/Roboflow/Data/downloads/roboflow_healthy_sick/train/labels/IMG_20230109_132206_jpg.rf.d0168963059d56483fda6e49db2729bf.txt,IMG_20230109,train,train,1,1|0
../Data/downloads/Roboflow/Data/downloads/roboflow_healthy_sick/train/images/IMG_20230109_132222_jpg.rf.000b5172ab27397e50dbbd7c5244f150.jpg,../Data/downloads/Roboflow/Data/downloads/roboflow_healthy_sick/train/labels/IMG_20230109_132222_jpg.rf.000b5172ab27397e50dbbd7c5244f150.txt,IMG_20230109,train,train,1,1|0
../Data/downloads/Roboflow/Data/downloads/roboflow_healthy_sick/train/images/IMG_20230109_132222_jpg.rf.87d9bfa088e5b692963f386ea3b79650.jpg,../Data/downloads/Roboflow/Data/downloads/roboflow_healthy_sick/train/labels/IMG_20230109_132222_jpg.rf.87d9bfa088e5b692963f386ea3b79650.txt,IMG_20230109,train,train,1,1|0
../Data/downloads/Roboflow/Data/downloads/roboflow_healthy_sick/train/images/IMG_20230109_132222_jpg.rf.fb39915acd314a03ba03892f65da4e52.jpg,../Data/downloads/Roboflow/Data/downloads/roboflow_healthy_sick/train/labels/IMG_20230109_132222_jpg.rf.fb39915acd314a03ba03892f65da4e52.txt,IMG_20230109,train,train,1,1|0
../Data/downloads/Roboflow/Data/downloads/roboflow_healthy_sick/train/images/IMG_20230109_132232_jpg.rf.30df95005a88285310ef688f6af37262.jpg,../Data/downloads/Roboflow/Data/downloads/roboflow_healthy_sick/train/labels/IMG_20230109_132232_jpg.rf.30df95005a88285310ef688f6af37262.txt,IMG_20230109,train,train,1,1|0
../Data/downloads/Roboflow/Data/downloads/roboflow_healthy_sick/train/images/IMG_20230109_132232_jpg.rf.a2b193f978e458cdd97b56c585b64057.jpg,../Data/downloads/Roboflow/Data/downloads/roboflow_healthy_sick/train/labels/IMG_20230109_132232_jpg.rf.a2b193f978e458cdd97b56c585b64057.txt,IMG_20230109,train,train,1,1|0
../Data/downloads/Roboflow/Data/downloads/roboflow_healthy_sick/train/images/IMG_20230109_132232_jpg.rf.d6afd8f2dc2c214bb558389244fc80a5.jpg,../Data/downloads/Roboflow/Data/downloads/roboflow_healthy_sick/train/labels/IMG_20230109_132232_jpg.rf.d6afd8f2dc2c214bb558389244fc80a5.txt,IMG_20230109,train,train,1,1|0
../Data/downloads/Roboflow/Data/downloads/roboflow_healthy_sick/train/images/IMG_20230109_132649_jpg.rf.08994f451400841368d09819c9b5b281.jpg,../Data/downloads/Roboflow/Data/downloads/roboflow_healthy_sick/train/labels/IMG_20230109_132649_jpg.rf.08994f451400841368d09819c9b5b281.txt,IMG_20230109,train,train,1,1|0
../Data/downloads/Roboflow/Data/downloads/roboflow_healthy_sick/train/images/IMG_20230109_132649_jpg.rf.3c9e7ee8947861ee51e79985c3031fdf.jpg,../Data/downloads/Roboflow/Data/downloads/roboflow_healthy_sick/train/labels/IMG_20230109_132649_jpg.rf.3c9e7ee8947861ee51e79985c3031fdf.txt,IMG_20230109,train,train,1,1|0
../Data/downloads/Roboflow/Data/downloads/roboflow_healthy_sick/train/images/IMG_20230109_132649_jpg.rf.f2e18bffbcc94469525fc15bde876b53.jpg,../Data/downloads/Roboflow/Data/downloads/roboflow_healthy_sick/train/labels/IMG_20230109_132649_jpg.rf.f2e18bffbcc94469525fc15bde876b53.txt,IMG_20230109,train,train,1,1|0
../Data/downloads/Roboflow/Data/downloads/roboflow_healthy_sick/train/images/IMG_20230109_133019_jpg.rf.22dba0d24b7b46cd2af99dfe3f0f5f43.jpg,../Data/downloads/Roboflow/Data/downloads/roboflow_healthy_sick/train/labels/IMG_20230109_133019_jpg.rf.22dba0d24b7b46cd2af99dfe3f0f5f43.txt,IMG_20230109,train,train,1,1|0
../Data/downloads/Roboflow/Data/downloads/roboflow_healthy_sick/train/images/IMG_20230109_133019_jpg.rf.a0b4caaade30931b1dd31766be613b24.jpg,../Data/downloads/Roboflow/Data/downloads/roboflow_healthy_sick/train/labels/IMG_20230109_133019_jpg.rf.a0b4caaade30931b1dd31766be613b24.txt,IMG_20230109,train,train,1,1|0
../Data/downloads/Roboflow/Data/downloads/roboflow_healthy_sick/train/images/IMG_20230109_133019_jpg.rf.cba172731c330cbd85c78907ac00bf5b.jpg,../Data/downloads/Roboflow/Data/downloads/roboflow_healthy_sick/train/labels/IMG_20230109_133019_jpg.rf.cba172731c330cbd85c78907ac00bf5b.txt,IMG_20230109,train,train,1,1|0
../Data/downloads/Roboflow/Data/downloads/roboflow_healthy_sick/train/images/IMG_20230109_133046_jpg.rf.5cb946ba6bceea7f568459272da43b92.jpg,../Data/downloads/Roboflow/Data/downloads/roboflow_healthy_sick/train/labels/IMG_20230109_133046_jpg.rf.5cb946ba6bceea7f568459272da43b92.txt,IMG_20230109,train,train,1,1|0
../Data/downloads/Roboflow/Data/downloads/roboflow_healthy_sick/train/images/IMG_20230109_133046_jpg.rf.9aafb3635893cf9c6b88e8f33c9e5346.jpg,../Data/downloads/Roboflow/Data/downloads/roboflow_healthy_sick/train/labels/IMG_20230109_133046_jpg.rf.9aafb3635893cf9c6b88e8f33c9e5346.txt,IMG_20230109,train,train,1,1|0
../Data/downloads/Roboflow/Data/downloads/roboflow_healthy_sick/train/images/IMG_20230109_133046_jpg.rf.fd01ade381e83dbf0fd718292123ea00.jpg,../Data/downloads/Roboflow/Data/downloads/roboflow_healthy_sick/train/labels/IMG_20230109_133046_jpg.rf.fd01ade381e83dbf0fd718292123ea00.txt,IMG_20230109,train,train,1,1|0
../Data/downloads/Roboflow/Data/downloads/roboflow_healthy_sick/train/images/IMG_20230109_133423_jpg.rf.73b1e55ed383f4f80dae1d83a7bcbb43.jpg,../Data/downloads/Roboflow/Data/downloads/roboflow_healthy_sick/train/labels/IMG_20230109_133423_jpg.rf.73b1e55ed383f4f80dae1d83a7bcbb43.txt,IMG_20230109,train,train,1,1|0
../Data/downloads/Roboflow/Data/downloads/roboflow_healthy_sick/train/images/IMG_20230109_133423_jpg.rf.a9c1e68862c90a77aeb7f857fe5dd4c6.jpg,../Data/downloads/Roboflow/Data/downloads/roboflow_healthy_sick/train/labels/IMG_20230109_133423_jpg.rf.a9c1e68862c90a77aeb7f857fe5dd4c6.txt,IMG_20230109,train,train,1,1|0
../Data/downloads/Roboflow/Data/downloads/roboflow_healthy_sick/train/images/IMG_20230109_133423_jpg.rf.e19726c8952f6677c7b166640fa33805.jpg,../Data/downloads/Roboflow/Data/downloads/roboflow_healthy_sick/train/labels/IMG_20230109_133423_jpg.rf.e19726c8952f6677c7b166640fa33805.txt,IMG_20230109,train,train,1,1|0
../Data/downloads/Roboflow/Data/downloads/roboflow_healthy_sick/valid/images/1672722154770_jpg.rf.54d5ae407ccfd266450d8d8d3e78a162.jpg,../Data/downloads/Roboflow/Data/downloads/roboflow_healthy_sick/valid/labels/1672722154770_jpg.rf.54d5ae407ccfd266450d8d8d3e78a162.txt,1672722154770,valid,train,1,0|1
../Data/downloads/Roboflow/Data/downloads/roboflow_healthy_sick/valid/images/1672722154789_jpg.rf.4fdc8da71013cd6f95f98589a9003f42.jpg,../Data/downloads/Roboflow/Data/downloads/roboflow_healthy_sick/valid/labels/1672722154789_jpg.rf.4fdc8da71013cd6f95f98589a9003f42.txt,1672722154789,valid,train,1,0|1
../Data/downloads/Roboflow/Data/downloads/roboflow_healthy_sick/valid/images/1672722154813_jpg.rf.c16775f3ecf3f3594957637e260e7b12.jpg,../Data/downloads/Roboflow/Data/downloads/roboflow_healthy_sick/valid/labels/1672722154813_jpg.rf.c16775f3ecf3f3594957637e260e7b12.txt,1672722154813,valid,train,1,0|1
../Data/downloads/Roboflow/Data/downloads/roboflow_healthy_sick/valid/images/1672722154838_jpg.rf.9ad68bbd0dcca3d394079cb08f88feef.jpg,../Data/downloads/Roboflow/Data/downloads/roboflow_healthy_sick/valid/labels/1672722154838_jpg.rf.9ad68bbd0dcca3d394079cb08f88feef.txt,1672722154838,valid,test,1,0|1
../Data/downloads/Roboflow/Data/downloads/roboflow_healthy_sick/valid/images/1672722154862_jpg.rf.adf302a24f3aa65ded19f950687f8068.jpg,../Data/downloads/Roboflow/Data/downloads/roboflow_healthy_sick/valid/labels/1672722154862_jpg.rf.adf302a24f3aa65ded19f950687f8068.txt,1672722154862,valid,train,1,0|1
../Data/downloads/Roboflow/Data/downloads/roboflow_healthy_sick/valid/images/1672722154900_jpg.rf.9341a13f898dbdc85f8f69c7491837f9.jpg,../Data/downloads/Roboflow/Data/downloads/roboflow_healthy_sick/valid/labels/1672722154900_jpg.rf.9341a13f898dbdc85f8f69c7491837f9.txt,1672722154900,valid,val,1,0|1
../Data/downloads/Roboflow/Data/downloads/roboflow_healthy_sick/valid/images/1672722154938_jpg.rf.e7e3487869fafaf450b65c19174f285d.jpg,../Data/downloads/Roboflow/Data/downloads/roboflow_healthy_sick/valid/labels/1672722154938_jpg.rf.e7e3487869fafaf450b65c19174f285d.txt,1672722154938,valid,train,1,0|1
../Data/downloads/Roboflow/Data/downloads/roboflow_healthy_sick/valid/images/1672722154943_jpg.rf.6e7c497c63838f982971e4ce5f335347.jpg,../Data/downloads/Roboflow/Data/downloads/roboflow_healthy_sick/valid/labels/1672722154943_jpg.rf.6e7c497c63838f982971e4ce5f335347.txt,1672722154943,valid,train,1,0|1
../Data/downloads/Roboflow/Data/downloads/roboflow_healthy_sick/valid/images/1672722154982_jpg.rf.4036bca06f1ddd3d6082cd7da9686657.jpg,../Data/downloads/Roboflow/Data/downloads/roboflow_healthy_sick/valid/labels/1672722154982_jpg.rf.4036bca06f1ddd3d6082cd7da9686657.txt,1672722154982,valid,train,1,0|1
../Data/downloads/Roboflow/Data/downloads/roboflow_healthy_sick/valid/images/1672722154991_jpg.rf.0797901e25142dee48830fd29cd267d2.jpg,../Data/downloads/Roboflow/Data/downloads/roboflow_healthy_sick/valid/labels/1672722154991_jpg.rf.0797901e25142dee48830fd29cd267d2.txt,1672722154991,valid,test,1,0|1
../Data/downloads/Roboflow/Data/downloads/roboflow_healthy_sick/valid/images/1672722155147_jpg.rf.a5007ea0dece186c49f694f4fc473119.jpg,../Data/downloads/Roboflow/Data/downloads/roboflow_healthy_sick/valid/labels/1672722155147_jpg.rf.a5007ea0dece186c49f694f4fc473119.txt,1672722155147,valid,train,1,0|1
../Data/downloads/Roboflow/Data/downloads/roboflow_healthy_sick/valid/images/1672722155176_jpg.rf.5ec22b50f1eabe377563f9a04c618401.jpg,../Data/downloads/Roboflow/Data/downloads/roboflow_healthy_sick/valid/labels/1672722155176_jpg.rf.5ec22b50f1eabe377563f9a04c618401.txt,1672722155176,valid,train,1,0|1
../Data/downloads/Roboflow/Data/downloads/roboflow_healthy_sick/valid/images/1672722155280_jpg.rf.c9b39f4b53c058e4ac2b208e2cfa37d9.jpg,../Data/downloads/Roboflow/Data/downloads/roboflow_healthy_sick/valid/labels/1672722155280_jpg.rf.c9b39f4b53c058e4ac2b208e2cfa37d9.txt,1672722155280,valid,train,1,0|1
../Data/downloads/Roboflow/Data/downloads/roboflow_healthy_sick/valid/images/1672722155410_jpg.rf.791c5253460b72f9a639dede65889297.jpg,../Data/downloads/Roboflow/Data/downloads/roboflow_healthy_sick/valid/labels/1672722155410_jpg.rf.791c5253460b72f9a639dede65889297.txt,1672722155410,valid,train,1,0|1
../Data/downloads/Roboflow/Data/downloads/roboflow_healthy_sick/valid/images/1672722155477_jpg.rf.48ba30a813fcedb0b3e9f65482215213.jpg,../Data/downloads/Roboflow/Data/downloads/roboflow_healthy_sick/valid/labels/1672722155477_jpg.rf.48ba30a813fcedb0b3e9f65482215213.txt,1672722155477,valid,train,1,0|1
../Data/downloads/Roboflow/Data/downloads/roboflow_healthy_sick/valid/images/1672722155511_jpg.rf.794cb5838b70d8eae547a0a2aeae5b95.jpg,../Data/downloads/Roboflow/Data/downloads/roboflow_healthy_sick/valid/labels/1672722155511_jpg.rf.794cb5838b70d8eae547a0a2aeae5b95.txt,1672722155511,valid,test,1,0|1
../Data/downloads/Roboflow/Data/downloads/roboflow_healthy_sick/valid/images/IMG_20230109_124641_jpg.rf.65fae75cd677ba9aeb6e2ddfa6d85eb4.jpg,../Data/downloads/Roboflow/Data/downloads/roboflow_healthy_sick/valid/labels/IMG_20230109_124641_jpg.rf.65fae75cd677ba9aeb6e2ddfa6d85eb4.txt,IMG_20230109,valid,train,1,1|0
../Data/downloads/Roboflow/Data/downloads/roboflow_healthy_sick/valid/images/IMG_20230109_124903_jpg.rf.4e007b4937aa5a748cdce62ee9072635.jpg,../Data/downloads/Roboflow/Data/downloads/roboflow_healthy_sick/valid/labels/IMG_20230109_124903_jpg.rf.4e007b4937aa5a748cdce62ee9072635.txt,IMG_20230109,valid,train,1,1|0
../Data/downloads/Roboflow/Data/downloads/roboflow_healthy_sick/valid/images/IMG_20230109_125002_jpg.rf.439dd6449b1678432a70e8cd17cbcaf3.jpg,../Data/downloads/Roboflow/Data/downloads/roboflow_healthy_sick/valid/labels/IMG_20230109_125002_jpg.rf.439dd6449b1678432a70e8cd17cbcaf3.txt,IMG_20230109,valid,train,1,1|0
../Data/downloads/Roboflow/Data/downloads/roboflow_healthy_sick/valid/images/IMG_20230109_125527_jpg.rf.9d77d0d5eb7a1d808e27337af840ea53.jpg,../Data/downloads/Roboflow/Data/downloads/roboflow_healthy_sick/valid/labels/IMG_20230109_125527_jpg.rf.9d77d0d5eb7a1d808e27337af840ea53.txt,IMG_20230109,valid,train,1,1|0
../Data/downloads/Roboflow/Data/downloads/roboflow_healthy_sick/valid/images/IMG_20230109_130030_jpg.rf.15b3b53bfb4d79de083b5f3d232b0dd3.jpg,../Data/downloads/Roboflow/Data/downloads/roboflow_healthy_sick/valid/labels/IMG_20230109_130030_jpg.rf.15b3b53bfb4d79de083b5f3d232b0dd3.txt,IMG_20230109,valid,train,1,1|0
../Data/downloads/Roboflow/Data/downloads/roboflow_healthy_sick/valid/images/IMG_20230109_130850_jpg.rf.ab6ff995aef2e00d4a9c20da7139785f.jpg,../Data/downloads/Roboflow/Data/downloads/roboflow_healthy_sick/valid/labels/IMG_20230109_130850_jpg.rf.ab6ff995aef2e00d4a9c20da7139785f.txt,IMG_20230109,valid,train,0,0|0
../Data/downloads/Roboflow/Data/downloads/roboflow_healthy_sick/valid/images/IMG_20230109_130914_jpg.rf.1533e574d8f736f4c7e5fd766b03fe45.jpg,../Data/downloads/Roboflow/Data/downloads/roboflow_healthy_sick/valid/labels/IMG_20230109_130914_jpg.rf.1533e574d8f736f4c7e5fd766b03fe45.txt,IMG_20230109,valid,train,1,1|0
../Data/downloads/Roboflow/Data/downloads/roboflow_healthy_sick/valid/images/IMG_20230109_131410_jpg.rf.0096598c1fa020214ca5ddd9438aec49.jpg,../Data/downloads/Roboflow/Data/downloads/roboflow_healthy_sick/valid/labels/IMG_20230109_131410_jpg.rf.0096598c1fa020214ca5ddd9438aec49.txt,IMG_20230109,valid,train,1,1|0
../Data/downloads/Roboflow/Data/downloads/roboflow_healthy_sick/valid/images/IMG_20230109_131530_jpg.rf.1d46d744817a9f0414f5e377ec80295e.jpg,../Data/downloads/Roboflow/Data/downloads/roboflow_healthy_sick/valid/labels/IMG_20230109_131530_jpg.rf.1d46d744817a9f0414f5e377ec80295e.txt,IMG_20230109,valid,train,1,1|0
../Data/downloads/Roboflow/Data/downloads/roboflow_healthy_sick/valid/images/IMG_20230109_131530_jpg.rf.faaa1ebad2272f1c42b6a90b3952e168.jpg,../Data/downloads/Roboflow/Data/downloads/roboflow_healthy_sick/valid/labels/IMG_20230109_131530_jpg.rf.faaa1ebad2272f1c42b6a90b3952e168.txt,IMG_20230109,valid,train,1,1|0
../Data/downloads/Roboflow/Data/downloads/roboflow_healthy_sick/valid/images/IMG_20230109_131538_jpg.rf.245557af3830ffdc13f1eefa877ecfbf.jpg,../Data/downloads/Roboflow/Data/downloads/roboflow_healthy_sick/valid/labels/IMG_20230109_131538_jpg.rf.245557af3830ffdc13f1eefa877ecfbf.txt,IMG_20230109,valid,train,1,1|0
../Data/downloads/Roboflow/Data/downloads/roboflow_healthy_sick/valid/images/IMG_20230109_131538_jpg.rf.35fee226d85d6ed51826b854ad35b2d6.jpg,../Data/downloads/Roboflow/Data/downloads/roboflow_healthy_sick/valid/labels/IMG_20230109_131538_jpg.rf.35fee226d85d6ed51826b854ad35b2d6.txt,IMG_20230109,valid,train,1,1|0
../Data/downloads/Roboflow/Data/downloads/roboflow_healthy_sick/valid/images/IMG_20230109_131621_jpg.rf.6918558adb36b845783416112cfb6fa7.jpg,../Data/downloads/Roboflow/Data/downloads/roboflow_healthy_sick/valid/labels/IMG_20230109_131621_jpg.rf.6918558adb36b845783416112cfb6fa7.txt,IMG_20230109,valid,train,1,1|0
../Data/downloads/Roboflow/Data/downloads/roboflow_healthy_sick/valid/images/IMG_20230109_131621_jpg.rf.b7017e205f674c7f5d20c3512d614165.jpg,../Data/downloads/Roboflow/Data/downloads/roboflow_healthy_sick/valid/labels/IMG_20230109_131621_jpg.rf.b7017e205f674c7f5d20c3512d614165.txt,IMG_20230109,valid,train,1,1|0
../Data/downloads/Roboflow/Data/downloads/roboflow_healthy_sick/valid/images/IMG_20230109_131713_jpg.rf.30c259aec602a929ad6cc83fbde2d8f9.jpg,../Data/downloads/Roboflow/Data/downloads/roboflow_healthy_sick/valid/labels/IMG_20230109_131713_jpg.rf.30c259aec602a929ad6cc83fbde2d8f9.txt,IMG_20230109,valid,train,1,1|0
../Data/downloads/Roboflow/Data/downloads/roboflow_healthy_sick/valid/images/IMG_20230109_131733_jpg.rf.bccfe72a23ac676f86c373425f723912.jpg,../Data/downloads/Roboflow/Data/downloads/roboflow_healthy_sick/valid/labels/IMG_20230109_131733_jpg.rf.bccfe72a23ac676f86c373425f723912.txt,IMG_20230109,valid,train,1,1|0
../Data/downloads/Roboflow/Data/downloads/roboflow_healthy_sick/valid/images/IMG_20230109_131851_jpg.rf.3881491caf6bab9838e924b602139fe0.jpg,../Data/downloads/Roboflow/Data/downloads/roboflow_healthy_sick/valid/labels/IMG_20230109_131851_jpg.rf.3881491caf6bab9838e924b602139fe0.txt,IMG_20230109,valid,train,1,1|0
../Data/downloads/Roboflow/Data/downloads/roboflow_healthy_sick/valid/images/IMG_20230109_131855_jpg.rf.f220b4f07a62332aaf9d727ee50c1192.jpg,../Data/downloads/Roboflow/Data/downloads/roboflow_healthy_sick/valid/labels/IMG_20230109_131855_jpg.rf.f220b4f07a62332aaf9d727ee50c1192.txt,IMG_20230109,valid,train,0,0|0
../Data/downloads/Roboflow/Data/downloads/roboflow_healthy_sick/valid/images/IMG_20230109_132149_jpg.rf.8e3316502268b837ad92d4fb6f6d4d97.jpg,../Data/downloads/Roboflow/Data/downloads/roboflow_healthy_sick/valid/labels/IMG_20230109_132149_jpg.rf.8e3316502268b837ad92d4fb6f6d4d97.txt,IMG_20230109,valid,train,1,1|0
../Data/downloads/Roboflow/Data/downloads/roboflow_healthy_sick/valid/images/IMG_20230109_132640_jpg.rf.7f53d9c1fec2c07e9723b677d5e5741f.jpg,../Data/downloads/Roboflow/Data/downloads/roboflow_healthy_sick/valid/labels/IMG_20230109_132640_jpg.rf.7f53d9c1fec2c07e9723b677d5e5741f.txt,IMG_20230109,valid,train,1,1|0
../Data/downloads/Roboflow/Data/downloads/roboflow_healthy_sick/valid/images/IMG_20230109_132715_jpg.rf.e95065c693a9f4a3ac8b36bb4294603c.jpg,../Data/downloads/Roboflow/Data/downloads/roboflow_healthy_sick/valid/labels/IMG_20230109_132715_jpg.rf.e95065c693a9f4a3ac8b36bb4294603c.txt,IMG_20230109,valid,train,1,1|0
../Data/downloads/Roboflow/Data/downloads/roboflow_healthy_sick/valid/images/IMG_20230109_133351_jpg.rf.974e913a0c12ecae63774c983f5505d8.jpg,../Data/downloads/Roboflow/Data/downloads/roboflow_healthy_sick/valid/labels/IMG_20230109_133351_jpg.rf.974e913a0c12ecae63774c983f5505d8.txt,IMG_20230109,valid,train,1,1|0
../Data/downloads/Roboflow/Data/downloads/roboflow_healthy_sick/test/images/1672722154896_jpg.rf.b459a05e3f618c7ccc78d100bbc4c9da.jpg,../Data/downloads/Roboflow/Data/downloads/roboflow_healthy_sick/test/labels/1672722154896_jpg.rf.b459a05e3f618c7ccc78d100bbc4c9da.txt,1672722154896,test,train,1,0|1
../Data/downloads/Roboflow/Data/downloads/roboflow_healthy_sick/test/images/1672722155006_jpg.rf.978ec23a3e23ffc573519c71643699cb.jpg,../Data/downloads/Roboflow/Data/downloads/roboflow_healthy_sick/test/labels/1672722155006_jpg.rf.978ec23a3e23ffc573519c71643699cb.txt,1672722155006,test,train,1,0|1
../Data/downloads/Roboflow/Data/downloads/roboflow_healthy_sick/test/images/1672722155015_jpg.rf.ca8bff0bfedc9dd14807091123a3f53c.jpg,../Data/downloads/Roboflow/Data/downloads/roboflow_healthy_sick/test/labels/1672722155015_jpg.rf.ca8bff0bfedc9dd14807091123a3f53c.txt,1672722155015,test,train,1,0|1
../Data/downloads/Roboflow/Data/downloads/roboflow_healthy_sick/test/images/1672722155032_jpg.rf.20dea7b7763aad5225c172d3b5f384c1.jpg,../Data/downloads/Roboflow/Data/downloads/roboflow_healthy_sick/test/labels/1672722155032_jpg.rf.20dea7b7763aad5225c172d3b5f384c1.txt,1672722155032,test,train,1,0|1
../Data/downloads/Roboflow/Data/downloads/roboflow_healthy_sick/test/images/1672722155124_jpg.rf.65d5b407eeabe90425ecc838d9599cd3.jpg,../Data/downloads/Roboflow/Data/downloads/roboflow_healthy_sick/test/labels/1672722155124_jpg.rf.65d5b407eeabe90425ecc838d9599cd3.txt,1672722155124,test,val,1,0|1
../Data/downloads/Roboflow/Data/downloads/roboflow_healthy_sick/test/images/1672722155157_jpg.rf.3c7ff0f49f76336847b059719387db6a.jpg,../Data/downloads/Roboflow/Data/downloads/roboflow_healthy_sick/test/labels/1672722155157_jpg.rf.3c7ff0f49f76336847b059719387db6a.txt,1672722155157,test,train,1,0|1
../Data/downloads/Roboflow/Data/downloads/roboflow_healthy_sick/test/images/1672722155223_jpg.rf.0bbeba1fecc4b62c33d15a411aa96915.jpg,../Data/downloads/Roboflow/Data/downloads/roboflow_healthy_sick/test/labels/1672722155223_jpg.rf.0bbeba1fecc4b62c33d15a411aa96915.txt,1672722155223,test,train,1,0|1
../Data/downloads/Roboflow/Data/downloads/roboflow_healthy_sick/test/images/1672722155415_jpg.rf.6499339e56187b3dedec613d18c14149.jpg,../Data/downloads/Roboflow/Data/downloads/roboflow_healthy_sick/test/labels/1672722155415_jpg.rf.6499339e56187b3dedec613d18c14149.txt,1672722155415,test,train,1,0|1
../Data/downloads/Roboflow/Data/downloads/roboflow_healthy_sick/test/images/1672722155429_jpg.rf.6daff97f84298dbb4d7c384a0e9bb21a.jpg,../Data/downloads/Roboflow/Data/downloads/roboflow_healthy_sick/test/labels/1672722155429_jpg.rf.6daff97f84298dbb4d7c384a0e9bb21a.txt,1672722155429,test,val,1,0|1
../Data/downloads/Roboflow/Data/downloads/roboflow_healthy_sick/test/images/IMG_20230109_125016_jpg.rf.00f1e0d480d00db35bb22364b722ce5b.jpg,../Data/downloads/Roboflow/Data/downloads/roboflow_healthy_sick/test/labels/IMG_20230109_125016_jpg.rf.00f1e0d480d00db35bb22364b722ce5b.txt,IMG_20230109,test,train,1,1|0
../Data/downloads/Roboflow/Data/downloads/roboflow_healthy_sick/test/images/IMG_20230109_125019_jpg.rf.f9c7bbf7ebb2618a33a4cec392ef7fba.jpg,../Data/downloads/Roboflow/Data/downloads/roboflow_healthy_sick/test/labels/IMG_20230109_125019_jpg.rf.f9c7bbf7ebb2618a33a4cec392ef7fba.txt,IMG_20230109,test,train,1,1|0
../Data/downloads/Roboflow/Data/downloads/roboflow_healthy_sick/test/images/IMG_20230109_125527_jpg.rf.6b171e3d9245389d8ee1412d4e7024a6.jpg,../Data/downloads/Roboflow/Data/downloads/roboflow_healthy_sick/test/labels/IMG_20230109_125527_jpg.rf.6b171e3d9245389d8ee1412d4e7024a6.txt,IMG_20230109,test,train,1,1|0
../Data/downloads/Roboflow/Data/downloads/roboflow_healthy_sick/test/images/IMG_20230109_130109_jpg.rf.f5a21e2e7cf4a2d10d7e814a1e2c1053.jpg,../Data/downloads/Roboflow/Data/downloads/roboflow_healthy_sick/test/labels/IMG_20230109_130109_jpg.rf.f5a21e2e7cf4a2d10d7e814a1e2c1053.txt,IMG_20230109,test,train,1,1|0
../Data/downloads/Roboflow/Data/downloads/roboflow_healthy_sick/test/images/IMG_20230109_130343_jpg.rf.001cc14c79072bbf4ff94945e445b40f.jpg,../Data/downloads/Roboflow/Data/downloads/roboflow_healthy_sick/test/labels/IMG_20230109_130343_jpg.rf.001cc14c79072bbf4ff94945e445b40f.txt,IMG_20230109,test,train,1,1|0
../Data/downloads/Roboflow/Data/downloads/roboflow_healthy_sick/test/images/IMG_20230109_130511_jpg.rf.b02edb5710c9caec620772a860a67690.jpg,../Data/downloads/Roboflow/Data/downloads/roboflow_healthy_sick/test/labels/IMG_20230109_130511_jpg.rf.b02edb5710c9caec620772a860a67690.txt,IMG_20230109,test,train,1,1|0
../Data/downloads/Roboflow/Data/downloads/roboflow_healthy_sick/test/images/IMG_20230109_130914_jpg.rf.728595addf63f571fa654878c2f3a227.jpg,../Data/downloads/Roboflow/Data/downloads/roboflow_healthy_sick/test/labels/IMG_20230109_130914_jpg.rf.728595addf63f571fa654878c2f3a227.txt,IMG_20230109,test,train,1,1|0
../Data/downloads/Roboflow/Data/downloads/roboflow_healthy_sick/test/images/IMG_20230109_131307_jpg.rf.f2514da2b289947749f686563e34f0cc.jpg,../Data/downloads/Roboflow/Data/downloads/roboflow_healthy_sick/test/labels/IMG_20230109_131307_jpg.rf.f2514da2b289947749f686563e34f0cc.txt,IMG_20230109,test,train,1,1|0
../Data/downloads/Roboflow/Data/downloads/roboflow_healthy_sick/test/images/IMG_20230109_131422_jpg.rf.dc0c4c06065be2be197fec5abbf1e60e.jpg,../Data/downloads/Roboflow/Data/downloads/roboflow_healthy_sick/test/labels/IMG_20230109_131422_jpg.rf.dc0c4c06065be2be197fec5abbf1e60e.txt,IMG_20230109,test,train,1,1|0
../Data/downloads/Roboflow/Data/downloads/roboflow_healthy_sick/test/images/IMG_20230109_131613_jpg.rf.36f33c75c4df4c5526a5e1bdb5501a7a.jpg,../Data/downloads/Roboflow/Data/downloads/roboflow_healthy_sick/test/labels/IMG_20230109_131613_jpg.rf.36f33c75c4df4c5526a5e1bdb5501a7a.txt,IMG_20230109,test,train,1,1|0
../Data/downloads/Roboflow/Data/downloads/roboflow_healthy_sick/test/images/IMG_20230109_131733_jpg.rf.67b6015c743f992a817091131d93cf3f.jpg,../Data/downloads/Roboflow/Data/downloads/roboflow_healthy_sick/test/labels/IMG_20230109_131733_jpg.rf.67b6015c743f992a817091131d93cf3f.txt,IMG_20230109,test,train,1,1|0
../Data/downloads/Roboflow/Data/downloads/roboflow_healthy_sick/test/images/IMG_20230109_131838_jpg.rf.c85cd4fe3c92ba250865c6c8d675401d.jpg,../Data/downloads/Roboflow/Data/downloads/roboflow_healthy_sick/test/labels/IMG_20230109_131838_jpg.rf.c85cd4fe3c92ba250865c6c8d675401d.txt,IMG_20230109,test,train,1,1|0
../Data/downloads/Roboflow/Data/downloads/roboflow_healthy_sick/test/images/IMG_20230109_131859_jpg.rf.e553e7fb1a85d8415c09dfc76d9a1d23.jpg,../Data/downloads/Roboflow/Data/downloads/roboflow_healthy_sick/test/labels/IMG_20230109_131859_jpg.rf.e553e7fb1a85d8415c09dfc76d9a1d23.txt,IMG_20230109,test,train,1,1|0
../Data/downloads/Roboflow/Data/downloads/roboflow_healthy_sick/test/images/IMG_20230109_131903_jpg.rf.74cc9be79850ba079267e80c8814aa99.jpg,../Data/downloads/Roboflow/Data/downloads/roboflow_healthy_sick/test/labels/IMG_20230109_131903_jpg.rf.74cc9be79850ba079267e80c8814aa99.txt,IMG_20230109,test,train,1,1|0
