path,label_path,clip,orig_split,split,n_objects,class_hist
../../Data/downloads/Roboflow/Data/downloads/roboflow_broiler_detection/train/images/01_jpg.rf.0258b7eda63d99b97ad1d23a00ddae97.jpg,../../Data/downloads/Roboflow/Data/downloads/roboflow_broiler_detection/train/labels/01_jpg.rf.0258b7eda63d99b97ad1d23a00ddae97.txt,01,train,test,2,2
../../Data/downloads/Roboflow/Data/downloads/roboflow_broiler_detection/train/images/01_jpg.rf.46b42a07006a86c90da6853e49b288ac.jpg,../../Data/downloads/Roboflow/Data/downloads/roboflow_broiler_detection/train/labels/01_jpg.rf.46b42a07006a86c90da6853e49b288ac.txt,01,train,test,2,2
../../Data/downloads/Roboflow/Data/downloads/roboflow_broiler_detection/train/images/01_jpg.rf.af8d7d9f807a7a1386c91ead57079e6c.jpg,../../Data/downloads/Roboflow/Data/downloads/roboflow_broiler_detection/train/labels/01_jpg.rf.af8d7d9f807a7a1386c91ead57079e6c.txt,01,train,test,2,2
../../Data/downloads/Roboflow/Data/downloads/roboflow_broiler_detection/train/images/02_jpg.rf.65b709cf5fb13187fd9e07662133afaf.jpg,../../Data/downloads/Roboflow/Data/downloads/roboflow_broiler_detection/train/labels/02_jpg.rf.65b709cf5fb13187fd9e07662133afaf.txt,02,train,train,1,1
../../Data/downloads/Roboflow/Data/downloads/roboflow_broiler_detection/train/images/02_jpg.rf.ae18571ead377da5aedc5d8c54c9b086.jpg,../../Data/downloads/Roboflow/Data/downloads/roboflow_broiler_detection/train/labels/02_jpg.rf.ae18571ead377da5aedc5d8c54c9b086.txt,02,train,train,1,1
../../Data/downloads/Roboflow/Data/downloads/roboflow_broiler_detection/train/images/02_jpg.rf.ae6e176078a1d01f5efbe472cedb265a.jpg,../../Data/downloads/Roboflow/Data/downloads/roboflow_broiler_detection/train/labels/02_jpg.rf.ae6e176078a1d01f5efbe472cedb265a.txt,02,train,train,1,1
../../Data/downloads/Roboflow/Data/downloads/roboflow_broiler_detection/train/images/03_jpg.rf.9f2f8c08cf77d0a0e45589eb0900f9d9.jpg,../../Data/downloads/Roboflow/Data/downloads/roboflow_broiler_detection/train/labels/03_jpg.rf.9f2f8c08cf77d0a0e45589eb0900f9d9.txt,03,train,test,3,3
../../Data/downloads/Roboflow/Data/downloads/roboflow_broiler_detection/train/images/03_jpg.rf.c38a832f29c91b49293ee2d6f1d2a0dc.jpg,../../Data/downloads/Roboflow/Data/downloads/roboflow_broiler_detection/train/labels/03_jpg.rf.c38a832f29c91b49293ee2d6f1d2a0dc.txt,03,train,test,3,3
../../Data/downloads/Roboflow/Data/downloads/roboflow_broiler_detection/train/images/03_jpg.rf.f61bb007b30d771f330ea45fe7876f3e.jpg,../../Data/downloads/Roboflow/Data/downloads/roboflow_broiler_detection/train/labels/03_jpg.rf.f61bb007b30d771f330ea45fe7876f3e.txt,03,train,test,3,3
../../Data/downloads/Roboflow/Data/downloads/roboflow_broiler_detection/train/images/04_jpg.rf.19564b0f7df752e0d5e694c14426b190.jpg,../../Data/downloads/Roboflow/Data/downloads/roboflow_broiler_detection/train/labels/04_jpg.rf.19564b0f7df752e0d5e694c14426b190.txt,04,train,test,4,4
../../Data/downloads/Roboflow/Data/downloads/roboflow_broiler_detection/train/images/04_jpg.rf.4f0f5bdd11dc770378b685e43d29be75.jpg,../../Data/downloads/Roboflow/Data/downloads/roboflow_broiler_detection/train/labels/04_jpg.rf.4f0f5bdd11dc770378b685e43d29be75.txt,04,train,test,4,4
../../Data/downloads/Roboflow/Data/downloads/roboflow_broiler_detection/train/images/04_jpg.rf.f79acd52e3013717748095d6056bb731.jpg,../../Data/downloads/Roboflow/Data/downloads/roboflow_broiler_detection/train/labels/04_jpg.rf.f79acd52e3013717748095d6056bb731.txt,04,train,test,4,4
../../Data/downloads/Roboflow/Data/downloads/roboflow_broiler_detection/train/images/06_jpg.rf.514eb32fe478eb5846be2618c5b4a5ed.jpg,../../Data/downloads/Roboflow/Data/downloads/roboflow_broiler_detection/train/labels/06_jpg.rf.514eb32fe478eb5846be2618c5b4a5ed.txt,06,train,test,2,2
../../Data/downloads/Roboflow/Data/downloads/roboflow_broiler_detection/train/images/06_jpg.rf.d43e09c6851654fe62b51c88778718b6.jpg,../../Data/downloads/Roboflow/Data/downloads/roboflow_broiler_detection/train/labels/06_jpg.rf.d43e09c6851654fe62b51c88778718b6.txt,06,train,test,2,2
../../Data/downloads/Roboflow/Data/downloads/roboflow_broiler_detection/train/images/06_jpg.rf.df52797e1818d782f23d28db65cc1050.jpg,../../Data/downloads/Roboflow/Data/downloads/roboflow_broiler_detection/train/labels/06_jpg.rf.df52797e1818d782f23d28db65cc1050.txt,06,train,test,2,2
../../Data/downloads/Roboflow/Data/downloads/roboflow_broiler_detection/train/images/07_jpg.rf.61f84f6a79ca90f42db0f1baf6af552b.jpg,../../Data/downloads/Roboflow/Data/downloads/roboflow_broiler_detection/train/labels/07_jpg.rf.61f84f6a79ca90f42db0f1baf6af552b.txt,07,train,train,2,2
../../Data/downloads/Roboflow/Data/downloads/roboflow_broiler_detection/train/images/07_jpg.rf.665bf654ac97986ff186840c4a6ae552.jpg,../../Data/downloads/Roboflow/Data/downloads/roboflow_broiler_detection/train/labels/07_jpg.rf.665bf654ac97986ff186840c4a6ae552.txt,07,train,train,2,2
../../Data/downloads/Roboflow/Data/downloads/roboflow_broiler_detection/train/images/07_jpg.rf.79e15963317b17bb9c9bb0db271e2467.jpg,../../Data/downloads/Roboflow/Data/downloads/roboflow_broiler_detection/train/labels/07_jpg.rf.79e15963317b17bb9c9bb0db271e2467.txt,07,train,train,2,2
../../Data/downloads/Roboflow/Data/downloads/roboflow_broiler_detection/train/images/08_jpg.rf.2e7a67b25591981de4ad7421c797c5eb.jpg,../../Data/downloads/Roboflow/Data/downloads/roboflow_broiler_detection/train/labels/08_jpg.rf.2e7a67b25591981de4ad7421c797c5eb.txt,08,train,train,1,1
../../Data/downloads/Roboflow/Data/downloads/roboflow_broiler_detection/train/images/08_jpg.rf.7cb4d42ac43ca5ec715279a47ea82aaf.jpg,../../Data/downloads/Roboflow/Data/downloads/roboflow_broiler_detection/train/labels/08_jpg.rf.7cb4d42ac43ca5ec715279a47ea82aaf.txt,08,train,train,1,1
../../Data/downloads/Roboflow/Data/downloads/roboflow_broiler_detection/train/images/08_jpg.rf.b58b86c2350ca3462f9669b8bb3c88a6.jpg,../../Data/downloads/Roboflow/Data/downloads/roboflow_broiler_detection/train/labels/08_jpg.rf.b58b86c2350ca3462f9669b8bb3c88a6.txt,08,train,train,1,1
../../Data/downloads/Roboflow/Data/downloads/roboflow_broiler_detection/train/images/09_jpg.rf.1a3425fffa0f0bd86c02e33319656ef0.jpg,../../Data/downloads/Roboflow/Data/downloads/roboflow_broiler_detection/train/labels/09_jpg.rf.1a3425fffa0f0bd86c02e33319656ef0.txt,09,train,train,2,2
../../Data/downloads/Roboflow/Data/downloads/roboflow_broiler_detection/train/images/09_jpg.rf.21f64bafd3c58440a528822cb118612c.jpg,../../Data/downloads/Roboflow/Data/downloads/roboflow_broiler_detection/train/labels/09_jpg.rf.21f64bafd3c58440a528822cb118612c.txt,09,train,train,2,2
../../Data/downloads/Roboflow/Data/downloads/roboflow_broiler_detection/train/images/09_jpg.rf.cbdda637dff0b52b500b20083e51224a.jpg,../../Data/downloads/Roboflow/Data/downloads/roboflow_broiler_detection/train/labels/09_jpg.rf.cbdda637dff0b52b500b20083e51224a.txt,09,train,train,2,2
../../Data/downloads/Roboflow/Data/downloads/roboflow_broiler_detection/train/images/09c362063c246f7248a9271e437b1bd5_jpg.rf.449bdcec98e5e275a738db00b6bc8cae.jpg,../../Data/downloads/Roboflow/Data/downloads/roboflow_broiler_detection/train/labels/09c362063c246f7248a9271e437b1bd5_jpg.rf.449bdcec98e5e275a738db00b6bc8cae.txt,09c362063c246f7248a9271e437b1bd,train,train,5,5
../../Data/downloads/Roboflow/Data/downloads/roboflow_broiler_detection/train/images/09c362063c246f7248a9271e437b1bd5_jpg.rf.ceb2f8c3f8133fb4d200f33ec86051fb.jpg,../../Data/downloads/Roboflow/Data/downloads/roboflow_broiler_detection/train/labels/09c362063c246f7248a9271e437b1bd5_jpg.rf.ceb2f8c3f8133fb4d200f33ec86051fb.txt,09c362063c246f7248a9271e437b1bd,train,train,5,5
../../Data/downloads/Roboflow/Data/downloads/roboflow_broiler_detection/train/images/09c362063c246f7248a9271e437b1bd5_jpg.rf.e13a3e2146e2a30a0cdf835ff0073a93.jpg,../../Data/downloads/Roboflow/Data/downloads/roboflow_broiler_detection/train/labels/09c362063c246f7248a9271e437b1bd5_jpg.rf.e13a3e2146e2a30a0cdf835ff0073a93.txt,09c362063c246f7248a9271e437b1bd,train,train,5,5
../../Data/downloads/Roboflow/Data/downloads/roboflow_broiler_detection/train/images/0_Helmdon-Farm-cannibalismJPG_jpg.rf.03be4aa6be44347c849780997cc032c9.jpg,../../Data/downloads/Roboflow/Data/downloads/roboflow_broiler_detection/train/labels/0_Helmdon-Farm-cannibalismJPG_jpg.rf.03be4aa6be44347c849780997cc032c9.txt,0_Helmdon-Farm-cannibalismJPG,train,train,4,4
../../Data/downloads/Roboflow/Data/downloads/roboflow_broiler_detection/train/images/0_Helmdon-Farm-cannibalismJPG_jpg.rf.b9fd0fa23ad39b87dd32505101a23bf7.jpg,../../Data/downloads/Roboflow/Data/downloads/roboflow_broiler_detection/train/labels/0_Helmdon-Farm-cannibalismJPG_jpg.rf.b9fd0fa23ad39b87dd32505101a23bf7.txt,0_Helmdon-Farm-cannibalismJPG,train,train,4,4
../../Data/downloads/Roboflow/Data/downloads/roboflow_broiler_detection/train/images/0_Helmdon-Farm-cannibalismJPG_jpg.rf.c77e27c78653702801ff8313e891ef21.jpg,../../Data/downloads/Roboflow/Data/downloads/roboflow_broiler_detection/train/labels/0_Helmdon-Farm-cannibalismJPG_jpg.rf.c77e27c78653702801ff8313e891ef21.txt,0_Helmdon-Farm-cannibalismJPG,train,train,4,4
../../Data/downloads/Roboflow/Data/downloads/roboflow_broiler_detection/train/images/0_Helmdon-Farm-lame-bird-2JPG_jpg.rf.0a04f069a8c8cc1a2c37681ceed5b146.jpg,../../Data/downloads/Roboflow/Data/downloads/roboflow_broiler_detection/train/labels/0_Helmdon-Farm-lame-bird-2JPG_jpg.rf.0a04f069a8c8cc1a2c37681ceed5b146.txt,0_Helmdon-Farm-lame-bird-2JPG,train,train,1,1
../../Data/downloads/Roboflow/Data/downloads/roboflow_broiler_detection/train/images/0_Helmdon-Farm-lame-bird-2JPG_jpg.rf.1eb4222ef3b8497f44ffc9eb514804d0.jpg,../../Data/downloads/Roboflow/Data/downloads/roboflow_broiler_detection/train/labels/0_Helmdon-Farm-lame-bird-2JPG_jpg.rf.1eb4222ef3b8497f44ffc9eb514804d0.txt,0_Helmdon-Farm-lame-bird-2JPG,train,train,1,1
../../Data/downloads/Roboflow/Data/downloads/roboflow_broiler_detection/train/images/0_Helmdon-Farm-lame-bird-2JPG_jpg.rf.3aea741649a666d6b6b0cf74345270d2.jpg,../../Data/downloads/Roboflow/Data/downloads/roboflow_broiler_detection/train/labels/0_Helmdon-Farm-lame-bird-2JPG_jpg.rf.3aea741649a666d6b6b0cf74345270d2.txt,0_Helmdon-Farm-lame-bird-2JPG,train,train,1,1
../../Data/downloads/Roboflow/Data/downloads/roboflow_broiler_detection/train/images/0_Pimlico-Farm-bald-chickenJPG_jpg.rf.382731b238842995761fb67b73185548.jpg,../../Data/downloads/Roboflow/Data/downloads/roboflow_broiler_detection/train/labels/0_Pimlico-Farm-bald-chickenJPG_jpg.rf.382731b238842995761fb67b73185548.txt,0_Pimlico-Farm-bald-chickenJPG,train,train,3,3
../../Data/downloads/Roboflow/Data/downloads/roboflow_broiler_detection/train/images/0_Pimlico-Farm-bald-chickenJPG_jpg.rf.8e9d218048145b054234397a6571ec02.jpg,../../Data/downloads/Roboflow/Data/downloads/roboflow_broiler_detection/train/labels/0_Pimlico-Farm-bald-chickenJPG_jpg.rf.8e9d218048145b054234397a6571ec02.txt,0_Pimlico-Farm-bald-chickenJPG,train,train,3,3
../../Data/downloads/Roboflow/Data/downloads/roboflow_broiler_detection/train/images/0_Pimlico-Farm-bald-chickenJPG_jpg.rf.ae6523e1f8dd837688d3fba509d54153.jpg,../../Data/downloads/Roboflow/Data/downloads/roboflow_broiler_detection/train/labels/0_Pimlico-Farm-bald-chickenJPG_jpg.rf.ae6523e1f8dd837688d3fba509d54153.txt,0_Pimlico-Farm-bald-chickenJPG,train,train,3,3
../../Data/downloads/Roboflow/Data/downloads/roboflow_broiler_detection/train/images/10_jpg.rf.1bb23a74970f4fff578e8ffcb8d81900.jpg,../../Data/downloads/Roboflow/Data/downloads/roboflow_broiler_detection/train/labels/10_jpg.rf.1bb23a74970f4fff578e8ffcb8d81900.txt,10,train,train,2,2
../../Data/downloads/Roboflow/Data/downloads/roboflow_broiler_detection/train/images/10_jpg.rf.6d2dff7e97cfb8e39e1ad380979f99fc.jpg,../../Data/downloads/Roboflow/Data/downloads/roboflow_broiler_detection/train/labels/10_jpg.rf.6d2dff7e97cfb8e39e1ad380979f99fc.txt,10,train,train,2,2
../../Data/downloads/Roboflow/Data/downloads/roboflow_broiler_detection/train/images/10_jpg.rf.af25926a7a15e3b16df34ad12e65bc85.jpg,../../Data/downloads/Roboflow/Data/downloads/roboflow_broiler_detection/train/labels/10_jpg.rf.af25926a7a15e3b16df34ad12e65bc85.txt,10,train,train,2,2
../../Data/downloads/Roboflow/Data/downloads/roboflow_broiler_detection/train/images/11_jpg.rf.523595f7af81420c638b1e3bd3e1d8dd.jpg,../../Data/downloads/Roboflow/Data/downloads/roboflow_broiler_detection/train/labels/11_jpg.rf.523595f7af81420c638b1e3bd3e1d8dd.txt,11,train,train,5,5
../../Data/downloads/Roboflow/Data/downloads/roboflow_broiler_detection/train/images/11_jpg.rf.cc773f1fc8e62417004b1227a861b210.jpg,../../Data/downloads/Roboflow/Data/downloads/roboflow_broiler_detection/train/labels/11_jpg.rf.cc773f1fc8e62417004b1227a861b210.txt,11,train,train,5,5
../../Data/downloads/Roboflow/Data/downloads/roboflow_broiler_detection/train/images/11_jpg.rf.e2f77f27cb856159e2a3e91f0decdbaa.jpg,../../Data/downloads/Roboflow/Data/downloads/roboflow_broiler_detection/train/labels/11_jpg.rf.e2f77f27cb856159e2a3e91f0decdbaa.txt,11,train,train,5,5
../../Data/downloads/Roboflow/Data/downloads/roboflow_broiler_detection/train/images/13_jpg.rf.39997ac28cb94666cdba3e9174faf240.jpg,../../Data/downloads/Roboflow/Data/downloads/roboflow_broiler_detection/train/labels/13_jpg.rf.39997ac28cb94666cdba3e9174faf240.txt,13,train,train,18,18
../../Data/downloads/Roboflow/Data/downloads/roboflow_broiler_detection/train/images/13_jpg.rf.5ed57d9a69a4cdc2df4c05536cf219c6.jpg,../../Data/downloads/Roboflow/Data/downloads/roboflow_broiler_detection/train/labels/13_jpg.rf.5ed57d9a69a4cdc2df4c05536cf219c6.txt,13,train,train,18,18
../../Data/downloads/Roboflow/Data/downloads/roboflow_broiler_detection/train/images/13_jpg.rf.efa6408fec2b9c6fbfe262ef1f91cd84.jpg,../../Data/downloads/Roboflow/Data/downloads/roboflow_broiler_detection/train/labels/13_jpg.rf.efa6408fec2b9c6fbfe262ef1f91cd84.txt,13,train,train,18,18
../../Data/downloads/Roboflow/Data/downloads/roboflow_broiler_detection/train/images/14_jpg.rf.6c6dbfc50c485567e659296c4fb9a627.jpg,../../Data/downloads/Roboflow/Data/downloads/roboflow_broiler_detection/train/labels/14_jpg.rf.6c6dbfc50c485567e659296c4fb9a627.txt,14,train,train,11,11
../../Data/downloads/Roboflow/Data/downloads/roboflow_broiler_detection/train/images/14_jpg.rf.970237d52697710eff839482b67d10e4.jpg,../../Data/downloads/Roboflow/Data/downloads/roboflow_broiler_detection/train/labels/14_jpg.rf.970237d52697710eff839482b67d10e4.txt,14,train,train,11,11
../../Data/downloads/Roboflow/Data/downloads/roboflow_broiler_detection/train/images/14_jpg.rf.d5815854adddf94ae182a1e15594458e.jpg,../../Data/downloads/Roboflow/Data/downloads/roboflow_broiler_detection/train/labels/14_jpg.rf.d5815854adddf94ae182a1e15594458e.txt,14,train,train,11,11
../../Data/downloads/Roboflow/Data/downloads/roboflow_broiler_detection/train/images/15727337_427033960961118_96188917737875287_n_jpg.rf.191bdd66d19ce03ddfe1f718fb287c5e.jpg,../../Data/downloads/Roboflow/Data/downloads/roboflow_broiler_detection/train/labels/15727337_427033960961118_96188917737875287_n_jpg.rf.191bdd66d19ce03ddfe1f718fb287c5e.txt,15727337_427033960961118_96188917737875287_n,train,train,2,2
../../Data/downloads/Roboflow/Data/downloads/roboflow_broiler_detection/train/images/15727337_427033960961118_96188917737875287_n_jpg.rf.85ab8d0774033c435e12a11fcece4aac.jpg,../../Data/downloads/Roboflow/Data/downloads/roboflow_broiler_detection/train/labels/15727337_427033960961118_96188917737875287_n_jpg.rf.85ab8d0774033c435e12a11fcece4aac.txt,15727337_427033960961118_96188917737875287_n,train,train,2,2
../../Data/downloads/Roboflow/Data/downloads/roboflow_broiler_detection/train/images/15727337_427033960961118_96188917737875287_n_jpg.rf.8c326d78fba99f06365b08159769379a.jpg,../../Data/downloads/Roboflow/Data/downloads/roboflow_broiler_detection/train/labels/15727337_427033960961118_96188917737875287_n_jpg.rf.8c326d78fba99f06365b08159769379a.txt,15727337_427033960961118_96188917737875287_n,train,train,2,2
../../Data/downloads/Roboflow/Data/downloads/roboflow_broiler_detection/train/images/15_jpg.rf.2389544652e018b4c06fdce3106e27c4.jpg,../../Data/downloads/Roboflow/Data/downloads/roboflow_broiler_detection/train/labels/15_jpg.rf.2389544652e018b4c06fdce3106e27c4.txt,15,train,train,4,4
../../Data/downloads/Roboflow/Data/downloads/roboflow_broiler_detection/train/images/15_jpg.rf.4bfbf2f6fbe9f92e1a4b41574b49e317.jpg,../../Data/downloads/Roboflow/Data/downloads/roboflow_broiler_detection/train/labels/15_jpg.rf.4bfbf2f6fbe9f92e1a4b41574b49e317.txt,15,train,train,4,4
../../Data/downloads/Roboflow/Data/downloads/roboflow_broiler_detection/train/images/15_jpg.rf.da8c4064acf041926da630c3426a75c8.jpg,../../Data/downloads/Roboflow/Data/downloads/roboflow_broiler_detection/train/labels/15_jpg.rf.da8c4064acf041926da630c3426a75c8.txt,15,train,train,4,4
../../Data/downloads/Roboflow/Data/downloads/roboflow_broiler_detection/train/images/1637099389108-1-_jpg.rf.b04a670f86cf9444306100c2baa98a72.jpg,../../Data/downloads/Roboflow/Data/downloads/roboflow_broiler_detection/train/labels/1637099389108-1-_jpg.rf.b04a670f86cf9444306100c2baa98a72.txt,1637099389108-1-,train,val,4,4
../../Data/downloads/Roboflow/Data/downloads/roboflow_broiler_detection/train/images/1637099389108-1-_jpg.rf.b94233ed1d866b13e6afb88308a33228.jpg,../../Data/downloads/Roboflow/Data/downloads/roboflow_broiler_detection/train/labels/1637099389108-1-_jpg.rf.b94233ed1d866b13e6afb88308a33228.txt,1637099389108-1-,train,val,4,4
../../Data/downloads/Roboflow/Data/downloads/roboflow_broiler_detection/train/images/1637099389108-1-_jpg.rf.bf031407f6de554530b2955484286712.jpg,../../Data/downloads/Roboflow/Data/downloads/roboflow_broiler_detection/train/labels/1637099389108-1-_jpg.rf.bf031407f6de554530b2955484286712.txt,1637099389108-1-,train,val,4,4
../../Data/downloads/Roboflow/Data/downloads/roboflow_broiler_detection/train/images/16_jpg.rf.2fbcceb66c4a24bff9ff3f94433ef189.jpg,../../Data/downloads/Roboflow/Data/downloads/roboflow_broiler_detection/train/labels/16_jpg.rf.2fbcceb66c4a24bff9ff3f94433ef189.txt,16,train,train,2,2
../../Data/downloads/Roboflow/Data/downloads/roboflow_broiler_detection/train/images/16_jpg.rf.a2baf17db4c3bf9d2035fd1ad117e92a.jpg,../../Data/downloads/Roboflow/Data/downloads/roboflow_broiler_detection/train/labels/16_jpg.rf.a2baf17db4c3bf9d2035fd1ad117e92a.txt,16,train,train,2,2
../../Data/downloads/Roboflow/Data/downloads/roboflow_broiler_detection/train/images/16_jpg.rf.c33a1848636590f353a29f27193079de.jpg,../../Data/downloads/Roboflow/Data/downloads/roboflow_broiler_detection/train/labels/16_jpg.rf.c33a1848636590f353a29f27193079de.txt,16,train,train,2,2
../../Data/downloads/Roboflow/Data/downloads/roboflow_broiler_detection/train/images/17_jpg.rf.191a426523ea582d1e8186c96a2309f9.jpg,../../Data/downloads/Roboflow/Data/downloads/roboflow_broiler_detection/train/labels/17_jpg.rf.191a426523ea582d1e8186c96a2309f9.txt,17,train,test,3,3
../../Data/downloads/Roboflow/Data/downloads/roboflow_broiler_detection/train/images/17_jpg.rf.67353e49e5996c323d3f5ebef5d0c7ae.jpg,../../Data/downloads/Roboflow/Data/downloads/roboflow_broiler_detection/train/labels/17_jpg.rf.67353e49e5996c323d3f5ebef5d0c7ae.txt,17,train,test,3,3
../../Data/downloads/Roboflow/Data/downloads/roboflow_broiler_detection/train/images/17_jpg.rf.97c1215b770b2c2e15402847bc079f9e.jpg,../../Data/downloads/Roboflow/Data/downloads/roboflow_broiler_detection/train/labels/17_jpg.rf.97c1215b770b2c2e15402847bc079f9e.txt,17,train,test,3,3
../../Data/downloads/Roboflow/Data/downloads/roboflow_broiler_detection/train/images/18_jpg.rf.3b242aba6eb0b01f6e83a6f3fa5c02b7.jpg,../../Data/downloads/Roboflow/Data/downloads/roboflow_broiler_detection/train/labels/18_jpg.rf.3b242aba6eb0b01f6e83a6f3fa5c02b7.txt,18,train,train,1,1
../../Data/downloads/Roboflow/Data/downloads/roboflow_broiler_detection/train/images/18_jpg.rf.c8c9be2786db1acbd90392d21956b8a5.jpg,../../Data/downloads/Roboflow/Data/downloads/roboflow_broiler_detection/train/labels/18_jpg.rf.c8c9be2786db1acbd90392d21956b8a5.txt,18,train,train,1,1
../../Data/downloads/Roboflow/Data/downloads/roboflow_broiler_detection/train/images/18_jpg.rf.d4989b2dfafdba0a12602e581cb7364f.jpg,../../Data/downloads/Roboflow/Data/downloads/roboflow_broiler_detection/train/labels/18_jpg.rf.d4989b2dfafdba0a12602e581cb7364f.txt,18,train,train,1,1
../../Data/downloads/Roboflow/Data/downloads/roboflow_broiler_detection/train/images/19_jpg.rf.40add28d844aca4eae9c8e5de6539104.jpg,../../Data/downloads/Roboflow/Data/downloads/roboflow_broiler_detection/train/labels/19_jpg.rf.40add28d844aca4eae9c8e5de6539104.txt,19,train,train,4,4
../../Data/downloads/Roboflow/Data/downloads/roboflow_broiler_detection/train/images/19_jpg.rf.4564191a89e662d357079488762c074e.jpg,../../Data/downloads/Roboflow/Data/downloads/roboflow_broiler_detection/train/labels/19_jpg.rf.4564191a89e662d357079488762c074e.txt,19,train,train,4,4
../../Data/downloads/Roboflow/Data/downloads/roboflow_broiler_detection/train/images/19_jpg.rf.d5d1aa6b21423edd616649fc8f5c88f5.jpg,../../Data/downloads/Roboflow/Data/downloads/roboflow_broiler_detection/train/labels/19_jpg.rf.d5d1aa6b21423edd616649fc8f5c88f5.txt,19,train,train,4,4
../../Data/downloads/Roboflow/Data/downloads/roboflow_broiler_detection/train/images/20_jpg.rf.35e0fe25c09ba2f16c5b358b5925cfdf.jpg,../../Data/downloads/Roboflow/Data/downloads/roboflow_broiler_detection/train/labels/20_jpg.rf.35e0fe25c09ba2f16c5b358b5925cfdf.txt,20,train,train,8,8
../../Data/downloads/Roboflow/Data/downloads/roboflow_broiler_detection/train/images/20_jpg.rf.98471dab36529b99dcb6664c54691033.jpg,../../Data/downloads/Roboflow/Data/downloads/roboflow_broiler_detection/train/labels/20_jpg.rf.98471dab36529b99dcb6664c54691033.txt,20,train,train,8,8
../../Data/downloads/Roboflow/Data/downloads/roboflow_broiler_detection/train/images/20_jpg.rf.bfcb5c9c8fe19e255b439f1307a68f21.jpg,../../Data/downloads/Roboflow/Data/downloads/roboflow_broiler_detection/train/labels/20_jpg.rf.bfcb5c9c8fe19e255b439f1307a68f21.txt,20,train,train,8,8
../../Data/downloads/Roboflow/Data/downloads/roboflow_broiler_detection/train/images/21_jpg.rf.440689f00615e7cefa7eae54a6e590db.jpg,../../Data/downloads/Roboflow/Data/downloads/roboflow_broiler_detection/train/labels/21_jpg.rf.440689f00615e7cefa7eae54a6e590db.txt,21,train,test,5,5
../../Data/downloads/Roboflow/Data/downloads/roboflow_broiler_detection/train/images/21_jpg.rf.a4838e6b2f8ae3789cc51029c41d5308.jpg,../../Data/downloads/Roboflow/Data/downloads/roboflow_broiler_detection/train/labels/21_jpg.rf.a4838e6b2f8ae3789cc51029c41d5308.txt,21,train,test,5,5
../../Data/downloads/Roboflow/Data/downloads/roboflow_broiler_detection/train/images/21_jpg.rf.e74ab1390fe1da1c21c5da5a771b6870.jpg,../../Data/downloads/Roboflow/Data/downloads/roboflow_broiler_detection/train/labels/21_jpg.rf.e74ab1390fe1da1c21c5da5a771b6870.txt,21,train,test,5,5
../../Data/downloads/Roboflow/Data/downloads/roboflow_broiler_detection/train/images/22_jpg.rf.16c4f73871ab0f28187f1c22b0bbe6ca.jpg,../../Data/downloads/Roboflow/Data/downloads/roboflow_broiler_detection/train/labels/22_jpg.rf.16c4f73871ab0f28187f1c22b0bbe6ca.txt,22,train,val,2,2
../../Data/downloads/Roboflow/Data/downloads/roboflow_broiler_detection/train/images/22_jpg.rf.2a3e52ccb19475cf55d65965911fc11b.jpg,../../Data/downloads/Roboflow/Data/downloads/roboflow_broiler_detection/train/labels/22_jpg.rf.2a3e52ccb19475cf55d65965911fc11b.txt,22,train,val,2,2
../../Data/downloads/Roboflow/Data/downloads/roboflow_broiler_detection/train/images/22_jpg.rf.72fa89d6f967eeec4d5d246e37faf2f7.jpg,../../Data/downloads/Roboflow/Data/downloads/roboflow_broiler_detection/train/labels/22_jpg.rf.72fa89d6f967eeec4d5d246e37faf2f7.txt,22,train,val,2,2
../../Data/downloads/Roboflow/Data/downloads/roboflow_broiler_detection/train/images/23_jpg.rf.2a9b57a5407ba21067d14772eab75e56.jpg,../../Data/downloads/Roboflow/Data/downloads/roboflow_broiler_detection/train/labels/23_jpg.rf.2a9b57a5407ba21067d14772eab75e56.txt,23,train,train,4,4
../../Data/downloads/Roboflow/Data/downloads/roboflow_broiler_detection/train/images/23_jpg.rf.2e5f78a00130c680dd399b7767c4e8af.jpg,../../Data/downloads/Roboflow/Data/downloads/roboflow_broiler_detection/train/labels/23_jpg.rf.2e5f78a00130c680dd399b7767c4e8af.txt,23,train,train,4,4
../../Data/downloads/Roboflow/Data/downloads/roboflow_broiler_detection/train/images/23_jpg.rf.7bb78aa9ca80cf3d040d1ee1c5bdfe7d.jpg,../../Data/downloads/Roboflow/Data/downloads/roboflow_broiler_detection/train/labels/23_jpg.rf.7bb78aa9ca80cf3d040d1ee1c5bdfe7d.txt,23,train,train,4,4
../../Data/downloads/Roboflow/Data/downloads/roboflow_broiler_detection/train/images/24_png.rf.5e03e2ebf7f09d3e64c5804d727ecd0c.jpg,../../Data/downloads/Roboflow/Data/downloads/roboflow_broiler_detection/train/labels/24_png.rf.5e03e2ebf7f09d3e64c5804d727ecd0c.txt,24,train,val,8,8
../../Data/downloads/Roboflow/Data/downloads/roboflow_broiler_detection/train/images/24_png.rf.9edefac346ace5fd994e66c9ba47ec01.jpg,../../Data/downloads/Roboflow/Data/downloads/roboflow_broiler_detection/train/labels/24_png.rf.9edefac346ace5fd994e66c9ba47ec01.txt,24,train,val,8,8
../../Data/downloads/Roboflow/Data/downloads/roboflow_broiler_detection/train/images/24_png.rf.c6d9aae643c4774ef98ca787d6b7b49e.jpg,../../Data/downloads/Roboflow/Data/downloads/roboflow_broiler_detection/train/labels/24_png.rf.c6d9aae643c4774ef98ca787d6b7b49e.txt,24,train,val,8,8
../../Data/downloads/Roboflow/Data/downloads/roboflow_broiler_detection/train/images/25_jpeg.rf.15afd4cccaa964edb7bb9fb141a608ed.jpg,../../Data/downloads/Roboflow/Data/downloads/roboflow_broiler_detection/train/labels/25_jpeg.rf.15afd4cccaa964edb7bb9fb141a608ed.txt,25,train,val,2,2
../../Data/downloads/Roboflow/Data/downloads/roboflow_broiler_detection/train/images/25_jpeg.rf.6d748e2553049a0c0d000755b657426c.jpg,../../Data/downloads/Roboflow/Data/downloads/roboflow_broiler_detection/train/labels/25_jpeg.rf.6d748e2553049a0c0d000755b657426c.txt,25,train,val,2,2
../../Data/downloads/Roboflow/Data/downloads/roboflow_broiler_detection/train/images/25_jpeg.rf.dc4e0f834c23c10152355666e1c50c20.jpg,../../Data/downloads/Roboflow/Data/downloads/roboflow_broiler_detection/train/labels/25_jpeg.rf.dc4e0f834c23c10152355666e1c50c20.txt,25,train,val,2,2
../../Data/downloads/Roboflow/Data/downloads/roboflow_broiler_detection/train/images/27_jpeg.rf.426504b02e5f0169aa9672ad83e55ba7.jpg,../../Data/downloads/Roboflow/Data/downloads/roboflow_broiler_detection/train/labels/27_jpeg.rf.426504b02e5f0169aa9672ad83e55ba7.txt,27,train,train,9,9
../../Data/downloads/Roboflow/Data/downloads/roboflow_broiler_detection/train/images/27_jpeg.rf.817cfaac74ab13bc5e221061a7fe7728.jpg,../../Data/downloads/Roboflow/Data/downloads/roboflow_broiler_detection/train/labels/27_jpeg.rf.817cfaac74ab13bc5e221061a7fe7728.txt,27,train,train,9,9
../../Data/downloads/Roboflow/Data/downloads/roboflow_broiler_detection/train/images/27_jpeg.rf.c193246670b4f1a95ac777b9046476a4.jpg,../../Data/downloads/Roboflow/Data/downloads/roboflow_broiler_detection/train/labels/27_jpeg.rf.c193246670b4f1a95ac777b9046476a4.txt,27,train,train,9,9
../../Data/downloads/Roboflow/Data/downloads/roboflow_broiler_detection/train/images/28_jpeg.rf.702918bb9357d71e3f0b9d79c952beeb.jpg,../../Data/downloads/Roboflow/Data/downloads/roboflow_broiler_detection/train/labels/28_jpeg.rf.702918bb9357d71e3f0b9d79c952beeb.txt,28,train,train,5,5
../../Data/downloads/Roboflow/Data/downloads/roboflow_broiler_detection/train/images/28_jpeg.rf.93a5999cf92571795796b211df68664c.jpg,../../Data/downloads/Roboflow/Data/downloads/roboflow_broiler_detection/train/labels/28_jpeg.rf.93a5999cf92571795796b211df68664c.txt,28,train,train,5,5
../../Data/downloads/Roboflow/Data/downloads/roboflow_broiler_detection/train/images/28_jpeg.rf.d2eaa0155bbcc9e4d0fc9e73cea4b085.jpg,../../Data/downloads/Roboflow/Data/downloads/roboflow_broiler_detection/train/labels/28_jpeg.rf.d2eaa0155bbcc9e4d0fc9e73cea4b085.txt,28,train,train,5,5
../../Data/downloads/Roboflow/Data/downloads/roboflow_broiler_detection/train/images/29_png.rf.68198e33fb556148176892704a6cf7d8.jpg,../../Data/downloads/Roboflow/Data/downloads/roboflow_broiler_detection/train/labels/29_png.rf.68198e33fb556148176892704a6cf7d8.txt,29,train,train,1,1
../../Data/downloads/Roboflow/Data/downloads/roboflow_broiler_detection/train/images/29_png.rf.eb14ee48c3fbdfe057baf8942c3bfd81.jpg,../../Data/downloads/Roboflow/Data/downloads/roboflow_broiler_detection/train/labels/29_png.rf.eb14ee48c3fbdfe057baf8942c3bfd81.txt,29,train,train,1,1
../../Data/downloads/Roboflow/Data/downloads/roboflow_broiler_detection/train/images/29_png.rf.edaa1171d9b731d2342a737be4ce43fb.jpg,../../Data/downloads/Roboflow/Data/downloads/roboflow_broiler_detection/train/labels/29_png.rf.edaa1171d9b731d2342a737be4ce43fb.txt,29,train,train,1,1
../../Data/downloads/Roboflow/Data/downloads/roboflow_broiler_detection/train/images/30_jpeg.rf.49ef24397d451f7d1b899c96b536ad4d.jpg,../../Data/downloads/Roboflow/Data/downloads/roboflow_broiler_detection/train/labels/30_jpeg.rf.49ef24397d451f7d1b899c96b536ad4d.txt,30,train,train,2,2
../../Data/downloads/Roboflow/Data/downloads/roboflow_broiler_detection/train/images/30_jpeg.rf.7b81e622838ad6ea830494f913906fc2.jpg,../../Data/downloads/Roboflow/Data/downloads/roboflow_broiler_detection/train/labels/30_jpeg.rf.7b81e622838ad6ea830494f913906fc2.txt,30,train,train,2,2
../../Data/downloads/Roboflow/Data/downloads/roboflow_broiler_detection/train/images/30_jpeg.rf.e746b866c556ac0ea1a61e2a3b0241d5.jpg,../../Data/downloads/Roboflow/Data/downloads/roboflow_broiler_detection/train/labels/30_jpeg.rf.e746b866c556ac0ea1a61e2a3b0241d5.txt,30,train,train,2,2
../../Data/downloads/Roboflow/Data/downloads/roboflow_broiler_detection/train/images/31_jpeg.rf.295e4fce7b146bf131a48b7cf4097c2c.jpg,../../Data/downloads/Roboflow/Data/downloads/roboflow_broiler_detection/train/labels/31_jpeg.rf.295e4fce7b146bf131a48b7cf4097c2c.txt,31,train,val,2,2
../../Data/downloads/Roboflow/Data/downloads/roboflow_broiler_detection/train/images/31_jpeg.rf.2b5df577522305c1375b8a3069eeb230.jpg,../../Data/downloads/Roboflow/Data/downloads/roboflow_broiler_detection/train/labels/31_jpeg.rf.2b5df577522305c1375b8a3069eeb230.txt,31,train,val,2,2
../../Data/downloads/Roboflow/Data/downloads/roboflow_broiler_detection/train/images/31_jpeg.rf.3ed6fd37cba0a3020727844754e0175a.jpg,../../Data/downloads/Roboflow/Data/downloads/roboflow_broiler_detection/train/labels/31_jpeg.rf.3ed6fd37cba0a3020727844754e0175a.txt,31,train,val,2,2
../../Data/downloads/Roboflow/Data/downloads/roboflow_broiler_detection/train/images/32_jpeg.rf.3f93d4f7e102b76195bbca0365c645b0.jpg,../../Data/downloads/Roboflow/Data/downloads/roboflow_broiler_detection/train/labels/32_jpeg.rf.3f93d4f7e102b76195bbca0365c645b0.txt,32,train,train,1,1
../../Data/downloads/Roboflow/Data/downloads/roboflow_broiler_detection/train/images/32_jpeg.rf.726e170d168d2a041c7ea31c0bcb39ad.jpg,../../Data/downloads/Roboflow/Data/downloads/roboflow_broiler_detection/train/labels/32_jpeg.rf.726e170d168d2a041c7ea31c0bcb39ad.txt,32,train,train,1,1
../../Data/downloads/Roboflow/Data/downloads/roboflow_broiler_detection/train/images/32_jpeg.rf.d9678706cd9498794d1d7ce8d202b541.jpg,../../Data/downloads/Roboflow/Data/downloads/roboflow_broiler_detection/train/labels/32_jpeg.rf.d9678706cd9498794d1d7ce8d202b541.txt,32,train,train,1,1
../../Data/downloads/Roboflow/Data/downloads/roboflow_broiler_detection/train/images/34_jpeg.rf.a783bda1bad05be8d3022e964893fc2d.jpg,../../Data/downloads/Roboflow/Data/downloads/roboflow_broiler_detection/train/labels/34_jpeg.rf.a783bda1bad05be8d3022e964893fc2d.txt,34,train,train,2,2
../../Data/downloads/Roboflow/Data/downloads/roboflow_broiler_detection/train/images/34_jpeg.rf.c5cf3c2103b8b115389176a2976d7efd.jpg,../../Data/downloads/Roboflow/Data/downloads/roboflow_broiler_detection/train/labels/34_jpeg.rf.c5cf3c2103b8b115389176a2976d7efd.txt,34,train,train,2,2
../../Data/downloads/Roboflow/Data/downloads/roboflow_broiler_detection/train/images/34_jpeg.rf.c9a383650ca1527049ee0e8c917d553c.jpg,../../Data/downloads/Roboflow/Data/downloads/roboflow_broiler_detection/train/labels/34_jpeg.rf.c9a383650ca1527049ee0e8c917d553c.txt,34,train,train,2,2
../../Data/downloads/Roboflow/Data/downloads/roboflow_broiler_detection/train/images/35_jpeg.rf.03f27b411cc4a27a52cd286658ea5121.jpg,../../Data/downloads/Roboflow/Data/downloads/roboflow_broiler_detection/train/labels/35_jpeg.rf.03f27b411cc4a27a52cd286658ea5121.txt,35,train,train,1,1
../../Data/downloads/Roboflow/Data/downloads/roboflow_broiler_detection/train/images/35_jpeg.rf.8c40613564b8fb35a65539baaaad6011.jpg,../../Data/downloads/Roboflow/Data/downloads/roboflow_broiler_detection/train/labels/35_jpeg.rf.8c40613564b8fb35a65539baaaad6011.txt,35,train,train,1,1
../../Data/downloads/Roboflow/Data/downloads/roboflow_broiler_detection/train/images/35_jpeg.rf.f64e5c35e7c8c79f572b9248f135739f.jpg,../../Data/downloads/Roboflow/Data/downloads/roboflow_broiler_detection/train/labels/35_jpeg.rf.f64e5c35e7c8c79f572b9248f135739f.txt,35,train,train,1,1
../../Data/downloads/Roboflow/Data/downloads/roboflow_broiler_detection/train/images/36_jpeg.rf.4d9d13961d1df8bdd2c55ddcaf219b5e.jpg,../../Data/downloads/Roboflow/Data/downloads/roboflow_broiler_detection/train/labels/36_jpeg.rf.4d9d13961d1df8bdd2c55ddcaf219b5e.txt,36,train,test,1,1
../../Data/downloads/Roboflow/Data/downloads/roboflow_broiler_detection/train/images/36_jpeg.rf.8f09ffa20bc65f9235804bd223076635.jpg,../../Data/downloads/Roboflow/Data/downloads/roboflow_broiler_detection/train/labels/36_jpeg.rf.8f09ffa20bc65f9235804bd223076635.txt,36,train,test,1,1
../../Data/downloads/Roboflow/Data/downloads/roboflow_broiler_detection/train/images/36_jpeg.rf.c2b198ad8ace4637a4a35c02901c7c43.jpg,../../Data/downloads/Roboflow/Data/downloads/roboflow_broiler_detection/train/labels/36_jpeg.rf.c2b198ad8ace4637a4a35c02901c7c43.txt,36,train,test,1,1
../../Data/downloads/Roboflow/Data/downloads/roboflow_broiler_detection/train/images/37_jpeg.rf.3055d4f7f512571692f7eb9a45700479.jpg,../../Data/downloads/Roboflow/Data/downloads/roboflow_broiler_detection/train/labels/37_jpeg.rf.3055d4f7f512571692f7eb9a45700479.txt,37,train,train,1,1
../../Data/downloads/Roboflow/Data/downloads/roboflow_broiler_detection/train/images/37_jpeg.rf.d0af8351da0b2d3b202324b04f523049.jpg,../../Data/downloads/Roboflow/Data/downloads/roboflow_broiler_detection/train/labels/37_jpeg.rf.d0af8351da0b2d3b202324b04f523049.txt,37,train,train,1,1
../../Data/downloads/Roboflow/Data/downloads/roboflow_broiler_detection/train/images/37_jpeg.rf.fcbf171d8360f35a346f72aa60017c25.jpg,../../Data/downloads/Roboflow/Data/downloads/roboflow_broiler_detection/train/labels/37_jpeg.rf.fcbf171d8360f35a346f72aa60017c25.txt,37,train,train,1,1
../../Data/downloads/Roboflow/Data/downloads/roboflow_broiler_detection/train/images/39_jpg.rf.31cc2b510b5c135b1deef2152f072011.jpg,../../Data/downloads/Roboflow/Data/downloads/roboflow_broiler_detection/train/labels/39_jpg.rf.31cc2b510b5c135b1deef2152f072011.txt,39,train,train,1,1
../../Data/downloads/Roboflow/Data/downloads/roboflow_broiler_detection/train/images/39_jpg.rf.333c8fe77085d21cd2c5c0ad400cdf05.jpg,../../Data/downloads/Roboflow/Data/downloads/roboflow_broiler_detection/train/labels/39_jpg.rf.333c8fe77085d21cd2c5c0ad400cdf05.txt,39,train,train,1,1
../../Data/downloads/Roboflow/Data/downloads/roboflow_broiler_detection/train/images/39_jpg.rf.dacedf0008e70c411d63b14993e55a2d.jpg,../../Data/downloads/Roboflow/Data/downloads/roboflow_broiler_detection/train/labels/39_jpg.rf.dacedf0008e70c411d63b14993e55a2d.txt,39,train,train,1,1
../../Data/downloads/Roboflow/Data/downloads/roboflow_broiler_detection/train/images/40_jpg.rf.0cc5829b9c0106b9b3cd0fd730fa7034.jpg,../../Data/downloads/Roboflow/Data/downloads/roboflow_broiler_detection/train/labels/40_jpg.rf.0cc5829b9c0106b9b3cd0fd730fa7034.txt,40,train,train,3,3
../../Data/downloads/Roboflow/Data/downloads/roboflow_broiler_detection/train/images/40_jpg.rf.82225094a788d0f90bec06de8e895a3e.jpg,../../Data/downloads/Roboflow/Data/downloads/roboflow_broiler_detection/train/labels/40_jpg.rf.82225094a788d0f90bec06de8e895a3e.txt,40,train,train,3,3
../../Data/downloads/Roboflow/Data/downloads/roboflow_broiler_detection/train/images/40_jpg.rf.a39063777d09d9563e83a5814ddc56d8.jpg,../../Data/downloads/Roboflow/Data/downloads/roboflow_broiler_detection/train/labels/40_jpg.rf.a39063777d09d9563e83a5814ddc56d8.txt,40,train,train,3,3
../../Data/downloads/Roboflow/Data/downloads/roboflow_broiler_detection/train/images/41_jpg.rf.00f286ec7d4a3787f095e8d3ba4ec3fb.jpg,../../Data/downloads/Roboflow/Data/downloads/roboflow_broiler_detection/train/labels/41_jpg.rf.00f286ec7d4a3787f095e8d3ba4ec3fb.txt,41,train,train,2,2
../../Data/downloads/Roboflow/Data/downloads/roboflow_broiler_detection/train/images/41_jpg.rf.3756a5660e1128d15ae3b843c8d03302.jpg,../../Data/downloads/Roboflow/Data/downloads/roboflow_broiler_detection/train/labels/41_jpg.rf.3756a5660e1128d15ae3b843c8d03302.txt,41,train,train,2,2
../../Data/downloads/Roboflow/Data/downloads/roboflow_broiler_detection/train/images/41_jpg.rf.a73c67049883b424f4d8671dcf6abe1c.jpg,../../Data/downloads/Roboflow/Data/downloads/roboflow_broiler_detection/train/labels/41_jpg.rf.a73c67049883b424f4d8671dcf6abe1c.txt,41,train,train,2,2
../../Data/downloads/Roboflow/Data/downloads/roboflow_broiler_detection/train/images/42_jpg.rf.08103e147d6ed50f0189250366b990ce.jpg,../../Data/downloads/Roboflow/Data/downloads/roboflow_broiler_detection/train/labels/42_jpg.rf.08103e147d6ed50f0189250366b990ce.txt,42,train,train,4,4
../../Data/downloads/Roboflow/Data/downloads/roboflow_broiler_detection/train/images/42_jpg.rf.8d709d556804daae0d3d93d05300a039.jpg,../../Data/downloads/Roboflow/Data/downloads/roboflow_broiler_detection/train/labels/42_jpg.rf.8d709d556804daae0d3d93d05300a039.txt,42,train,train,4,4
../../Data/downloads/Roboflow/Data/downloads/roboflow_broiler_detection/train/images/42_jpg.rf.b11e8f40edb8700aa1e13c08b2121d28.jpg,../../Data/downloads/Roboflow/Data/downloads/roboflow_broiler_detection/train/labels/42_jpg.rf.b11e8f40edb8700aa1e13c08b2121d28.txt,42,train,train,4,4
../../Data/downloads/Roboflow/Data/downloads/roboflow_broiler_detection/train/images/4314019_img20161004113553_jpegd13c5e1aed7002eaaec9e1237bf85ad2_jpg.rf.1680645ab5358d2815d94f5faed18669.jpg,../../Data/downloads/Roboflow/Data/downloads/roboflow_broiler_detection/train/labels/4314019_img20161004113553_jpegd13c5e1aed7002eaaec9e1237bf85ad2_jpg.rf.1680645ab5358d2815d94f5faed18669.txt,4314019_img20161004113553_jpegd13c5e1aed7002eaaec9e1237bf85ad,train,train,7,7
../../Data/downloads/Roboflow/Data/downloads/roboflow_broiler_detection/train/images/4314019_img20161004113553_jpegd13c5e1aed7002eaaec9e1237bf85ad2_jpg.rf.2ab52621e4499ba6f99d97f6310778b8.jpg,../../Data/downloads/Roboflow/Data/downloads/roboflow_broiler_detection/train/labels/4314019_img20161004113553_jpegd13c5e1aed7002eaaec9e1237bf85ad2_jpg.rf.2ab52621e4499ba6f99d97f6310778b8.txt,4314019_img20161004113553_jpegd13c5e1aed7002eaaec9e1237bf85ad,train,train,7,7
../../Data/downloads/Roboflow/Data/downloads/roboflow_broiler_detection/train/images/4314019_img20161004113553_jpegd13c5e1aed7002eaaec9e1237bf85ad2_jpg.rf.648ecab5e8fdbcfe1ede87078824a399.jpg,../../Data/downloads/Roboflow/Data/downloads/roboflow_broiler_detection/train/labels/4314019_img20161004113553_jpegd13c5e1aed7002eaaec9e1237bf85ad2_jpg.rf.648ecab5e8fdbcfe1ede87078824a399.txt,4314019_img20161004113553_jpegd13c5e1aed7002eaaec9e1237bf85ad,train,train,7,7
../../Data/downloads/Roboflow/Data/downloads/roboflow_broiler_detection/train/images/4314021_img20161004113519_jpegbf5d0a845ac8a9756e84b0b5a0f20a35_jpg.rf.44c707157cc82f68abf545d1dfb745f6.jpg,../../Data/downloads/Roboflow/Data/downloads/roboflow_broiler_detection/train/labels/4314021_img20161004113519_jpegbf5d0a845ac8a9756e84b0b5a0f20a35_jpg.rf.44c707157cc82f68abf545d1dfb745f6.txt,4314021_img20161004113519_jpegbf5d0a845ac8a9756e84b0b5a0f20a,train,train,27,27
../../Data/downloads/Roboflow/Data/downloads/roboflow_broiler_detection/train/images/4314021_img20161004113519_jpegbf5d0a845ac8a9756e84b0b5a0f20a35_jpg.rf.51a04b87ec28f6090063abbb812571a8.jpg,../../Data/downloads/Roboflow/Data/downloads/roboflow_broiler_detection/train/labels/4314021_img20161004113519_jpegbf5d0a845ac8a9756e84b0b5a0f20a35_jpg.rf.51a04b87ec28f6090063abbb812571a8.txt,4314021_img20161004113519_jpegbf5d0a845ac8a9756e84b0b5a0f20a,train,train,27,27
../../Data/downloads/Roboflow/Data/downloads/roboflow_broiler_detection/train/images/4314021_img20161004113519_jpegbf5d0a845ac8a9756e84b0b5a0f20a35_jpg.rf.6bff801ce8c00330df1b322586375f0b.jpg,../../Data/downloads/Roboflow/Data/downloads/roboflow_broiler_detection/train/labels/4314021_img20161004113519_jpegbf5d0a845ac8a9756e84b0b5a0f20a35_jpg.rf.6bff801ce8c00330df1b322586375f0b.txt,4314021_img20161004113519_jpegbf5d0a845ac8a9756e84b0b5a0f20a,train,train,27,27
../../Data/downloads/Roboflow/Data/downloads/roboflow_broiler_detection/train/images/43_jpg.rf.0deffd527a32e29be3faade3ea2087dd.jpg,../../Data/downloads/Roboflow/Data/downloads/roboflow_broiler_detection/train/labels/43_jpg.rf.0deffd527a32e29be3faade3ea2087dd.txt,43,train,train,3,3
../../Data/downloads/Roboflow/Data/downloads/roboflow_broiler_detection/train/images/43_jpg.rf.85cee2713b64dfc2a803646267476c6a.jpg,../../Data/downloads/Roboflow/Data/downloads/roboflow_broiler_detection/train/labels/43_jpg.rf.85cee2713b64dfc2a803646267476c6a.txt,43,train,train,3,3
../../Data/downloads/Roboflow/Data/downloads/roboflow_broiler_detection/train/images/43_jpg.rf.fcd8304bb092a2812d767482e1d56bae.jpg,../../Data/downloads/Roboflow/Data/downloads/roboflow_broiler_detection/train/labels/43_jpg.rf.fcd8304bb092a2812d767482e1d56bae.txt,43,train,train,3,3
../../Data/downloads/Roboflow/Data/downloads/roboflow_broiler_detection/train/images/44_jpg.rf.8c8b345b64a56c439cf989062c5bed61.jpg,../../Data/downloads/Roboflow/Data/downloads/roboflow_broiler_detection/train/labels/44_jpg.rf.8c8b345b64a56c439cf989062c5bed61.txt,44,train,test,2,2
../../Data/downloads/Roboflow/Data/downloads/roboflow_broiler_detection/train/images/44_jpg.rf.94cc9baa9f73cb896e102f08ee6c2c60.jpg,../../Data/downloads/Roboflow/Data/downloads/roboflow_broiler_detection/train/labels/44_jpg.rf.94cc9baa9f73cb896e102f08ee6c2c60.txt,44,train,test,2,2
../../Data/downloads/Roboflow/Data/downloads/roboflow_broiler_detection/train/images/44_jpg.rf.c32435a11c6e6842173b267d1f5f1f90.jpg,../../Data/downloads/Roboflow/Data/downloads/roboflow_broiler_detection/train/labels/44_jpg.rf.c32435a11c6e6842173b267d1f5f1f90.txt,44,train,test,2,2
../../Data/downloads/Roboflow/Data/downloads/roboflow_broiler_detection/train/images/Broiler_pilic_jpg.rf.1084438689eb1759dd8a094a64ce7675.jpg,../../Data/downloads/Roboflow/Data/downloads/roboflow_broiler_detection/train/labels/Broiler_pilic_jpg.rf.1084438689eb1759dd8a094a64ce7675.txt,Broiler_pilic,train,train,2,2
../../Data/downloads/Roboflow/Data/downloads/roboflow_broiler_detection/train/images/Broiler_pilic_jpg.rf.3599a4b4273425835bcfc023278d2f9f.jpg,../../Data/downloads/Roboflow/Data/downloads/roboflow_broiler_detection/train/labels/Broiler_pilic_jpg.rf.3599a4b4273425835bcfc023278d2f9f.txt,Broiler_pilic,train,train,2,2
../../Data/downloads/Roboflow/Data/downloads/roboflow_broiler_detection/train/images/Broiler_pilic_jpg.rf.51c8adec6a6d59f94469d2af8572855e.jpg,../../Data/downloads/Roboflow/Data/downloads/roboflow_broiler_detection/train/labels/Broiler_pilic_jpg.rf.51c8adec6a6d59f94469d2af8572855e.txt,Broiler_pilic,train,train,2,2
../../Data/downloads/Roboflow/Data/downloads/roboflow_broiler_detection/train/images/Chikens_jpg.rf.5b0a593701a001cedc562e58044bc354.jpg,../../Data/downloads/Roboflow/Data/downloads/roboflow_broiler_detection/train/labels/Chikens_jpg.rf.5b0a593701a001cedc562e58044bc354.txt,Chikens,train,train,2,2
../../Data/downloads/Roboflow/Data/downloads/roboflow_broiler_detection/train/images/Chikens_jpg.rf.6cdf2a7e3f37c082460bf2159c723f23.jpg,../../Data/downloads/Roboflow/Data/downloads/roboflow_broiler_detection/train/labels/Chikens_jpg.rf.6cdf2a7e3f37c082460bf2159c723f23.txt,Chikens,train,train,2,2
../../Data/downloads/Roboflow/Data/downloads/roboflow_broiler_detection/train/images/Chikens_jpg.rf.a50c886b0b16140845b17e8a8889848a.jpg,../../Data/downloads/Roboflow/Data/downloads/roboflow_broiler_detection/train/labels/Chikens_jpg.rf.a50c886b0b16140845b17e8a8889848a.txt,Chikens,train,train,2,2
../../Data/downloads/Roboflow/Data/downloads/roboflow_broiler_detection/train/images/Cornish-cross-2_jpg.rf.b3b9c2f4a698a070a564ac6a4268b840.jpg,../../Data/downloads/Roboflow/Data/downloads/roboflow_broiler_detection/train/labels/Cornish-cross-2_jpg.rf.b3b9c2f4a698a070a564ac6a4268b840.txt,Cornish-cross,train,train,2,2
../../Data/downloads/Roboflow/Data/downloads/roboflow_broiler_detection/train/images/Cornish-cross-2_jpg.rf.b6df6d3a08ff53ade6f23d05c863c730.jpg,../../Data/downloads/Roboflow/Data/downloads/roboflow_broiler_detection/train/labels/Cornish-cross-2_jpg.rf.b6df6d3a08ff53ade6f23d05c863c730.txt,Cornish-cross,train,train,2,2
../../Data/downloads/Roboflow/Data/downloads/roboflow_broiler_detection/train/images/Cornish-cross-2_jpg.rf.cbc9130bd9cdf420cc325284922831b1.jpg,../../Data/downloads/Roboflow/Data/downloads/roboflow_broiler_detection/train/labels/Cornish-cross-2_jpg.rf.cbc9130bd9cdf420cc325284922831b1.txt,Cornish-cross,train,train,2,2
../../Data/downloads/Roboflow/Data/downloads/roboflow_broiler_detection/train/images/Huddle-at-ndv-350x450_jpg.rf.11dfada7caee737948a043240349d7cd.jpg,../../Data/downloads/Roboflow/Data/downloads/roboflow_broiler_detection/train/labels/Huddle-at-ndv-350x450_jpg.rf.11dfada7caee737948a043240349d7cd.txt,Huddle-at-ndv-350x,train,val,4,4
../../Data/downloads/Roboflow/Data/downloads/roboflow_broiler_detection/train/images/Huddle-at-ndv-350x450_jpg.rf.83f224819cbb66b963c58dd831ab5d6f.jpg,../../Data/downloads/Roboflow/Data/downloads/roboflow_broiler_detection/train/labels/Huddle-at-ndv-350x450_jpg.rf.83f224819cbb66b963c58dd831ab5d6f.txt,Huddle-at-ndv-350x,train,val,4,4
../../Data/downloads/Roboflow/Data/downloads/roboflow_broiler_detection/train/images/Huddle-at-ndv-350x450_jpg.rf.e8c2fc8c9800dcd34768cf79d8c4a0b0.jpg,../../Data/downloads/Roboflow/Data/downloads/roboflow_broiler_detection/train/labels/Huddle-at-ndv-350x450_jpg.rf.e8c2fc8c9800dcd34768cf79d8c4a0b0.txt,Huddle-at-ndv-350x,train,val,4,4
../../Data/downloads/Roboflow/Data/downloads/roboflow_broiler_detection/train/images/IMG_7072-1024x683-jpg_jpg.rf.1aacea8178e9dcda9b05f45c71ba1ab9.jpg,../../Data/downloads/Roboflow/Data/downloads/roboflow_broiler_detection/train/labels/IMG_7072-1024x683-jpg_jpg.rf.1aacea8178e9dcda9b05f45c71ba1ab9.txt,IMG_7072-1024x683-jpg,train,train,4,4
../../Data/downloads/Roboflow/Data/downloads/roboflow_broiler_detection/train/images/IMG_7072-1024x683-jpg_jpg.rf.4db391bf7d336dd659d47aff48264c70.jpg,../../Data/downloads/Roboflow/Data/downloads/roboflow_broiler_detection/train/labels/IMG_7072-1024x683-jpg_jpg.rf.4db391bf7d336dd659d47aff48264c70.txt,IMG_7072-1024x683-jpg,train,train,4,4
../../Data/downloads/Roboflow/Data/downloads/roboflow_broiler_detection/train/images/IMG_7072-1024x683-jpg_jpg.rf.fdfa8024f441d77741a0e1b5c3d6247c.jpg,../../Data/downloads/Roboflow/Data/downloads/roboflow_broiler_detection/train/labels/IMG_7072-1024x683-jpg_jpg.rf.fdfa8024f441d77741a0e1b5c3d6247c.txt,IMG_7072-1024x683-jpg,train,train,4,4
../../Data/downloads/Roboflow/Data/downloads/roboflow_broiler_detection/train/images/Nerwcastle-disease-symptoms_jpg.rf.07e680156601e468d50b7948247a6733.jpg,../../Data/downloads/Roboflow/Data/downloads/roboflow_broiler_detection/train/labels/Nerwcastle-disease-symptoms_jpg.rf.07e680156601e468d50b7948247a6733.txt,Nerwcastle-disease-symptoms,train,train,1,1
../../Data/downloads/Roboflow/Data/downloads/roboflow_broiler_detection/train/images/Nerwcastle-disease-symptoms_jpg.rf.86beb04ffb8e45cae9eb4aadd9fb24aa.jpg,../../Data/downloads/Roboflow/Data/downloads/roboflow_broiler_detection/train/labels/Nerwcastle-disease-symptoms_jpg.rf.86beb04ffb8e45cae9eb4aadd9fb24aa.txt,Nerwcastle-disease-symptoms,train,train,1,1
../../Data/downloads/Roboflow/Data/downloads/roboflow_broiler_detection/train/images/Nerwcastle-disease-symptoms_jpg.rf.a3ce9f1088bf2654b9825c7ce9b5150f.jpg,../../Data/downloads/Roboflow/Data/downloads/roboflow_broiler_detection/train/labels/Nerwcastle-disease-symptoms_jpg.rf.a3ce9f1088bf2654b9825c7ce9b5150f.txt,Nerwcastle-disease-symptoms,train,train,1,1
../../Data/downloads/Roboflow/Data/downloads/roboflow_broiler_detection/train/images/SICKCHICKEN-1024x0-c-default_jpg.rf.06ac7e5844fb5d3f12d6e228d2bf1826.jpg,../../Data/downloads/Roboflow/Data/downloads/roboflow_broiler_detection/train/labels/SICKCHICKEN-1024x0-c-default_jpg.rf.06ac7e5844fb5d3f12d6e228d2bf1826.txt,SICKCHICKEN-1024x0-c-default,train,train,2,2
../../Data/downloads/Roboflow/Data/downloads/roboflow_broiler_detection/train/images/SICKCHICKEN-1024x0-c-default_jpg.rf.1df83e31c4906879b89c6e25d466d013.jpg,../../Data/downloads/Roboflow/Data/downloads/roboflow_broiler_detection/train/labels/SICKCHICKEN-1024x0-c-default_jpg.rf.1df83e31c4906879b89c6e25d466d013.txt,SICKCHICKEN-1024x0-c-default,train,train,2,2
../../Data/downloads/Roboflow/Data/downloads/roboflow_broiler_detection/train/images/SICKCHICKEN-1024x0-c-default_jpg.rf.d13714b6b12d9c45c40a64a8c5b675f6.jpg,../../Data/downloads/Roboflow/Data/downloads/roboflow_broiler_detection/train/labels/SICKCHICKEN-1024x0-c-default_jpg.rf.d13714b6b12d9c45c40a64a8c5b675f6.txt,SICKCHICKEN-1024x0-c-default,train,train,2,2
../../Data/downloads/Roboflow/Data/downloads/roboflow_broiler_detection/train/images/broiler-chicken-days-old-isolated-white-107069536_jpg.rf.6152ae583b025da285e5f7bbecf96a4f.jpg,../../Data/downloads/Roboflow/Data/downloads/roboflow_broiler_detection/train/labels/broiler-chicken-days-old-isolated-white-107069536_jpg.rf.6152ae583b025da285e5f7bbecf96a4f.txt,broiler-chicken-days-old-isolated-white,train,train,1,1
../../Data/downloads/Roboflow/Data/downloads/roboflow_broiler_detection/train/images/broiler-chicken-days-old-isolated-white-107069536_jpg.rf.b70231f4a6a239a52afbea14314f902d.jpg,../../Data/downloads/Roboflow/Data/downloads/roboflow_broiler_detection/train/labels/broiler-chicken-days-old-isolated-white-107069536_jpg.rf.b70231f4a6a239a52afbea14314f902d.txt,broiler-chicken-days-old-isolated-white,train,train,1,1
../../Data/downloads/Roboflow/Data/downloads/roboflow_broiler_detection/train/images/broiler-chicken-days-old-isolated-white-107069536_jpg.rf.ef616cfec8e6a26e6ece73f87174fe6e.jpg,../../Data/downloads/Roboflow/Data/downloads/roboflow_broiler_detection/train/labels/broiler-chicken-days-old-isolated-white-107069536_jpg.rf.ef616cfec8e6a26e6ece73f87174fe6e.txt,broiler-chicken-days-old-isolated-white,train,train,1,1
../../Data/downloads/Roboflow/Data/downloads/roboflow_broiler_detection/train/images/broiler-chicken-days-old-isolated-white-108736674_jpg.rf.037dc4bda64605a65adc2e8fdcc2ef28.jpg,../../Data/downloads/Roboflow/Data/downloads/roboflow_broiler_detection/train/labels/broiler-chicken-days-old-isolated-white-108736674_jpg.rf.037dc4bda64605a65adc2e8fdcc2ef28.txt,broiler-chicken-days-old-isolated-white,train,train,1,1
../../Data/downloads/Roboflow/Data/downloads/roboflow_broiler_detection/train/images/broiler-chicken-days-old-isolated-white-108736674_jpg.rf.08b24613ea29c38ca3395fc3972663b4.jpg,../../Data/downloads/Roboflow/Data/downloads/roboflow_broiler_detection/train/labels/broiler-chicken-days-old-isolated-white-108736674_jpg.rf.08b24613ea29c38ca3395fc3972663b4.txt,broiler-chicken-days-old-isolated-white,train,train,1,1
../../Data/downloads/Roboflow/Data/downloads/roboflow_broiler_detection/train/images/broiler-chicken-days-old-isolated-white-108736674_jpg.rf.bb7f953fe85d57c1cd0480d13d696167.jpg,../../Data/downloads/Roboflow/Data/downloads/roboflow_broiler_detection/train/labels/broiler-chicken-days-old-isolated-white-108736674_jpg.rf.bb7f953fe85d57c1cd0480d13d696167.txt,broiler-chicken-days-old-isolated-white,train,train,1,1
../../Data/downloads/Roboflow/Data/downloads/roboflow_broiler_detection/train/images/broiler-chicken-days-old-isolated-white-132140018_jpg.rf.0c6644f8d88f46f40d9234673b03b8cb.jpg,../../Data/downloads/Roboflow/Data/downloads/roboflow_broiler_detection/train/labels/broiler-chicken-days-old-isolated-white-132140018_jpg.rf.0c6644f8d88f46f40d9234673b03b8cb.txt,broiler-chicken-days-old-isolated-white,train,train,1,1
../../Data/downloads/Roboflow/Data/downloads/roboflow_broiler_detection/train/images/broiler-chicken-days-old-isolated-white-132140018_jpg.rf.94ef2281b6cd0aac72d76f2dc56d72a1.jpg,../../Data/downloads/Roboflow/Data/downloads/roboflow_broiler_detection/train/labels/broiler-chicken-days-old-isolated-white-132140018_jpg.rf.94ef2281b6cd0aac72d76f2dc56d72a1.txt,broiler-chicken-days-old-isolated-white,train,train,1,1
../../Data/downloads/Roboflow/Data/downloads/roboflow_broiler_detection/train/images/broiler-chicken-days-old-isolated-white-132140018_jpg.rf.cd39a794753fc2c2ff6c349325ca8a30.jpg,../../Data/downloads/Roboflow/Data/downloads/roboflow_broiler_detection/train/labels/broiler-chicken-days-old-isolated-white-132140018_jpg.rf.cd39a794753fc2c2ff6c349325ca8a30.txt,broiler-chicken-days-old-isolated-white,train,train,1,1
../../Data/downloads/Roboflow/Data/downloads/roboflow_broiler_detection/train/images/broiler-chickens-fed-diets-696x465_jpg.rf.2105be551e4252b39fb19d0510484b4d.jpg,../../Data/downloads/Roboflow/Data/downloads/roboflow_broiler_detection/train/labels/broiler-chickens-fed-diets-696x465_jpg.rf.2105be551e4252b39fb19d0510484b4d.txt,broiler-chickens-fed-diets-696x,train,train,1,1
../../Data/downloads/Roboflow/Data/downloads/roboflow_broiler_detection/train/images/broiler-chickens-fed-diets-696x465_jpg.rf.5dc683b0287d8ded77f788ce6637e0cb.jpg,../../Data/downloads/Roboflow/Data/downloads/roboflow_broiler_detection/train/labels/broiler-chickens-fed-diets-696x465_jpg.rf.5dc683b0287d8ded77f788ce6637e0cb.txt,broiler-chickens-fed-diets-696x,train,train,1,1
../../Data/downloads/Roboflow/Data/downloads/roboflow_broiler_detection/train/images/broiler-chickens-fed-diets-696x465_jpg.rf.d11d03638a61a2b599a53b7431fd6bcc.jpg,../../Data/downloads/Roboflow/Data/downloads/roboflow_broiler_detection/train/labels/broiler-chickens-fed-diets-696x465_jpg.rf.d11d03638a61a2b599a53b7431fd6bcc.txt,broiler-chickens-fed-diets-696x,train,train,1,1
../../Data/downloads/Roboflow/Data/downloads/roboflow_broiler_detection/train/images/download-1-_jpg.rf.00d7491fd2b2cedad0dbbdd2c14d8690.jpg,../../Data/downloads/Roboflow/Data/downloads/roboflow_broiler_detection/train/labels/download-1-_jpg.rf.00d7491fd2b2cedad0dbbdd2c14d8690.txt,download-1-,train,train,4,4
../../Data/downloads/Roboflow/Data/downloads/roboflow_broiler_detection/train/images/download-1-_jpg.rf.29162404ca0dfe765c3d01e63ce06e4a.jpg,../../Data/downloads/Roboflow/Data/downloads/roboflow_broiler_detection/train/labels/download-1-_jpg.rf.29162404ca0dfe765c3d01e63ce06e4a.txt,download-1-,train,train,4,4
../../Data/downloads/Roboflow/Data/downloads/roboflow_broiler_detection/train/images/download-1-_jpg.rf.f03acf6de466e85a19e425fff3da7095.jpg,../../Data/downloads/Roboflow/Data/downloads/roboflow_broiler_detection/train/labels/download-1-_jpg.rf.f03acf6de466e85a19e425fff3da7095.txt,download-1-,train,train,4,4
../../Data/downloads/Roboflow/Data/downloads/roboflow_broiler_detection/train/images/download-2-_jpg.rf.cba6c145de48f69e18d5510a016c93fa.jpg,../../Data/downloads/Roboflow/Data/downloads/roboflow_broiler_detection/train/labels/download-2-_jpg.rf.cba6c145de48f69e18d5510a016c93fa.txt,download-2-,train,train,4,4
../../Data/downloads/Roboflow/Data/downloads/roboflow_broiler_detection/train/images/download-2-_jpg.rf.dda7e61f5808c21128fa2f3f651ffb3b.jpg,../../Data/downloads/Roboflow/Data/downloads/roboflow_broiler_detection/train/labels/download-2-_jpg.rf.dda7e61f5808c21128fa2f3f651ffb3b.txt,download-2-,train,train,4,4
../../Data/downloads/Roboflow/Data/downloads/roboflow_broiler_detection/train/images/download-2-_jpg.rf.f4065a28df716fbc2569e1d3e182b52f.jpg,../../Data/downloads/Roboflow/Data/downloads/roboflow_broiler_detection/train/labels/download-2-_jpg.rf.f4065a28df716fbc2569e1d3e182b52f.txt,download-2-,train,train,4,4
../../Data/downloads/Roboflow/Data/downloads/roboflow_broiler_detection/train/images/download_jpg.rf.0151e47695436a647f7ecab8b4095061.jpg,../../Data/downloads/Roboflow/Data/downloads/roboflow_broiler_detection/train/labels/download_jpg.rf.0151e47695436a647f7ecab8b4095061.txt,download,train,train,2,2
../../Data/downloads/Roboflow/Data/downloads/roboflow_broiler_detection/train/images/download_jpg.rf.487ea01766f4d70dce2aac908d1c25d4.jpg,../../Data/downloads/Roboflow/Data/downloads/roboflow_broiler_detection/train/labels/download_jpg.rf.487ea01766f4d70dce2aac908d1c25d4.txt,download,train,train,2,2
../../Data/downloads/Roboflow/Data/downloads/roboflow_broiler_detection/train/images/download_jpg.rf.4970c3a8018a175002d077aac8e6b2c4.jpg,../../Data/downloads/Roboflow/Data/downloads/roboflow_broiler_detection/train/labels/download_jpg.rf.4970c3a8018a175002d077aac8e6b2c4.txt,download,train,train,2,2
../../Data/downloads/Roboflow/Data/downloads/roboflow_broiler_detection/train/images/hero_news_uk_moy_park_2020-1125x0-c-default_jpg.rf.8820b0e06ca60e7349325e84ec72a3e0.jpg,../../Data/downloads/Roboflow/Data/downloads/roboflow_broiler_detection/train/labels/hero_news_uk_moy_park_2020-1125x0-c-default_jpg.rf.8820b0e06ca60e7349325e84ec72a3e0.txt,hero_news_uk_moy_park_2020-1125x0-c-default,train,val,1,1
../../Data/downloads/Roboflow/Data/downloads/roboflow_broiler_detection/train/images/hero_news_uk_moy_park_2020-1125x0-c-default_jpg.rf.e4924af55d3cebe8b3428b8be401b686.jpg,../../Data/downloads/Roboflow/Data/downloads/roboflow_broiler_detection/train/labels/hero_news_uk_moy_park_2020-1125x0-c-default_jpg.rf.e4924af55d3cebe8b3428b8be401b686.txt,hero_news_uk_moy_park_2020-1125x0-c-default,train,val,1,1
../../Data/downloads/Roboflow/Data/downloads/roboflow_broiler_detection/train/images/hero_news_uk_moy_park_2020-1125x0-c-default_jpg.rf.ef33974e9cdae976b5e017bfadfdc61f.jpg,../../Data/downloads/Roboflow/Data/downloads/roboflow_broiler_detection/train/labels/hero_news_uk_moy_park_2020-1125x0-c-default_jpg.rf.ef33974e9cdae976b5e017bfadfdc61f.txt,hero_news_uk_moy_park_2020-1125x0-c-default,train,val,1,1
../../Data/downloads/Roboflow/Data/downloads/roboflow_broiler_detection/train/images/images-2-_jpg.rf.1378f5703a66064d0836f7c57a487880.jpg,../../Data/downloads/Roboflow/Data/downloads/roboflow_broiler_detection/train/labels/images-2-_jpg.rf.1378f5703a66064d0836f7c57a487880.txt,images-2-,train,train,2,2
../../Data/downloads/Roboflow/Data/downloads/roboflow_broiler_detection/train/images/images-2-_jpg.rf.29879a57481509ed316447c4170186a4.jpg,../../Data/downloads/Roboflow/Data/downloads/roboflow_broiler_detection/train/labels/images-2-_jpg.rf.29879a57481509ed316447c4170186a4.txt,images-2-,train,train,2,2
../../Data/downloads/Roboflow/Data/downloads/roboflow_broiler_detection/train/images/images-2-_jpg.rf.a4e5ab70e3eb7a4d6fef5cf1385d05f3.jpg,../../Data/downloads/Roboflow/Data/downloads/roboflow_broiler_detection/train/labels/images-2-_jpg.rf.a4e5ab70e3eb7a4d6fef5cf1385d05f3.txt,images-2-,train,train,2,2
../../Data/downloads/Roboflow/Data/downloads/roboflow_broiler_detection/train/images/indoor-chicken-farm-feeding-broiler-moult-168516732_jpg.rf.3ec388e0c5ff878752cd8f1e7ad48298.jpg,../../Data/downloads/Roboflow/Data/downloads/roboflow_broiler_detection/train/labels/indoor-chicken-farm-feeding-broiler-moult-168516732_jpg.rf.3ec388e0c5ff878752cd8f1e7ad48298.txt,indoor-chicken-farm-feeding-broiler-moult,train,train,5,5
../../Data/downloads/Roboflow/Data/downloads/roboflow_broiler_detection/train/images/indoor-chicken-farm-feeding-broiler-moult-168516732_jpg.rf.74ce368821fc303fae658cc937e0d15d.jpg,../../Data/downloads/Roboflow/Data/downloads/roboflow_broiler_detection/train/labels/indoor-chicken-farm-feeding-broiler-moult-168516732_jpg.rf.74ce368821fc303fae658cc937e0d15d.txt,indoor-chicken-farm-feeding-broiler-moult,train,train,5,5
../../Data/downloads/Roboflow/Data/downloads/roboflow_broiler_detection/train/images/indoor-chicken-farm-feeding-broiler-moult-168516732_jpg.rf.ee7afd7d63c704749d76be206da27f71.jpg,../../Data/downloads/Roboflow/Data/downloads/roboflow_broiler_detection/train/labels/indoor-chicken-farm-feeding-broiler-moult-168516732_jpg.rf.ee7afd7d63c704749d76be206da27f71.txt,indoor-chicken-farm-feeding-broiler-moult,train,train,5,5
../../Data/downloads/Roboflow/Data/downloads/roboflow_broiler_detection/train/images/istockphoto-1070475732-612x612_jpg.rf.36e2c215ca5308aa2c5d76a19ae8c15e.jpg,../../Data/downloads/Roboflow/Data/downloads/roboflow_broiler_detection/train/labels/istockphoto-1070475732-612x612_jpg.rf.36e2c215ca5308aa2c5d76a19ae8c15e.txt,istockphoto-1070475732-612x,train,train,1,1
../../Data/downloads/Roboflow/Data/downloads/roboflow_broiler_detection/train/images/istockphoto-1070475732-612x612_jpg.rf.5438e216c8f1e3130c7f2fe5b2e1104e.jpg,../../Data/downloads/Roboflow/Data/downloads/roboflow_broiler_detection/train/labels/istockphoto-1070475732-612x612_jpg.rf.5438e216c8f1e3130c7f2fe5b2e1104e.txt,istockphoto-1070475732-612x,train,train,1,1
../../Data/downloads/Roboflow/Data/downloads/roboflow_broiler_detection/train/images/istockphoto-1070475732-612x612_jpg.rf.aece3bcfcbcc2a9890c6b644f27e8966.jpg,../../Data/downloads/Roboflow/Data/downloads/roboflow_broiler_detection/train/labels/istockphoto-1070475732-612x612_jpg.rf.aece3bcfcbcc2a9890c6b644f27e8966.txt,istockphoto-1070475732-612x,train,train,1,1
../../Data/downloads/Roboflow/Data/downloads/roboflow_broiler_detection/train/images/istockphoto-1090966600-612x612_jpg.rf.943b4f366480c2119b6c9c31a9a8ee67.jpg,../../Data/downloads/Roboflow/Data/downloads/roboflow_broiler_detection/train/labels/istockphoto-1090966600-612x612_jpg.rf.943b4f366480c2119b6c9c31a9a8ee67.txt,istockphoto-1090966600-612x,train,test,4,4
../../Data/downloads/Roboflow/Data/downloads/roboflow_broiler_detection/train/images/istockphoto-1090966600-612x612_jpg.rf.9ea0f5277e5036593fcd6e69f440313b.jpg,../../Data/downloads/Roboflow/Data/downloads/roboflow_broiler_detection/train/labels/istockphoto-1090966600-612x612_jpg.rf.9ea0f5277e5036593fcd6e69f440313b.txt,istockphoto-1090966600-612x,train,test,4,4
../../Data/downloads/Roboflow/Data/downloads/roboflow_broiler_detection/train/images/istockphoto-1090966600-612x612_jpg.rf.de1fd7fd0388493a3c2a18b8a93c9344.jpg,../../Data/downloads/Roboflow/Data/downloads/roboflow_broiler_detection/train/labels/istockphoto-1090966600-612x612_jpg.rf.de1fd7fd0388493a3c2a18b8a93c9344.txt,istockphoto-1090966600-612x,train,test,4,4
../../Data/downloads/Roboflow/Data/downloads/roboflow_broiler_detection/train/images/istockphoto-1130464746-612x612_jpg.rf.03b4443cb06e77b7f949a828cb3c5233.jpg,../../Data/downloads/Roboflow/Data/downloads/roboflow_broiler_detection/train/labels/istockphoto-1130464746-612x612_jpg.rf.03b4443cb06e77b7f949a828cb3c5233.txt,istockphoto-1130464746-612x,train,train,2,2
../../Data/downloads/Roboflow/Data/downloads/roboflow_broiler_detection/train/images/istockphoto-1130464746-612x612_jpg.rf.282340b99f54c91cbacab485e0f484d7.jpg,../../Data/downloads/Roboflow/Data/downloads/roboflow_broiler_detection/train/labels/istockphoto-1130464746-612x612_jpg.rf.282340b99f54c91cbacab485e0f484d7.txt,istockphoto-1130464746-612x,train,train,2,2
../../Data/downloads/Roboflow/Data/downloads/roboflow_broiler_detection/train/images/istockphoto-1130464746-612x612_jpg.rf.6eefda16cca638ea585f19518c8bc89d.jpg,../../Data/downloads/Roboflow/Data/downloads/roboflow_broiler_detection/train/labels/istockphoto-1130464746-612x612_jpg.rf.6eefda16cca638ea585f19518c8bc89d.txt,istockphoto-1130464746-612x,train,train,2,2
../../Data/downloads/Roboflow/Data/downloads/roboflow_broiler_detection/train/images/istockphoto-1130464748-612x612_jpg.rf.2b0066fcf58c50f5531a6525833780fe.jpg,../../Data/downloads/Roboflow/Data/downloads/roboflow_broiler_detection/train/labels/istockphoto-1130464748-612x612_jpg.rf.2b0066fcf58c50f5531a6525833780fe.txt,istockphoto-1130464748-612x,train,train,1,1
../../Data/downloads/Roboflow/Data/downloads/roboflow_broiler_detection/train/images/istockphoto-1130464748-612x612_jpg.rf.76ab3afb769bcf855b1fb5bedcc778b2.jpg,../../Data/downloads/Roboflow/Data/downloads/roboflow_broiler_detection/train/labels/istockphoto-1130464748-612x612_jpg.rf.76ab3afb769bcf855b1fb5bedcc778b2.txt,istockphoto-1130464748-612x,train,train,1,1
../../Data/downloads/Roboflow/Data/downloads/roboflow_broiler_detection/train/images/istockphoto-1130464748-612x612_jpg.rf.d3417853b65baf04c03c4af0540e7cf8.jpg,../../Data/downloads/Roboflow/Data/downloads/roboflow_broiler_detection/train/labels/istockphoto-1130464748-612x612_jpg.rf.d3417853b65baf04c03c4af0540e7cf8.txt,istockphoto-1130464748-612x,train,train,1,1
../../Data/downloads/Roboflow/Data/downloads/roboflow_broiler_detection/train/images/istockphoto-1405988159-612x612_jpg.rf.74a4e835f59f1c8b6a774637e66bce20.jpg,../../Data/downloads/Roboflow/Data/downloads/roboflow_broiler_detection/train/labels/istockphoto-1405988159-612x612_jpg.rf.74a4e835f59f1c8b6a774637e66bce20.txt,istockphoto-1405988159-612x,train,train,1,1
../../Data/downloads/Roboflow/Data/downloads/roboflow_broiler_detection/train/images/istockphoto-1405988159-612x612_jpg.rf.bf9558a779034956c1e0ba6d0281294b.jpg,../../Data/downloads/Roboflow/Data/downloads/roboflow_broiler_detection/train/labels/istockphoto-1405988159-612x612_jpg.rf.bf9558a779034956c1e0ba6d0281294b.txt,istockphoto-1405988159-612x,train,train,1,1
../../Data/downloads/Roboflow/Data/downloads/roboflow_broiler_detection/train/images/istockphoto-1405988159-612x612_jpg.rf.cc2eb9d4208318287fe6006eeff5a0ac.jpg,../../Data/downloads/Roboflow/Data/downloads/roboflow_broiler_detection/train/labels/istockphoto-1405988159-612x612_jpg.rf.cc2eb9d4208318287fe6006eeff5a0ac.txt,istockphoto-1405988159-612x,train,train,1,1
../../Data/downloads/Roboflow/Data/downloads/roboflow_broiler_detection/train/images/istockphoto-1405988204-612x612_jpg.rf.c467a4dfe52eabd6a01d50d3c309760e.jpg,../../Data/downloads/Roboflow/Data/downloads/roboflow_broiler_detection/train/labels/istockphoto-1405988204-612x612_jpg.rf.c467a4dfe52eabd6a01d50d3c309760e.txt,istockphoto-1405988204-612x,train,train,1,1
../../Data/downloads/Roboflow/Data/downloads/roboflow_broiler_detection/train/images/istockphoto-1405988204-612x612_jpg.rf.cea627d2e8c66f40f6f6e51ae3da7a81.jpg,../../Data/downloads/Roboflow/Data/downloads/roboflow_broiler_detection/train/labels/istockphoto-1405988204-612x612_jpg.rf.cea627d2e8c66f40f6f6e51ae3da7a81.txt,istockphoto-1405988204-612x,train,train,1,1
../../Data/downloads/Roboflow/Data/downloads/roboflow_broiler_detection/train/images/istockphoto-1405988204-612x612_jpg.rf.d067472802705e35c7270307180a9d3d.jpg,../../Data/downloads/Roboflow/Data/downloads/roboflow_broiler_detection/train/labels/istockphoto-1405988204-612x612_jpg.rf.d067472802705e35c7270307180a9d3d.txt,istockphoto-1405988204-612x,train,train,1,1
../../Data/downloads/Roboflow/Data/downloads/roboflow_broiler_detection/train/images/istockphoto-1405988209-612x612_jpg.rf.62b6ad238fe0b4609f752b9edfbd9e77.jpg,../../Data/downloads/Roboflow/Data/downloads/roboflow_broiler_detection/train/labels/istockphoto-1405988209-612x612_jpg.rf.62b6ad238fe0b4609f752b9edfbd9e77.txt,istockphoto-1405988209-612x,train,train,1,1
../../Data/downloads/Roboflow/Data/downloads/roboflow_broiler_detection/train/images/istockphoto-1405988209-612x612_jpg.rf.777db634465a7c794a112d2fe77c1c13.jpg,../../Data/downloads/Roboflow/Data/downloads/roboflow_broiler_detection/train/labels/istockphoto-1405988209-612x612_jpg.rf.777db634465a7c794a112d2fe77c1c13.txt,istockphoto-1405988209-612x,train,train,1,1
../../Data/downloads/Roboflow/Data/downloads/roboflow_broiler_detection/train/images/istockphoto-1405988209-612x612_jpg.rf.e63cfdc743798f5db31683232b75886a.jpg,../../Data/downloads/Roboflow/Data/downloads/roboflow_broiler_detection/train/labels/istockphoto-1405988209-612x612_jpg.rf.e63cfdc743798f5db31683232b75886a.txt,istockphoto-1405988209-612x,train,train,1,1
../../Data/downloads/Roboflow/Data/downloads/roboflow_broiler_detection/train/images/istockphoto-1405989375-612x612_jpg.rf.57f1e3f330ee147ba3362c0be1ac8c98.jpg,../../Data/downloads/Roboflow/Data/downloads/roboflow_broiler_detection/train/labels/istockphoto-1405989375-612x612_jpg.rf.57f1e3f330ee147ba3362c0be1ac8c98.txt,istockphoto-1405989375-612x,train,val,1,1
../../Data/downloads/Roboflow/Data/downloads/roboflow_broiler_detection/train/images/istockphoto-1405989375-612x612_jpg.rf.8506f24750cb039b13295fcd76162ac0.jpg,../../Data/downloads/Roboflow/Data/downloads/roboflow_broiler_detection/train/labels/istockphoto-1405989375-612x612_jpg.rf.8506f24750cb039b13295fcd76162ac0.txt,istockphoto-1405989375-612x,train,val,1,1
../../Data/downloads/Roboflow/Data/downloads/roboflow_broiler_detection/train/images/istockphoto-1405989375-612x612_jpg.rf.c5fa8375d2a5dc7ff8f968439f31e0e6.jpg,../../Data/downloads/Roboflow/Data/downloads/roboflow_broiler_detection/train/labels/istockphoto-1405989375-612x612_jpg.rf.c5fa8375d2a5dc7ff8f968439f31e0e6.txt,istockphoto-1405989375-612x,train,val,1,1
../../Data/downloads/Roboflow/Data/downloads/roboflow_broiler_detection/train/images/istockphoto-1405989386-612x612_jpg.rf.16bd7a3bc796e84a56c584ef7dd03432.jpg,../../Data/downloads/Roboflow/Data/downloads/roboflow_broiler_detection/train/labels/istockphoto-1405989386-612x612_jpg.rf.16bd7a3bc796e84a56c584ef7dd03432.txt,istockphoto-1405989386-612x,train,test,1,1
../../Data/downloads/Roboflow/Data/downloads/roboflow_broiler_detection/train/images/istockphoto-1405989386-612x612_jpg.rf.712e010f49c83fc3eee311b510772b6f.jpg,../../Data/downloads/Roboflow/Data/downloads/roboflow_broiler_detection/train/labels/istockphoto-1405989386-612x612_jpg.rf.712e010f49c83fc3eee311b510772b6f.txt,istockphoto-1405989386-612x,train,test,1,1
../../Data/downloads/Roboflow/Data/downloads/roboflow_broiler_detection/train/images/istockphoto-1405989386-612x612_jpg.rf.c52d13f7f59db636f2173d61bbd669fa.jpg,../../Data/downloads/Roboflow/Data/downloads/roboflow_broiler_detection/train/labels/istockphoto-1405989386-612x612_jpg.rf.c52d13f7f59db636f2173d61bbd669fa.txt,istockphoto-1405989386-612x,train,test,1,1
../../Data/downloads/Roboflow/Data/downloads/roboflow_broiler_detection/train/images/istockphoto-1405989399-612x612_jpg.rf.49f021dc50dfffe1dafb7bec48c82fae.jpg,../../Data/downloads/Roboflow/Data/downloads/roboflow_broiler_detection/train/labels/istockphoto-1405989399-612x612_jpg.rf.49f021dc50dfffe1dafb7bec48c82fae.txt,istockphoto-1405989399-612x,train,val,1,1
../../Data/downloads/Roboflow/Data/downloads/roboflow_broiler_detection/train/images/istockphoto-1405989399-612x612_jpg.rf.b0cb6163631f706ac8ef54c2f1ef3e6b.jpg,../../Data/downloads/Roboflow/Data/downloads/roboflow_broiler_detection/train/labels/istockphoto-1405989399-612x612_jpg.rf.b0cb6163631f706ac8ef54c2f1ef3e6b.txt,istockphoto-1405989399-612x,train,val,1,1
../../Data/downloads/Roboflow/Data/downloads/roboflow_broiler_detection/train/images/istockphoto-1405989399-612x612_jpg.rf.b86b3d1dded3cd8e14e2b741ad089816.jpg,../../Data/downloads/Roboflow/Data/downloads/roboflow_broiler_detection/train/labels/istockphoto-1405989399-612x612_jpg.rf.b86b3d1dded3cd8e14e2b741ad089816.txt,istockphoto-1405989399-612x,train,val,1,1
../../Data/downloads/Roboflow/Data/downloads/roboflow_broiler_detection/train/images/istockphoto-1405989405-612x612_jpg.rf.3dd33624390621d067ff38081ed2e706.jpg,../../Data/downloads/Roboflow/Data/downloads/roboflow_broiler_detection/train/labels/istockphoto-1405989405-612x612_jpg.rf.3dd33624390621d067ff38081ed2e706.txt,istockphoto-1405989405-612x,train,test,1,1
../../Data/downloads/Roboflow/Data/downloads/roboflow_broiler_detection/train/images/istockphoto-1405989405-612x612_jpg.rf.bac06a095a82d61bd15daa0774035bc3.jpg,../../Data/downloads/Roboflow/Data/downloads/roboflow_broiler_detection/train/labels/istockphoto-1405989405-612x612_jpg.rf.bac06a095a82d61bd15daa0774035bc3.txt,istockphoto-1405989405-612x,train,test,1,1
../../Data/downloads/Roboflow/Data/downloads/roboflow_broiler_detection/train/images/istockphoto-1405989405-612x612_jpg.rf.f645eba3c863e45357586d56b6c1c0a5.jpg,../../Data/downloads/Roboflow/Data/downloads/roboflow_broiler_detection/train/labels/istockphoto-1405989405-612x612_jpg.rf.f645eba3c863e45357586d56b6c1c0a5.txt,istockphoto-1405989405-612x,train,test,1,1
../../Data/downloads/Roboflow/Data/downloads/roboflow_broiler_detection/train/images/istockphoto-1440302143-612x612_jpg.rf.3eac01785bbe14d0aa1e202d7c78f82e.jpg,../../Data/downloads/Roboflow/Data/downloads/roboflow_broiler_detection/train/labels/istockphoto-1440302143-612x612_jpg.rf.3eac01785bbe14d0aa1e202d7c78f82e.txt,istockphoto-1440302143-612x,train,train,1,1
../../Data/downloads/Roboflow/Data/downloads/roboflow_broiler_detection/train/images/istockphoto-1440302143-612x612_jpg.rf.76eb3669268e50f4268517a2fc0935ac.jpg,../../Data/downloads/Roboflow/Data/downloads/roboflow_broiler_detection/train/labels/istockphoto-1440302143-612x612_jpg.rf.76eb3669268e50f4268517a2fc0935ac.txt,istockphoto-1440302143-612x,train,train,1,1
../../Data/downloads/Roboflow/Data/downloads/roboflow_broiler_detection/train/images/istockphoto-1440302143-612x612_jpg.rf.985cf0daffd89d57e9e6b48b787c3bc5.jpg,../../Data/downloads/Roboflow/Data/downloads/roboflow_broiler_detection/train/labels/istockphoto-1440302143-612x612_jpg.rf.985cf0daffd89d57e9e6b48b787c3bc5.txt,istockphoto-1440302143-612x,train,train,1,1
../../Data/downloads/Roboflow/Data/downloads/roboflow_broiler_detection/train/images/istockphoto-915270902-612x612_jpg.rf.5b3cd099048e7286f05d5216a86a9442.jpg,../../Data/downloads/Roboflow/Data/downloads/roboflow_broiler_detection/train/labels/istockphoto-915270902-612x612_jpg.rf.5b3cd099048e7286f05d5216a86a9442.txt,istockphoto-915270902-612x,train,train,2,2
../../Data/downloads/Roboflow/Data/downloads/roboflow_broiler_detection/train/images/istockphoto-915270902-612x612_jpg.rf.86a411a6e9bbd4511d8bd530dd7432a6.jpg,../../Data/downloads/Roboflow/Data/downloads/roboflow_broiler_detection/train/labels/istockphoto-915270902-612x612_jpg.rf.86a411a6e9bbd4511d8bd530dd7432a6.txt,istockphoto-915270902-612x,train,train,2,2
../../Data/downloads/Roboflow/Data/downloads/roboflow_broiler_detection/train/images/istockphoto-915270902-612x612_jpg.rf.94951898425d80de7a01215f63cad3bf.jpg,../../Data/downloads/Roboflow/Data/downloads/roboflow_broiler_detection/train/labels/istockphoto-915270902-612x612_jpg.rf.94951898425d80de7a01215f63cad3bf.txt,istockphoto-915270902-612x,train,train,2,2
../../Data/downloads/Roboflow/Data/downloads/roboflow_broiler_detection/train/images/istockphoto-938443056-612x612_jpg.rf.35edf3e22693eca09f5feadd3dff2a41.jpg,../../Data/downloads/Roboflow/Data/downloads/roboflow_broiler_detection/train/labels/istockphoto-938443056-612x612_jpg.rf.35edf3e22693eca09f5feadd3dff2a41.txt,istockphoto-938443056-612x,train,train,1,1
../../Data/downloads/Roboflow/Data/downloads/roboflow_broiler_detection/train/images/istockphoto-938443056-612x612_jpg.rf.6013f504d0c6f1ac1578b77bfe77d1e3.jpg,../../Data/downloads/Roboflow/Data/downloads/roboflow_broiler_detection/train/labels/istockphoto-938443056-612x612_jpg.rf.6013f504d0c6f1ac1578b77bfe77d1e3.txt,istockphoto-938443056-612x,train,train,1,1
../../Data/downloads/Roboflow/Data/downloads/roboflow_broiler_detection/train/images/istockphoto-938443056-612x612_jpg.rf.65a81f26d8c283667ef3b32e689af87c.jpg,../../Data/downloads/Roboflow/Data/downloads/roboflow_broiler_detection/train/labels/istockphoto-938443056-612x612_jpg.rf.65a81f26d8c283667ef3b32e689af87c.txt,istockphoto-938443056-612x,train,train,1,1
../../Data/downloads/Roboflow/Data/downloads/roboflow_broiler_detection/train/images/nigeria-201603-crobbins-0423-2048px_jpg.rf.0782c05479f2616659637008b7ff41c5.jpg,../../Data/downloads/Roboflow/Data/downloads/roboflow_broiler_detection/train/labels/nigeria-201603-crobbins-0423-2048px_jpg.rf.0782c05479f2616659637008b7ff41c5.txt,nigeria-201603-crobbins-0423-2048px,train,train,6,6
../../Data/downloads/Roboflow/Data/downloads/roboflow_broiler_detection/train/images/nigeria-201603-crobbins-0423-2048px_jpg.rf.6a7664d266f75c851d36db59c7275b52.jpg,../../Data/downloads/Roboflow/Data/downloads/roboflow_broiler_detection/train/labels/nigeria-201603-crobbins-0423-2048px_jpg.rf.6a7664d266f75c851d36db59c7275b52.txt,nigeria-201603-crobbins-0423-2048px,train,train,6,6
../../Data/downloads/Roboflow/Data/downloads/roboflow_broiler_detection/train/images/nigeria-201603-crobbins-0423-2048px_jpg.rf.a02bec29f364362f53ef5cdaae747cf6.jpg,../../Data/downloads/Roboflow/Data/downloads/roboflow_broiler_detection/train/labels/nigeria-201603-crobbins-0423-2048px_jpg.rf.a02bec29f364362f53ef5cdaae747cf6.txt,nigeria-201603-crobbins-0423-2048px,train,train,6,6
../../Data/downloads/Roboflow/Data/downloads/roboflow_broiler_detection/train/images/pav80e3phj5_jpg.rf.1449f42fb85fb3aca153a7037d7f445d.jpg,../../Data/downloads/Roboflow/Data/downloads/roboflow_broiler_detection/train/labels/pav80e3phj5_jpg.rf.1449f42fb85fb3aca153a7037d7f445d.txt,pav80e3phj,train,train,10,10
../../Data/downloads/Roboflow/Data/downloads/roboflow_broiler_detection/train/images/pav80e3phj5_jpg.rf.b18cafca8496673af317caf1e33d528c.jpg,../../Data/downloads/Roboflow/Data/downloads/roboflow_broiler_detection/train/labels/pav80e3phj5_jpg.rf.b18cafca8496673af317caf1e33d528c.txt,pav80e3phj,train,train,10,10
../../Data/downloads/Roboflow/Data/downloads/roboflow_broiler_detection/train/images/pav80e3phj5_jpg.rf.c1ee3e579fa4202ebf6e2e0dd29e44fd.jpg,../../Data/downloads/Roboflow/Data/downloads/roboflow_broiler_detection/train/labels/pav80e3phj5_jpg.rf.c1ee3e579fa4202ebf6e2e0dd29e44fd.txt,pav80e3phj,train,train,10,10
../../Data/downloads/Roboflow/Data/downloads/roboflow_broiler_detection/train/images/pav88a7asxv_jpg.rf.beb67cf4020444a9b7fb19fe6ad7bb91.jpg,../../Data/downloads/Roboflow/Data/downloads/roboflow_broiler_detection/train/labels/pav88a7asxv_jpg.rf.beb67cf4020444a9b7fb19fe6ad7bb91.txt,pav88a7asxv,train,train,4,4
../../Data/downloads/Roboflow/Data/downloads/roboflow_broiler_detection/train/images/pav88a7asxv_jpg.rf.f741a45d76def3e19fe976cf28cb75b2.jpg,../../Data/downloads/Roboflow/Data/downloads/roboflow_broiler_detection/train/labels/pav88a7asxv_jpg.rf.f741a45d76def3e19fe976cf28cb75b2.txt,pav88a7asxv,train,train,4,4
../../Data/downloads/Roboflow/Data/downloads/roboflow_broiler_detection/train/images/pav88a7asxv_jpg.rf.f9d04123252a21f2794289768cc815e0.jpg,../../Data/downloads/Roboflow/Data/downloads/roboflow_broiler_detection/train/labels/pav88a7asxv_jpg.rf.f9d04123252a21f2794289768cc815e0.txt,pav88a7asxv,train,train,4,4
../../Data/downloads/Roboflow/Data/downloads/roboflow_broiler_detection/train/images/photo_10_2023-01-14_00-02-11_jpg.rf.319120631c6ab44684332c74b07653f9.jpg,../../Data/downloads/Roboflow/Data/downloads/roboflow_broiler_detection/train/labels/photo_10_2023-01-14_00-02-11_jpg.rf.319120631c6ab44684332c74b07653f9.txt,photo_10_2023-01-14_00-02,train,val,6,6
../../Data/downloads/Roboflow/Data/downloads/roboflow_broiler_detection/train/images/photo_10_2023-01-14_00-02-11_jpg.rf.5c284af283f3d9b6cc9f8df326abd440.jpg,../../Data/downloads/Roboflow/Data/downloads/roboflow_broiler_detection/train/labels/photo_10_2023-01-14_00-02-11_jpg.rf.5c284af283f3d9b6cc9f8df326abd440.txt,photo_10_2023-01-14_00-02,train,val,6,6
../../Data/downloads/Roboflow/Data/downloads/roboflow_broiler_detection/train/images/photo_10_2023-01-14_00-02-11_jpg.rf.f3124d71075e69b6adcac0143c8bda2c.jpg,../../Data/downloads/Roboflow/Data/downloads/roboflow_broiler_detection/train/labels/photo_10_2023-01-14_00-02-11_jpg.rf.f3124d71075e69b6adcac0143c8bda2c.txt,photo_10_2023-01-14_00-02,train,val,6,6
../../Data/downloads/Roboflow/Data/downloads/roboflow_broiler_detection/train/images/photo_10_2023-01-14_00-03-32_jpg.rf.411bf8c5d48ada55829857ed57b943be.jpg,../../Data/downloads/Roboflow/Data/downloads/roboflow_broiler_detection/train/labels/photo_10_2023-01-14_00-03-32_jpg.rf.411bf8c5d48ada55829857ed57b943be.txt,photo_10_2023-01-14_00-03,train,test,4,4
../../Data/downloads/Roboflow/Data/downloads/roboflow_broiler_detection/train/images/photo_10_2023-01-14_00-03-32_jpg.rf.a34111e5259852eeca7f3248893c3be3.jpg,../../Data/downloads/Roboflow/Data/downloads/roboflow_broiler_detection/train/labels/photo_10_2023-01-14_00-03-32_jpg.rf.a34111e5259852eeca7f3248893c3be3.txt,photo_10_2023-01-14_00-03,train,test,4,4
../../Data/downloads/Roboflow/Data/downloads/roboflow_broiler_detection/train/images/photo_10_2023-01-14_00-03-32_jpg.rf.d10b8269bcc0eca2a76476ee9f954413.jpg,../../Data/downloads/Roboflow/Data/downloads/roboflow_broiler_detection/train/labels/photo_10_2023-01-14_00-03-32_jpg.rf.d10b8269bcc0eca2a76476ee9f954413.txt,photo_10_2023-01-14_00-03,train,test,4,4
../../Data/downloads/Roboflow/Data/downloads/roboflow_broiler_detection/train/images/photo_1_2023-01-14_00-02-11_jpg.rf.1d0179be39e70ac59aaed2dea74f5516.jpg,../../Data/downloads/Roboflow/Data/downloads/roboflow_broiler_detection/train/labels/photo_1_2023-01-14_00-02-11_jpg.rf.1d0179be39e70ac59aaed2dea74f5516.txt,photo_1_2023-01-14_00-02,train,test,7,7
../../Data/downloads/Roboflow/Data/downloads/roboflow_broiler_detection/train/images/photo_1_2023-01-14_00-02-11_jpg.rf.4493510f5ca0b1126b1a12b3543bd909.jpg,../../Data/downloads/Roboflow/Data/downloads/roboflow_broiler_detection/train/labels/photo_1_2023-01-14_00-02-11_jpg.rf.4493510f5ca0b1126b1a12b3543bd909.txt,photo_1_2023-01-14_00-02,train,test,7,7
../../Data/downloads/Roboflow/Data/downloads/roboflow_broiler_detection/train/images/photo_1_2023-01-14_00-02-11_jpg.rf.f639226ec540b420276a6dbe5ddb2dcc.jpg,../../Data/downloads/Roboflow/Data/downloads/roboflow_broiler_detection/train/labels/photo_1_2023-01-14_00-02-11_jpg.rf.f639226ec540b420276a6dbe5ddb2dcc.txt,photo_1_2023-01-14_00-02,train,test,7,7
../../Data/downloads/Roboflow/Data/downloads/roboflow_broiler_detection/train/images/photo_1_2023-01-14_00-03-12_jpg.rf.3065d2fd4aea5eb3f0c246d34faba23c.jpg,../../Data/downloads/Roboflow/Data/downloads/roboflow_broiler_detection/train/labels/photo_1_2023-01-14_00-03-12_jpg.rf.3065d2fd4aea5eb3f0c246d34faba23c.txt,photo_1_2023-01-14_00-03,train,test,5,5
../../Data/downloads/Roboflow/Data/downloads/roboflow_broiler_detection/train/images/photo_1_2023-01-14_00-03-12_jpg.rf.830c453c08d09d429fe79a44e30dd0ae.jpg,../../Data/downloads/Roboflow/Data/downloads/roboflow_broiler_detection/train/labels/photo_1_2023-01-14_00-03-12_jpg.rf.830c453c08d09d429fe79a44e30dd0ae.txt,photo_1_2023-01-14_00-03,train,test,5,5
../../Data/downloads/Roboflow/Data/downloads/roboflow_broiler_detection/train/images/photo_1_2023-01-14_00-03-12_jpg.rf.ea3877300eca3f51b126d5326d675748.jpg,../../Data/downloads/Roboflow/Data/downloads/roboflow_broiler_detection/train/labels/photo_1_2023-01-14_00-03-12_jpg.rf.ea3877300eca3f51b126d5326d675748.txt,photo_1_2023-01-14_00-03,train,test,5,5
../../Data/downloads/Roboflow/Data/downloads/roboflow_broiler_detection/train/images/photo_1_2023-01-14_00-03-46_jpg.rf.0d2795cd2c2ca068e441905da02d7855.jpg,../../Data/downloads/Roboflow/Data/downloads/roboflow_broiler_detection/train/labels/photo_1_2023-01-14_00-03-46_jpg.rf.0d2795cd2c2ca068e441905da02d7855.txt,photo_1_2023-01-14_00-03,train,test,5,5
../../Data/downloads/Roboflow/Data/downloads/roboflow_broiler_detection/train/images/photo_1_2023-01-14_00-03-46_jpg.rf.b91fe9f15f3941c456327973a8cd3775.jpg,../../Data/downloads/Roboflow/Data/downloads/roboflow_broiler_detection/train/labels/photo_1_2023-01-14_00-03-46_jpg.rf.b91fe9f15f3941c456327973a8cd3775.txt,photo_1_2023-01-14_00-03,train,test,5,5
../../Data/downloads/Roboflow/Data/downloads/roboflow_broiler_detection/train/images/photo_1_2023-01-14_00-03-46_jpg.rf.f944c02d1ffe644e6bc3d9f986f0a19c.jpg,../../Data/downloads/Roboflow/Data/downloads/roboflow_broiler_detection/train/labels/photo_1_2023-01-14_00-03-46_jpg.rf.f944c02d1ffe644e6bc3d9f986f0a19c.txt,photo_1_2023-01-14_00-03,train,test,5,5
../../Data/downloads/Roboflow/Data/downloads/roboflow_broiler_detection/train/images/photo_2023-01-11_15-35-18_jpg.rf.0cef912211e968db5204e5bc6c001720.jpg,../../Data/downloads/Roboflow/Data/downloads/roboflow_broiler_detection/train/labels/photo_2023-01-11_15-35-18_jpg.rf.0cef912211e968db5204e5bc6c001720.txt,photo_2023-01-11_15-35,train,train,5,5
../../Data/downloads/Roboflow/Data/downloads/roboflow_broiler_detection/train/images/photo_2023-01-11_15-35-18_jpg.rf.19593cbc53288f388a633809b49ddba4.jpg,../../Data/downloads/Roboflow/Data/downloads/roboflow_broiler_detection/train/labels/photo_2023-01-11_15-35-18_jpg.rf.19593cbc53288f388a633809b49ddba4.txt,photo_2023-01-11_15-35,train,train,5,5
../../Data/downloads/Roboflow/Data/downloads/roboflow_broiler_detection/train/images/photo_2023-01-11_15-35-18_jpg.rf.f6b2d6b6d4f9618de0a5ea8a1e653247.jpg,../../Data/downloads/Roboflow/Data/downloads/roboflow_broiler_detection/train/labels/photo_2023-01-11_15-35-18_jpg.rf.f6b2d6b6d4f9618de0a5ea8a1e653247.txt,photo_2023-01-11_15-35,train,train,5,5
../../Data/downloads/Roboflow/Data/downloads/roboflow_broiler_detection/train/images/photo_2023-01-11_15-35-22_jpg.rf.24bf82018323ac96d5880e198bb2d89e.jpg,../../Data/downloads/Roboflow/Data/downloads/roboflow_broiler_detection/train/labels/photo_2023-01-11_15-35-22_jpg.rf.24bf82018323ac96d5880e198bb2d89e.txt,photo_2023-01-11_15-35,train,train,4,4
../../Data/downloads/Roboflow/Data/downloads/roboflow_broiler_detection/train/images/photo_2023-01-11_15-35-22_jpg.rf.3d6f581470b189057a700655e1077579.jpg,../../Data/downloads/Roboflow/Data/downloads/roboflow_broiler_detection/train/labels/photo_2023-01-11_15-35-22_jpg.rf.3d6f581470b189057a700655e1077579.txt,photo_2023-01-11_15-35,train,train,4,4
../../Data/downloads/Roboflow/Data/downloads/roboflow_broiler_detection/train/images/photo_2023-01-11_15-35-22_jpg.rf.435e2a0fa52fe1509b6ff034cc9277ae.jpg,../../Data/downloads/Roboflow/Data/downloads/roboflow_broiler_detection/train/labels/photo_2023-01-11_15-35-22_jpg.rf.435e2a0fa52fe1509b6ff034cc9277ae.txt,photo_2023-01-11_15-35,train,train,4,4
../../Data/downloads/Roboflow/Data/downloads/roboflow_broiler_detection/train/images/photo_2023-01-11_15-35-29_jpg.rf.84209711fbe5081e73fc2f9d6d3b66f9.jpg,../../Data/downloads/Roboflow/Data/downloads/roboflow_broiler_detection/train/labels/photo_2023-01-11_15-35-29_jpg.rf.84209711fbe5081e73fc2f9d6d3b66f9.txt,photo_2023-01-11_15-35,train,train,2,2
../../Data/downloads/Roboflow/Data/downloads/roboflow_broiler_detection/train/images/photo_2023-01-11_15-35-29_jpg.rf.9213238aa2c04d210f26eabc60b2da73.jpg,../../Data/downloads/Roboflow/Data/downloads/roboflow_broiler_detection/train/labels/photo_2023-01-11_15-35-29_jpg.rf.9213238aa2c04d210f26eabc60b2da73.txt,photo_2023-01-11_15-35,train,train,2,2
../../Data/downloads/Roboflow/Data/downloads/roboflow_broiler_detection/train/images/photo_2023-01-11_15-35-29_jpg.rf.a316f56932b7d865aa43ac63a5a447bb.jpg,../../Data/downloads/Roboflow/Data/downloads/roboflow_broiler_detection/train/labels/photo_2023-01-11_15-35-29_jpg.rf.a316f56932b7d865aa43ac63a5a447bb.txt,photo_2023-01-11_15-35,train,train,2,2
../../Data/downloads/Roboflow/Data/downloads/roboflow_broiler_detection/train/images/photo_2023-01-11_15-35-33_jpg.rf.1dafa2fd5deedb8505564e852934a3da.jpg,../../Data/downloads/Roboflow/Data/downloads/roboflow_broiler_detection/train/labels/photo_2023-01-11_15-35-33_jpg.rf.1dafa2fd5deedb8505564e852934a3da.txt,photo_2023-01-11_15-35,train,train,4,4
../../Data/downloads/Roboflow/Data/downloads/roboflow_broiler_detection/train/images/photo_2023-01-11_15-35-33_jpg.rf.6d029f2a7d8098997c3f906d7b320dbc.jpg,../../Data/downloads/Roboflow/Data/downloads/roboflow_broiler_detection/train/labels/photo_2023-01-11_15-35-33_jpg.rf.6d029f2a7d8098997c3f906d7b320dbc.txt,photo_2023-01-11_15-35,train,train,4,4
../../Data/downloads/Roboflow/Data/downloads/roboflow_broiler_detection/train/images/photo_2023-01-11_15-35-33_jpg.rf.ac61d5787ccd00c74144a1bd61efbbfe.jpg,../../Data/downloads/Roboflow/Data/downloads/roboflow_broiler_detection/train/labels/photo_2023-01-11_15-35-33_jpg.rf.ac61d5787ccd00c74144a1bd61efbbfe.txt,photo_2023-01-11_15-35,train,train,4,4
../../Data/downloads/Roboflow/Data/downloads/roboflow_broiler_detection/train/images/photo_2023-01-11_15-35-37_jpg.rf.17673f1da93b52af4bfde2122b8ac376.jpg,../../Data/downloads/Roboflow/Data/downloads/roboflow_broiler_detection/train/labels/photo_2023-01-11_15-35-37_jpg.rf.17673f1da93b52af4bfde2122b8ac376.txt,photo_2023-01-11_15-35,train,train,4,4
../../Data/downloads/Roboflow/Data/downloads/roboflow_broiler_detection/train/images/photo_2023-01-11_15-35-37_jpg.rf.4cd5253a7d2bf6b0f1701739380fed36.jpg,../../Data/downloads/Roboflow/Data/downloads/roboflow_broiler_detection/train/labels/photo_2023-01-11_15-35-37_jpg.rf.4cd5253a7d2bf6b0f1701739380fed36.txt,photo_2023-01-11_15-35,train,train,4,4
../../Data/downloads/Roboflow/Data/downloads/roboflow_broiler_detection/train/images/photo_2023-01-11_15-35-37_jpg.rf.bef1ff7f90343383f52529d14803893e.jpg,../../Data/downloads/Roboflow/Data/downloads/roboflow_broiler_detection/train/labels/photo_2023-01-11_15-35-37_jpg.rf.bef1ff7f90343383f52529d14803893e.txt,photo_2023-01-11_15-35,train,train,4,4
../../Data/downloads/Roboflow/Data/downloads/roboflow_broiler_detection/train/images/photo_2023-01-11_15-35-40_jpg.rf.1746b203c7769717ecf5b150102ac445.jpg,../../Data/downloads/Roboflow/Data/downloads/roboflow_broiler_detection/train/labels/photo_2023-01-11_15-35-40_jpg.rf.1746b203c7769717ecf5b150102ac445.txt,photo_2023-01-11_15-35,train,train,1,1
../../Data/downloads/Roboflow/Data/downloads/roboflow_broiler_detection/train/images/photo_2023-01-11_15-35-40_jpg.rf.78609ed059871d74e902403d9ddf9c56.jpg,../../Data/downloads/Roboflow/Data/downloads/roboflow_broiler_detection/train/labels/photo_2023-01-11_15-35-40_jpg.rf.78609ed059871d74e902403d9ddf9c56.txt,photo_2023-01-11_15-35,train,train,1,1
../../Data/downloads/Roboflow/Data/downloads/roboflow_broiler_detection/train/images/photo_2023-01-11_15-35-40_jpg.rf.801178f9a71b2e363d481e55b8202837.jpg,../../Data/downloads/Roboflow/Data/downloads/roboflow_broiler_detection/train/labels/photo_2023-01-11_15-35-40_jpg.rf.801178f9a71b2e363d481e55b8202837.txt,photo_2023-01-11_15-35,train,train,1,1
../../Data/downloads/Roboflow/Data/downloads/roboflow_broiler_detection/train/images/photo_2_2023-01-14_00-02-49_jpg.rf.08024ef054a93b924065349f1fd436a1.jpg,../../Data/downloads/Roboflow/Data/downloads/roboflow_broiler_detection/train/labels/photo_2_2023-01-14_00-02-49_jpg.rf.08024ef054a93b924065349f1fd436a1.txt,photo_2_2023-01-14_00-02,train,val,0,0
../../Data/downloads/Roboflow/Data/downloads/roboflow_broiler_detection/train/images/photo_2_2023-01-14_00-02-49_jpg.rf.9cd472a92b3a9eb2ee3fe6d113acf8c9.jpg,../../Data/downloads/Roboflow/Data/downloads/roboflow_broiler_detection/train/labels/photo_2_2023-01-14_00-02-49_jpg.rf.9cd472a92b3a9eb2ee3fe6d113acf8c9.txt,photo_2_2023-01-14_00-02,train,val,0,0
../../Data/downloads/Roboflow/Data/downloads/roboflow_broiler_detection/train/images/photo_2_2023-01-14_00-02-49_jpg.rf.ef63aabbabf2b5538812c782e49160ea.jpg,../../Data/downloads/Roboflow/Data/downloads/roboflow_broiler_detection/train/labels/photo_2_2023-01-14_00-02-49_jpg.rf.ef63aabbabf2b5538812c782e49160ea.txt,photo_2_2023-01-14_00-02,train,val,0,0
../../Data/downloads/Roboflow/Data/downloads/roboflow_broiler_detection/train/images/photo_2_2023-01-14_00-03-12_jpg.rf.048bbb9add31c02fdbc634b05951fda3.jpg,../../Data/downloads/Roboflow/Data/downloads/roboflow_broiler_detection/train/labels/photo_2_2023-01-14_00-03-12_jpg.rf.048bbb9add31c02fdbc634b05951fda3.txt,photo_2_2023-01-14_00-03,train,val,6,6
../../Data/downloads/Roboflow/Data/downloads/roboflow_broiler_detection/train/images/photo_2_2023-01-14_00-03-12_jpg.rf.3cd8dd4a829b4762771720b86ace21c2.jpg,../../Data/downloads/Roboflow/Data/downloads/roboflow_broiler_detection/train/labels/photo_2_2023-01-14_00-03-12_jpg.rf.3cd8dd4a829b4762771720b86ace21c2.txt,photo_2_2023-01-14_00-03,train,val,6,6
../../Data/downloads/Roboflow/Data/downloads/roboflow_broiler_detection/train/images/photo_2_2023-01-14_00-03-12_jpg.rf.d4a1210a7f9bab242e9af6fcb00eb766.jpg,../../Data/downloads/Roboflow/Data/downloads/roboflow_broiler_detection/train/labels/photo_2_2023-01-14_00-03-12_jpg.rf.d4a1210a7f9bab242e9af6fcb00eb766.txt,photo_2_2023-01-14_00-03,train,val,6,6
../../Data/downloads/Roboflow/Data/downloads/roboflow_broiler_detection/train/images/photo_2_2023-01-14_00-03-32_jpg.rf.1be4d2fee53bdc9e206b0e2fd183779b.jpg,../../Data/downloads/Roboflow/Data/downloads/roboflow_broiler_detection/train/labels/photo_2_2023-01-14_00-03-32_jpg.rf.1be4d2fee53bdc9e206b0e2fd183779b.txt,photo_2_2023-01-14_00-03,train,val,6,6
../../Data/downloads/Roboflow/Data/downloads/roboflow_broiler_detection/train/images/photo_2_2023-01-14_00-03-32_jpg.rf.3fc2ec331603dd1eabb7020e7b24637b.jpg,../../Data/downloads/Roboflow/Data/downloads/roboflow_broiler_detection/train/labels/photo_2_2023-01-14_00-03-32_jpg.rf.3fc2ec331603dd1eabb7020e7b24637b.txt,photo_2_2023-01-14_00-03,train,val,6,6
../../Data/downloads/Roboflow/Data/downloads/roboflow_broiler_detection/train/images/photo_2_2023-01-14_00-03-32_jpg.rf.bc0bff2ed8200b48f25ec53c086652da.jpg,../../Data/downloads/Roboflow/Data/downloads/roboflow_broiler_detection/train/labels/photo_2_2023-01-14_00-03-32_jpg.rf.bc0bff2ed8200b48f25ec53c086652da.txt,photo_2_2023-01-14_00-03,train,val,6,6
../../Data/downloads/Roboflow/Data/downloads/roboflow_broiler_detection/train/images/photo_2_2023-01-14_00-03-46_jpg.rf.7eeecdb2ca93ab4c36a72f7d57373d6a.jpg,../../Data/downloads/Roboflow/Data/downloads/roboflow_broiler_detection/train/labels/photo_2_2023-01-14_00-03-46_jpg.rf.7eeecdb2ca93ab4c36a72f7d57373d6a.txt,photo_2_2023-01-14_00-03,train,val,6,6
../../Data/downloads/Roboflow/Data/downloads/roboflow_broiler_detection/train/images/photo_2_2023-01-14_00-03-46_jpg.rf.8c991f01fa04d63bf976ae43c7ad813e.jpg,../../Data/downloads/Roboflow/Data/downloads/roboflow_broiler_detection/train/labels/photo_2_2023-01-14_00-03-46_jpg.rf.8c991f01fa04d63bf976ae43c7ad813e.txt,photo_2_2023-01-14_00-03,train,val,6,6
../../Data/downloads/Roboflow/Data/downloads/roboflow_broiler_detection/train/images/photo_2_2023-01-14_00-03-46_jpg.rf.c8d16f856b9230138a54723b506ecf6b.jpg,../../Data/downloads/Roboflow/Data/downloads/roboflow_broiler_detection/train/labels/photo_2_2023-01-14_00-03-46_jpg.rf.c8d16f856b9230138a54723b506ecf6b.txt,photo_2_2023-01-14_00-03,train,val,6,6
../../Data/downloads/Roboflow/Data/downloads/roboflow_broiler_detection/train/images/photo_3_2023-01-14_00-02-11_jpg.rf.cc627623ae8f1425fffd990b256cfc87.jpg,../../Data/downloads/Roboflow/Data/downloads/roboflow_broiler_detection/train/labels/photo_3_2023-01-14_00-02-11_jpg.rf.cc627623ae8f1425fffd990b256cfc87.txt,photo_3_2023-01-14_00-02,train,train,3,3
../../Data/downloads/Roboflow/Data/downloads/roboflow_broiler_detection/train/images/photo_3_2023-01-14_00-02-11_jpg.rf.de0b945463692043fc8aa8b1071608ea.jpg,../../Data/downloads/Roboflow/Data/downloads/roboflow_broiler_detection/train/labels/photo_3_2023-01-14_00-02-11_jpg.rf.de0b945463692043fc8aa8b1071608ea.txt,photo_3_2023-01-14_00-02,train,train,3,3
../../Data/downloads/Roboflow/Data/downloads/roboflow_broiler_detection/train/images/photo_3_2023-01-14_00-02-11_jpg.rf.e072a3619460eb82814d195031be1463.jpg,../../Data/downloads/Roboflow/Data/downloads/roboflow_broiler_detection/train/labels/photo_3_2023-01-14_00-02-11_jpg.rf.e072a3619460eb82814d195031be1463.txt,photo_3_2023-01-14_00-02,train,train,3,3
../../Data/downloads/Roboflow/Data/downloads/roboflow_broiler_detection/train/images/photo_3_2023-01-14_00-02-33_jpg.rf.b401ad7a9f3fc07c17bbcb7144523d30.jpg,../../Data/downloads/Roboflow/Data/downloads/roboflow_broiler_detection/train/labels/photo_3_2023-01-14_00-02-33_jpg.rf.b401ad7a9f3fc07c17bbcb7144523d30.txt,photo_3_2023-01-14_00-02,train,train,3,3
../../Data/downloads/Roboflow/Data/downloads/roboflow_broiler_detection/train/images/photo_3_2023-01-14_00-02-33_jpg.rf.d0927a77daa81df9398db382c6bbffb1.jpg,../../Data/downloads/Roboflow/Data/downloads/roboflow_broiler_detection/train/labels/photo_3_2023-01-14_00-02-33_jpg.rf.d0927a77daa81df9398db382c6bbffb1.txt,photo_3_2023-01-14_00-02,train,train,3,3
../../Data/downloads/Roboflow/Data/downloads/roboflow_broiler_detection/train/images/photo_3_2023-01-14_00-02-33_jpg.rf.fe72c1ba5f25b8c352c975605cc33b1f.jpg,../../Data/downloads/Roboflow/Data/downloads/roboflow_broiler_detection/train/labels/photo_3_2023-01-14_00-02-33_jpg.rf.fe72c1ba5f25b8c352c975605cc33b1f.txt,photo_3_2023-01-14_00-02,train,train,3,3
../../Data/downloads/Roboflow/Data/downloads/roboflow_broiler_detection/train/images/photo_3_2023-01-14_00-02-49_jpg.rf.ce46f0af35d66557391d3bb7a57a2d98.jpg,../../Data/downloads/Roboflow/Data/downloads/roboflow_broiler_detection/train/labels/photo_3_2023-01-14_00-02-49_jpg.rf.ce46f0af35d66557391d3bb7a57a2d98.txt,photo_3_2023-01-14_00-02,train,train,5,5
../../Data/downloads/Roboflow/Data/downloads/roboflow_broiler_detection/train/images/photo_3_2023-01-14_00-02-49_jpg.rf.d13414d2320b19c516162c9ae5134383.jpg,../../Data/downloads/Roboflow/Data/downloads/roboflow_broiler_detection/train/labels/photo_3_2023-01-14_00-02-49_jpg.rf.d13414d2320b19c516162c9ae5134383.txt,photo_3_2023-01-14_00-02,train,train,5,5
../../Data/downloads/Roboflow/Data/downloads/roboflow_broiler_detection/train/images/photo_3_2023-01-14_00-02-49_jpg.rf.ea1fc071b2c9eec07fc37794763713be.jpg,../../Data/downloads/Roboflow/Data/downloads/roboflow_broiler_detection/train/labels/photo_3_2023-01-14_00-02-49_jpg.rf.ea1fc071b2c9eec07fc37794763713be.txt,photo_3_2023-01-14_00-02,train,train,5,5
../../Data/downloads/Roboflow/Data/downloads/roboflow_broiler_detection/train/images/photo_3_2023-01-14_00-03-12_jpg.rf.4d004573939a2a8654cd5a20a38f521c.jpg,../../Data/downloads/Roboflow/Data/downloads/roboflow_broiler_detection/train/labels/photo_3_2023-01-14_00-03-12_jpg.rf.4d004573939a2a8654cd5a20a38f521c.txt,photo_3_2023-01-14_00-03,train,train,3,3
../../Data/downloads/Roboflow/Data/downloads/roboflow_broiler_detection/train/images/photo_3_2023-01-14_00-03-12_jpg.rf.6dbf4f06873849d7308712891d73d164.jpg,../../Data/downloads/Roboflow/Data/downloads/roboflow_broiler_detection/train/labels/photo_3_2023-01-14_00-03-12_jpg.rf.6dbf4f06873849d7308712891d73d164.txt,photo_3_2023-01-14_00-03,train,train,3,3
../../Data/downloads/Roboflow/Data/downloads/roboflow_broiler_detection/train/images/photo_3_2023-01-14_00-03-12_jpg.rf.f72a45a1a1cb8dedc386eb73f5f4221d.jpg,../../Data/downloads/Roboflow/Data/downloads/roboflow_broiler_detection/train/labels/photo_3_2023-01-14_00-03-12_jpg.rf.f72a45a1a1cb8dedc386eb73f5f4221d.txt,photo_3_2023-01-14_00-03,train,train,3,3
../../Data/downloads/Roboflow/Data/downloads/roboflow_broiler_detection/train/images/photo_3_2023-01-14_00-03-32_jpg.rf.2f9477ae377634873643f96bb2d90633.jpg,../../Data/downloads/Roboflow/Data/downloads/roboflow_broiler_detection/train/labels/photo_3_2023-01-14_00-03-32_jpg.rf.2f9477ae377634873643f96bb2d90633.txt,photo_3_2023-01-14_00-03,train,train,2,2
../../Data/downloads/Roboflow/Data/downloads/roboflow_broiler_detection/train/images/photo_3_2023-01-14_00-03-32_jpg.rf.7bdc246aab46934abe51ce7fe46fe731.jpg,../../Data/downloads/Roboflow/Data/downloads/roboflow_broiler_detection/train/labels/photo_3_2023-01-14_00-03-32_jpg.rf.7bdc246aab46934abe51ce7fe46fe731.txt,photo_3_2023-01-14_00-03,train,train,2,2
../../Data/downloads/Roboflow/Data/downloads/roboflow_broiler_detection/train/images/photo_3_2023-01-14_00-03-32_jpg.rf.b90e6636e611a8a7e918297c22707a8d.jpg,../../Data/downloads/Roboflow/Data/downloads/roboflow_broiler_detection/train/labels/photo_3_2023-01-14_00-03-32_jpg.rf.b90e6636e611a8a7e918297c22707a8d.txt,photo_3_2023-01-14_00-03,train,train,2,2
../../Data/downloads/Roboflow/Data/downloads/roboflow_broiler_detection/train/images/photo_3_2023-01-14_00-03-46_jpg.rf.935db9040d9ab59aadf627a01e99336d.jpg,../../Data/downloads/Roboflow/Data/downloads/roboflow_broiler_detection/train/labels/photo_3_2023-01-14_00-03-46_jpg.rf.935db9040d9ab59aadf627a01e99336d.txt,photo_3_2023-01-14_00-03,train,train,2,2
../../Data/downloads/Roboflow/Data/downloads/roboflow_broiler_detection/train/images/photo_3_2023-01-14_00-03-46_jpg.rf.be6ae78136326f3fa669d4bf9a123324.jpg,../../Data/downloads/Roboflow/Data/downloads/roboflow_broiler_detection/train/labels/photo_3_2023-01-14_00-03-46_jpg.rf.be6ae78136326f3fa669d4bf9a123324.txt,photo_3_2023-01-14_00-03,train,train,2,2
../../Data/downloads/Roboflow/Data/downloads/roboflow_broiler_detection/train/images/photo_3_2023-01-14_00-03-46_jpg.rf.de55d18ee78b35fc25ba79aa5ab66a09.jpg,../../Data/downloads/Roboflow/Data/downloads/roboflow_broiler_detection/train/labels/photo_3_2023-01-14_00-03-46_jpg.rf.de55d18ee78b35fc25ba79aa5ab66a09.txt,photo_3_2023-01-14_00-03,train,train,2,2
../../Data/downloads/Roboflow/Data/downloads/roboflow_broiler_detection/train/images/photo_4_2023-01-14_00-02-33_jpg.rf.64e6bccf1cef1914f9b2ea611c7412cc.jpg,../../Data/downloads/Roboflow/Data/downloads/roboflow_broiler_detection/train/labels/photo_4_2023-01-14_00-02-33_jpg.rf.64e6bccf1cef1914f9b2ea611c7412cc.txt,photo_4_2023-01-14_00-02,train,train,9,9
../../Data/downloads/Roboflow/Data/downloads/roboflow_broiler_detection/train/images/photo_4_2023-01-14_00-02-33_jpg.rf.cdc295b06f960873a1b114143881e820.jpg,../../Data/downloads/Roboflow/Data/downloads/roboflow_broiler_detection/train/labels/photo_4_2023-01-14_00-02-33_jpg.rf.cdc295b06f960873a1b114143881e820.txt,photo_4_2023-01-14_00-02,train,train,9,9
../../Data/downloads/Roboflow/Data/downloads/roboflow_broiler_detection/train/images/photo_4_2023-01-14_00-02-33_jpg.rf.f44deb109e394d72e6a58308a6f3e9ad.jpg,../../Data/downloads/Roboflow/Data/downloads/roboflow_broiler_detection/train/labels/photo_4_2023-01-14_00-02-33_jpg.rf.f44deb109e394d72e6a58308a6f3e9ad.txt,photo_4_2023-01-14_00-02,train,train,9,9
../../Data/downloads/Roboflow/Data/downloads/roboflow_broiler_detection/train/images/photo_4_2023-01-14_00-03-12_jpg.rf.bc3ddb55156f7a0fc8f6fa2f7bac8649.jpg,../../Data/downloads/Roboflow/Data/downloads/roboflow_broiler_detection/train/labels/photo_4_2023-01-14_00-03-12_jpg.rf.bc3ddb55156f7a0fc8f6fa2f7bac8649.txt,photo_4_2023-01-14_00-03,train,val,2,2
../../Data/downloads/Roboflow/Data/downloads/roboflow_broiler_detection/train/images/photo_4_2023-01-14_00-03-12_jpg.rf.d19c1ce298e80cc80b2f0dfe78482ea4.jpg,../../Data/downloads/Roboflow/Data/downloads/roboflow_broiler_detection/train/labels/photo_4_2023-01-14_00-03-12_jpg.rf.d19c1ce298e80cc80b2f0dfe78482ea4.txt,photo_4_2023-01-14_00-03,train,val,2,2
../../Data/downloads/Roboflow/Data/downloads/roboflow_broiler_detection/train/images/photo_4_2023-01-14_00-03-12_jpg.rf.f4ecad5ea12d17ae3dcdd884034684c9.jpg,../../Data/downloads/Roboflow/Data/downloads/roboflow_broiler_detection/train/labels/photo_4_2023-01-14_00-03-12_jpg.rf.f4ecad5ea12d17ae3dcdd884034684c9.txt,photo_4_2023-01-14_00-03,train,val,2,2
../../Data/downloads/Roboflow/Data/downloads/roboflow_broiler_detection/train/images/photo_5_2023-01-14_00-02-33_jpg.rf.c787badcd8204d12b69a5c1186f60549.jpg,../../Data/downloads/Roboflow/Data/downloads/roboflow_broiler_detection/train/labels/photo_5_2023-01-14_00-02-33_jpg.rf.c787badcd8204d12b69a5c1186f60549.txt,photo_5_2023-01-14_00-02,train,val,4,4
../../Data/downloads/Roboflow/Data/downloads/roboflow_broiler_detection/train/images/photo_5_2023-01-14_00-02-33_jpg.rf.c8ed2c66520124d771459d7661e1c95d.jpg,../../Data/downloads/Roboflow/Data/downloads/roboflow_broiler_detection/train/labels/photo_5_2023-01-14_00-02-33_jpg.rf.c8ed2c66520124d771459d7661e1c95d.txt,photo_5_2023-01-14_00-02,train,val,4,4
../../Data/downloads/Roboflow/Data/downloads/roboflow_broiler_detection/train/images/photo_5_2023-01-14_00-02-33_jpg.rf.d310890f04424955186fa551d7f053ab.jpg,../../Data/downloads/Roboflow/Data/downloads/roboflow_broiler_detection/train/labels/photo_5_2023-01-14_00-02-33_jpg.rf.d310890f04424955186fa551d7f053ab.txt,photo_5_2023-01-14_00-02,train,val,4,4
../../Data/downloads/Roboflow/Data/downloads/roboflow_broiler_detection/train/images/photo_5_2023-01-14_00-03-12_jpg.rf.4e9a86b285ff2c8021cca326b2212f78.jpg,../../Data/downloads/Roboflow/Data/downloads/roboflow_broiler_detection/train/labels/photo_5_2023-01-14_00-03-12_jpg.rf.4e9a86b285ff2c8021cca326b2212f78.txt,photo_5_2023-01-14_00-03,train,train,3,3
../../Data/downloads/Roboflow/Data/downloads/roboflow_broiler_detection/train/images/photo_5_2023-01-14_00-03-12_jpg.rf.9782ba857a3fc2ccb073fa7c01b31594.jpg,../../Data/downloads/Roboflow/Data/downloads/roboflow_broiler_detection/train/labels/photo_5_2023-01-14_00-03-12_jpg.rf.9782ba857a3fc2ccb073fa7c01b31594.txt,photo_5_2023-01-14_00-03,train,train,3,3
../../Data/downloads/Roboflow/Data/downloads/roboflow_broiler_detection/train/images/photo_5_2023-01-14_00-03-12_jpg.rf.c0333ea5617b31eab7056c4a087e14a4.jpg,../../Data/downloads/Roboflow/Data/downloads/roboflow_broiler_detection/train/labels/photo_5_2023-01-14_00-03-12_jpg.rf.c0333ea5617b31eab7056c4a087e14a4.txt,photo_5_2023-01-14_00-03,train,train,3,3
../../Data/downloads/Roboflow/Data/downloads/roboflow_broiler_detection/train/images/photo_5_2023-01-14_00-03-32_jpg.rf.2cc379668522d8ae086b75269663caf4.jpg,../../Data/downloads/Roboflow/Data/downloads/roboflow_broiler_detection/train/labels/photo_5_2023-01-14_00-03-32_jpg.rf.2cc379668522d8ae086b75269663caf4.txt,photo_5_2023-01-14_00-03,train,train,5,5
../../Data/downloads/Roboflow/Data/downloads/roboflow_broiler_detection/train/images/photo_5_2023-01-14_00-03-32_jpg.rf.3bb747690378b092cb75143065eb725e.jpg,../../Data/downloads/Roboflow/Data/downloads/roboflow_broiler_detection/train/labels/photo_5_2023-01-14_00-03-32_jpg.rf.3bb747690378b092cb75143065eb725e.txt,photo_5_2023-01-14_00-03,train,train,5,5
../../Data/downloads/Roboflow/Data/downloads/roboflow_broiler_detection/train/images/photo_5_2023-01-14_00-03-32_jpg.rf.e058f269a21d25addd2fb2c3ea9262a3.jpg,../../Data/downloads/Roboflow/Data/downloads/roboflow_broiler_detection/train/labels/photo_5_2023-01-14_00-03-32_jpg.rf.e058f269a21d25addd2fb2c3ea9262a3.txt,photo_5_2023-01-14_00-03,train,train,5,5
../../Data/downloads/Roboflow/Data/downloads/roboflow_broiler_detection/train/images/photo_6_2023-01-14_00-02-11_jpg.rf.710af0cf52fc86336129790316ab8b79.jpg,../../Data/downloads/Roboflow/Data/downloads/roboflow_broiler_detection/train/labels/photo_6_2023-01-14_00-02-11_jpg.rf.710af0cf52fc86336129790316ab8b79.txt,photo_6_2023-01-14_00-02,train,train,11,11
../../Data/downloads/Roboflow/Data/downloads/roboflow_broiler_detection/train/images/photo_6_2023-01-14_00-02-11_jpg.rf.791d0d4779eb6937de420171fc915696.jpg,../../Data/downloads/Roboflow/Data/downloads/roboflow_broiler_detection/train/labels/photo_6_2023-01-14_00-02-11_jpg.rf.791d0d4779eb6937de420171fc915696.txt,photo_6_2023-01-14_00-02,train,train,11,11
../../Data/downloads/Roboflow/Data/downloads/roboflow_broiler_detection/train/images/photo_6_2023-01-14_00-02-11_jpg.rf.a3079ddd6a6f53db5deb8b172c113cfe.jpg,../../Data/downloads/Roboflow/Data/downloads/roboflow_broiler_detection/train/labels/photo_6_2023-01-14_00-02-11_jpg.rf.a3079ddd6a6f53db5deb8b172c113cfe.txt,photo_6_2023-01-14_00-02,train,train,11,11
../../Data/downloads/Roboflow/Data/downloads/roboflow_broiler_detection/train/images/photo_6_2023-01-14_00-02-33_jpg.rf.8626db7035c385befeb9bb0c3826ff27.jpg,../../Data/downloads/Roboflow/Data/downloads/roboflow_broiler_detection/train/labels/photo_6_2023-01-14_00-02-33_jpg.rf.8626db7035c385befeb9bb0c3826ff27.txt,photo_6_2023-01-14_00-02,train,train,5,5
../../Data/downloads/Roboflow/Data/downloads/roboflow_broiler_detection/train/images/photo_6_2023-01-14_00-02-33_jpg.rf.9f6f9d78cba801897a5cee85e8c9fa84.jpg,../../Data/downloads/Roboflow/Data/downloads/roboflow_broiler_detection/train/labels/photo_6_2023-01-14_00-02-33_jpg.rf.9f6f9d78cba801897a5cee85e8c9fa84.txt,photo_6_2023-01-14_00-02,train,train,5,5
../../Data/downloads/Roboflow/Data/downloads/roboflow_broiler_detection/train/images/photo_6_2023-01-14_00-02-33_jpg.rf.f7dcd63b2f19e2863bc4ca5bab2f22a7.jpg,../../Data/downloads/Roboflow/Data/downloads/roboflow_broiler_detection/train/labels/photo_6_2023-01-14_00-02-33_jpg.rf.f7dcd63b2f19e2863bc4ca5bab2f22a7.txt,photo_6_2023-01-14_00-02,train,train,5,5
../../Data/downloads/Roboflow/Data/downloads/roboflow_broiler_detection/train/images/photo_6_2023-01-14_00-03-12_jpg.rf.10fcc78ba6f2400db01ac0132e6d4a92.jpg,../../Data/downloads/Roboflow/Data/downloads/roboflow_broiler_detection/train/labels/photo_6_2023-01-14_00-03-12_jpg.rf.10fcc78ba6f2400db01ac0132e6d4a92.txt,photo_6_2023-01-14_00-03,train,test,5,5
../../Data/downloads/Roboflow/Data/downloads/roboflow_broiler_detection/train/images/photo_6_2023-01-14_00-03-12_jpg.rf.20e72930e873ca713be58a8888f92900.jpg,../../Data/downloads/Roboflow/Data/downloads/roboflow_broiler_detection/train/labels/photo_6_2023-01-14_00-03-12_jpg.rf.20e72930e873ca713be58a8888f92900.txt,photo_6_2023-01-14_00-03,train,test,5,5
../../Data/downloads/Roboflow/Data/downloads/roboflow_broiler_detection/train/images/photo_6_2023-01-14_00-03-12_jpg.rf.ac2da363df66a2765efad916d1ed14e3.jpg,../../Data/downloads/Roboflow/Data/downloads/roboflow_broiler_detection/train/labels/photo_6_2023-01-14_00-03-12_jpg.rf.ac2da363df66a2765efad916d1ed14e3.txt,photo_6_2023-01-14_00-03,train,test,5,5
../../Data/downloads/Roboflow/Data/downloads/roboflow_broiler_detection/train/images/photo_6_2023-01-14_00-03-32_jpg.rf.66f9a312c2a7ce180e8751a6d9cfea54.jpg,../../Data/downloads/Roboflow/Data/downloads/roboflow_broiler_detection/train/labels/photo_6_2023-01-14_00-03-32_jpg.rf.66f9a312c2a7ce180e8751a6d9cfea54.txt,photo_6_2023-01-14_00-03,train,test,3,3
../../Data/downloads/Roboflow/Data/downloads/roboflow_broiler_detection/train/images/photo_6_2023-01-14_00-03-32_jpg.rf.d5e20f9025cf50c1947476537e47dc75.jpg,../../Data/downloads/Roboflow/Data/downloads/roboflow_broiler_detection/train/labels/photo_6_2023-01-14_00-03-32_jpg.rf.d5e20f9025cf50c1947476537e47dc75.txt,photo_6_2023-01-14_00-03,train,test,3,3
../../Data/downloads/Roboflow/Data/downloads/roboflow_broiler_detection/train/images/photo_6_2023-01-14_00-03-32_jpg.rf.db3f8e0b4daa3ad00b27cae77c225491.jpg,../../Data/downloads/Roboflow/Data/downloads/roboflow_broiler_detection/train/labels/photo_6_2023-01-14_00-03-32_jpg.rf.db3f8e0b4daa3ad00b27cae77c225491.txt,photo_6_2023-01-14_00-03,train,test,3,3
../../Data/downloads/Roboflow/Data/downloads/roboflow_broiler_detection/train/images/photo_7_2023-01-14_00-02-11_jpg.rf.0a90b2f0af30054b02ed086f2b999257.jpg,../../Data/downloads/Roboflow/Data/downloads/roboflow_broiler_detection/train/labels/photo_7_2023-01-14_00-02-11_jpg.rf.0a90b2f0af30054b02ed086f2b999257.txt,photo_7_2023-01-14_00-02,train,test,2,2
../../Data/downloads/Roboflow/Data/downloads/roboflow_broiler_detection/train/images/photo_7_2023-01-14_00-02-11_jpg.rf.34df9d219f2dab72fd65c96c925074cc.jpg,../../Data/downloads/Roboflow/Data/downloads/roboflow_broiler_detection/train/labels/photo_7_2023-01-14_00-02-11_jpg.rf.34df9d219f2dab72fd65c96c925074cc.txt,photo_7_2023-01-14_00-02,train,test,2,2
../../Data/downloads/Roboflow/Data/downloads/roboflow_broiler_detection/train/images/photo_7_2023-01-14_00-02-11_jpg.rf.bbdfbcfa2dbbfa95bbdef62d3013d2fe.jpg,../../Data/downloads/Roboflow/Data/downloads/roboflow_broiler_detection/train/labels/photo_7_2023-01-14_00-02-11_jpg.rf.bbdfbcfa2dbbfa95bbdef62d3013d2fe.txt,photo_7_2023-01-14_00-02,train,test,2,2
../../Data/downloads/Roboflow/Data/downloads/roboflow_broiler_detection/train/images/photo_7_2023-01-14_00-03-32_jpg.rf.324c2b381252330f739acef3dea6ddb0.jpg,../../Data/downloads/Roboflow/Data/downloads/roboflow_broiler_detection/train/labels/photo_7_2023-01-14_00-03-32_jpg.rf.324c2b381252330f739acef3dea6ddb0.txt,photo_7_2023-01-14_00-03,train,train,3,3
../../Data/downloads/Roboflow/Data/downloads/roboflow_broiler_detection/train/images/photo_7_2023-01-14_00-03-32_jpg.rf.b1d4295780fca013700ce7a5a1c26ef6.jpg,../../Data/downloads/Roboflow/Data/downloads/roboflow_broiler_detection/train/labels/photo_7_2023-01-14_00-03-32_jpg.rf.b1d4295780fca013700ce7a5a1c26ef6.txt,photo_7_2023-01-14_00-03,train,train,3,3
../../Data/downloads/Roboflow/Data/downloads/roboflow_broiler_detection/train/images/photo_7_2023-01-14_00-03-32_jpg.rf.d6305986ec6fa0f5aea12b5505f0b155.jpg,../../Data/downloads/Roboflow/Data/downloads/roboflow_broiler_detection/train/labels/photo_7_2023-01-14_00-03-32_jpg.rf.d6305986ec6fa0f5aea12b5505f0b155.txt,photo_7_2023-01-14_00-03,train,train,3,3
../../Data/downloads/Roboflow/Data/downloads/roboflow_broiler_detection/train/images/photo_7_2023-01-14_00-03-46_jpg.rf.0d9fc0a22faae4c3d0dc22f0511754f8.jpg,../../Data/downloads/Roboflow/Data/downloads/roboflow_broiler_detection/train/labels/photo_7_2023-01-14_00-03-46_jpg.rf.0d9fc0a22faae4c3d0dc22f0511754f8.txt,photo_7_2023-01-14_00-03,train,train,2,2
../../Data/downloads/Roboflow/Data/downloads/roboflow_broiler_detection/train/images/photo_7_2023-01-14_00-03-46_jpg.rf.0eccfe05e20d616c8eb7671824b4bf8f.jpg,../../Data/downloads/Roboflow/Data/downloads/roboflow_broiler_detection/train/labels/photo_7_2023-01-14_00-03-46_jpg.rf.0eccfe05e20d616c8eb7671824b4bf8f.txt,photo_7_2023-01-14_00-03,train,train,2,2
../../Data/downloads/Roboflow/Data/downloads/roboflow_broiler_detection/train/images/photo_7_2023-01-14_00-03-46_jpg.rf.a16b0f6ae172af5c72f1de11134437ce.jpg,../../Data/downloads/Roboflow/Data/downloads/roboflow_broiler_detection/train/labels/photo_7_2023-01-14_00-03-46_jpg.rf.a16b0f6ae172af5c72f1de11134437ce.txt,photo_7_2023-01-14_00-03,train,train,2,2
../../Data/downloads/Roboflow/Data/downloads/roboflow_broiler_detection/train/images/photo_8_2023-01-14_00-02-11_jpg.rf.5497d1ed314840d495aebb6fc736c51b.jpg,../../Data/downloads/Roboflow/Data/downloads/roboflow_broiler_detection/train/labels/photo_8_2023-01-14_00-02-11_jpg.rf.5497d1ed314840d495aebb6fc736c51b.txt,photo_8_2023-01-14_00-02,train,train,2,2
../../Data/downloads/Roboflow/Data/downloads/roboflow_broiler_detection/train/images/photo_8_2023-01-14_00-02-11_jpg.rf.75f1c4bc5644c9b91310380293744443.jpg,../../Data/downloads/Roboflow/Data/downloads/roboflow_broiler_detection/train/labels/photo_8_2023-01-14_00-02-11_jpg.rf.75f1c4bc5644c9b91310380293744443.txt,photo_8_2023-01-14_00-02,train,train,2,2
../../Data/downloads/Roboflow/Data/downloads/roboflow_broiler_detection/train/images/photo_8_2023-01-14_00-02-11_jpg.rf.7ed870253bd35da2490891e8b7549bb0.jpg,../../Data/downloads/Roboflow/Data/downloads/roboflow_broiler_detection/train/labels/photo_8_2023-01-14_00-02-11_jpg.rf.7ed870253bd35da2490891e8b7549bb0.txt,photo_8_2023-01-14_00-02,train,train,2,2
../../Data/downloads/Roboflow/Data/downloads/roboflow_broiler_detection/train/images/photo_8_2023-01-14_00-03-12_jpg.rf.07f6f1b92f2f7b1915b3de4311b7fb70.jpg,../../Data/downloads/Roboflow/Data/downloads/roboflow_broiler_detection/train/labels/photo_8_2023-01-14_00-03-12_jpg.rf.07f6f1b92f2f7b1915b3de4311b7fb70.txt,photo_8_2023-01-14_00-03,train,train,3,3
../../Data/downloads/Roboflow/Data/downloads/roboflow_broiler_detection/train/images/photo_8_2023-01-14_00-03-12_jpg.rf.815b6d571b14573dffe4f790f4c2ef95.jpg,../../Data/downloads/Roboflow/Data/downloads/roboflow_broiler_detection/train/labels/photo_8_2023-01-14_00-03-12_jpg.rf.815b6d571b14573dffe4f790f4c2ef95.txt,photo_8_2023-01-14_00-03,train,train,3,3
../../Data/downloads/Roboflow/Data/downloads/roboflow_broiler_detection/train/images/photo_8_2023-01-14_00-03-12_jpg.rf.99108446ef34a85c8055b060ada64d3e.jpg,../../Data/downloads/Roboflow/Data/downloads/roboflow_broiler_detection/train/labels/photo_8_2023-01-14_00-03-12_jpg.rf.99108446ef34a85c8055b060ada64d3e.txt,photo_8_2023-01-14_00-03,train,train,3,3
../../Data/downloads/Roboflow/Data/downloads/roboflow_broiler_detection/train/images/photo_8_2023-01-14_00-03-32_jpg.rf.509cc8fc2f86afb370a2dc886579bc98.jpg,../../Data/downloads/Roboflow/Data/downloads/roboflow_broiler_detection/train/labels/photo_8_2023-01-14_00-03-32_jpg.rf.509cc8fc2f86afb370a2dc886579bc98.txt,photo_8_2023-01-14_00-03,train,train,4,4
../../Data/downloads/Roboflow/Data/downloads/roboflow_broiler_detection/train/images/photo_8_2023-01-14_00-03-32_jpg.rf.55691b305114cb05ec89ff6254276e95.jpg,../../Data/downloads/Roboflow/Data/downloads/roboflow_broiler_detection/train/labels/photo_8_2023-01-14_00-03-32_jpg.rf.55691b305114cb05ec89ff6254276e95.txt,photo_8_2023-01-14_00-03,train,train,4,4
../../Data/downloads/Roboflow/Data/downloads/roboflow_broiler_detection/train/images/photo_8_2023-01-14_00-03-32_jpg.rf.b4ce5900370b7e39d8045ada6a432311.jpg,../../Data/downloads/Roboflow/Data/downloads/roboflow_broiler_detection/train/labels/photo_8_2023-01-14_00-03-32_jpg.rf.b4ce5900370b7e39d8045ada6a432311.txt,photo_8_2023-01-14_00-03,train,train,4,4
../../Data/downloads/Roboflow/Data/downloads/roboflow_broiler_detection/train/images/photo_8_2023-01-14_00-03-46_jpg.rf.30d3a605eafe4fc53905bab2e0f9552d.jpg,../../Data/downloads/Roboflow/Data/downloads/roboflow_broiler_detection/train/labels/photo_8_2023-01-14_00-03-46_jpg.rf.30d3a605eafe4fc53905bab2e0f9552d.txt,photo_8_2023-01-14_00-03,train,train,7,7
../../Data/downloads/Roboflow/Data/downloads/roboflow_broiler_detection/train/images/photo_8_2023-01-14_00-03-46_jpg.rf.65cc81a62e059c8cbd29b8a5d09f5b24.jpg,../../Data/downloads/Roboflow/Data/downloads/roboflow_broiler_detection/train/labels/photo_8_2023-01-14_00-03-46_jpg.rf.65cc81a62e059c8cbd29b8a5d09f5b24.txt,photo_8_2023-01-14_00-03,train,train,7,7
../../Data/downloads/Roboflow/Data/downloads/roboflow_broiler_detection/train/images/photo_8_2023-01-14_00-03-46_jpg.rf.b612779258a221cdf35216d77f623e48.jpg,../../Data/downloads/Roboflow/Data/downloads/roboflow_broiler_detection/train/labels/photo_8_2023-01-14_00-03-46_jpg.rf.b612779258a221cdf35216d77f623e48.txt,photo_8_2023-01-14_00-03,train,train,7,7
../../Data/downloads/Roboflow/Data/downloads/roboflow_broiler_detection/train/images/photo_9_2023-01-14_00-02-33_jpg.rf.3cbb67658ec2bef1d9b1d79d18a8ccc0.jpg,../../Data/downloads/Roboflow/Data/downloads/roboflow_broiler_detection/train/labels/photo_9_2023-01-14_00-02-33_jpg.rf.3cbb67658ec2bef1d9b1d79d18a8ccc0.txt,photo_9_2023-01-14_00-02,train,train,5,5
../../Data/downloads/Roboflow/Data/downloads/roboflow_broiler_detection/train/images/photo_9_2023-01-14_00-02-33_jpg.rf.71d7ad67b7c54dc0842e4417e96bed4b.jpg,../../Data/downloads/Roboflow/Data/downloads/roboflow_broiler_detection/train/labels/photo_9_2023-01-14_00-02-33_jpg.rf.71d7ad67b7c54dc0842e4417e96bed4b.txt,photo_9_2023-01-14_00-02,train,train,5,5
../../Data/downloads/Roboflow/Data/downloads/roboflow_broiler_detection/train/images/photo_9_2023-01-14_00-02-33_jpg.rf.8e6204e4e2db75d09ae0770f2dbc581a.jpg,../../Data/downloads/Roboflow/Data/downloads/roboflow_broiler_detection/train/labels/photo_9_2023-01-14_00-02-33_jpg.rf.8e6204e4e2db75d09ae0770f2dbc581a.txt,photo_9_2023-01-14_00-02,train,train,5,5
../../Data/downloads/Roboflow/Data/downloads/roboflow_broiler_detection/train/images/photo_9_2023-01-14_00-03-12_jpg.rf.1443fd310966302f8097381ce0d6410e.jpg,../../Data/downloads/Roboflow/Data/downloads/roboflow_broiler_detection/train/labels/photo_9_2023-01-14_00-03-12_jpg.rf.1443fd310966302f8097381ce0d6410e.txt,photo_9_2023-01-14_00-03,train,test,3,3
../../Data/downloads/Roboflow/Data/downloads/roboflow_broiler_detection/train/images/photo_9_2023-01-14_00-03-12_jpg.rf.8f66c0b3c23849684449c09ec11c2c4d.jpg,../../Data/downloads/Roboflow/Data/downloads/roboflow_broiler_detection/train/labels/photo_9_2023-01-14_00-03-12_jpg.rf.8f66c0b3c23849684449c09ec11c2c4d.txt,photo_9_2023-01-14_00-03,train,test,3,3
../../Data/downloads/Roboflow/Data/downloads/roboflow_broiler_detection/train/images/photo_9_2023-01-14_00-03-12_jpg.rf.cabae4caa287b6485d83d2a1f7b26a29.jpg,../../Data/downloads/Roboflow/Data/downloads/roboflow_broiler_detection/train/labels/photo_9_2023-01-14_00-03-12_jpg.rf.cabae4caa287b6485d83d2a1f7b26a29.txt,photo_9_2023-01-14_00-03,train,test,3,3
../../Data/downloads/Roboflow/Data/downloads/roboflow_broiler_detection/train/images/photo_9_2023-01-14_00-03-32_jpg.rf.40c572f6182fb20756cd33ccb5c8e30b.jpg,../../Data/downloads/Roboflow/Data/downloads/roboflow_broiler_detection/train/labels/photo_9_2023-01-14_00-03-32_jpg.rf.40c572f6182fb20756cd33ccb5c8e30b.txt,photo_9_2023-01-14_00-03,train,test,2,2
../../Data/downloads/Roboflow/Data/downloads/roboflow_broiler_detection/train/images/photo_9_2023-01-14_00-03-32_jpg.rf.7590a4ce8d044f91dc8c7dc86121bdd3.jpg,../../Data/downloads/Roboflow/Data/downloads/roboflow_broiler_detection/train/labels/photo_9_2023-01-14_00-03-32_jpg.rf.7590a4ce8d044f91dc8c7dc86121bdd3.txt,photo_9_2023-01-14_00-03,train,test,2,2
../../Data/downloads/Roboflow/Data/downloads/roboflow_broiler_detection/train/images/photo_9_2023-01-14_00-03-32_jpg.rf.d6ab865dacf2411f368ad60c1f123ed0.jpg,../../Data/downloads/Roboflow/Data/downloads/roboflow_broiler_detection/train/labels/photo_9_2023-01-14_00-03-32_jpg.rf.d6ab865dacf2411f368ad60c1f123ed0.txt,photo_9_2023-01-14_00-03,train,test,2,2
../../Data/downloads/Roboflow/Data/downloads/roboflow_broiler_detection/train/images/qsXrDEhPTdOEkgc-800x450-noPad_jpg.rf.3f9d1185b4d0e64ff89cc64cc4999481.jpg,../../Data/downloads/Roboflow/Data/downloads/roboflow_broiler_detection/train/labels/qsXrDEhPTdOEkgc-800x450-noPad_jpg.rf.3f9d1185b4d0e64ff89cc64cc4999481.txt,qsXrDEhPTdOEkgc-800x450-noPad,train,val,1,1
../../Data/downloads/Roboflow/Data/downloads/roboflow_broiler_detection/train/images/qsXrDEhPTdOEkgc-800x450-noPad_jpg.rf.a5a77c84045bf9bb1ea577d297861a0c.jpg,../../Data/downloads/Roboflow/Data/downloads/roboflow_broiler_detection/train/labels/qsXrDEhPTdOEkgc-800x450-noPad_jpg.rf.a5a77c84045bf9bb1ea577d297861a0c.txt,qsXrDEhPTdOEkgc-800x450-noPad,train,val,1,1
../../Data/downloads/Roboflow/Data/downloads/roboflow_broiler_detection/train/images/qsXrDEhPTdOEkgc-800x450-noPad_jpg.rf.b8edb262dc5cf2262733a95cd0597bbe.jpg,../../Data/downloads/Roboflow/Data/downloads/roboflow_broiler_detection/train/labels/qsXrDEhPTdOEkgc-800x450-noPad_jpg.rf.b8edb262dc5cf2262733a95cd0597bbe.txt,qsXrDEhPTdOEkgc-800x450-noPad,train,val,1,1
../../Data/downloads/Roboflow/Data/downloads/roboflow_broiler_detection/train/images/shutterstock_20481494_jpg.rf.3a75a1c215c24b8deef43f5235d73d4b.jpg,../../Data/downloads/Roboflow/Data/downloads/roboflow_broiler_detection/train/labels/shutterstock_20481494_jpg.rf.3a75a1c215c24b8deef43f5235d73d4b.txt,shutterstock,train,train,3,3
../../Data/downloads/Roboflow/Data/downloads/roboflow_broiler_detection/train/images/shutterstock_20481494_jpg.rf.556628fba80df532825ba949ef23bba7.jpg,../../Data/downloads/Roboflow/Data/downloads/roboflow_broiler_detection/train/labels/shutterstock_20481494_jpg.rf.556628fba80df532825ba949ef23bba7.txt,shutterstock,train,train,3,3
../../Data/downloads/Roboflow/Data/downloads/roboflow_broiler_detection/train/images/shutterstock_20481494_jpg.rf.80102f1a44d47c015f805ad7f23277d4.jpg,../../Data/downloads/Roboflow/Data/downloads/roboflow_broiler_detection/train/labels/shutterstock_20481494_jpg.rf.80102f1a44d47c015f805ad7f23277d4.txt,shutterstock,train,train,3,3
../../Data/downloads/Roboflow/Data/downloads/roboflow_broiler_detection/train/images/unnamed_jpg.rf.16b118f90d733a7f8cac1763806c7cc0.jpg,../../Data/downloads/Roboflow/Data/downloads/roboflow_broiler_detection/train/labels/unnamed_jpg.rf.16b118f90d733a7f8cac1763806c7cc0.txt,unnamed,train,train,2,2
../../Data/downloads/Roboflow/Data/downloads/roboflow_broiler_detection/train/images/unnamed_jpg.rf.2f4149dfda1870222268aa42be5a87f5.jpg,../../Data/downloads/Roboflow/Data/downloads/roboflow_broiler_detection/train/labels/unnamed_jpg.rf.2f4149dfda1870222268aa42be5a87f5.txt,unnamed,train,train,2,2
../../Data/downloads/Roboflow/Data/downloads/roboflow_broiler_detection/train/images/unnamed_jpg.rf.a33f4971a0eee494d707215165f1341b.jpg,../../Data/downloads/Roboflow/Data/downloads/roboflow_broiler_detection/train/labels/unnamed_jpg.rf.a33f4971a0eee494d707215165f1341b.txt,unnamed,train,train,2,2
../../Data/downloads/Roboflow/Data/downloads/roboflow_broiler_detection/train/images/vegan_chicken_jpg.rf.a0e82c9eb886d4c7c27acb129ab9f131.jpg,../../Data/downloads/Roboflow/Data/downloads/roboflow_broiler_detection/train/labels/vegan_chicken_jpg.rf.a0e82c9eb886d4c7c27acb129ab9f131.txt,vegan_chicken,train,train,3,3
../../Data/downloads/Roboflow/Data/downloads/roboflow_broiler_detection/train/images/vegan_chicken_jpg.rf.ade2dc1f4804adef36b514fffaadb9b0.jpg,../../Data/downloads/Roboflow/Data/downloads/roboflow_broiler_detection/train/labels/vegan_chicken_jpg.rf.ade2dc1f4804adef36b514fffaadb9b0.txt,vegan_chicken,train,train,3,3
../../Data/downloads/Roboflow/Data/downloads/roboflow_broiler_detection/train/images/vegan_chicken_jpg.rf.b388b33b4c51f5c63716b774631ef6e9.jpg,../../Data/downloads/Roboflow/Data/downloads/roboflow_broiler_detection/train/labels/vegan_chicken_jpg.rf.b388b33b4c51f5c63716b774631ef6e9.txt,vegan_chicken,train,train,3,3
../../Data/downloads/Roboflow/Data/downloads/roboflow_broiler_detection/train/images/vlcsnap-2023-01-16-21h32m54s63_png.rf.43a51e33b4cca2ce39cea68cda2b9d2f.jpg,../../Data/downloads/Roboflow/Data/downloads/roboflow_broiler_detection/train/labels/vlcsnap-2023-01-16-21h32m54s63_png.rf.43a51e33b4cca2ce39cea68cda2b9d2f.txt,vlcsnap-2023-01-16-21h32m54s,train,train,14,14
../../Data/downloads/Roboflow/Data/downloads/roboflow_broiler_detection/train/images/vlcsnap-2023-01-16-21h32m54s63_png.rf.65da8ad258b74c556a33e403085f8ea3.jpg,../../Data/downloads/Roboflow/Data/downloads/roboflow_broiler_detection/train/labels/vlcsnap-2023-01-16-21h32m54s63_png.rf.65da8ad258b74c556a33e403085f8ea3.txt,vlcsnap-2023-01-16-21h32m54s,train,train,14,14
../../Data/downloads/Roboflow/Data/downloads/roboflow_broiler_detection/train/images/vlcsnap-2023-01-16-21h32m54s63_png.rf.69074e2bba9a44fa87b216e20de8013b.jpg,../../Data/downloads/Roboflow/Data/downloads/roboflow_broiler_detection/train/labels/vlcsnap-2023-01-16-21h32m54s63_png.rf.69074e2bba9a44fa87b216e20de8013b.txt,vlcsnap-2023-01-16-21h32m54s,train,train,14,14
../../Data/downloads/Roboflow/Data/downloads/roboflow_broiler_detection/train/images/vlcsnap-2023-01-16-21h34m15s235_png.rf.0f51f58ea9a4ed83e59e299c321cbcb2.jpg,../../Data/downloads/Roboflow/Data/downloads/roboflow_broiler_detection/train/labels/vlcsnap-2023-01-16-21h34m15s235_png.rf.0f51f58ea9a4ed83e59e299c321cbcb2.txt,vlcsnap-2023-01-16-21h34m15s,train,train,4,4
../../Data/downloads/Roboflow/Data/downloads/roboflow_broiler_detection/train/images/vlcsnap-2023-01-16-21h34m15s235_png.rf.43324dd18f2be17539885d8f49aa61af.jpg,../../Data/downloads/Roboflow/Data/downloads/roboflow_broiler_detection/train/labels/vlcsnap-2023-01-16-21h34m15s235_png.rf.43324dd18f2be17539885d8f49aa61af.txt,vlcsnap-2023-01-16-21h34m15s,train,train,4,4
../../Data/downloads/Roboflow/Data/downloads/roboflow_broiler_detection/train/images/vlcsnap-2023-01-16-21h34m15s235_png.rf.cde40d26ac0947b1a75f82f8b0757f21.jpg,../../Data/downloads/Roboflow/Data/downloads/roboflow_broiler_detection/train/labels/vlcsnap-2023-01-16-21h34m15s235_png.rf.cde40d26ac0947b1a75f82f8b0757f21.txt,vlcsnap-2023-01-16-21h34m15s,train,train,4,4
../../Data/downloads/Roboflow/Data/downloads/roboflow_broiler_detection/train/images/vlcsnap-2023-01-16-21h34m44s29_png.rf.01924e55518d2d6e886111aed9841d19.jpg,../../Data/downloads/Roboflow/Data/downloads/roboflow_broiler_detection/train/labels/vlcsnap-2023-01-16-21h34m44s29_png.rf.01924e55518d2d6e886111aed9841d19.txt,vlcsnap-2023-01-16-21h34m44s,train,val,8,8
../../Data/downloads/Roboflow/Data/downloads/roboflow_broiler_detection/train/images/vlcsnap-2023-01-16-21h34m44s29_png.rf.04ecde1bc2d79627777515735e6bbd4d.jpg,../../Data/downloads/Roboflow/Data/downloads/roboflow_broiler_detection/train/labels/vlcsnap-2023-01-16-21h34m44s29_png.rf.04ecde1bc2d79627777515735e6bbd4d.txt,vlcsnap-2023-01-16-21h34m44s,train,val,8,8
../../Data/downloads/Roboflow/Data/downloads/roboflow_broiler_detection/train/images/vlcsnap-2023-01-16-21h34m44s29_png.rf.07b0a55219c73028f8ce6d5d961c15af.jpg,../../Data/downloads/Roboflow/Data/downloads/roboflow_broiler_detection/train/labels/vlcsnap-2023-01-16-21h34m44s29_png.rf.07b0a55219c73028f8ce6d5d961c15af.txt,vlcsnap-2023-01-16-21h34m44s,train,val,8,8
../../Data/downloads/Roboflow/Data/downloads/roboflow_broiler_detection/train/images/vlcsnap-2023-01-16-21h35m06s1_png.rf.2ee423461f7983d5cec7200bc52185da.jpg,../../Data/downloads/Roboflow/Data/downloads/roboflow_broiler_detection/train/labels/vlcsnap-2023-01-16-21h35m06s1_png.rf.2ee423461f7983d5cec7200bc52185da.txt,vlcsnap-2023-01-16-21h35m06s,train,train,2,2
../../Data/downloads/Roboflow/Data/downloads/roboflow_broiler_detection/train/images/vlcsnap-2023-01-16-21h35m06s1_png.rf.73a6f30ca09c291c7e6839d0334cb54f.jpg,../../Data/downloads/Roboflow/Data/downloads/roboflow_broiler_detection/train/labels/vlcsnap-2023-01-16-21h35m06s1_png.rf.73a6f30ca09c291c7e6839d0334cb54f.txt,vlcsnap-2023-01-16-21h35m06s,train,train,2,2
../../Data/downloads/Roboflow/Data/downloads/roboflow_broiler_detection/train/images/vlcsnap-2023-01-16-21h35m06s1_png.rf.787991b05bcb4b84d7d3cede7ee64514.jpg,../../Data/downloads/Roboflow/Data/downloads/roboflow_broiler_detection/train/labels/vlcsnap-2023-01-16-21h35m06s1_png.rf.787991b05bcb4b84d7d3cede7ee64514.txt,vlcsnap-2023-01-16-21h35m06s,train,train,2,2
../../Data/downloads/Roboflow/Data/downloads/roboflow_broiler_detection/train/images/white-broiler-chicken-poultry-farm-194353334_jpg.rf.6c2ef085be9d1fc9e08ce9266e7aaf1e.jpg,../../Data/downloads/Roboflow/Data/downloads/roboflow_broiler_detection/train/labels/white-broiler-chicken-poultry-farm-194353334_jpg.rf.6c2ef085be9d1fc9e08ce9266e7aaf1e.txt,white-broiler-chicken-poultry-farm,train,test,3,3
../../Data/downloads/Roboflow/Data/downloads/roboflow_broiler_detection/train/images/white-broiler-chicken-poultry-farm-194353334_jpg.rf.bb54d902461f21b109d80eb8466ae63b.jpg,../../Data/downloads/Roboflow/Data/downloads/roboflow_broiler_detection/train/labels/white-broiler-chicken-poultry-farm-194353334_jpg.rf.bb54d902461f21b109d80eb8466ae63b.txt,white-broiler-chicken-poultry-farm,train,test,3,3
../../Data/downloads/Roboflow/Data/downloads/roboflow_broiler_detection/train/images/white-broiler-chicken-poultry-farm-194353334_jpg.rf.d5b2fb004e37bed599f0f619b8843316.jpg,../../Data/downloads/Roboflow/Data/downloads/roboflow_broiler_detection/train/labels/white-broiler-chicken-poultry-farm-194353334_jpg.rf.d5b2fb004e37bed599f0f619b8843316.txt,white-broiler-chicken-poultry-farm,train,test,3,3
../../Data/downloads/Roboflow/Data/downloads/roboflow_broiler_detection/valid/images/1637099389108_jpg.rf.45f2234a1ba7e53221c2ec09f9bd0d83.jpg,../../Data/downloads/Roboflow/Data/downloads/roboflow_broiler_detection/valid/labels/1637099389108_jpg.rf.45f2234a1ba7e53221c2ec09f9bd0d83.txt,1637099389108,valid,train,3,3
../../Data/downloads/Roboflow/Data/downloads/roboflow_broiler_detection/valid/images/4314020_img20161004113618_jpeg7383ea547b62138bd498e6ee669e5e6e_jpg.rf.ac36fe62f582c58f23eaaca4bf87c8b3.jpg,../../Data/downloads/Roboflow/Data/downloads/roboflow_broiler_detection/valid/labels/4314020_img20161004113618_jpeg7383ea547b62138bd498e6ee669e5e6e_jpg.rf.ac36fe62f582c58f23eaaca4bf87c8b3.txt,4314020_img20161004113618_jpeg7383ea547b62138bd498e6ee669e5e6e,valid,train,16,16
../../Data/downloads/Roboflow/Data/downloads/roboflow_broiler_detection/valid/images/Cornish-cross-5_jpg.rf.3251b97e8132e336399ac444d933b75d.jpg,../../Data/downloads/Roboflow/Data/downloads/roboflow_broiler_detection/valid/labels/Cornish-cross-5_jpg.rf.3251b97e8132e336399ac444d933b75d.txt,Cornish-cross,valid,train,12,12
../../Data/downloads/Roboflow/Data/downloads/roboflow_broiler_detection/valid/images/istockphoto-1130464775-612x612_jpg.rf.f03ed477bca77e08f7ce70bf5f7aba84.jpg,../../Data/downloads/Roboflow/Data/downloads/roboflow_broiler_detection/valid/labels/istockphoto-1130464775-612x612_jpg.rf.f03ed477bca77e08f7ce70bf5f7aba84.txt,istockphoto-1130464775-612x,valid,train,1,1
../../Data/downloads/Roboflow/Data/downloads/roboflow_broiler_detection/valid/images/istockphoto-1392988787-612x612_jpg.rf.a5a56f2adc54716302f9268ed7459e57.jpg,../../Data/downloads/Roboflow/Data/downloads/roboflow_broiler_detection/valid/labels/istockphoto-1392988787-612x612_jpg.rf.a5a56f2adc54716302f9268ed7459e57.txt,istockphoto-1392988787-612x,valid,train,1,1
../../Data/downloads/Roboflow/Data/downloads/roboflow_broiler_detection/valid/images/istockphoto-1405988197-612x612_jpg.rf.ed8162eb1602dde453bc135edf0ab407.jpg,../../Data/downloads/Roboflow/Data/downloads/roboflow_broiler_detection/valid/labels/istockphoto-1405988197-612x612_jpg.rf.ed8162eb1602dde453bc135edf0ab407.txt,istockphoto-1405988197-612x,valid,train,1,1
../../Data/downloads/Roboflow/Data/downloads/roboflow_broiler_detection/valid/images/pav86b66qyp_jpg.rf.94075f4eacfcd75308b4df870160f912.jpg,../../Data/downloads/Roboflow/Data/downloads/roboflow_broiler_detection/valid/labels/pav86b66qyp_jpg.rf.94075f4eacfcd75308b4df870160f912.txt,pav86b66qyp,valid,train,4,4
../../Data/downloads/Roboflow/Data/downloads/roboflow_broiler_detection/valid/images/photo_10_2023-01-14_00-02-33_jpg.rf.e8cf642e64e318330fe155216c334466.jpg,../../Data/downloads/Roboflow/Data/downloads/roboflow_broiler_detection/valid/labels/photo_10_2023-01-14_00-02-33_jpg.rf.e8cf642e64e318330fe155216c334466.txt,photo_10_2023-01-14_00-02,valid,val,2,2
../../Data/downloads/Roboflow/Data/downloads/roboflow_broiler_detection/valid/images/photo_1_2023-01-14_00-02-49_jpg.rf.2b57d72a015c0029a10622a1db72da4b.jpg,../../Data/downloads/Roboflow/Data/downloads/roboflow_broiler_detection/valid/labels/photo_1_2023-01-14_00-02-49_jpg.rf.2b57d72a015c0029a10622a1db72da4b.txt,photo_1_2023-01-14_00-02,valid,test,13,13
../../Data/downloads/Roboflow/Data/downloads/roboflow_broiler_detection/valid/images/photo_2_2023-01-14_00-02-33_jpg.rf.0f4c8c51b5793ad69e731d089b44c410.jpg,../../Data/downloads/Roboflow/Data/downloads/roboflow_broiler_detection/valid/labels/photo_2_2023-01-14_00-02-33_jpg.rf.0f4c8c51b5793ad69e731d089b44c410.txt,photo_2_2023-01-14_00-02,valid,val,4,4
../../Data/downloads/Roboflow/Data/downloads/roboflow_broiler_detection/valid/images/photo_4_2023-01-14_00-03-32_jpg.rf.3a3df9b36677ae2b66560b02008141fc.jpg,../../Data/downloads/Roboflow/Data/downloads/roboflow_broiler_detection/valid/labels/photo_4_2023-01-14_00-03-32_jpg.rf.3a3df9b36677ae2b66560b02008141fc.txt,photo_4_2023-01-14_00-03,valid,val,5,5
../../Data/downloads/Roboflow/Data/downloads/roboflow_broiler_detection/valid/images/photo_4_2023-01-14_00-03-46_jpg.rf.c70c182998ccded975d76d0438f40b31.jpg,../../Data/downloads/Roboflow/Data/downloads/roboflow_broiler_detection/valid/labels/photo_4_2023-01-14_00-03-46_jpg.rf.c70c182998ccded975d76d0438f40b31.txt,photo_4_2023-01-14_00-03,valid,val,3,3
../../Data/downloads/Roboflow/Data/downloads/roboflow_broiler_detection/valid/images/photo_5_2023-01-14_00-02-11_jpg.rf.b70cd3d45273d5a37e768b3d344ad033.jpg,../../Data/downloads/Roboflow/Data/downloads/roboflow_broiler_detection/valid/labels/photo_5_2023-01-14_00-02-11_jpg.rf.b70cd3d45273d5a37e768b3d344ad033.txt,photo_5_2023-01-14_00-02,valid,val,1,1
../../Data/downloads/Roboflow/Data/downloads/roboflow_broiler_detection/valid/images/photo_5_2023-01-14_00-03-46_jpg.rf.96adf04c30faa09fdc5fa2ce84534970.jpg,../../Data/downloads/Roboflow/Data/downloads/roboflow_broiler_detection/valid/labels/photo_5_2023-01-14_00-03-46_jpg.rf.96adf04c30faa09fdc5fa2ce84534970.txt,photo_5_2023-01-14_00-03,valid,train,4,4
../../Data/downloads/Roboflow/Data/downloads/roboflow_broiler_detection/valid/images/photo_6_2023-01-14_00-03-46_jpg.rf.9563b4043a377aaf1c3b784b235bd04d.jpg,../../Data/downloads/Roboflow/Data/downloads/roboflow_broiler_detection/valid/labels/photo_6_2023-01-14_00-03-46_jpg.rf.9563b4043a377aaf1c3b784b235bd04d.txt,photo_6_2023-01-14_00-03,valid,test,9,9
../../Data/downloads/Roboflow/Data/downloads/roboflow_broiler_detection/valid/images/photo_7_2023-01-14_00-02-33_jpg.rf.1236f46bf806a4b0aa320494e0bec55b.jpg,../../Data/downloads/Roboflow/Data/downloads/roboflow_broiler_detection/valid/labels/photo_7_2023-01-14_00-02-33_jpg.rf.1236f46bf806a4b0aa320494e0bec55b.txt,photo_7_2023-01-14_00-02,valid,test,5,5
../../Data/downloads/Roboflow/Data/downloads/roboflow_broiler_detection/valid/images/photo_7_2023-01-14_00-03-12_jpg.rf.d710d7f6ada784a522da751f46f74908.jpg,../../Data/downloads/Roboflow/Data/downloads/roboflow_broiler_detection/valid/labels/photo_7_2023-01-14_00-03-12_jpg.rf.d710d7f6ada784a522da751f46f74908.txt,photo_7_2023-01-14_00-03,valid,train,3,3
../../Data/downloads/Roboflow/Data/downloads/roboflow_broiler_detection/valid/images/photo_8_2023-01-14_00-02-33_jpg.rf.4c0ef7bcdecc42416845c74e47229621.jpg,../../Data/downloads/Roboflow/Data/downloads/roboflow_broiler_detection/valid/labels/photo_8_2023-01-14_00-02-33_jpg.rf.4c0ef7bcdecc42416845c74e47229621.txt,photo_8_2023-01-14_00-02,valid,train,1,1
../../Data/downloads/Roboflow/Data/downloads/roboflow_broiler_detection/valid/images/photo_9_2023-01-14_00-02-11_jpg.rf.53f3ddc48cf674f0db8e2d7bf1396009.jpg,../../Data/downloads/Roboflow/Data/downloads/roboflow_broiler_detection/valid/labels/photo_9_2023-01-14_00-02-11_jpg.rf.53f3ddc48cf674f0db8e2d7bf1396009.txt,photo_9_2023-01-14_00-02,valid,train,7,7
../../Data/downloads/Roboflow/Data/downloads/roboflow_broiler_detection/valid/images/vlcsnap-2023-01-16-21h35m27s220_png.rf.a7a6e23be83a2b8ac6ea515bf55fa9b1.jpg,../../Data/downloads/Roboflow/Data/downloads/roboflow_broiler_detection/valid/labels/vlcsnap-2023-01-16-21h35m27s220_png.rf.a7a6e23be83a2b8ac6ea515bf55fa9b1.txt,vlcsnap-2023-01-16-21h35m27s,valid,val,6,6
../../Data/downloads/Roboflow/Data/downloads/roboflow_broiler_detection/test/images/0_Evenley-Farm-very-large-lame-birdJPG_jpg.rf.46b503fe2f8a06b5d87c9bb938c868b6.jpg,../../Data/downloads/Roboflow/Data/downloads/roboflow_broiler_detection/test/labels/0_Evenley-Farm-very-large-lame-birdJPG_jpg.rf.46b503fe2f8a06b5d87c9bb938c868b6.txt,0_Evenley-Farm-very-large-lame-birdJPG,test,train,1,1
../../Data/downloads/Roboflow/Data/downloads/roboflow_broiler_detection/test/images/35387961954_3b0bc80bbd_k-1125x0-c-default_jpg.rf.90dba97c88b9bb96b7f2f0379eed474e.jpg,../../Data/downloads/Roboflow/Data/downloads/roboflow_broiler_detection/test/labels/35387961954_3b0bc80bbd_k-1125x0-c-default_jpg.rf.90dba97c88b9bb96b7f2f0379eed474e.txt,35387961954_3b0bc80bbd_k-1125x0-c-default,test,train,1,1
../../Data/downloads/Roboflow/Data/downloads/roboflow_broiler_detection/test/images/lamechicken-500x0-c-default_jpg.rf.caea311657e1609e0c1e8e9ea1126fee.jpg,../../Data/downloads/Roboflow/Data/downloads/roboflow_broiler_detection/test/labels/lamechicken-500x0-c-default_jpg.rf.caea311657e1609e0c1e8e9ea1126fee.txt,lamechicken-500x0-c-default,test,train,3,3
../../Data/downloads/Roboflow/Data/downloads/roboflow_broiler_detection/test/images/pav88a7asxu_jpg.rf.06e77ba1e48f3d2bb470c1e34ee64c4b.jpg,../../Data/downloads/Roboflow/Data/downloads/roboflow_broiler_detection/test/labels/pav88a7asxu_jpg.rf.06e77ba1e48f3d2bb470c1e34ee64c4b.txt,pav88a7asxu,test,train,5,5
../../Data/downloads/Roboflow/Data/downloads/roboflow_broiler_detection/test/images/photo_10_2023-01-14_00-03-12_jpg.rf.6b923eaed3dc5a8cc60d4bd09126589a.jpg,../../Data/downloads/Roboflow/Data/downloads/roboflow_broiler_detection/test/labels/photo_10_2023-01-14_00-03-12_jpg.rf.6b923eaed3dc5a8cc60d4bd09126589a.txt,photo_10_2023-01-14_00-03,test,test,2,2
../../Data/downloads/Roboflow/Data/downloads/roboflow_broiler_detection/test/images/photo_1_2023-01-14_00-02-33_jpg.rf.1e107330cf3bfb41f350080776e143e4.jpg,../../Data/downloads/Roboflow/Data/downloads/roboflow_broiler_detection/test/labels/photo_1_2023-01-14_00-02-33_jpg.rf.1e107330cf3bfb41f350080776e143e4.txt,photo_1_2023-01-14_00-02,test,test,4,4
../../Data/downloads/Roboflow/Data/downloads/roboflow_broiler_detection/test/images/photo_1_2023-01-14_00-03-32_jpg.rf.a5799c7f783f0892b233bc4a1787e47e.jpg,../../Data/downloads/Roboflow/Data/downloads/roboflow_broiler_detection/test/labels/photo_1_2023-01-14_00-03-32_jpg.rf.a5799c7f783f0892b233bc4a1787e47e.txt,photo_1_2023-01-14_00-03,test,test,2,2
../../Data/downloads/Roboflow/Data/downloads/roboflow_broiler_detection/test/images/photo_9_2023-01-14_00-03-46_jpg.rf.052dd3d9d40e931b15bf526a8bf3486e.jpg,../../Data/downloads/Roboflow/Data/downloads/roboflow_broiler_detection/test/labels/photo_9_2023-01-14_00-03-46_jpg.rf.052dd3d9d40e931b15bf526a8bf3486e.txt,photo_9_2023-01-14_00-03,test,test,3,3
../../Data/downloads/Roboflow/Data/downloads/roboflow_broiler_detection/test/images/vlcsnap-2023-01-16-21h35m34s45_png.rf.b631427c72be94ff19d8bea9d4916340.jpg,../../Data/downloads/Roboflow/Data/downloads/roboflow_broiler_detection/test/labels/vlcsnap-2023-01-16-21h35m34s45_png.rf.b631427c72be94ff19d8bea9d4916340.txt,vlcsnap-2023-01-16-21h35m34s,test,train,8,8
../../Data/downloads/Roboflow/Data/downloads/roboflow_broiler_detection/test/images/vlcsnap-2023-01-16-21h35m52s223_png.rf.02c91ae6b2d0b598eaee9c0094465a0d.jpg,../../Data/downloads/Roboflow/Data/downloads/roboflow_broiler_detection/test/labels/vlcsnap-2023-01-16-21h35m52s223_png.rf.02c91ae6b2d0b598eaee9c0094465a0d.txt,vlcsnap-2023-01-16-21h35m52s,test,val,10,10
